customer_id,full_name,mobile_number,age,gender,region,date_joined,is_business_user,risk_score
cust100000,Ryan Gallagher,7631706690,26,female,north,28-01-2024,FALSE,0.39
cust100001,Robert Garza,806360837,49,female,west,16-04-2025,FALSE,0.13
cust100002,Haley Rhodes,8124158683,68,male,west,10/2/2022,TRUE,0.14
cust100003,Sonya Mathis,3662585178,42,male,north,18-02-2021,FALSE,0.07
cust100004,Ryan Wood,9996228303,35,female,south,17-04-2023,FALSE,0.3
cust100005,Crystal Palmer,9068288360,24,female,north,31-12-2022,TRUE,0
cust100006,Julian Everett,5088995790,59,female,west,13-08-2024,FALSE,0.41
cust100007,Krista White,1107043419,45,female,central,8/7/2021,FALSE,0.11
cust100008,Christopher Scott,5771046563,46,female,central,20-11-2021,FALSE,0.24
cust100009,Nicholas Davila,6202786838,32,female,west,6/11/2022,FALSE,0.17
cust100010,Amanda Leonard,2304114426,19,male,central,3/6/2023,FALSE,0.38
cust100011,Justin Jefferson,9806351396,24,male,east,21-07-2023,FALSE,0
cust100012,Todd Price MD,4023592563,39,female,central,4/12/2021,FALSE,0.16
cust100013,James Kelley,122283459,45,female,south,15-02-2023,FALSE,0.15
cust100014,Gerald Wilson,9815061622,55,female,west,19-04-2022,FALSE,0.34
cust100015,Rachael Gray,5498174104,50,male,north,27-08-2020,FALSE,0.07
cust100016,Anna Wilson,6217232166,65,female,west,17-08-2024,FALSE,0.18
cust100017,Sabrina Pierce,5000495765,41,female,east,3/8/2022,TRUE,0.09
cust100018,Evan Guzman,9875428343,60,female,south,29-10-2021,FALSE,0.21
cust100019,Douglas Lucero,3640525943,43,male,north,7/4/2022,FALSE,0.27
cust100020,Lauren Carlson,6148110045,37,female,central,23-01-2023,FALSE,0.07
cust100021,Brittany Mason,2225418942,43,female,south,23-01-2025,FALSE,0.34
cust100022,Thomas Johnson,2468203417,18,female,central,20-08-2024,FALSE,0.31
cust100023,Kimberly York,2470690059,53,male,central,14-04-2021,FALSE,0.26
cust100024,David Calderon,9137028587,54,male,east,31-03-2025,FALSE,0.31
cust100025,Courtney Edwards,8943018528,56,female,north,4/6/2024,FALSE,0.12
cust100026,Emily Schwartz,1198962246,70,female,central,6/9/2021,FALSE,0.19
cust100027,Norma Williams,2808141412,51,female,south,10/6/2025,FALSE,0.09
cust100028,Tracy Parks,6625729731,21,male,east,1/10/2022,FALSE,0.17
cust100029,Susan Guerrero,387900934,30,female,west,17-08-2021,FALSE,0.26
cust100030,Joshua Nelson,5761396341,40,male,north,11/2/2025,FALSE,0.12
cust100031,Keith Smith,5946858501,57,female,east,22-10-2022,FALSE,0.15
cust100032,Eric Ross,3804983798,19,female,south,22-08-2022,FALSE,0.12
cust100033,Victoria Torres,3580696659,29,female,central,8/7/2023,FALSE,0.1
cust100034,Stephanie Goodman,6264219054,70,female,north,2/8/2024,FALSE,0.12
cust100035,Michael Torres,7804819615,61,male,north,5/12/2020,FALSE,0.2
cust100036,Christopher Page,9438335411,66,female,south,3/2/2024,FALSE,0.07
cust100037,Mary Mcdonald,4593686274,69,female,east,5/12/2024,FALSE,0.23
cust100038,Daniel Stuart,5634312979,28,male,central,28-02-2025,FALSE,0.4
cust100039,Lisa Green,5463134113,60,male,east,31-07-2022,FALSE,0.29
cust100040,Brett Lopez Jr.,8975419213,38,female,north,5/8/2022,TRUE,0.18
cust100041,James Jackson II,6374579131,42,male,south,28-10-2020,FALSE,0.09
cust100042,Shannon Flores,6220062809,34,female,central,29-06-2022,FALSE,0.11
cust100043,Joel Larsen,8204161307,56,male,north,13-10-2023,FALSE,0.4
cust100044,Melissa Singleton,4330992569,43,male,south,1/2/2024,FALSE,0.21
cust100045,Tracy Stein,6149142120,50,female,central,10/3/2025,FALSE,0.12
cust100046,Sarah Brown,5150280726,58,female,central,30-05-2024,FALSE,0.22
cust100047,Jill Doyle,1406045246,51,female,west,18-08-2024,FALSE,0.45
cust100048,Elizabeth Coleman,5586971278,69,male,west,15-07-2025,TRUE,0.21
cust100049,Sandy Haynes,5685165291,37,male,south,23-10-2020,FALSE,0.27
cust100050,Marilyn Edwards,5880812555,37,male,north,18-06-2023,FALSE,0.24
cust100051,Douglas Gibson,208794395,37,female,west,27-05-2022,FALSE,0.16
cust100052,Maria Powell,8202439212,26,male,north,5/6/2024,FALSE,0.06
cust100053,Lisa Cain,1981132860,31,female,central,19-07-2023,FALSE,0.16
cust100054,Katelyn Aguirre,3675837146,70,female,central,7/8/2021,FALSE,0.17
cust100055,Patricia Robertson,8996057034,42,male,north,28-01-2024,FALSE,0.27
cust100056,Kimberly Short,4868869947,61,female,central,7/2/2022,FALSE,0.3
cust100057,Laurie Pierce,9056640110,24,female,west,6/7/2022,FALSE,0.31
cust100058,Robert Watson,1752620245,49,male,central,19-11-2024,FALSE,0.23
cust100059,Donna Cuevas,4657376611,36,male,south,29-03-2021,FALSE,0.31
cust100060,Crystal Johnson,6201690838,69,other,south,14-09-2022,FALSE,0.11
cust100061,Matthew Howe,2703161748,31,male,north,31-01-2023,FALSE,0.35
cust100062,Larry Mendoza,2846847839,53,male,central,12/4/2022,FALSE,0.26
cust100063,Mr. William Sandoval,4138443622,52,male,north,16-11-2021,TRUE,0.16
cust100064,Mark Berger,2644744737,28,male,central,7/6/2022,FALSE,0.26
cust100065,George Obrien,2085823597,66,male,central,30-12-2022,FALSE,0.19
cust100066,Stephen Hale,9213938946,41,male,north,26-03-2022,FALSE,0.34
cust100067,Samantha Short,5498601552,56,female,west,28-02-2021,FALSE,0.38
cust100068,Briana Berry,4534805012,53,female,east,23-03-2025,TRUE,0.46
cust100069,Nathan Vazquez,8515294619,22,male,south,12/9/2023,FALSE,0.03
cust100070,Kristy Nichols,8209812336,39,male,central,19-12-2021,FALSE,0.03
cust100071,Joshua Duffy,1518588890,42,male,central,9/9/2023,FALSE,0.14
cust100072,Carlos Jones,5422676192,23,female,east,10/12/2021,FALSE,0.22
cust100073,Rebecca Munoz,6817069645,54,female,north,21-08-2022,FALSE,0.31
cust100074,Amy Ruiz,9288584957,35,male,north,10/9/2024,FALSE,0.24
cust100075,Robert Allen,5654096665,18,female,north,24-01-2022,TRUE,0
cust100076,Jessica Lyons,8287519073,25,female,north,6/7/2022,FALSE,0.16
cust100077,Carrie Moran,3775736768,68,other,west,12/3/2021,FALSE,0.3
cust100078,Derek Martinez Jr.,2768422814,46,male,south,8/9/2020,FALSE,0.23
cust100079,Mark Fitzgerald,8362253188,24,male,west,25-05-2025,FALSE,0.29
cust100080,Kevin Palmer,3898136719,52,female,east,25-10-2023,FALSE,0.17
cust100081,Justin May,47462928,63,male,north,18-02-2024,FALSE,0.18
cust100082,Joseph West,6374524942,38,male,north,1/7/2024,FALSE,0.22
cust100083,Monique Rogers,5649702243,36,female,east,30-07-2021,FALSE,0.25
cust100084,Kimberly Gonzalez,8763112006,38,male,north,5/7/2022,FALSE,0.22
cust100085,Leslie Anderson,4365234257,56,female,north,10/4/2023,FALSE,0.21
cust100086,Ronald Clark,9195749005,68,female,central,24-05-2021,FALSE,0.12
cust100087,Thomas Short,3886136829,48,female,east,13-11-2021,FALSE,0.25
cust100088,Bryan Harris,3402883646,31,male,south,3/8/2022,FALSE,0.21
cust100089,Michael Bass Jr.,3685311067,70,male,west,15-07-2021,TRUE,0.34
cust100090,Jonathan Boone,3591507092,54,female,south,19-01-2025,FALSE,0.34
cust100091,Teresa Harrison,6894645708,37,male,south,2/5/2025,FALSE,0.22
cust100092,Alicia Torres,8419566809,55,female,east,3/7/2023,FALSE,0.15
cust100093,Joseph Garcia,591718758,24,female,central,11/3/2025,FALSE,0.12
cust100094,Tammy Browning,2916586554,23,male,north,22-08-2023,FALSE,0.25
cust100095,Arthur Mccoy,9911246124,43,male,central,8/5/2023,FALSE,0.21
cust100096,Cynthia Garcia,3818554820,64,male,north,21-10-2022,FALSE,0.16
cust100097,Paul Johnson,986233192,68,male,west,19-06-2025,FALSE,0.21
cust100098,Mikayla Ellis,9530070248,27,male,east,16-10-2020,TRUE,0.13
cust100099,Stephen Warren,3743785561,60,male,south,27-07-2021,FALSE,0.28
cust100100,Michael Phillips,701996955,70,female,east,18-12-2020,FALSE,0.15
cust100101,Michael Brock,9724849698,50,female,central,21-11-2021,FALSE,0.35
cust100102,Larry Williams,8737526601,31,male,north,17-05-2022,FALSE,0.25
cust100103,Alejandra Walton,5549031511,70,female,central,27-03-2021,FALSE,0.27
cust100104,Tina Lawson,9544668713,65,other,south,19-08-2022,FALSE,0.07
cust100105,Andrew Allen,3924504772,45,female,north,21-12-2023,FALSE,0.22
cust100106,Jacob Spencer,9484604171,60,male,north,6/2/2023,FALSE,0.29
cust100107,Nicole Curry,198882240,46,female,central,27-06-2025,FALSE,0.09
cust100108,Aaron Brown,855090837,46,female,west,5/8/2021,TRUE,0.17
cust100109,Juan King,387055610,39,male,west,29-05-2023,TRUE,0.2
cust100110,Anna Lopez,521723045,59,female,central,19-11-2020,TRUE,0.04
cust100111,Curtis Perez,113448630,62,male,south,19-03-2024,FALSE,0.24
cust100112,Erika Howard,3752913164,26,male,east,4/4/2023,FALSE,0.3
cust100113,Tara Fischer,5567805242,43,male,north,8/2/2022,FALSE,0.1
cust100114,Joshua Acosta,2194355247,18,male,east,21-02-2022,FALSE,0.24
cust100115,Joshua Mercado,2780035585,59,female,south,19-11-2024,FALSE,0.04
cust100116,Lori Wade,493034596,49,female,south,25-10-2021,FALSE,0.2
cust100117,Crystal Roberts,3584223149,39,female,east,24-02-2023,FALSE,0.01
cust100118,Kimberly Berger,7285361433,32,male,north,29-05-2024,FALSE,0.33
cust100119,Daniel Martin,1933173952,59,female,south,21-06-2023,FALSE,0.25
cust100120,Megan Galloway,8005785271,68,female,east,24-02-2023,FALSE,0.2
cust100121,Taylor Santiago,1756141502,37,female,east,19-02-2025,FALSE,0.11
cust100122,Dennis Roth,4240166934,62,female,central,18-05-2022,TRUE,0.35
cust100123,Krystal Johnston,5165893672,25,female,central,4/10/2024,FALSE,0.44
cust100124,Dana Cross,8879758297,29,male,west,1/8/2022,FALSE,0
cust100125,Nathaniel Rivas,5055738417,54,female,north,20-05-2024,FALSE,0.35
cust100126,Christopher Ramos,2977093907,43,female,east,13-11-2023,FALSE,0.4
cust100127,Victoria Chaney,2522984386,28,female,north,8/12/2022,FALSE,0.24
cust100128,Emily Meyer,2051668297,23,female,north,4/11/2022,FALSE,0.06
cust100129,Helen Clark,6276277890,23,female,south,13-07-2023,FALSE,0.3
cust100130,Leslie Freeman,4208018375,57,female,north,20-10-2022,FALSE,0.18
cust100131,Ashley Brown,5812686978,33,female,west,4/5/2021,FALSE,0.13
cust100132,Wesley Carr,1160725854,45,male,east,2/8/2022,FALSE,0.05
cust100133,Mitchell Turner,4217272718,57,female,south,18-03-2021,FALSE,0.27
cust100134,Zachary Snyder,9757683238,56,female,north,5/8/2021,FALSE,0.3
cust100135,Danielle Norman,5559963435,35,male,central,1/8/2022,TRUE,0.13
cust100136,Mckenzie Thompson,3319563416,30,female,central,12/8/2020,TRUE,0.26
cust100137,Robert Crane,2665884332,58,female,south,1/6/2021,FALSE,0.06
cust100138,Tracey Thomas,6259592052,31,male,south,22-09-2021,FALSE,0.3
cust100139,Leslie Johnson,9235245167,35,male,east,28-09-2020,FALSE,0.21
cust100140,Craig Allen,8311165179,46,female,south,18-03-2023,FALSE,0.18
cust100141,Mary Thomas,6583312330,49,male,north,19-10-2021,FALSE,0.19
cust100142,Richard Alexander,64623565,54,female,south,9/7/2023,FALSE,0.3
cust100143,Jesse Barker,1316205224,24,female,north,19-09-2020,FALSE,0.29
cust100144,Karen Christensen,9812869863,65,male,east,25-02-2025,FALSE,0.26
cust100145,Karen Gross,9951151319,66,female,south,11/1/2021,TRUE,0.22
cust100146,Susan Young,9684609049,41,female,east,26-12-2022,FALSE,0.21
cust100147,Terry Booth,4827749925,61,male,central,22-02-2023,FALSE,0.27
cust100148,Olivia Estrada,7340127154,25,male,west,27-10-2024,FALSE,0.23
cust100149,William Suarez,7077958520,52,male,central,14-04-2023,FALSE,0.28
cust100150,Lisa Brown,8096115999,59,female,west,27-03-2025,FALSE,0.16
cust100151,Levi Moreno,9101884328,18,other,central,6/5/2021,FALSE,0
cust100152,Ann Gomez,4931940069,65,female,central,3/6/2025,FALSE,0.32
cust100153,Jennifer Pittman,6655822330,47,female,central,3/6/2022,FALSE,0.46
cust100154,Erica Robinson,1790744432,65,female,east,16-01-2024,FALSE,0.25
cust100155,Andrew Tate,3714963851,46,female,central,2/11/2021,FALSE,0.19
cust100156,Brian Crawford DDS,626204696,51,male,west,15-10-2023,FALSE,0.18
cust100157,Devon Larson,2884081574,43,male,central,6/5/2024,FALSE,0.19
cust100158,Robert Russell,2867380606,64,female,north,7/8/2023,FALSE,0.2
cust100159,Andrew Gibson,110945418,65,male,east,12/12/2022,FALSE,0.07
cust100160,Gabriel Mack,9333448549,44,female,south,13-08-2020,FALSE,0.14
cust100161,Dr. Richard Hernandez,6322891563,43,female,south,21-05-2021,FALSE,0.08
cust100162,James Rodriguez,7511131878,70,female,north,20-11-2022,FALSE,0.23
cust100163,Carol Reynolds,4389444544,34,female,west,30-10-2020,FALSE,0.16
cust100164,Lori Wyatt,5741313032,52,male,west,17-09-2023,FALSE,0.26
cust100165,Mary Johnson,2803210259,49,male,central,6/1/2021,TRUE,0.18
cust100166,Chloe Smith,6688874127,50,male,central,30-05-2023,FALSE,0.32
cust100167,Luke Fox,5606978102,40,male,west,16-05-2023,TRUE,0.23
cust100168,Kimberly Vargas,4809438882,50,female,south,29-09-2021,FALSE,0.46
cust100169,Christopher Barrett,1096723971,43,female,east,11/6/2025,FALSE,0
cust100170,Shelley Brown,8569374656,31,female,south,24-07-2025,FALSE,0.12
cust100171,Jamie Oliver,1069707137,35,male,central,8/5/2022,FALSE,0.31
cust100172,George Johnson,6473760841,47,female,north,10/1/2022,FALSE,0.5
cust100173,Bradley Garrett,2756771979,59,female,central,4/1/2021,FALSE,0.17
cust100174,Amy Ramirez,7950753350,57,female,west,15-09-2020,FALSE,0.21
cust100175,Jennifer Holder,2507898206,29,male,east,14-09-2021,FALSE,0.17
cust100176,Megan Mata,6668647590,39,female,east,26-12-2020,FALSE,0.36
cust100177,Nicole Martin,8892467457,63,male,north,11/12/2024,FALSE,0.17
cust100178,Donna Howard,4624947027,57,male,west,22-02-2021,FALSE,0.28
cust100179,James Thompson,40873597,33,female,south,22-02-2021,TRUE,0.16
cust100180,Shelley Mayer,7856669422,64,male,central,17-11-2024,FALSE,0.05
cust100181,Guy Bennett,1837359823,64,male,east,2/2/2022,FALSE,0.24
cust100182,Brenda Ross,1053236789,28,male,south,16-12-2021,FALSE,0.26
cust100183,Gail Olson,287210102,46,male,west,26-12-2021,FALSE,0.36
cust100184,Jennifer Weaver,1673152906,63,male,east,13-10-2023,TRUE,0.19
cust100185,Ray Lin,9085609716,32,male,west,17-08-2022,FALSE,0.13
cust100186,Keith Ibarra,5260248962,29,male,central,15-07-2024,TRUE,0.27
cust100187,Edward Shepherd,9625276982,66,male,north,10/2/2023,FALSE,0.23
cust100188,Lisa Blevins,424641401,51,female,central,5/10/2024,FALSE,0.23
cust100189,Sarah Mcdonald,311109104,60,female,north,2/9/2022,FALSE,0.19
cust100190,Ashley Kirby,2897259689,29,male,west,8/12/2023,FALSE,0.34
cust100191,Scott Galvan,1710048499,46,male,south,30-04-2025,FALSE,0.24
cust100192,Judy Wilson,8057162415,33,female,west,9/11/2021,FALSE,0.43
cust100193,Erin Oliver,7526569714,42,male,east,9/11/2020,FALSE,0.33
cust100194,Jose Gonzalez,5407826718,55,male,south,4/8/2024,FALSE,0.28
cust100195,Daniel Simmons,3234555492,20,male,north,30-09-2020,FALSE,0
cust100196,John Norman,3431655310,38,female,central,5/4/2025,FALSE,0.27
cust100197,Gary Norton,9459163975,30,male,south,17-06-2024,FALSE,0.25
cust100198,Ashley Schmidt,8746690162,19,male,south,1/4/2024,FALSE,0.3
cust100199,Thomas Santiago,2734804424,52,male,west,17-09-2024,FALSE,0.33
cust100200,Karen Graham,4894744244,23,male,east,4/8/2024,FALSE,0.15
cust100201,Chase Hughes,193508406,20,female,central,27-07-2024,FALSE,0.3
cust100202,Lori Nguyen,5863810507,20,female,north,21-09-2020,FALSE,0.13
cust100203,Shirley Campbell,76816460,30,male,south,4/8/2025,FALSE,0.43
cust100204,Kevin Tucker,5623871663,61,female,south,15-11-2021,FALSE,0.04
cust100205,Andrew Norman,6414072483,42,male,east,23-03-2021,FALSE,0
cust100206,Krista Bradley,1429312968,59,female,south,6/6/2023,TRUE,0
cust100207,Thomas Fleming,2066323197,68,female,east,18-04-2023,FALSE,0.09
cust100208,Maxwell Wright,9424594833,62,female,central,13-04-2023,FALSE,0.07
cust100209,Daniel Jackson,9364434600,40,female,central,30-11-2024,FALSE,0.43
cust100210,Teresa Turner,3444792952,52,male,north,18-07-2022,FALSE,0.16
cust100211,Bernard Snyder,5097666597,65,female,north,24-05-2024,FALSE,0.04
cust100212,Shannon Roberts,5966160693,24,male,south,26-02-2021,FALSE,0.33
cust100213,Michael Reyes,5587267920,20,male,north,11/2/2023,FALSE,0.13
cust100214,Pamela Wilson,3042212964,50,male,east,3/6/2024,TRUE,0.05
cust100215,Steven Nielsen,6872917331,38,male,central,4/1/2024,TRUE,0.31
cust100216,Collin Austin,9515842976,60,male,west,6/7/2024,FALSE,0.27
cust100217,Michelle Walker,6653786592,46,male,central,8/11/2020,FALSE,0.15
cust100218,Wanda Roy,5527387849,34,female,north,20-08-2021,FALSE,0.37
cust100219,Diane Collier,3470630449,42,male,east,25-08-2021,FALSE,0.22
cust100220,Peter Nguyen,620877586,26,male,west,26-09-2020,FALSE,0.39
cust100221,Mary Price,350272722,61,male,west,7/11/2021,FALSE,0.26
cust100222,Melissa Hunt,3086373233,50,female,east,31-03-2023,FALSE,0.39
cust100223,Maria Evans,3341900951,50,female,central,25-07-2024,FALSE,0.21
cust100224,Joy Miller,5573671650,26,female,west,7/1/2022,FALSE,0.05
cust100225,Jacqueline Horne,4243553000,53,female,central,18-02-2024,FALSE,0.49
cust100226,Erika Reeves,1302654706,52,male,east,23-02-2021,FALSE,0.13
cust100227,Nicole Perez,272519388,30,male,central,13-05-2021,FALSE,0.18
cust100228,Charles Neal,9120944502,44,male,central,5/2/2024,TRUE,0.12
cust100229,Robert Mcmahon,6657547240,37,female,central,25-02-2022,FALSE,0.18
cust100230,Amy Brown,326963994,37,male,east,5/7/2021,FALSE,0.23
cust100231,Brandon Orr,8335887169,65,female,north,18-05-2022,FALSE,0.22
cust100232,Catherine Garcia,7631145659,27,male,east,24-03-2022,FALSE,0.28
cust100233,Linda Jones,5175034623,54,male,east,26-12-2021,FALSE,0.42
cust100234,Amber Anthony,9128793760,41,female,west,19-04-2021,FALSE,0.19
cust100235,Heather Carter,2836719588,23,female,north,9/7/2021,FALSE,0.05
cust100236,Chelsey Reed,8623038802,51,female,east,22-11-2024,FALSE,0.06
cust100237,Alexander Stephens,1465908070,62,female,east,1/4/2024,FALSE,0.12
cust100238,Timothy Leonard,4190161310,69,female,west,27-10-2021,FALSE,0
cust100239,Theresa Faulkner,7898376101,56,female,central,9/6/2025,FALSE,0.3
cust100240,Lisa Harris,6673370447,19,male,south,23-01-2023,FALSE,0.14
cust100241,Heather Rodriguez,3602665821,25,male,west,26-01-2025,FALSE,0.16
cust100242,Amanda Parsons,2076956534,57,male,north,11/8/2021,FALSE,0.2
cust100243,Steven Velasquez,1157483853,61,male,north,15-05-2021,FALSE,0.03
cust100244,Steve Wright,2112796349,22,female,central,20-07-2022,FALSE,0.1
cust100245,Zachary Wilson,8021287610,22,female,south,22-05-2022,FALSE,0.28
cust100246,Andrew Holder,8344248581,29,female,west,28-01-2025,TRUE,0.27
cust100247,Wesley Reyes,408990687,41,female,west,4/9/2024,FALSE,0.15
cust100248,Luke Garrison,9061735906,36,male,south,15-12-2022,FALSE,0.42
cust100249,Chelsea Smith,8167884106,33,male,east,13-05-2021,FALSE,0.04
cust100250,Robin Zamora,1995139522,30,female,north,31-03-2022,FALSE,0.16
cust100251,Paul Carter,8765887220,34,male,north,20-06-2021,FALSE,0.17
cust100252,Mark Clark,1788669688,67,male,west,2/1/2024,TRUE,0
cust100253,Douglas Martinez,9273267053,57,female,central,6/12/2023,FALSE,0.43
cust100254,Raymond Carroll,1961100112,20,male,west,3/5/2023,TRUE,0.24
cust100255,Zachary Jordan,6151675810,37,female,north,12/2/2025,FALSE,0.07
cust100256,Jason Knox,7805944270,70,male,east,24-10-2020,FALSE,0.45
cust100257,William Hanson,3497731240,52,female,central,23-10-2023,FALSE,0.27
cust100258,Randall Thompson,9524114364,44,female,central,27-04-2023,FALSE,0.25
cust100259,Brenda Wilcox,3761067047,58,female,west,9/12/2022,FALSE,0.13
cust100260,John Pitts,2635730315,50,male,south,4/12/2020,FALSE,0.21
cust100261,Jeffrey Mclaughlin,9750342816,28,male,north,14-10-2024,FALSE,0.02
cust100262,Ruben Booth,4453039442,65,female,north,2/8/2024,FALSE,0.3
cust100263,Shirley Bailey,7139501323,43,male,north,25-09-2022,FALSE,0.16
cust100264,Jennifer Bell,9545550164,23,female,west,20-05-2025,FALSE,0.22
cust100265,Ryan Hunt,6798832806,35,female,east,16-11-2021,FALSE,0.34
cust100266,Patrick Austin,9214349276,48,female,west,4/9/2020,FALSE,0.23
cust100267,Charles Jenkins,614671866,25,male,south,22-09-2020,FALSE,0.23
cust100268,Antonio Green,3512468218,19,other,east,27-01-2023,FALSE,0.23
cust100269,Amy Diaz,5478182013,26,female,east,22-08-2023,FALSE,0.11
cust100270,Helen Robertson,1544554667,44,male,central,14-10-2022,FALSE,0.3
cust100271,Stephen Graves,4697904875,44,female,west,26-01-2023,FALSE,0.39
cust100272,Stephen Dominguez,8995266443,49,male,west,6/9/2023,FALSE,0.29
cust100273,Karen Miller,647825236,43,female,north,15-03-2021,TRUE,0.31
cust100274,Stephanie Thomas,2036547406,31,female,south,30-12-2020,FALSE,0.09
cust100275,Kenneth Sullivan,5754150439,24,male,west,19-02-2021,FALSE,0.1
cust100276,Deanna Scott,4845270167,24,male,south,10/3/2025,FALSE,0.03
cust100277,Vicki House,2372453390,23,male,north,13-08-2023,FALSE,0.35
cust100278,Megan Ford,1350516875,52,male,north,22-04-2021,FALSE,0.17
cust100279,Robert Crawford,8179481926,24,female,west,22-01-2021,FALSE,0.37
cust100280,Taylor Reyes,891115198,65,male,east,24-10-2023,FALSE,0.11
cust100281,James Gutierrez,6989279761,29,male,north,3/4/2022,FALSE,0.15
cust100282,Brenda Levine,550267906,61,female,west,5/5/2023,FALSE,0.21
cust100283,Shane Foster,7652492992,46,male,central,14-05-2023,FALSE,0.31
cust100284,Leah Barber,8757680636,43,male,west,27-09-2024,FALSE,0.21
cust100285,Timothy Johnson,6428798541,42,female,south,23-12-2024,FALSE,0.23
cust100286,Natasha Fritz,5687768007,34,male,central,4/11/2024,FALSE,0.2
cust100287,Ashley Bell,2712475230,49,female,central,21-01-2022,FALSE,0.22
cust100288,Julian Chavez,7233241426,68,female,east,24-09-2023,FALSE,0.07
cust100289,Laurie Fuentes,5953089279,24,male,east,22-03-2021,FALSE,0.21
cust100290,James Hernandez,3430007438,63,male,central,12/5/2024,FALSE,0.18
cust100291,Nicole Munoz,2275079854,37,female,north,28-06-2023,FALSE,0.19
cust100292,Theresa Roach,7385142464,35,male,south,2/3/2021,FALSE,0.26
cust100293,Suzanne Shaw,43047975,26,male,west,13-07-2023,FALSE,0.12
cust100294,Gregory Goodman,7675991331,56,female,north,10/10/2021,FALSE,0.19
cust100295,Kelly Miller,4126372316,56,female,west,15-12-2020,FALSE,0.16
cust100296,David Turner,5776395245,48,female,east,11/5/2025,FALSE,0.25
cust100297,Kyle Frost,2357590072,49,male,west,12/11/2022,FALSE,0.29
cust100298,Cindy Cooke,4153553163,29,female,south,12/9/2022,FALSE,0.09
cust100299,Robert Davis,6598692183,55,female,central,14-05-2024,FALSE,0.27
cust100300,John Ingram,8840686229,50,male,south,22-11-2021,FALSE,0.45
cust100301,Michael Powell,1356955436,69,other,south,12/4/2021,FALSE,0.02
cust100302,Thomas Weber,2952136085,49,male,north,28-11-2024,FALSE,0.1
cust100303,Heather Keller,1372551786,26,female,south,25-06-2022,TRUE,0.09
cust100304,Jimmy Ortega,6357578023,52,female,north,12/7/2024,FALSE,0.17
cust100305,Dominic Walker,268558964,61,male,central,21-02-2023,FALSE,0.39
cust100306,Anthony Hawkins,9334166844,54,female,east,2/7/2025,FALSE,0.2
cust100307,Dr. Robert Davis,8598101537,18,female,east,17-01-2021,FALSE,0.12
cust100308,Jessica Miller,7276740948,32,male,south,6/10/2023,FALSE,0.27
cust100309,Anna Sims,8206025681,58,other,east,10/8/2023,FALSE,0.13
cust100310,Garrett Braun,143996061,64,female,north,16-11-2023,FALSE,0.33
cust100311,David Barnes,277952813,40,male,east,7/12/2021,FALSE,0.24
cust100312,Kathleen Bates,6749795699,27,female,north,5/1/2021,FALSE,0.37
cust100313,Daniel Lynch,1035338281,23,female,north,22-02-2023,FALSE,0.12
cust100314,Mark Willis,3099722602,33,male,north,4/9/2020,FALSE,0.56
cust100315,Rodney Robinson,3696029031,23,male,west,17-11-2020,FALSE,0.3
cust100316,James Ward,7172445739,64,female,south,13-02-2024,TRUE,0.28
cust100317,Crystal Robinson,3576378850,39,male,central,3/10/2021,FALSE,0.19
cust100318,Jessica Stephens,9713063836,25,male,south,23-03-2023,FALSE,0.11
cust100319,Michelle Castaneda,4855268331,35,male,central,14-11-2024,FALSE,0.1
cust100320,Michael Yang,5676304322,51,male,west,9/4/2025,FALSE,0.18
cust100321,Mary Garner,6455437650,43,male,south,27-06-2023,FALSE,0.1
cust100322,Ricardo Davis,8764065251,53,male,central,17-08-2021,FALSE,0.23
cust100323,James Dixon,2616893778,29,male,west,1/1/2021,FALSE,0.1
cust100324,Susan Finley,3390537428,19,male,east,30-01-2023,FALSE,0.27
cust100325,Kelsey Herman,6120648242,34,male,west,12/6/2021,FALSE,0.31
cust100326,Jordan Norton,8303965560,65,male,central,17-12-2023,FALSE,0.12
cust100327,Johnny Gomez,7555988382,53,female,central,20-10-2021,FALSE,0.34
cust100328,Amy Allen,7077206624,19,female,west,26-05-2023,FALSE,0.17
cust100329,Shane Chambers,5741085220,27,male,central,28-05-2022,FALSE,0.34
cust100330,Stephen Gillespie,7763621344,70,male,east,29-09-2021,FALSE,0.25
cust100331,Jeffrey Beck,7245498504,36,male,west,30-07-2021,FALSE,0.33
cust100332,Nathaniel Pittman,1165402845,43,male,central,2/7/2024,FALSE,0.08
cust100333,Christopher Maxwell,3729686141,36,female,central,29-08-2023,FALSE,0.19
cust100334,Yolanda Lawrence,887998230,52,female,south,2/2/2025,FALSE,0.37
cust100335,Jennifer Sutton,8585902637,53,female,north,4/9/2024,FALSE,0.13
cust100336,Mary Swanson,4804772198,67,male,west,11/7/2025,FALSE,0
cust100337,Amber Perkins,9392269539,41,male,central,15-04-2025,FALSE,0
cust100338,Thomas Lopez,1656320603,24,male,north,26-11-2020,FALSE,0
cust100339,Jacob Tran,5707368169,62,male,north,18-07-2023,FALSE,0
cust100340,Jose Hall,696922532,55,male,central,20-01-2023,FALSE,0.15
cust100341,Paul Smith,6202044501,53,male,central,26-03-2021,FALSE,0.35
cust100342,William Clark,5249270921,59,male,west,1/10/2020,FALSE,0.15
cust100343,Matthew Palmer,8886478779,33,female,central,10/9/2023,FALSE,0.24
cust100344,Grant Wiggins,3266293837,53,female,south,20-12-2024,FALSE,0.19
cust100345,Maria Jennings,977039428,20,female,east,22-08-2023,FALSE,0.2
cust100346,Scott Miller,8051282209,64,male,north,9/4/2023,FALSE,0.18
cust100347,Paul Ward,1779045715,44,male,east,30-11-2020,FALSE,0.18
cust100348,Kenneth Ray,7158791982,39,male,south,4/2/2023,FALSE,0.26
cust100349,Wayne Davis,7994748787,51,male,east,17-07-2023,FALSE,0.06
cust100350,Derrick Massey,2795419463,50,male,west,24-10-2021,FALSE,0.32
cust100351,Angel Craig,5146123757,66,female,central,18-08-2022,TRUE,0.31
cust100352,Kevin Hester,9499226000,31,male,south,13-07-2025,FALSE,0.18
cust100353,Jose Griffin,3365744241,32,male,east,5/6/2024,FALSE,0.3
cust100354,Andrea Montgomery,7882158693,39,female,west,14-03-2023,FALSE,0.12
cust100355,Crystal Cameron,8405963628,41,female,south,4/6/2023,FALSE,0.14
cust100356,Stephen Ortiz,4601851677,43,female,central,29-04-2024,FALSE,0.22
cust100357,Margaret Ross,7038217631,35,female,south,18-10-2024,TRUE,0.18
cust100358,Terri Love,400762923,44,male,north,12/2/2023,FALSE,0.15
cust100359,Sierra Mccarty,2724049409,29,male,west,19-03-2023,FALSE,0.12
cust100360,John Giles,604053523,69,female,south,14-04-2021,FALSE,0.13
cust100361,Andrew Hood,9970698638,51,female,east,22-04-2021,TRUE,0.31
cust100362,Ashley Tran,9856683262,43,female,south,20-02-2021,FALSE,0
cust100363,Robert Thompson,2943418539,43,other,central,18-05-2023,FALSE,0.24
cust100364,Terry Walsh,2934067702,45,female,south,14-05-2025,FALSE,0.17
cust100365,Michael Liu,5851635153,33,male,central,28-02-2024,FALSE,0.29
cust100366,Michael Bates,8061009271,28,male,central,4/9/2021,TRUE,0.26
cust100367,Chad Lopez,2521216223,31,male,north,1/8/2024,FALSE,0
cust100368,Selena Rodriguez,739642559,64,male,central,27-06-2022,FALSE,0.27
cust100369,Lisa Lee,2084731139,59,other,north,19-03-2024,FALSE,0.24
cust100370,Rachel Baldwin,9837012627,67,male,central,14-02-2023,FALSE,0.2
cust100371,Anthony Jackson,4598349318,42,male,north,19-10-2020,FALSE,0.14
cust100372,Christopher Martinez,830570361,48,male,central,13-09-2024,FALSE,0.3
cust100373,Rebecca Sullivan,2494016038,18,male,east,4/4/2022,FALSE,0.15
cust100374,Christine Woods,8660045337,64,male,central,22-05-2023,FALSE,0.42
cust100375,Randall Kelley,3249489515,53,female,east,20-09-2022,FALSE,0.27
cust100376,Robert Walker,9701166437,58,male,central,18-06-2023,FALSE,0.46
cust100377,Heather Larson,7649412610,53,male,west,27-08-2021,FALSE,0.11
cust100378,Christopher Barajas,642292958,69,male,east,18-07-2021,FALSE,0
cust100379,Johnny Edwards,5833615994,27,male,east,27-06-2021,FALSE,0.29
cust100380,Melissa Poole,6155244972,67,female,north,13-04-2025,FALSE,0.3
cust100381,John Saunders,4644352938,39,female,east,18-12-2024,FALSE,0.2
cust100382,Robert Robinson,5074009305,40,male,central,20-11-2024,FALSE,0.02
cust100383,Michael Lee,8067083831,27,female,east,3/9/2024,FALSE,0.15
cust100384,Andrew Bond,7567775260,22,female,central,22-12-2023,FALSE,0.27
cust100385,Deanna Williams,6897238092,52,male,south,26-08-2022,FALSE,0.18
cust100386,Maria Griffith,6186023653,53,male,south,8/2/2021,TRUE,0.19
cust100387,Evan George,6946482289,22,male,north,7/4/2021,TRUE,0.18
cust100388,Alexandria Smith,628487299,43,male,south,19-07-2022,FALSE,0.09
cust100389,Rebecca Mercado,8170865801,26,female,central,30-11-2022,TRUE,0.14
cust100390,Kenneth Cummings,2481911668,33,female,south,26-04-2025,FALSE,0.03
cust100391,Justin Willis,6477339832,60,female,west,26-11-2020,FALSE,0.41
cust100392,Adam Alexander,8421281226,29,male,south,8/6/2021,FALSE,0.14
cust100393,Javier King,5032401390,52,male,central,23-09-2022,FALSE,0.26
cust100394,Andrew Jennings,2563978418,31,female,north,3/5/2024,FALSE,0.08
cust100395,Mark Gill,5187400845,69,female,north,15-05-2025,FALSE,0.3
cust100396,Douglas Mueller,6729676378,66,male,central,4/10/2023,TRUE,0
cust100397,Jennifer Lopez,5514354046,68,male,south,14-11-2022,FALSE,0.31
cust100398,Rachael Mccarthy,3959603823,58,female,north,9/12/2023,FALSE,0.2
cust100399,Tina Horn,5207930901,58,female,south,9/10/2020,FALSE,0.45
cust100400,James Harper,9444953316,43,male,south,21-04-2021,FALSE,0.04
cust100401,Heather Harper,1658583484,42,female,central,11/7/2022,FALSE,0.21
cust100402,Carol Herrera,6489547707,63,female,north,25-05-2023,FALSE,0.24
cust100403,Tom Evans,5754241275,69,male,central,2/5/2023,FALSE,0.35
cust100404,Anthony Wilson,6092140973,48,female,south,31-08-2023,FALSE,0.15
cust100405,Crystal Robbins,2505077107,58,male,central,29-07-2024,FALSE,0.21
cust100406,Matthew Wang,3948194209,44,female,west,16-02-2021,FALSE,0
cust100407,Steven Macdonald,2335975909,49,male,south,15-03-2025,FALSE,0.1
cust100408,Laura Skinner,4820782598,19,male,north,15-11-2024,FALSE,0.25
cust100409,Phillip Patterson,1135309909,43,female,central,25-07-2025,FALSE,0.33
cust100410,Shannon Hinton,6949511525,39,female,north,15-07-2022,TRUE,0.17
cust100411,Christopher Schmitt,2321999013,65,male,west,10/11/2022,FALSE,0.45
cust100412,Richard Peck,1333026775,30,female,central,26-06-2021,FALSE,0.41
cust100413,Brandon Neal,8803455033,50,male,east,20-09-2022,FALSE,0.19
cust100414,Michael Wilkins,3516430414,41,female,central,1/6/2023,FALSE,0
cust100415,Jeffrey Holmes,2390803359,67,other,east,19-01-2021,FALSE,0
cust100416,Jordan Ballard,7485328481,47,male,central,29-03-2024,FALSE,0.11
cust100417,Victoria Higgins,629228168,27,female,east,24-07-2021,FALSE,0.33
cust100418,Henry Matthews,3959804484,55,female,central,9/10/2024,FALSE,0.24
cust100419,Shawn Owens,1727796306,43,female,central,10/6/2021,FALSE,0
cust100420,Donna Gibson,2320606955,43,male,east,6/4/2022,FALSE,0.17
cust100421,Frank Barker,1007136986,21,female,west,18-09-2024,TRUE,0.39
cust100422,Deborah Graham,461559609,37,female,east,28-02-2025,FALSE,0.16
cust100423,Scott Smith,6180827108,56,female,east,20-08-2020,TRUE,0.11
cust100424,Aaron Johnson,7552331324,56,female,east,21-01-2021,FALSE,0.45
cust100425,Beverly Mcgee,2293615882,51,female,central,11/6/2024,FALSE,0.21
cust100426,Megan Ramirez,6391558899,20,female,north,12/5/2024,FALSE,0.14
cust100427,Deanna Yang,5896101149,39,male,east,7/7/2025,FALSE,0.24
cust100428,Jacqueline Johnston,8638465420,20,female,central,27-02-2021,TRUE,0.2
cust100429,Jessica Hardy,6128878175,58,male,central,31-05-2023,FALSE,0.15
cust100430,Brent Garcia,5020065489,50,female,central,10/5/2025,TRUE,0.35
cust100431,Henry Jennings,5643236822,28,female,east,15-10-2021,FALSE,0.33
cust100432,Lucas Glass,5899433240,55,male,north,21-04-2021,FALSE,0.3
cust100433,Jeffrey Bell,2852145508,50,male,east,13-02-2022,FALSE,0.19
cust100434,Travis Burke,1000003537,34,female,north,24-10-2020,FALSE,0.34
cust100435,Terry Gonzalez,5832915287,67,female,east,17-03-2025,FALSE,0.19
cust100436,Allison Mendoza,5562117521,43,female,central,9/7/2022,FALSE,0.26
cust100437,Jill Ortega,770920796,23,male,south,11/10/2020,FALSE,0.32
cust100438,James Church,386450396,35,male,south,30-08-2021,FALSE,0.3
cust100439,Randy Koch,1079721742,64,female,south,22-11-2020,FALSE,0.41
cust100440,Andrea Zuniga,5447248023,35,female,north,12/2/2021,FALSE,0.25
cust100441,Bryan Sparks,5171588179,37,female,south,7/10/2022,FALSE,0
cust100442,Ashley George,6616501276,22,female,east,11/12/2024,FALSE,0.06
cust100443,James Hunter,782746189,51,male,west,25-02-2025,FALSE,0.36
cust100444,Johnathan Jordan,8126824372,69,female,north,24-04-2022,FALSE,0.16
cust100445,Margaret Garcia,8147264545,44,female,central,10/11/2021,TRUE,0.25
cust100446,Tina Chase,1302897818,55,female,central,22-05-2023,FALSE,0.1
cust100447,Jason Greene,5225390625,30,male,central,11/7/2023,FALSE,0.32
cust100448,Karen Nelson,9372620100,55,female,east,17-02-2025,FALSE,0.15
cust100449,Amy Jimenez,4467114663,68,male,west,8/10/2021,FALSE,0.37
cust100450,Andrea Ponce DDS,4235521134,57,female,south,9/10/2021,FALSE,0.14
cust100451,Amanda Cook,1775458081,58,male,west,28-03-2021,TRUE,0.33
cust100452,Ronald Wright,6880931325,34,female,north,12/8/2021,TRUE,0.28
cust100453,Emily Perez,7317266355,66,female,central,13-10-2021,FALSE,0.11
cust100454,Nicholas Beltran,769977408,20,female,south,28-11-2022,FALSE,0.33
cust100455,Timothy Benton,2846039970,36,male,central,22-01-2022,FALSE,0.09
cust100456,Patricia Robles,9803736547,43,female,north,18-09-2023,FALSE,0.1
cust100457,Robert Morrison,3369716003,29,male,central,10/11/2024,FALSE,0.29
cust100458,Michael Humphrey,843368192,55,male,west,15-11-2021,FALSE,0.12
cust100459,Brianna Smith,2522690095,49,male,north,2/9/2024,FALSE,0.13
cust100460,Pam Lewis,2480649893,54,female,west,2/7/2021,FALSE,0.16
cust100461,Kenneth Roth,1043338375,55,male,north,4/8/2022,FALSE,0.08
cust100462,Misty Rivers,7005703820,30,female,west,26-07-2022,FALSE,0.33
cust100463,Elijah Wood,3892706700,56,female,central,1/4/2022,FALSE,0.27
cust100464,John Griffith,4531295688,48,female,central,9/7/2023,FALSE,0.19
cust100465,Joseph Morris,6311200178,67,male,west,23-09-2024,FALSE,0.19
cust100466,Ian Moody,7107562952,35,female,central,3/8/2023,FALSE,0.25
cust100467,Colin Moody,9724023783,66,female,central,21-10-2020,FALSE,0.41
cust100468,Karen Walter,279374618,34,male,central,10/12/2020,FALSE,0.3
cust100469,Cristian Simmons,6600356564,68,male,east,8/11/2022,FALSE,0.14
cust100470,Carl Jordan,6051503952,46,male,west,18-05-2023,FALSE,0.29
cust100471,Taylor Mitchell,229577831,62,other,south,14-03-2022,FALSE,0.19
cust100472,Natalie Patterson,1837100893,45,male,north,16-10-2021,FALSE,0.18
cust100473,Meagan Harris,1257650841,68,female,east,30-11-2022,FALSE,0.42
cust100474,Kent Clark,4418422892,65,male,west,16-05-2025,TRUE,0.15
cust100475,Elizabeth Sanders MD,8533241131,39,male,north,2/11/2023,FALSE,0.14
cust100476,Bonnie Foster,2764327393,23,male,north,16-08-2023,FALSE,0
cust100477,Phillip Roman,282908488,62,male,west,18-06-2021,FALSE,0.03
cust100478,Shane Gardner,3297323085,32,male,south,22-08-2024,FALSE,0.25
cust100479,Nathan Dickerson,470149553,66,female,central,26-08-2021,FALSE,0.12
cust100480,Carla Ramirez,3267390766,37,male,west,14-05-2025,FALSE,0.26
cust100481,Stacie Combs,6656243914,47,female,north,27-09-2020,FALSE,0.07
cust100482,Jimmy Powell,3329534506,44,female,central,16-01-2022,TRUE,0.11
cust100483,Allison Coleman,6972133699,33,female,south,27-01-2024,FALSE,0.28
cust100484,Holly Griffith,9455646531,42,male,south,13-11-2022,FALSE,0.38
cust100485,Donald Smith,4535588461,37,female,east,24-06-2022,TRUE,0.27
cust100486,Monica Cabrera,42861489,63,female,west,27-03-2021,FALSE,0.34
cust100487,James Stout,6959980478,61,male,east,22-03-2025,FALSE,0.4
cust100488,Maria Smith,6613656766,39,female,central,27-11-2020,FALSE,0.32
cust100489,Michael Lewis,3269595282,56,male,east,23-04-2025,FALSE,0.09
cust100490,Dawn Wright,6705316152,60,male,north,24-08-2024,FALSE,0.19
cust100491,Wayne Figueroa,1014841437,66,male,west,27-03-2024,FALSE,0.28
cust100492,Jennifer Jones,8364691966,32,female,east,3/2/2021,FALSE,0.15
cust100493,Rodney Dyer,3323109275,68,male,north,8/11/2021,FALSE,0.25
cust100494,Rodney Waters,9486598528,50,female,south,21-11-2022,FALSE,0.01
cust100495,Erik Spencer,6400065087,21,female,north,27-06-2023,FALSE,0.1
cust100496,Mallory Phillips,7102515006,61,male,north,16-03-2022,TRUE,0.26
cust100497,Jeffrey Hall,3464767974,18,male,east,4/9/2020,FALSE,0
cust100498,Timothy Simmons,2297859803,19,female,central,6/7/2025,FALSE,0.07
cust100499,Nicholas Curtis,1853152353,30,male,central,6/12/2021,FALSE,0.2
cust100500,Lauren Smith,6410575894,34,female,south,6/8/2021,FALSE,0
cust100501,Carolyn Knight,4753565275,21,male,central,6/11/2021,FALSE,0.21
cust100502,Connie Boyer,3288062257,20,male,west,1/12/2022,FALSE,0.1
cust100503,Charles Miller,4295197180,54,male,north,27-02-2025,FALSE,0.17
cust100504,Raymond Mays,9081406828,31,male,east,2/8/2023,FALSE,0.17
cust100505,Thomas Weiss,2150419230,24,male,east,5/11/2020,FALSE,0.22
cust100506,Javier Young,7027478595,27,male,west,19-08-2023,FALSE,0.13
cust100507,Jennifer Greer,353157024,20,female,east,31-12-2023,TRUE,0.21
cust100508,Nathan Anderson,9574844886,23,male,south,13-05-2025,FALSE,0.13
cust100509,Courtney Foley,6439917258,25,male,north,14-12-2023,FALSE,0.27
cust100510,Shannon Miller,1883325588,25,male,south,26-02-2023,FALSE,0.4
cust100511,Steven Reid,8096376505,63,male,west,10/9/2024,FALSE,0.22
cust100512,Steven Spencer,9109721812,64,male,east,3/2/2024,FALSE,0.22
cust100513,Dr. Sarah Lee,7794155179,38,male,west,4/1/2024,FALSE,0.06
cust100514,James Jones,2296136245,60,female,west,12/9/2023,FALSE,0.28
cust100515,Terry Pennington,1361095561,42,male,south,15-04-2021,FALSE,0.11
cust100516,Claire Owens,4736001203,49,female,south,4/8/2025,FALSE,0.1
cust100517,Taylor Rodriguez,9538572440,25,male,west,5/8/2025,FALSE,0.27
cust100518,Alyssa Mercer,8427481312,52,male,east,14-01-2025,FALSE,0.22
cust100519,Carlos Merritt,3238339489,41,male,east,15-04-2025,FALSE,0.33
cust100520,Nathan Hernandez,8219828327,43,female,central,1/10/2021,TRUE,0.37
cust100521,Franklin Brown,8661023993,26,male,east,6/12/2021,FALSE,0.14
cust100522,Andrew Olson,3900403237,53,female,south,18-06-2023,FALSE,0.22
cust100523,Kathryn Lee,6186404137,59,female,south,19-03-2021,FALSE,0.41
cust100524,Mary Jensen,6902824796,70,female,south,10/4/2021,FALSE,0.32
cust100525,Paul Carr,7736136270,38,male,west,20-12-2020,FALSE,0.29
cust100526,Brittany Monroe,8156964360,45,male,east,3/10/2020,FALSE,0.36
cust100527,James Carter,1027560717,24,female,east,12/11/2021,TRUE,0.13
cust100528,Jeffrey Rodgers,9653014093,29,male,north,4/10/2022,FALSE,0.28
cust100529,Monica Oconnell,802720033,64,female,east,31-07-2021,FALSE,0.37
cust100530,David Perez,8560503796,41,female,east,18-06-2025,FALSE,0.39
cust100531,Diana Hebert,9886869991,68,female,east,31-03-2021,FALSE,0.1
cust100532,Mark Ward,7020227222,25,male,west,7/6/2023,TRUE,0.17
cust100533,Kenneth Franklin,2109304280,35,female,south,13-01-2024,TRUE,0.25
cust100534,Jimmy Reynolds,579747818,37,male,west,20-07-2024,FALSE,0.17
cust100535,Lisa Walker,9773622215,67,male,east,25-09-2024,FALSE,0.15
cust100536,Mr. Grant Ochoa PhD,3985352672,18,male,south,24-07-2022,FALSE,0.28
cust100537,Eric Lee,2924288493,50,female,south,17-09-2021,FALSE,0.16
cust100538,Matthew King,5400896645,22,male,central,18-07-2025,FALSE,0
cust100539,Melanie Duke,1123503566,52,female,central,1/7/2024,FALSE,0.24
cust100540,James Valdez,9615915741,46,female,west,15-09-2022,FALSE,0.15
cust100541,Michael Reynolds,3628502811,40,male,north,7/10/2023,FALSE,0.11
cust100542,Christine Garrett,9530410007,32,female,south,11/9/2021,FALSE,0.01
cust100543,Larry Davis,9657529404,19,male,east,12/8/2024,FALSE,0.32
cust100544,Julian Archer,7451156766,68,male,central,11/10/2020,FALSE,0
cust100545,Valerie Baxter,6347656776,62,female,north,9/6/2025,FALSE,0
cust100546,Sonya Olson,1862521680,59,male,east,24-09-2021,FALSE,0.17
cust100547,Jessica White,5512307274,62,female,north,10/8/2021,FALSE,0.35
cust100548,Timothy Bishop,5177705775,48,female,north,7/9/2020,FALSE,0.36
cust100549,Melissa Lara,6548416317,49,female,south,15-07-2024,FALSE,0.06
cust100550,Shaun Weaver,7573604405,50,male,central,16-11-2023,FALSE,0.18
cust100551,Phyllis Livingston,7447333460,37,female,central,3/8/2024,TRUE,0.02
cust100552,Ashley Hughes,8856558404,39,male,north,16-11-2021,FALSE,0.32
cust100553,Linda Price,834063574,60,female,east,24-07-2025,TRUE,0.02
cust100554,Jane Davis,4068052503,29,female,south,27-07-2025,FALSE,0.18
cust100555,Jennifer Perez,9851513012,70,male,east,8/3/2021,FALSE,0.32
cust100556,Lisa Taylor,2578777610,44,female,east,22-05-2023,FALSE,0.17
cust100557,Carlos Tucker,533064860,36,male,west,9/4/2021,FALSE,0.38
cust100558,Sara Clark DVM,5579500119,57,male,east,8/12/2020,FALSE,0.1
cust100559,Alexander Garcia,8833779760,64,female,central,12/11/2020,FALSE,0.24
cust100560,Elizabeth Roberts,9951483629,34,female,east,29-09-2022,FALSE,0.3
cust100561,Mrs. Alexandra Gray,8737124949,24,male,central,27-02-2022,FALSE,0.18
cust100562,Melinda Perez,4689748332,62,female,west,24-09-2024,FALSE,0.37
cust100563,Eric Buchanan,3953226718,27,female,south,22-07-2023,TRUE,0.27
cust100564,John Thomas,2392970957,58,male,north,30-09-2021,TRUE,0
cust100565,Donald Johnson,7417458361,50,male,west,12/3/2024,FALSE,0.68
cust100566,Sarah Carter,3934650075,51,female,central,15-03-2021,FALSE,0.28
cust100567,David Robbins,4099052575,43,male,central,20-08-2020,FALSE,0.21
cust100568,Michael Hunter,8156612463,65,male,central,15-11-2024,FALSE,0.03
cust100569,Luis Lambert,2103107523,21,female,east,15-07-2023,FALSE,0.21
cust100570,Traci Watkins,9942397375,46,male,central,19-11-2024,FALSE,0.14
cust100571,Christopher Garner,8139963616,23,male,east,15-06-2022,FALSE,0.28
cust100572,Joshua Fisher,6006076509,26,male,north,20-09-2023,FALSE,0.24
cust100573,Dr. Jeffrey Daniel DDS,2516303594,54,male,south,24-11-2023,FALSE,0.42
cust100574,Jessica Rhodes,1466432443,48,male,south,27-02-2025,FALSE,0.22
cust100575,Michael Williams,9795941934,57,male,south,21-11-2023,FALSE,0.26
cust100576,Carol Cardenas,3775095605,43,other,north,26-04-2024,FALSE,0.24
cust100577,John Simpson,7154324856,26,other,east,17-01-2023,FALSE,0.18
cust100578,Kathleen Rivera,6781035910,69,female,central,5/7/2021,FALSE,0.18
cust100579,Johnny Schneider MD,8227293106,32,female,west,20-10-2023,FALSE,0.33
cust100580,Daniel Anderson,1274758830,50,female,south,2/8/2025,FALSE,0.29
cust100581,Deborah Velasquez,2333539951,50,female,central,18-02-2024,FALSE,0.12
cust100582,Toni Meyer,6078469505,31,male,south,5/2/2022,FALSE,0.07
cust100583,Nancy Joyce,3157918033,70,other,north,30-08-2024,FALSE,0.19
cust100584,Daniel Atkinson,3905050217,63,female,south,12/7/2024,FALSE,0.34
cust100585,Amanda Guerrero,8265927759,46,male,central,5/1/2021,FALSE,0.2
cust100586,Linda Johnston,3766309623,31,male,north,18-05-2022,TRUE,0.41
cust100587,Natalie Rivera,7340706058,42,male,west,8/11/2024,FALSE,0.11
cust100588,Douglas Mcclure,311053469,46,female,central,19-12-2022,TRUE,0.22
cust100589,Patricia Krause,585026214,30,female,central,19-06-2024,FALSE,0
cust100590,Brittany Gonzalez,6284912007,42,male,east,29-11-2020,FALSE,0.13
cust100591,Samantha York,2732048410,29,female,east,12/6/2023,FALSE,0.16
cust100592,Alex Mcguire,9905828082,67,male,north,23-09-2022,FALSE,0.26
cust100593,Alexandra Jenkins,5864230703,22,female,central,11/6/2024,FALSE,0.41
cust100594,Brittany Wiggins,1415710908,38,male,north,15-07-2024,FALSE,0.2
cust100595,Cassandra Moore,2462245869,65,male,west,18-09-2023,FALSE,0.37
cust100596,Duane Kane,4266677808,50,male,west,13-07-2024,FALSE,0.28
cust100597,Jessica Brown MD,8540586566,45,female,central,27-08-2020,FALSE,0.32
cust100598,Zachary Day MD,6861351108,48,female,east,16-03-2023,FALSE,0.14
cust100599,Edward Brown,2489088085,26,female,south,31-05-2021,FALSE,0.37
cust100600,David Russell,2721393808,31,female,south,13-12-2024,FALSE,0.07
cust100601,Samuel Horne,8712557319,24,male,west,2/12/2022,FALSE,0.26
cust100602,Steven Williams,5532115312,41,female,east,3/6/2022,FALSE,0.09
cust100603,Marilyn Wilson,7117185665,42,male,west,15-09-2024,FALSE,0.14
cust100604,Jordan Griffin,2453395095,63,male,central,14-04-2025,FALSE,0.02
cust100605,Sandra Hernandez,8577517606,66,male,north,3/8/2021,FALSE,0.14
cust100606,Amanda Walker,6473694120,46,male,north,22-10-2021,FALSE,0.24
cust100607,Emily Miller,3880471454,52,male,west,27-12-2021,FALSE,0.19
cust100608,Patricia Mcfarland,8946282151,53,female,east,30-01-2022,FALSE,0.04
cust100609,Anthony Wong,1347272654,38,female,west,5/7/2025,FALSE,0.38
cust100610,Donald Taylor,5214025588,62,male,central,16-11-2023,FALSE,0.24
cust100611,Ashley Blake,7381166698,28,male,south,29-03-2025,FALSE,0.32
cust100612,Ronald Crawford,1545103519,33,male,east,27-08-2021,FALSE,0.29
cust100613,Janet Schmidt,5451065792,66,male,west,11/3/2022,FALSE,0.12
cust100614,Danielle Lin,9866233025,40,male,central,14-05-2025,FALSE,0
cust100615,Spencer Alvarado,3383589631,60,female,south,15-01-2022,FALSE,0.09
cust100616,William Tapia,2413505613,36,female,east,18-09-2024,FALSE,0.35
cust100617,Lauren Smith,8067278002,62,male,south,11/2/2022,TRUE,0.07
cust100618,Rachel Brewer,1062008451,59,female,east,12/9/2021,FALSE,0.3
cust100619,Anne Gentry,2792852693,67,female,south,1/2/2022,FALSE,0.13
cust100620,Mary Melendez,2227652924,70,female,west,18-10-2024,FALSE,0.25
cust100621,Kimberly Le,2851840260,36,male,north,17-02-2025,FALSE,0
cust100622,Mrs. Kimberly Murray,2005910122,23,female,south,29-09-2024,FALSE,0.34
cust100623,Dawn Duncan,5768348363,68,female,south,1/7/2022,FALSE,0.2
cust100624,Christopher Byrd,3254971028,27,male,east,7/6/2022,FALSE,0.31
cust100625,Ricardo Rodriguez,3147873904,58,female,central,21-03-2022,FALSE,0.22
cust100626,Sarah Bradshaw,8172206221,31,male,south,17-05-2023,FALSE,0.3
cust100627,Scott Stein,5413501444,28,female,south,9/5/2023,FALSE,0.19
cust100628,Michael Morris,3651874465,55,female,west,17-02-2024,FALSE,0.29
cust100629,Dominique Dyer,9529052948,39,female,east,30-03-2025,FALSE,0.02
cust100630,Tanya Marquez,5589006401,19,male,south,12/4/2021,FALSE,0.07
cust100631,Thomas Hill,3054583557,62,female,west,27-03-2025,TRUE,0.29
cust100632,Mark Anderson,35623353,59,male,central,27-09-2021,FALSE,0.2
cust100633,Sean Dunn,1746691359,27,male,south,8/5/2022,FALSE,0.17
cust100634,Shannon Spence,1522562922,65,male,north,22-03-2024,FALSE,0.18
cust100635,Lisa Powell,2754247062,19,female,south,7/9/2023,FALSE,0.26
cust100636,Grant Bishop,1071597931,31,female,north,15-07-2025,FALSE,0.13
cust100637,Allison Rowe,6932207612,37,male,central,25-08-2020,FALSE,0.26
cust100638,Angela Carroll,5715263184,69,male,north,14-05-2023,FALSE,0.09
cust100639,Jason Tate,6381358782,39,male,central,22-05-2024,FALSE,0.15
cust100640,Ross Hall,9423508115,59,male,east,11/1/2025,FALSE,0.32
cust100641,Amy Carr,7946548380,41,female,west,4/2/2024,FALSE,0.33
cust100642,Ms. Becky Garcia DVM,4601139270,41,female,south,9/7/2021,FALSE,0.07
cust100643,Mrs. Carla Cross,922136235,27,male,north,7/11/2020,FALSE,0.3
cust100644,Jacqueline Torres MD,173110067,43,male,central,2/3/2021,FALSE,0.08
cust100645,Aaron Scott,5018552886,24,male,central,19-01-2021,TRUE,0.29
cust100646,Leon Guerra,1023648834,45,female,east,27-10-2023,FALSE,0
cust100647,Lisa Hunt,6630512928,33,female,east,24-01-2024,FALSE,0.07
cust100648,Marcus Jacobs,7994000123,67,male,north,4/2/2024,FALSE,0.14
cust100649,Ashley Kirk,2528219673,26,female,central,8/11/2020,FALSE,0.18
cust100650,Colleen Pierce,3540978269,21,male,south,27-12-2023,FALSE,0.37
cust100651,Charles Faulkner,9907466966,25,male,south,16-07-2022,FALSE,0.31
cust100652,Lisa Gray,9536141160,41,male,east,14-03-2025,TRUE,0.39
cust100653,Kristi Long,8474468735,58,male,north,18-03-2022,FALSE,0.34
cust100654,Robert Bates,5400486629,55,male,west,9/2/2025,FALSE,0.17
cust100655,Dennis Stewart,6785547385,50,male,central,19-09-2024,FALSE,0.17
cust100656,Jennifer Ali,5977814230,63,female,central,3/1/2024,FALSE,0.33
cust100657,Nicole Weaver,91776560,44,male,central,28-07-2021,FALSE,0.2
cust100658,Roberto Taylor,753926687,64,male,north,7/7/2025,TRUE,0.18
cust100659,Deanna Horn,645155261,55,female,east,10/3/2025,FALSE,0.04
cust100660,Courtney Burch,5930739130,40,male,south,1/3/2023,FALSE,0.19
cust100661,Alexandra Ware,6669575574,59,female,north,27-02-2023,FALSE,0
cust100662,Rebecca Nash,1366948705,33,male,west,1/7/2021,FALSE,0.15
cust100663,George Nelson,2593360742,54,male,east,12/4/2024,FALSE,0.08
cust100664,Cindy Peterson,1369289808,20,female,north,2/8/2021,FALSE,0.28
cust100665,William Cooper,9755237060,57,male,south,4/1/2022,FALSE,0.14
cust100666,Dustin Arias,7923157615,38,female,west,12/5/2022,FALSE,0.16
cust100667,Angela Weber,2866677939,21,male,south,16-01-2025,FALSE,0.36
cust100668,Danielle Valencia,3465253392,46,male,central,20-01-2023,FALSE,0.07
cust100669,Michael Nichols,7855376738,38,female,west,13-03-2025,FALSE,0.24
cust100670,Brianna Hernandez,7771307673,60,female,central,5/6/2023,FALSE,0
cust100671,Lori Duncan,9422744077,48,female,south,23-01-2022,FALSE,0.21
cust100672,Emily Miller,5424650917,22,other,west,18-04-2023,FALSE,0.25
cust100673,Jessica Reed,1000204207,25,female,east,16-05-2024,FALSE,0.3
cust100674,Jessica Jenkins,2990658633,37,female,central,27-08-2021,FALSE,0.09
cust100675,Connor Knight,640693370,26,male,south,27-02-2023,FALSE,0.24
cust100676,Kelli Mcintyre,5076337222,20,male,central,25-04-2023,FALSE,0.24
cust100677,Ryan Allen,7062684695,52,male,north,10/2/2022,FALSE,0.2
cust100678,Rebecca Higgins,2488217769,67,male,north,1/5/2025,FALSE,0.22
cust100679,Joshua Little,4477744735,36,male,east,8/9/2021,FALSE,0.26
cust100680,Kimberly Patterson,6711175461,50,female,central,8/6/2022,FALSE,0.25
cust100681,Austin Chavez DVM,377145317,24,female,central,16-05-2021,FALSE,0.08
cust100682,Alexander Davis,9098881492,62,female,west,6/4/2024,TRUE,0.06
cust100683,Cody Rojas,7911275404,49,female,central,17-07-2021,FALSE,0.5
cust100684,Cassandra Hart,6629304909,20,male,north,20-11-2020,FALSE,0.43
cust100685,Charles Case,1281440895,69,male,central,22-07-2024,FALSE,0.03
cust100686,Diane Rocha,6729963903,66,female,south,23-04-2024,FALSE,0.25
cust100687,Timothy Brown,2289271983,32,female,north,10/9/2020,FALSE,0.28
cust100688,Jack Bowman,9769414778,62,female,west,31-03-2025,FALSE,0.29
cust100689,Lauren Olsen,2860137306,26,male,south,5/2/2022,TRUE,0.22
cust100690,Yvette Hardy,5914560918,56,male,north,20-07-2023,FALSE,0.09
cust100691,Kenneth Wall,8383989726,36,female,west,20-05-2023,FALSE,0.18
cust100692,Tristan Anderson,8640750452,69,male,south,1/8/2022,FALSE,0.14
cust100693,Kathleen Davis,8087723915,20,female,west,5/3/2021,FALSE,0.22
cust100694,Susan Perez,6444618041,44,male,east,14-04-2025,FALSE,0.17
cust100695,Paul Clark,307739725,27,other,south,8/3/2023,FALSE,0.18
cust100696,Theresa Alvarado,9310872120,21,male,west,7/11/2024,FALSE,0.32
cust100697,Rachael Hanson,4684485130,31,male,south,13-08-2020,FALSE,0.35
cust100698,Donald Diaz,389989646,63,female,north,18-04-2023,FALSE,0.06
cust100699,Nathaniel Garcia,6695859746,64,female,central,10/10/2021,TRUE,0.14
cust100700,Manuel Macias,1533611537,37,male,east,26-06-2025,FALSE,0.11
cust100701,Janet Thompson,3261166618,31,female,west,23-07-2022,FALSE,0.35
cust100702,Christopher Steele,6428288559,68,female,west,1/12/2021,FALSE,0.19
cust100703,Brittany Buck,4223280887,19,male,west,28-01-2025,FALSE,0.37
cust100704,Morgan Roberts,7963806358,36,female,west,11/2/2024,FALSE,0.14
cust100705,Wesley Bell,4907866868,39,male,south,25-03-2023,FALSE,0.2
cust100706,Douglas Leach,9427944954,25,male,east,22-12-2023,FALSE,0.04
cust100707,Sarah Moses,1254520384,56,female,central,9/3/2025,FALSE,0.36
cust100708,Charlotte Villarreal,9726234395,53,female,north,5/2/2024,FALSE,0.16
cust100709,Andrea Adams,5465398639,27,male,north,2/10/2022,FALSE,0.02
cust100710,Laura Richard,644748227,57,male,north,21-10-2024,FALSE,0.13
cust100711,Amber Hines,8923396123,35,male,west,3/2/2025,FALSE,0
cust100712,Sarah Smith,2782064870,67,male,south,1/5/2024,FALSE,0.2
cust100713,James Carter,8320265240,52,female,north,8/4/2025,FALSE,0.21
cust100714,Emily Smith,5332454015,64,female,east,3/7/2024,FALSE,0.23
cust100715,Katherine Murillo,5452718975,66,male,south,28-06-2021,FALSE,0.38
cust100716,James Williams,9803098509,44,female,west,8/2/2024,TRUE,0.16
cust100717,Lisa Arnold,6052813839,55,female,central,10/12/2020,FALSE,0.3
cust100718,Courtney Bauer,4025769591,49,female,south,11/5/2021,FALSE,0.24
cust100719,Sarah Armstrong,6176949800,42,female,west,11/5/2022,FALSE,0.18
cust100720,Gregory Williams,8372461109,33,female,west,8/3/2021,TRUE,0
cust100721,Jonathan Spears,6131526704,57,male,north,20-04-2025,TRUE,0.31
cust100722,Ariana White,3519688739,70,male,east,20-10-2023,FALSE,0.14
cust100723,Ryan Lloyd,5494497989,23,female,central,29-12-2021,FALSE,0.2
cust100724,Mary Flores,2012675313,38,female,south,24-04-2021,FALSE,0.05
cust100725,Felicia Perez,481320646,40,female,south,9/8/2023,FALSE,0.23
cust100726,Cameron Adams,1729644573,32,other,south,15-02-2024,FALSE,0.21
cust100727,Michael Watson,1919789734,37,female,east,19-02-2023,FALSE,0.2
cust100728,Katrina Gonzalez,8354218228,55,male,west,18-12-2024,FALSE,0.18
cust100729,Brandy Leonard,7597193371,60,female,south,8/10/2024,FALSE,0.33
cust100730,Susan Chandler,8616089948,28,male,west,9/9/2024,FALSE,0.32
cust100731,Paul Ramirez,3531015339,28,female,central,19-05-2021,TRUE,0.29
cust100732,Edwin Sweeney,9689019677,42,female,south,27-03-2024,FALSE,0.6
cust100733,Brandon Burke,2708531298,46,male,north,28-09-2021,FALSE,0.13
cust100734,Benjamin Price,4847238455,37,female,east,1/3/2022,FALSE,0.15
cust100735,Bobby Shaw,6404765787,68,female,east,25-01-2023,TRUE,0.08
cust100736,David Jones,4166447493,22,female,north,24-05-2022,FALSE,0.25
cust100737,Mrs. Melissa Thompson,5461385779,63,female,west,16-07-2022,TRUE,0.12
cust100738,Maria Holloway,8351034229,28,male,central,31-12-2021,FALSE,0
cust100739,Shannon Hernandez,8411943727,18,male,south,30-03-2024,FALSE,0.05
cust100740,Bryan Jones,1497915947,36,female,east,17-03-2023,FALSE,0.21
cust100741,Joshua Williams,9750854834,35,male,north,24-07-2023,FALSE,0.32
cust100742,Joshua Mason,3816623537,58,female,west,14-02-2022,TRUE,0.01
cust100743,Justin Delgado,618165069,22,male,east,7/12/2023,FALSE,0.13
cust100744,Logan Jones,969856987,61,female,south,6/5/2024,TRUE,0.18
cust100745,Chad Byrd,2482892302,58,female,central,9/9/2023,FALSE,0.11
cust100746,Jessica Walters,5312767366,60,female,west,3/1/2022,FALSE,0.26
cust100747,Wendy Diaz,7479633232,19,female,west,13-12-2022,FALSE,0.2
cust100748,Kaylee Jensen,1670495360,52,female,north,4/4/2021,FALSE,0.24
cust100749,Lisa Brown,2151002423,22,male,south,9/8/2021,FALSE,0.11
cust100750,Victoria Wolf,1965221357,54,male,central,9/6/2025,FALSE,0.38
cust100751,Randy Cross,4337225294,43,male,east,10/8/2023,FALSE,0.2
cust100752,Anthony Nelson,5214944755,52,male,west,10/9/2022,FALSE,0.36
cust100753,Michael Evans,4167617119,52,male,north,6/9/2022,FALSE,0.15
cust100754,Timothy May,4724726443,48,female,south,12/1/2025,FALSE,0.27
cust100755,Barbara Daugherty,4352286752,31,female,central,23-04-2023,TRUE,0.12
cust100756,Shannon Butler PhD,9508941536,38,male,east,11/1/2025,FALSE,0.09
cust100757,Courtney Mcguire,7217371119,44,female,central,2/6/2022,FALSE,0.12
cust100758,Kelly Edwards,3671875805,50,female,north,11/1/2024,FALSE,0.19
cust100759,Michelle Schultz DDS,6284589291,20,male,west,22-08-2021,FALSE,0.17
cust100760,Kara Alvarado,2487892682,52,male,north,6/7/2024,FALSE,0.38
cust100761,Jessica Valentine,3821244779,37,female,east,22-04-2025,FALSE,0.06
cust100762,Lisa Carter,7506448695,19,female,east,18-01-2023,FALSE,0.07
cust100763,Daniel Harmon,2724829589,51,female,south,16-06-2021,FALSE,0.4
cust100764,Jorge Chambers,5744498410,31,male,north,31-05-2025,FALSE,0.27
cust100765,Melinda Garcia,2529782142,43,female,north,27-02-2025,FALSE,0
cust100766,Brandy Martinez,9908802383,24,female,north,17-10-2023,FALSE,0.26
cust100767,Charles Allen,743125981,45,male,south,11/6/2024,FALSE,0.23
cust100768,Erik Jacobson,5024185622,31,female,north,13-01-2024,FALSE,0
cust100769,Calvin Allen,2588031842,60,male,south,21-07-2023,TRUE,0.16
cust100770,Shannon Weaver,9666872834,39,female,west,21-03-2022,FALSE,0.2
cust100771,Nicole Stewart,9713320206,41,male,central,18-06-2023,FALSE,0.29
cust100772,Aaron Harding,6284067244,46,male,west,25-01-2024,FALSE,0.31
cust100773,Jonathan Sanchez,457336257,69,female,west,14-09-2020,FALSE,0.21
cust100774,Juan Barker,2794263301,24,male,central,26-10-2023,FALSE,0.32
cust100775,Rachel Jackson,7589048982,40,male,west,26-09-2024,FALSE,0.18
cust100776,Matthew Miller,9508406589,49,male,west,22-09-2023,FALSE,0.1
cust100777,Kristy Jarvis,2287796624,58,female,south,10/8/2024,FALSE,0.09
cust100778,Malik Mccormick,2018344309,50,male,east,23-08-2020,FALSE,0.27
cust100779,Jeffrey Jones,1221811280,35,female,central,7/6/2024,FALSE,0
cust100780,Annette Figueroa,8057929271,39,male,south,13-01-2025,FALSE,0.28
cust100781,Gabriella Curtis,724098198,37,female,south,21-12-2021,FALSE,0.07
cust100782,Sonya Peterson,9663517074,42,male,central,22-12-2020,FALSE,0.16
cust100783,Mark Baker,644003643,36,male,central,6/3/2025,TRUE,0.26
cust100784,Jill Murphy MD,122799144,58,female,south,1/8/2022,FALSE,0.35
cust100785,Barbara Chapman,1389995999,65,male,west,24-02-2025,FALSE,0
cust100786,Daniel Bailey,1323746581,58,female,west,24-04-2022,FALSE,0.1
cust100787,Christine Hubbard,1710264490,61,male,north,20-02-2021,FALSE,0.21
cust100788,Alexander Klein,3262772510,54,male,north,12/10/2023,TRUE,0.13
cust100789,Megan Singleton,5510428744,35,male,east,12/4/2023,FALSE,0.3
cust100790,Grant Hall,1347863039,48,female,east,20-08-2022,TRUE,0
cust100791,Zachary Garcia,5361879923,39,male,south,20-01-2024,FALSE,0.24
cust100792,Anna Garrett,4507020098,63,male,west,4/5/2025,FALSE,0.25
cust100793,Leslie Adams,8084598306,43,male,south,4/5/2023,FALSE,0.21
cust100794,Timothy Black,3570269761,43,male,east,15-03-2022,TRUE,0.33
cust100795,Christina Torres,8712687943,52,female,central,22-04-2022,FALSE,0.05
cust100796,Michael Johnston,4166333735,45,male,east,8/4/2024,FALSE,0.33
cust100797,Jimmy Tucker,8502390130,46,male,north,3/10/2024,FALSE,0.12
cust100798,Molly Benjamin,9557951801,63,male,west,20-08-2022,FALSE,0.29
cust100799,Christie Gray,1419202391,35,male,central,1/2/2025,FALSE,0.16
cust100800,Sara Pollard,6942650561,23,male,west,1/9/2024,FALSE,0.3
cust100801,David Glover,8527757342,45,male,central,28-02-2022,FALSE,0.29
cust100802,Lucas Powell,2089861300,50,female,central,30-04-2025,FALSE,0.02
cust100803,Brian Lopez,4025582975,44,female,east,12/5/2021,FALSE,0.18
cust100804,Kayla Bates,4731992374,63,male,west,27-06-2025,FALSE,0.19
cust100805,Sherri Day,5423049665,36,male,central,31-10-2022,FALSE,0.17
cust100806,Melissa Harris,936738342,63,female,south,28-05-2023,FALSE,0.11
cust100807,Susan Ware,2084408099,60,male,west,25-08-2023,FALSE,0.42
cust100808,Ronald Wiggins,2311979718,67,female,east,6/9/2020,FALSE,0.23
cust100809,Claudia Johnson,4979469409,28,female,north,13-08-2022,FALSE,0.39
cust100810,Darrell Hunter MD,5476353621,25,male,south,13-06-2021,TRUE,0.13
cust100811,Patrick Thompson,4138902954,47,female,west,17-09-2023,FALSE,0.07
cust100812,Megan Mendoza,4892503148,21,male,central,17-02-2021,FALSE,0.22
cust100813,John Gonzalez MD,7309395338,65,female,east,23-04-2021,FALSE,0.13
cust100814,Monica Savage,9958001428,25,male,east,4/2/2021,FALSE,0.49
cust100815,Earl Valencia,6279842041,59,male,north,26-05-2024,FALSE,0.23
cust100816,Jeffrey Green,291314511,64,male,east,24-11-2024,FALSE,0.34
cust100817,Chelsey Cummings DDS,2096770831,45,female,west,22-02-2023,FALSE,0.17
cust100818,Charles Alvarez,5346662873,29,male,north,30-11-2023,FALSE,0.16
cust100819,Stacy Johnson,9834782834,40,female,north,30-03-2025,FALSE,0.2
cust100820,Kayla Mueller,4024849691,68,female,central,18-05-2022,FALSE,0.24
cust100821,Kerri Wood,5610592432,29,male,north,12/5/2021,FALSE,0.3
cust100822,Jessica Oliver,7191463716,48,female,south,1/7/2022,FALSE,0.19
cust100823,Kara Potts,1507353166,51,female,south,11/7/2025,FALSE,0.12
cust100824,Ronald Lee,562128222,37,male,south,8/7/2022,FALSE,0.07
cust100825,John Brandt,6668117409,45,male,north,15-02-2024,FALSE,0.19
cust100826,Donald Page,7087574785,19,male,south,12/6/2021,FALSE,0.27
cust100827,Emily Cook,4784360569,43,male,central,14-02-2024,FALSE,0.25
cust100828,Brandy Medina,9806778868,56,female,west,18-05-2025,FALSE,0.2
cust100829,Robert Smith,5898541528,23,female,north,7/3/2025,FALSE,0.13
cust100830,Julie Pruitt,2327705661,53,female,south,16-10-2022,TRUE,0.22
cust100831,Kendra Avila DVM,296746070,22,male,east,9/8/2022,FALSE,0.27
cust100832,Kristin Simmons,4302641855,47,male,central,10/6/2025,FALSE,0.2
cust100833,Amber Mcdonald,2020565656,62,female,east,1/8/2023,FALSE,0.21
cust100834,Ryan Marshall,3096941288,24,female,west,1/11/2021,FALSE,0.18
cust100835,Kelsey Brock,35960270,64,female,south,4/3/2025,FALSE,0.31
cust100836,Lindsey Harper,4587563938,19,female,west,3/9/2023,FALSE,0.15
cust100837,Sandra Maldonado,3804278412,36,male,north,18-09-2021,FALSE,0.22
cust100838,Brandon Arnold,3310320331,46,male,north,21-10-2021,FALSE,0.25
cust100839,Brandon West MD,9254212248,38,female,west,11/12/2024,FALSE,0.29
cust100840,James Weber,1661403090,66,female,central,17-09-2023,FALSE,0.38
cust100841,Erin Freeman,9329281650,46,female,north,17-04-2025,FALSE,0.28
cust100842,Christopher Adams,7953378412,65,male,central,13-12-2022,FALSE,0.27
cust100843,Angela Gray,838163157,19,male,central,8/5/2024,FALSE,0.02
cust100844,Jeffrey Morgan,2852071233,66,female,south,30-11-2021,FALSE,0.27
cust100845,Thomas Curtis,6032414686,20,male,east,5/10/2021,FALSE,0.48
cust100846,Margaret Lee,4814039011,57,male,south,9/12/2020,FALSE,0.1
cust100847,Crystal Wise,9821418016,48,female,central,8/10/2023,FALSE,0.08
cust100848,Maria Tucker,1621467070,56,male,north,28-05-2025,FALSE,0.17
cust100849,William Cuevas,372508175,43,female,central,9/10/2024,FALSE,0.32
cust100850,William Gomez,7240714739,27,male,west,15-12-2024,FALSE,0.26
cust100851,April Armstrong,6257631056,53,female,south,20-01-2021,FALSE,0.14
cust100852,Laura Smith,9026882658,59,male,central,11/2/2022,FALSE,0.2
cust100853,Nicole Brown,561270591,43,male,west,10/5/2022,FALSE,0.32
cust100854,Gail Jackson,2790555501,69,female,east,9/5/2024,FALSE,0.28
cust100855,Jonathan Marshall,8074938816,58,female,west,9/4/2023,FALSE,0.49
cust100856,Scott Dunn,6004158250,34,female,north,13-07-2023,FALSE,0.32
cust100857,Kenneth Ramirez,2032247197,68,female,west,30-12-2021,FALSE,0.24
cust100858,Tyler Morrison,3830888493,47,male,south,11/1/2023,TRUE,0.27
cust100859,Victoria Davis,3023240574,23,male,north,12/5/2025,FALSE,0.16
cust100860,Jacqueline Jimenez,2081626549,55,female,north,1/6/2021,FALSE,0.08
cust100861,Dr. Anthony Walsh,6495264763,27,female,north,9/9/2021,TRUE,0.22
cust100862,Bonnie Jones,3849388513,69,female,central,5/10/2020,FALSE,0.26
cust100863,Kenneth Barron,2385988314,32,male,central,1/2/2023,FALSE,0.03
cust100864,Tonya Maxwell,3275372766,28,male,central,27-10-2024,FALSE,0.14
cust100865,Andrea Williams,4566467724,50,female,central,13-05-2025,FALSE,0.16
cust100866,Jennifer Turner,6189482660,38,female,north,4/8/2023,FALSE,0.23
cust100867,Jesse Vasquez,1617536516,69,female,north,30-04-2022,FALSE,0.17
cust100868,Kelli Brown,2361633687,37,male,north,29-03-2023,TRUE,0.25
cust100869,Heather Cross PhD,3584405585,60,male,east,6/1/2025,FALSE,0.21
cust100870,Frank Campbell,7969575027,55,female,east,6/9/2022,FALSE,0.33
cust100871,Laura Branch,629237328,25,female,south,25-02-2025,FALSE,0
cust100872,Marisa Hernandez,6372463221,60,female,central,28-06-2025,FALSE,0.4
cust100873,Debra Horton,7812590196,65,female,east,2/7/2022,FALSE,0.37
cust100874,Jacob Parker,2327037510,46,male,west,2/6/2022,FALSE,0.21
cust100875,Henry Dennis,7725302666,27,male,east,28-09-2023,FALSE,0.28
cust100876,Steven Hunt,4066406540,70,male,central,24-11-2021,FALSE,0.27
cust100877,Randall Velazquez,4303715598,32,female,north,21-03-2023,FALSE,0.11
cust100878,Amy Arnold,4988533050,48,male,south,19-03-2022,FALSE,0.22
cust100879,Lisa Robinson,6361383230,39,male,central,21-05-2023,FALSE,0.29
cust100880,Amanda Watson,2293551270,34,male,east,13-04-2024,FALSE,0.24
cust100881,Ian Sampson,8234642053,38,male,south,5/6/2024,FALSE,0.33
cust100882,Maria Martin,6960419159,65,male,east,12/3/2023,FALSE,0.21
cust100883,Sarah Evans,6030775439,18,other,central,26-07-2021,FALSE,0.21
cust100884,Jason Hernandez,6243872626,66,male,central,13-10-2020,FALSE,0.11
cust100885,Rebecca Martinez,7948874853,35,male,north,8/8/2021,FALSE,0.16
cust100886,Kevin Benjamin,6348447342,27,male,west,20-04-2024,FALSE,0.14
cust100887,Jasmine Gutierrez,9867487431,60,female,south,22-08-2022,FALSE,0.4
cust100888,Morgan Bradford,6717642594,35,male,east,29-12-2024,FALSE,0.23
cust100889,Jessica Adams,9890746804,34,female,south,7/11/2024,TRUE,0.08
cust100890,Michael Harrington,904563506,34,female,central,31-03-2022,FALSE,0.25
cust100891,Tanya Edwards,2105753215,39,male,south,2/5/2021,FALSE,0.18
cust100892,Laura Anderson,334128113,34,female,south,20-03-2023,TRUE,0
cust100893,Brandon Garcia,2785252869,62,male,east,18-08-2022,FALSE,0.26
cust100894,Tiffany Cole,2243682842,67,male,north,2/4/2024,FALSE,0.01
cust100895,Suzanne Johnson,3979729813,39,female,west,9/4/2025,FALSE,0.27
cust100896,Franklin Villegas,2461968828,55,female,east,6/12/2021,FALSE,0.08
cust100897,Jamie Padilla,8733726541,66,female,east,26-06-2023,FALSE,0.03
cust100898,Mr. David Shannon,6830617871,69,female,west,23-01-2022,FALSE,0.26
cust100899,James Meyer,2239872996,48,female,east,23-03-2023,FALSE,0.02
cust100900,Ana Odonnell,6836969698,24,female,north,8/7/2021,FALSE,0.15
cust100901,Jeffery Benson,5962901366,66,male,central,22-07-2025,FALSE,0.22
cust100902,Christina Brown,6135585477,36,male,central,29-10-2023,TRUE,0.27
cust100903,Louis Moore,9041628507,43,male,central,30-04-2021,FALSE,0.29
cust100904,Brenda Warner,8775106463,48,female,west,22-02-2023,FALSE,0.2
cust100905,Samuel Dixon,6106660034,44,female,south,24-05-2025,FALSE,0.1
cust100906,Tiffany Montgomery,2871707866,60,female,east,10/10/2024,FALSE,0.43
cust100907,Kaitlyn Ellis,6100281087,67,male,east,6/8/2021,FALSE,0.13
cust100908,Scott Barrett,4858160898,26,male,central,13-01-2025,FALSE,0.42
cust100909,Jennifer Riley,5478187943,26,male,central,31-10-2023,FALSE,0.15
cust100910,Mckenzie Green,5846789846,35,male,central,5/1/2022,FALSE,0.34
cust100911,Kelly Brown,3057645524,54,male,east,3/6/2023,FALSE,0.33
cust100912,Alicia Johnston,5935104876,36,male,east,28-04-2025,FALSE,0.07
cust100913,Derek Martinez,8936713829,34,male,west,18-04-2024,FALSE,0.24
cust100914,Casey Shaw,7720974791,49,female,west,15-09-2024,TRUE,0.29
cust100915,Charles Marshall,622564611,55,male,east,23-12-2024,TRUE,0.28
cust100916,Antonio Wagner,8614580239,65,male,west,14-09-2023,FALSE,0.18
cust100917,Diana Gutierrez,6651965023,57,female,east,6/4/2021,FALSE,0.24
cust100918,Monique Meyers,6965411364,18,male,central,8/6/2022,FALSE,0.15
cust100919,Justin Pineda,9931006143,45,female,south,30-05-2022,FALSE,0.06
cust100920,Gabriel Flores,4031875755,20,male,west,12/5/2025,TRUE,0.32
cust100921,James Reeves,869546469,69,female,east,14-08-2020,FALSE,0.13
cust100922,Tamara Alvarez,3875989952,57,female,west,7/12/2020,FALSE,0.37
cust100923,Ryan White,9216835160,28,male,west,2/2/2022,FALSE,0.27
cust100924,David Patterson,9047491402,52,female,north,6/9/2022,FALSE,0.09
cust100925,Brian Hicks,5938496135,45,other,north,17-10-2021,FALSE,0.18
cust100926,Jennifer Moore,6168992954,39,male,central,2/3/2021,FALSE,0.17
cust100927,Shane Moore,2454726060,31,female,north,6/11/2023,FALSE,0.1
cust100928,Ashlee Chang,3232473127,58,male,south,10/12/2022,FALSE,0.26
cust100929,Richard Patterson,6431659285,33,female,west,8/9/2020,FALSE,0.14
cust100930,Cameron Johnson,965258575,69,female,west,11/9/2022,FALSE,0.4
cust100931,Heather Harris,2271520347,67,male,north,15-03-2023,FALSE,0.3
cust100932,Tiffany Gallegos,3474804301,23,male,east,21-12-2024,FALSE,0.09
cust100933,Melinda Alvarez,4633538853,62,male,north,26-05-2024,FALSE,0.2
cust100934,Ashley White,7009525143,21,male,east,13-12-2023,FALSE,0.17
cust100935,Tammy Dixon,4832258377,26,male,west,1/7/2021,FALSE,0.01
cust100936,Ryan Collins,24740911,54,female,north,11/11/2022,FALSE,0.31
cust100937,Angela Marks,3794139336,39,male,south,11/8/2020,FALSE,0.31
cust100938,Joshua Wheeler,5479568213,30,male,central,14-01-2025,FALSE,0.31
cust100939,Alexander Waller,7196477352,51,female,north,6/7/2022,FALSE,0.15
cust100940,Mary Wright,5228172447,43,female,north,16-05-2024,FALSE,0.33
cust100941,Victoria Ortega,9591559291,66,female,south,31-03-2024,TRUE,0.17
cust100942,Brian Ramirez,2566305236,67,male,west,4/9/2023,FALSE,0.31
cust100943,Tracy Holland,4032756378,32,male,west,27-02-2023,FALSE,0.42
cust100944,Danielle Eaton,3295411820,39,female,east,26-07-2023,FALSE,0.22
cust100945,Danielle Robbins,9693822553,56,male,west,14-11-2023,FALSE,0.03
cust100946,Thomas Miller,820178601,36,female,south,25-04-2021,FALSE,0.16
cust100947,Shawn Patterson,1544650013,35,male,east,6/11/2020,FALSE,0.28
cust100948,Brandon Mejia,1783113434,32,female,south,11/4/2022,FALSE,0.35
cust100949,Chase Ford,1782494799,19,male,east,6/11/2020,FALSE,0.06
cust100950,Ryan Kemp,7806553072,38,male,north,6/6/2022,FALSE,0.18
cust100951,Sharon Smith,1733403600,42,male,south,12/10/2023,FALSE,0.23
cust100952,Jessica Parker,4123153210,42,male,north,9/10/2023,FALSE,0.25
cust100953,Brian Brown,1937103074,64,female,west,17-02-2023,FALSE,0.31
cust100954,Gary Dominguez,1312423373,41,male,east,17-09-2023,FALSE,0.09
cust100955,Sonia Mathis,1128191905,36,female,east,6/5/2025,FALSE,0.15
cust100956,Jeffrey Stewart MD,8344622154,27,female,east,26-08-2020,FALSE,0.32
cust100957,Debra Wilson,929540611,21,male,north,12/4/2023,FALSE,0.25
cust100958,Yolanda Mcdowell,5683469604,31,male,east,28-10-2024,TRUE,0.25
cust100959,Wanda Patel,4148753643,39,female,central,13-07-2023,FALSE,0.34
cust100960,Heidi Harding,1706117945,45,female,west,11/11/2024,FALSE,0.21
cust100961,Tiffany Cruz,6541234468,41,female,west,9/3/2021,FALSE,0.26
cust100962,Jennifer Hill,6013977585,65,male,west,11/8/2021,FALSE,0.16
cust100963,Richard Mcknight,8187624101,24,male,south,30-11-2021,FALSE,0.04
cust100964,Kyle Osborne,6794653523,41,female,west,27-01-2024,FALSE,0.04
cust100965,Paul Mckinney,5304863873,42,male,central,4/5/2023,FALSE,0.21
cust100966,Stephanie Olsen,777961955,32,female,west,30-07-2023,FALSE,0.18
cust100967,Roy Knight,5794773161,61,male,central,22-11-2021,TRUE,0.12
cust100968,Shannon Davis,7390358069,40,male,west,18-06-2021,FALSE,0.24
cust100969,Christine Brady,4080781291,28,male,west,6/8/2023,FALSE,0.09
cust100970,Andrew Bennett,5876412754,29,male,south,26-11-2023,FALSE,0.21
cust100971,John Alvarez,1115473364,66,male,east,20-07-2022,FALSE,0.2
cust100972,Christopher Shannon,5398935595,53,male,east,8/8/2022,FALSE,0.1
cust100973,Jeanne White,5019079706,31,male,east,30-06-2024,FALSE,0
cust100974,Charles Wyatt,2153226728,27,male,south,28-07-2021,FALSE,0.37
cust100975,Dylan Coleman,6724144799,35,female,south,29-04-2024,TRUE,0.24
cust100976,David Moore,4158221043,30,female,south,23-06-2022,FALSE,0
cust100977,Jessica Huang,7590531823,31,female,central,17-04-2025,FALSE,0.15
cust100978,Dustin Green,2100110655,29,female,west,13-02-2025,FALSE,0.25
cust100979,Elizabeth Wilson,2401089932,22,female,south,20-02-2021,FALSE,0.17
cust100980,Daniel Duran,3669753107,57,female,south,23-01-2021,FALSE,0.27
cust100981,Shannon Bowen,7670146290,22,other,central,22-11-2024,FALSE,0.08
cust100982,James Moore,9557013312,23,male,east,5/10/2021,FALSE,0.22
cust100983,Laura Bailey,8973722220,54,male,central,15-02-2025,FALSE,0.19
cust100984,Nancy Johnson,2378693112,63,female,south,5/12/2024,FALSE,0.18
cust100985,Brandon Day PhD,8257368861,25,female,west,8/7/2024,FALSE,0.17
cust100986,Katie Miller,7401302845,41,male,central,9/2/2024,FALSE,0.22
cust100987,Alexander Sims,2678522533,39,female,south,3/6/2021,TRUE,0.31
cust100988,Kyle Mann,5997595080,21,other,central,14-12-2022,FALSE,0.14
cust100989,Monica Benson,9358929534,60,female,central,14-05-2022,FALSE,0.15
cust100990,Heather Brown,3613456540,27,male,central,2/1/2023,FALSE,0.22
cust100991,Kathryn Meza,2745214619,36,female,south,31-05-2022,FALSE,0.19
cust100992,Christopher Obrien,4941467196,36,male,north,20-06-2024,FALSE,0.25
cust100993,Diana Gibbs,1223082513,45,female,east,21-12-2023,FALSE,0.29
cust100994,Brandy Diaz,8955478413,21,male,north,11/7/2023,FALSE,0.35
cust100995,Casey Allison,8664613608,37,female,west,19-05-2024,TRUE,0.19
cust100996,Jordan Olson,4867488955,66,male,west,28-06-2025,FALSE,0
cust100997,Jennifer Oneill,7133673185,24,male,north,21-04-2023,FALSE,0.19
cust100998,Amanda Best,7731605291,28,female,north,4/9/2020,FALSE,0.24
cust100999,Lindsay Williams,3551177130,49,male,west,27-12-2022,TRUE,0.18
cust101000,Robert Randall,3841314973,59,female,west,10/10/2022,FALSE,0.18
cust101001,Ryan White MD,9777227273,33,female,north,1/1/2024,FALSE,0
cust101002,Michael Bernard,3534748466,20,female,south,28-05-2025,FALSE,0.26
cust101003,Dr. Lori Stevens,3235376890,38,male,south,30-08-2022,FALSE,0.16
cust101004,Courtney Yates,7482835764,62,male,south,3/4/2024,FALSE,0.02
cust101005,Luke King,5334363019,50,male,north,20-01-2023,FALSE,0.1
cust101006,James Simmons,7523577036,22,female,west,1/12/2021,FALSE,0.1
cust101007,Caitlyn Richardson,8667602648,41,male,central,9/7/2025,FALSE,0.27
cust101008,Adam Perez,8026490278,48,female,south,3/6/2023,FALSE,0.27
cust101009,David Anderson,8345851084,51,female,east,4/8/2022,FALSE,0.38
cust101010,William Williams,4206518225,37,female,central,11/10/2024,FALSE,0.28
cust101011,Stephen Martinez,8043188819,50,male,south,3/2/2025,FALSE,0.04
cust101012,Ashley Kim,6124686969,67,female,north,17-12-2024,FALSE,0.03
cust101013,Cheyenne Smith,9357402186,57,male,central,7/5/2021,FALSE,0.34
cust101014,Paul Mcneil,9100641218,47,female,west,9/1/2024,FALSE,0.39
cust101015,Mr. Brett Walker Jr.,2831381989,70,female,south,29-08-2020,FALSE,0.17
cust101016,Joseph White,3187322125,60,female,east,29-08-2021,FALSE,0.27
cust101017,Steven Bridges,278406129,65,male,west,16-07-2022,FALSE,0.02
cust101018,Kimberly Padilla,7894053714,69,male,west,18-12-2020,FALSE,0
cust101019,Jacob Palmer,9338938853,36,male,east,1/10/2020,FALSE,0.06
cust101020,Cynthia Sanchez,3799110149,58,male,west,5/2/2024,FALSE,0.16
cust101021,Darrell Valdez,1949660671,66,male,south,24-12-2022,FALSE,0.14
cust101022,Maria Moore,4195595264,59,male,east,14-08-2021,FALSE,0.17
cust101023,Kelly Wood,1483874915,31,female,north,25-08-2021,FALSE,0.14
cust101024,Ricardo Erickson,9659009257,63,male,west,31-10-2020,FALSE,0.28
cust101025,Jason Wolfe,826648901,63,male,central,22-06-2021,FALSE,0.37
cust101026,Jordan King,8541159672,35,female,south,4/7/2025,FALSE,0.2
cust101027,Katherine Jones,1972656884,18,male,west,8/2/2021,FALSE,0.44
cust101028,Deanna Avery,6582209633,69,female,west,3/5/2023,TRUE,0.12
cust101029,Kimberly Harris,6810717623,25,male,west,11/7/2023,FALSE,0.14
cust101030,Ruben Mason,5941687394,32,female,west,14-08-2023,FALSE,0.25
cust101031,Christopher Smith,1381043205,18,male,south,8/9/2023,FALSE,0.16
cust101032,Mr. William Sherman,348609172,48,female,south,22-03-2023,FALSE,0.34
cust101033,Mason Long,2476012229,40,male,central,5/8/2020,FALSE,0.12
cust101034,Megan Smith,1071888781,33,female,central,24-12-2021,FALSE,0.36
cust101035,Sarah Newman,8728650143,26,male,central,24-11-2020,FALSE,0.22
cust101036,Jerry Kennedy,5059906952,39,male,south,17-08-2022,FALSE,0.51
cust101037,Daniel Sherman,3162444173,62,female,south,29-07-2021,FALSE,0.14
cust101038,Nancy French,8465050260,56,male,east,19-04-2022,FALSE,0.18
cust101039,Benjamin Powell,1052412209,27,female,north,13-10-2024,TRUE,0.22
cust101040,Johnny Bender,5578630730,47,female,west,13-07-2024,FALSE,0
cust101041,Jonathan Hall,5839744448,37,female,west,10/11/2021,FALSE,0.27
cust101042,Kelly Adams,7715631691,41,female,east,26-02-2022,FALSE,0.26
cust101043,Deanna Allen,8950716290,48,male,east,17-12-2023,TRUE,0.21
cust101044,Ashley Burns,3826422164,32,female,north,31-12-2020,FALSE,0.01
cust101045,Brent Martin,9883834728,68,male,central,28-06-2024,FALSE,0.01
cust101046,Nathaniel Herring,8559540662,18,female,south,12/6/2024,FALSE,0.27
cust101047,Matthew Thomas,6743274328,43,female,central,24-05-2021,FALSE,0.34
cust101048,Terry Lopez,8448256534,32,female,central,28-10-2020,FALSE,0.39
cust101049,Kimberly Grant,7365495028,64,male,north,2/8/2025,FALSE,0.09
cust101050,Claudia Garcia,7479962519,39,other,north,12/11/2021,FALSE,0.08
cust101051,John Fisher,4190323435,69,female,south,28-08-2020,FALSE,0.17
cust101052,Angel Pratt,9478949960,68,female,west,12/5/2024,FALSE,0
cust101053,Richard Carlson,9518128904,63,male,central,14-12-2021,FALSE,0.13
cust101054,Kelly Romero,5930614995,28,male,north,24-01-2025,FALSE,0.3
cust101055,Jenna Castro,5247866719,29,female,west,1/3/2023,FALSE,0.4
cust101056,Theodore Carter,1889142797,47,male,north,15-11-2021,TRUE,0.23
cust101057,Mitchell Kelly,9436174734,58,male,west,8/2/2022,FALSE,0.4
cust101058,Richard Taylor,9769880734,55,male,central,17-06-2021,FALSE,0.25
cust101059,Kimberly Kramer,430583739,59,male,west,2/9/2022,FALSE,0.22
cust101060,Joshua Harrington,1079525434,65,female,north,11/9/2021,FALSE,0.18
cust101061,James Dean,6882842361,18,male,east,18-12-2020,FALSE,0.22
cust101062,Matthew Howell,3939515851,61,male,east,24-10-2022,FALSE,0.17
cust101063,Cheryl Freeman,250112808,57,male,central,28-06-2024,FALSE,0.18
cust101064,Christine Henry,6917333841,60,male,central,15-05-2022,FALSE,0.12
cust101065,Tyler Duncan,4685983869,29,female,central,13-05-2023,FALSE,0.23
cust101066,Kimberly Moon,9095413052,33,female,west,5/9/2022,TRUE,0.2
cust101067,Sandra Dickerson,6971732801,49,female,east,21-10-2020,FALSE,0.02
cust101068,Mr. Christopher Anderson,8686099604,65,male,north,13-12-2023,FALSE,0.17
cust101069,Aaron Morris,7355208025,26,female,central,25-12-2024,FALSE,0.1
cust101070,Diane Williams,6061933596,49,male,east,4/8/2021,FALSE,0
cust101071,Christian Martinez,8380970455,29,male,south,29-10-2024,FALSE,0.26
cust101072,Monique Jensen,3240588362,40,male,central,4/2/2021,FALSE,0.39
cust101073,Matthew Miller,9247404665,44,female,south,23-03-2024,FALSE,0.48
cust101074,Patricia Thompson,1067257595,18,male,central,7/1/2021,FALSE,0.39
cust101075,Derek Moyer,6943652417,21,female,central,17-12-2023,TRUE,0.1
cust101076,Gerald Roach,2442143069,19,male,east,4/2/2023,FALSE,0.34
cust101077,Antonio Vaughn,3498420163,39,other,south,21-02-2025,TRUE,0.33
cust101078,Andrea Hughes,5921439285,44,male,north,4/2/2023,FALSE,0
cust101079,David Levy,7139590523,61,male,east,7/12/2020,FALSE,0.3
cust101080,Juan Simpson,708111994,37,female,west,28-03-2021,FALSE,0.28
cust101081,Tommy Nelson,9982807581,42,male,north,29-01-2025,FALSE,0.22
cust101082,Rachael Terrell,5604130479,61,female,north,28-01-2025,FALSE,0.23
cust101083,Mary Bernard,7058769037,31,male,north,25-07-2025,FALSE,0.21
cust101084,Beth Davis,9111100042,22,female,east,13-10-2023,FALSE,0.4
cust101085,Clifford Dixon,4180257799,36,male,west,26-06-2023,FALSE,0.15
cust101086,David Lang,1651012048,53,female,central,15-05-2023,FALSE,0.18
cust101087,Aaron Barron,4400177298,47,male,north,27-03-2023,TRUE,0.2
cust101088,Jenna Carter,1242248196,37,female,central,15-06-2025,FALSE,0.23
cust101089,Madison Scott,3345039801,64,male,west,15-06-2023,FALSE,0
cust101090,Cindy Watson,6172987,59,female,west,23-01-2023,FALSE,0.37
cust101091,Danny Martinez,6638114887,64,male,south,14-11-2021,FALSE,0.23
cust101092,Lynn Zimmerman,5085716308,18,male,west,15-05-2024,FALSE,0.27
cust101093,Robin Waller,1056773683,40,female,central,26-08-2021,FALSE,0.22
cust101094,Traci Ballard,5645211019,60,female,south,22-02-2021,FALSE,0.18
cust101095,Ronald Munoz,7018094936,42,male,north,2/6/2022,FALSE,0.16
cust101096,Nicole Cuevas,5424874091,29,female,west,24-01-2021,FALSE,0.21
cust101097,Jasmin Stewart,1104368826,51,male,north,22-12-2022,FALSE,0.22
cust101098,Michael Peterson,9362124056,63,male,central,26-04-2022,FALSE,0.34
cust101099,David Myers,7738341957,66,female,west,22-06-2021,FALSE,0.24
cust101100,Mary Harper,8637689200,37,male,south,24-08-2020,TRUE,0.18
cust101101,Heather Pineda,7414178261,46,male,central,25-09-2020,FALSE,0.44
cust101102,Sara Wood,3133481285,63,male,south,27-02-2023,FALSE,0.05
cust101103,Wayne Contreras,6139793784,35,male,west,23-04-2022,FALSE,0.04
cust101104,David Smith,7431458536,48,female,central,3/5/2025,FALSE,0.24
cust101105,Sara Herman,4706603997,35,female,north,8/12/2023,FALSE,0.17
cust101106,Stuart Spencer,2684208004,38,male,east,13-05-2024,FALSE,0
cust101107,Michael Anderson,5497436489,70,female,south,2/2/2025,FALSE,0.16
cust101108,James Smith,9696084260,38,male,south,11/1/2025,FALSE,0.11
cust101109,Andrew Luna,2309003041,70,male,north,2/2/2025,FALSE,0.34
cust101110,Matthew Stanley,9673167374,43,male,north,21-01-2022,TRUE,0.13
cust101111,Melinda Chapman,8980542381,47,female,west,24-04-2021,FALSE,0.33
cust101112,Sheila Cole,4416373537,32,male,west,28-08-2024,FALSE,0.26
cust101113,Natalie Woodward,5479202666,36,other,north,1/2/2025,FALSE,0.18
cust101114,Christopher Peterson,4935322578,36,female,east,8/11/2023,FALSE,0.2
cust101115,Edward Lambert,611535184,53,male,south,12/2/2021,TRUE,0.25
cust101116,Claudia Colon,6882488676,67,male,west,2/1/2025,FALSE,0
cust101117,Annette Skinner,8406413021,25,female,east,30-09-2022,FALSE,0.24
cust101118,Jonathan Hall,4608928248,37,male,east,19-08-2022,FALSE,0.15
cust101119,William Lutz,2173747192,20,male,central,3/9/2023,FALSE,0.42
cust101120,Darlene Paul,2604362616,34,female,east,28-05-2021,FALSE,0.12
cust101121,Joseph Johnson,3082734678,36,other,east,12/1/2022,FALSE,0.34
cust101122,Sharon Howard,1934270100,23,female,north,2/5/2023,FALSE,0
cust101123,Pamela Friedman,2175647575,26,male,east,22-10-2023,FALSE,0.3
cust101124,Martha Beasley,1066699754,48,male,north,23-01-2025,FALSE,0.23
cust101125,Ana Mcclure,7795865625,34,male,central,8/7/2024,FALSE,0.17
cust101126,Christopher Beard,5236796296,44,female,west,9/9/2022,FALSE,0.19
cust101127,Dylan Garcia,8833701866,19,female,central,19-02-2021,FALSE,0.17
cust101128,Steven Wheeler,8866513061,42,male,central,25-09-2023,FALSE,0.25
cust101129,Donald Stanley,2576302682,68,male,west,4/4/2023,FALSE,0.18
cust101130,Jonathan Reynolds,8773987683,40,female,west,21-06-2023,FALSE,0
cust101131,Cassandra Salazar,4879268056,52,male,north,27-09-2021,FALSE,0.18
cust101132,David Cantu,3926274629,48,male,central,21-07-2022,FALSE,0.47
cust101133,Mario Boyer,153176207,46,female,east,26-09-2021,FALSE,0.21
cust101134,Amy Becker,6501292471,21,female,west,15-01-2021,FALSE,0.23
cust101135,Julia English,4629422404,40,female,south,10/9/2022,TRUE,0.15
cust101136,Haley Williams,4599196916,41,male,central,25-07-2023,FALSE,0.22
cust101137,Eugene Anderson,9032582453,60,male,south,5/7/2022,FALSE,0.22
cust101138,Melissa Ramsey,7869926857,28,female,east,24-07-2024,FALSE,0.17
cust101139,Thomas Pham,8345442349,31,female,east,16-03-2023,FALSE,0.3
cust101140,Anthony Chapman,5487581241,22,female,west,26-02-2025,FALSE,0.09
cust101141,Travis Peterson,7941263628,46,male,central,13-11-2022,FALSE,0.18
cust101142,Connie Roberts,8709957976,51,other,south,24-01-2022,FALSE,0.26
cust101143,Richard Stewart,7929582092,27,male,east,13-05-2024,FALSE,0.17
cust101144,Phyllis Hayes,945355338,58,male,south,11/8/2023,FALSE,0.05
cust101145,Justin Clements,2595331738,47,female,north,2/5/2025,FALSE,0.27
cust101146,Diana Strickland,4331755524,50,female,west,27-12-2023,FALSE,0.08
cust101147,Heather Villarreal,1512880819,65,male,central,16-08-2024,FALSE,0.15
cust101148,Thomas Barnes,7340845235,45,male,west,30-04-2023,FALSE,0.1
cust101149,Martha Winters,1530923179,60,male,north,6/6/2025,FALSE,0.19
cust101150,Rebecca Ramsey,6113641571,35,female,south,23-06-2021,FALSE,0.15
cust101151,Andrea Nelson,5102544789,27,female,west,27-09-2024,FALSE,0.14
cust101152,Melissa Fowler,8438215527,61,male,south,19-03-2022,FALSE,0.28
cust101153,Daniel Burnett,6299360835,36,female,central,6/4/2022,FALSE,0.41
cust101154,Billy Cook,746230173,49,female,south,15-02-2022,FALSE,0.16
cust101155,Dr. Kathy Romero,6285418383,58,female,north,21-08-2023,FALSE,0.26
cust101156,Curtis Rice,1554369010,57,male,north,18-08-2024,TRUE,0.16
cust101157,Arthur Wilson,7031315102,19,female,north,8/3/2025,FALSE,0.21
cust101158,William Simmons,1915396379,26,female,north,12/1/2025,FALSE,0.34
cust101159,Allison Smith,4270364314,45,male,east,4/8/2023,FALSE,0.21
cust101160,Linda Perez,7595006474,40,male,south,31-01-2021,FALSE,0.1
cust101161,Cynthia Sharp,8262203049,40,male,west,19-08-2021,FALSE,0.11
cust101162,Latoya Crawford,4002106953,50,female,north,5/11/2020,FALSE,0.13
cust101163,Amy Sanchez,828842701,21,male,central,10/3/2023,FALSE,0.2
cust101164,Juan Smith,4750585548,30,male,south,9/1/2022,FALSE,0.3
cust101165,Jennifer Leblanc,7987582556,50,male,central,7/6/2023,FALSE,0.04
cust101166,Brett Morris,6291317390,37,female,west,1/8/2024,TRUE,0.08
cust101167,Karen Haas,8796761674,36,male,north,12/9/2021,FALSE,0.09
cust101168,Martha Lee,1139834475,19,female,east,2/5/2022,FALSE,0
cust101169,Robert Alvarado,4783585357,34,female,central,3/6/2024,FALSE,0.36
cust101170,Kimberly Moore,4347402614,30,female,south,1/5/2025,FALSE,0.2
cust101171,Vincent Clark,9818652089,19,female,south,1/3/2024,FALSE,0.43
cust101172,Stephanie Brown,9937020538,61,male,central,29-04-2024,FALSE,0.03
cust101173,Joel Barton,7214709934,24,male,south,12/8/2020,FALSE,0.36
cust101174,Richard Byrd,4608553509,59,female,east,12/8/2020,FALSE,0.12
cust101175,Alison Wells,4279556499,23,male,west,8/10/2023,FALSE,0.15
cust101176,Sergio Moore,9131149459,37,female,east,19-04-2023,FALSE,0.08
cust101177,Andrew Pennington,5116909710,70,female,central,4/1/2021,FALSE,0.09
cust101178,Virginia Murillo,7103437059,37,female,south,25-05-2024,FALSE,0.04
cust101179,Logan Jacobson,1401533426,58,female,north,13-06-2021,FALSE,0.23
cust101180,Isaac Rogers,4797334257,43,male,north,30-04-2023,FALSE,0.04
cust101181,Amy White,3158457445,62,male,east,26-04-2025,FALSE,0.17
cust101182,Michele Anderson,9532069995,48,other,central,7/4/2023,FALSE,0.2
cust101183,David Bryant,8125792188,30,female,central,19-10-2024,FALSE,0.28
cust101184,Tracey Martin,930836594,26,male,south,5/2/2022,FALSE,0.21
cust101185,Christopher Vang,7993068443,49,male,south,30-08-2020,FALSE,0.24
cust101186,Bethany Roberts,7275519354,41,male,north,26-01-2022,FALSE,0.26
cust101187,Linda Bush,9136849885,39,female,west,10/8/2023,FALSE,0.2
cust101188,Sean Harris,778795628,47,female,central,12/3/2022,FALSE,0.24
cust101189,Vanessa Cox,3898652224,59,female,east,10/10/2023,TRUE,0.08
cust101190,Amy Foster,7474833090,61,male,central,24-08-2023,FALSE,0.11
cust101191,Barbara Burns,5901097759,24,female,west,9/10/2022,FALSE,0.43
cust101192,Christina Gonzalez,2278120107,38,male,north,7/2/2022,FALSE,0.2
cust101193,Cynthia Holmes,9937530329,59,male,west,11/5/2021,FALSE,0.11
cust101194,Jessica Day,1310664949,70,male,east,21-10-2023,FALSE,0.37
cust101195,Amanda Bradshaw,3440508502,32,other,south,27-02-2021,FALSE,0.18
cust101196,Jacqueline Collins,7502539677,37,male,north,25-03-2024,FALSE,0.12
cust101197,Timothy Ward,4298996836,40,female,south,9/9/2024,FALSE,0.03
cust101198,Randall Tapia,5752101380,66,male,west,26-09-2021,FALSE,0.29
cust101199,Rebecca Wilson,9335347394,61,female,south,12/6/2022,FALSE,0.07
cust101200,Cassandra Mueller,7505872485,21,male,south,18-08-2024,FALSE,0.14
cust101201,Robert Jones,6798978231,26,female,west,22-01-2025,FALSE,0.28
cust101202,Todd Simon,3081485141,23,male,central,4/1/2021,FALSE,0.22
cust101203,Mr. Robert Mcclure,3858873050,70,female,east,18-10-2024,FALSE,0.19
cust101204,Christian Hill,1273408832,65,female,east,26-07-2025,FALSE,0.17
cust101205,Charles Cline,3765033366,18,female,north,9/5/2021,FALSE,0.34
cust101206,Donald Montgomery,5964093048,35,male,central,23-05-2022,FALSE,0.47
cust101207,Robin Gutierrez,3478097716,21,female,west,24-11-2022,FALSE,0.13
cust101208,Angela Brown,1695253275,55,female,central,24-02-2023,FALSE,0.27
cust101209,Aaron Morrison,4305899286,50,male,east,14-09-2022,FALSE,0.43
cust101210,Dr. Charles Perkins DVM,2021554624,30,female,central,26-08-2021,FALSE,0.33
cust101211,Ashley Burke,5541371618,44,female,central,18-12-2022,FALSE,0.12
cust101212,Jill Rodgers,8392887271,23,male,east,30-11-2021,FALSE,0.15
cust101213,Timothy Jones,9947075063,29,male,west,8/10/2023,TRUE,0.13
cust101214,Margaret Mahoney,9628092090,37,female,south,13-07-2025,FALSE,0.09
cust101215,Phillip Collins,1805317054,47,female,west,24-07-2023,FALSE,0.13
cust101216,Stacy Wilson MD,1833127335,51,female,north,26-12-2020,FALSE,0.23
cust101217,Charles Thomas MD,6916871351,62,female,east,13-07-2024,FALSE,0.13
cust101218,Nathan Benitez,6665270207,24,female,west,3/9/2021,FALSE,0.31
cust101219,Ronald Ortega,8006213913,44,male,east,5/7/2023,FALSE,0.21
cust101220,William Herring,556530196,36,male,central,6/12/2022,TRUE,0.15
cust101221,Gloria Ramos,9929023709,52,male,east,31-08-2023,FALSE,0.31
cust101222,Samuel Oliver,5619672056,28,male,west,19-04-2022,FALSE,0.24
cust101223,Craig Brady,2066583743,27,male,central,18-12-2020,FALSE,0.23
cust101224,Rachel Barnes,6960057628,51,male,east,27-12-2021,FALSE,0.32
cust101225,Joshua Anderson,7024595016,27,female,west,2/6/2024,FALSE,0.27
cust101226,Robert Torres,1028737619,61,male,central,2/4/2023,TRUE,0.19
cust101227,Alexandra George,549159995,26,male,north,24-05-2021,FALSE,0.31
cust101228,Jacqueline Richards,7832156163,31,female,east,19-07-2022,FALSE,0.24
cust101229,Penny Chavez,4261134319,27,female,south,14-09-2024,FALSE,0.55
cust101230,Monica Spencer,5020706425,26,male,north,30-09-2023,TRUE,0.33
cust101231,Jeremy Garcia,4202270828,58,female,east,1/11/2020,FALSE,0.34
cust101232,Laura Campbell,7464302026,64,male,east,7/12/2021,FALSE,0.35
cust101233,Karen Bird,8946085369,48,male,east,16-11-2022,FALSE,0.21
cust101234,Alisha Olson,3489020347,57,female,south,4/9/2023,FALSE,0.36
cust101235,Lisa Hicks,7485888862,62,male,east,10/9/2021,FALSE,0.2
cust101236,Monique Ritter,8484680273,54,male,north,6/2/2024,FALSE,0.1
cust101237,Mark Bishop,1743394969,69,female,west,21-01-2022,FALSE,0.13
cust101238,Tyler Simmons,7818851569,27,female,west,18-05-2022,FALSE,0.26
cust101239,Jennifer Navarro,4358336141,27,female,south,11/6/2025,FALSE,0.01
cust101240,John Armstrong,8998263092,22,female,central,2/7/2024,FALSE,0.23
cust101241,Kayla Copeland,8091534408,41,male,west,27-12-2020,FALSE,0.11
cust101242,William Robinson,5437299704,37,male,central,1/5/2024,TRUE,0.29
cust101243,Rhonda Fletcher,6602514222,59,male,north,30-11-2020,FALSE,0.11
cust101244,Nancy Jones,5890439225,49,female,west,19-10-2023,FALSE,0.42
cust101245,Corey Smith,4727116849,45,male,central,18-12-2020,FALSE,0.29
cust101246,Zachary Smith,2436212635,27,male,west,22-09-2020,FALSE,0.05
cust101247,Ricky Lee,8032139152,68,female,east,24-02-2025,FALSE,0.41
cust101248,Robert Cole,8653650255,58,female,west,2/6/2023,FALSE,0.17
cust101249,Tyler Carroll,1470062074,51,male,west,24-05-2022,FALSE,0.11
cust101250,Sandra Coleman,9276771831,21,male,west,19-02-2023,FALSE,0.08
cust101251,Emily Wiggins,8893953123,65,male,east,28-05-2022,TRUE,0.27
cust101252,Robert Mckenzie,3966696357,23,male,central,20-02-2021,FALSE,0.38
cust101253,Michelle Vaughn,9810751163,69,male,east,8/7/2024,FALSE,0.13
cust101254,Joseph Bowen,6803084759,40,female,east,16-08-2022,FALSE,0.08
cust101255,Joshua Wilson,9721166572,65,male,east,10/12/2023,TRUE,0.06
cust101256,Susan Perkins,6592492853,36,male,central,10/12/2023,FALSE,0.38
cust101257,Richard Hall,7247698486,70,female,north,26-09-2022,FALSE,0.4
cust101258,Sophia Chapman,9362793659,39,male,west,9/1/2024,FALSE,0.16
cust101259,Mason Gibson,9377789396,35,male,west,11/7/2021,TRUE,0.26
cust101260,Jeremy Hamilton,6688794130,42,female,east,11/12/2020,FALSE,0.2
cust101261,Wendy Hunt,9986398428,47,female,south,10/12/2021,FALSE,0.19
cust101262,Bethany Crane,787015892,31,male,south,11/7/2023,FALSE,0.32
cust101263,Dawn Long,2680858172,40,male,south,17-07-2024,FALSE,0.25
cust101264,Julie Edwards,4079420051,21,female,east,14-06-2024,FALSE,0.24
cust101265,Benjamin Pope,4831349029,47,male,east,11/11/2023,FALSE,0.16
cust101266,Patricia Anderson,4116799254,22,female,south,1/8/2024,FALSE,0.3
cust101267,Brian Forbes,2087048258,21,male,west,26-10-2020,FALSE,0.17
cust101268,Jennifer Hamilton,3709437962,62,female,east,13-10-2022,FALSE,0.21
cust101269,Robin Rodriguez,8541088426,30,male,east,16-01-2021,FALSE,0.23
cust101270,Jeffrey Frazier,4229265162,49,male,west,30-06-2023,FALSE,0.06
cust101271,Robert Hall,9788423121,49,female,central,29-05-2024,FALSE,0.16
cust101272,Andrea Daniel,410358590,25,female,south,13-05-2023,FALSE,0.16
cust101273,Carl Turner,2607543590,23,female,west,16-08-2024,TRUE,0.21
cust101274,Melissa Bender,128326386,64,female,south,3/10/2020,TRUE,0.07
cust101275,Kelly Weaver,5253718670,61,female,north,12/1/2021,TRUE,0.06
cust101276,Matthew Small,5835087681,39,male,central,24-03-2023,FALSE,0.39
cust101277,Christopher Knight,2237782887,41,male,west,4/10/2024,TRUE,0.34
cust101278,Tina Fox,5444519613,70,female,west,27-02-2021,FALSE,0.31
cust101279,Sarah Davis,4521344921,67,male,west,23-03-2025,FALSE,0.42
cust101280,Michael Smith,7310256961,52,female,west,5/9/2022,FALSE,0.25
cust101281,Adam Cisneros,4384187122,42,female,east,11/12/2022,FALSE,0.19
cust101282,Jeffrey Romero,2437625104,27,male,north,30-12-2024,TRUE,0.26
cust101283,Teresa Kennedy,744231870,28,female,north,18-11-2023,TRUE,0
cust101284,Lori Yang,6186505510,38,male,south,14-10-2021,FALSE,0.07
cust101285,Amanda Ibarra,9940826062,57,other,west,26-03-2024,FALSE,0.29
cust101286,Ashley Moore,3322272834,43,male,west,9/5/2024,TRUE,0.2
cust101287,Tammy Fletcher,4058910952,26,male,central,21-02-2024,FALSE,0.05
cust101288,William Kemp,6985511188,42,female,south,22-07-2021,FALSE,0.28
cust101289,Brandon Young,2238263983,26,female,south,6/10/2020,FALSE,0.32
cust101290,Tracy Nunez,4088092952,66,male,south,13-01-2023,FALSE,0.28
cust101291,Brittney Kerr,5390900674,30,female,south,16-02-2024,FALSE,0.2
cust101292,Eric Alvarez,7133922989,47,female,west,8/10/2020,FALSE,0.1
cust101293,Amanda Mora,5203783252,51,male,west,13-12-2021,FALSE,0.21
cust101294,Jared Galvan,9762259107,63,male,east,21-06-2022,FALSE,0.25
cust101295,Zachary James,3497897268,19,female,east,23-02-2023,FALSE,0.16
cust101296,Alexander Nguyen,4221729369,50,female,south,19-05-2021,FALSE,0.27
cust101297,Joseph West,117785490,26,female,west,19-08-2020,FALSE,0.24
cust101298,Kurt Herring,5492786219,66,female,east,28-12-2023,FALSE,0.24
cust101299,James Mcintyre Jr.,4149719396,65,female,north,6/3/2023,FALSE,0
cust101300,William Mckinney,3554658575,43,male,west,22-02-2024,FALSE,0.33
cust101301,Jamie Browning,4497245988,50,male,west,22-01-2021,FALSE,0.41
cust101302,Christina Nelson,7475417558,21,female,east,30-05-2022,FALSE,0.15
cust101303,Ana Schmidt,8563635805,24,male,north,27-07-2024,FALSE,0.02
cust101304,Debra Peterson,6509260426,62,male,south,17-07-2022,FALSE,0.28
cust101305,Gabriel Coleman,4640172192,65,other,south,3/3/2022,FALSE,0.14
cust101306,Brooke Wright,9416412579,66,male,east,5/8/2023,FALSE,0.08
cust101307,Melanie Henderson,8720946907,20,male,west,3/11/2023,FALSE,0.35
cust101308,Joy Brown,5298758886,47,female,south,20-11-2022,TRUE,0.03
cust101309,Kerri Martinez,2010637641,48,male,south,5/9/2023,FALSE,0.29
cust101310,Jacqueline Johnson,2820043210,22,male,south,7/9/2021,FALSE,0.05
cust101311,Yolanda Ryan,808939184,69,female,central,28-04-2025,FALSE,0.38
cust101312,Justin Anderson,9021050985,37,female,south,7/9/2024,FALSE,0.26
cust101313,Joshua Hernandez,8655206761,43,female,east,2/7/2021,FALSE,0.17
cust101314,Nicole Jones,7177912247,32,male,central,11/10/2021,FALSE,0.22
cust101315,Jonathan Valentine,534196159,28,male,south,22-08-2021,FALSE,0.27
cust101316,Lisa Miller,9792896213,42,other,east,31-01-2023,FALSE,0.3
cust101317,Kari Morgan,6226596469,18,female,south,6/8/2021,FALSE,0.3
cust101318,Dennis Wolf,6164828460,58,other,north,23-05-2021,FALSE,0.27
cust101319,Kelly Fowler,9317810128,59,male,west,3/2/2022,FALSE,0.14
cust101320,James Spence,985311452,51,female,north,9/5/2023,FALSE,0.28
cust101321,David Anderson,4172326831,56,male,south,25-07-2024,FALSE,0.04
cust101322,Michael Hall,3414240334,19,male,south,11/4/2023,FALSE,0.32
cust101323,Diane Ryan,1742102423,38,male,central,5/4/2024,FALSE,0.3
cust101324,Lisa Grant,7984646749,63,male,south,17-03-2023,FALSE,0.37
cust101325,Jacob Eaton,6086898737,57,female,south,7/3/2022,FALSE,0.13
cust101326,Zachary Patrick,5667324968,49,male,east,2/9/2022,FALSE,0.22
cust101327,Cody Kidd,3667482824,60,male,south,18-07-2023,FALSE,0.3
cust101328,Erin Nelson,1156680842,44,male,north,11/9/2024,FALSE,0.24
cust101329,Andrea King,1962627360,41,female,north,3/12/2020,FALSE,0.15
cust101330,Cheryl Hudson,4106509921,20,male,east,18-01-2023,FALSE,0.24
cust101331,Meghan Martinez,58787524,64,male,central,12/9/2023,FALSE,0.21
cust101332,Tracy Walker,8863015608,49,male,north,1/11/2023,FALSE,0.32
cust101333,Carla Austin,1312751397,40,female,north,17-12-2022,FALSE,0.12
cust101334,Austin Peterson,2214530642,27,male,west,16-10-2020,FALSE,0.24
cust101335,Jeffrey Thompson,1480621685,40,female,north,26-10-2020,FALSE,0.24
cust101336,Jacqueline Chan,5401694281,24,male,east,7/3/2022,FALSE,0.29
cust101337,April Rhodes,6275461380,23,male,central,6/9/2021,FALSE,0.19
cust101338,Kristina Mcclure,6343542661,33,female,east,5/6/2023,FALSE,0.22
cust101339,Aaron Collins,7104823175,25,female,west,23-04-2024,FALSE,0.19
cust101340,Amber Rogers,3720375566,26,female,north,3/5/2022,FALSE,0.2
cust101341,Peter Hardin,5830665501,42,male,south,22-11-2020,FALSE,0.2
cust101342,Colleen Mccoy,2405465803,34,female,central,19-10-2024,FALSE,0.16
cust101343,Justin Carter,3880047838,42,male,east,19-11-2023,FALSE,0.54
cust101344,Erika Jefferson,4746524795,60,female,south,9/2/2025,FALSE,0.1
cust101345,Abigail Parker,5737485626,27,female,east,5/9/2020,FALSE,0.06
cust101346,Anna Morgan,4447665280,30,female,north,10/7/2021,FALSE,0.1
cust101347,Billy Olson,5317193254,43,male,north,10/2/2025,FALSE,0.11
cust101348,Jennifer Francis,2719050064,31,female,west,27-01-2022,FALSE,0.2
cust101349,Zachary Diaz,2765405833,54,male,west,22-04-2022,FALSE,0.37
cust101350,Hailey Hebert,497397262,49,female,south,31-10-2022,FALSE,0.4
cust101351,William Schroeder,5074864926,35,male,south,22-02-2023,FALSE,0.23
cust101352,Lorraine Mccullough,6203439082,38,male,east,23-11-2020,FALSE,0
cust101353,Edward Lopez,2456553046,25,female,south,18-02-2024,FALSE,0.25
cust101354,Carl Price,9137007569,26,female,central,18-05-2022,TRUE,0.04
cust101355,Ronald Carroll,1142993111,42,male,south,28-10-2022,FALSE,0.14
cust101356,Aaron Nguyen,2859348001,57,female,west,5/2/2025,FALSE,0.06
cust101357,Kevin Fleming,2416014989,64,female,central,25-08-2023,FALSE,0.25
cust101358,Crystal Elliott,4416853169,30,male,west,2/7/2024,FALSE,0.12
cust101359,Douglas Walters,1533243856,38,male,north,5/2/2022,FALSE,0.29
cust101360,Emily Butler,6551441327,51,female,east,2/5/2021,TRUE,0.26
cust101361,Michael Rivera,8619557650,42,female,west,27-02-2022,FALSE,0.17
cust101362,William Wise,5580105569,57,male,west,3/8/2023,FALSE,0.21
cust101363,Stephanie Austin,2879886384,48,male,north,21-03-2024,FALSE,0.31
cust101364,Jacqueline Flores,6081640086,54,male,east,25-01-2023,FALSE,0.16
cust101365,Dustin Shah,9113411049,57,female,east,7/1/2022,FALSE,0.31
cust101366,Denise Campbell,1250692741,63,female,east,5/6/2021,FALSE,0.2
cust101367,James Stone,9851256427,44,male,south,6/12/2024,FALSE,0.23
cust101368,Eric Green,5690962823,43,female,north,18-02-2025,FALSE,0.3
cust101369,Raymond Lucas,1634846349,54,male,east,20-01-2022,FALSE,0.36
cust101370,Heather Hernandez,4645321801,24,other,south,29-01-2023,FALSE,0.26
cust101371,Lisa Harris,5423714627,50,male,central,13-03-2023,FALSE,0.21
cust101372,Kathryn Sampson,2756964595,41,male,west,23-07-2023,FALSE,0.29
cust101373,Cheryl Brooks,1649424425,40,female,west,1/4/2023,TRUE,0.01
cust101374,Shelley Moore,535023033,47,male,east,16-11-2022,TRUE,0.4
cust101375,Michelle Diaz,8945737131,50,female,west,30-03-2025,FALSE,0.04
cust101376,Angela Patterson,2482854924,34,male,west,10/5/2023,FALSE,0.31
cust101377,Jamie Kennedy,1395403709,34,female,north,25-06-2024,FALSE,0.13
cust101378,Dr. Robert Smith,7834562372,51,male,south,23-09-2021,FALSE,0.26
cust101379,Rhonda Ellison,6465963426,63,male,east,27-02-2023,FALSE,0.19
cust101380,Amber Martin,2907723001,66,male,south,7/10/2024,FALSE,0.24
cust101381,Beth Jennings,7221105818,24,male,east,19-06-2025,FALSE,0.1
cust101382,Andrea Ford,3934041919,54,male,west,28-09-2024,FALSE,0
cust101383,Charles Wells,8821729033,62,male,south,6/10/2020,FALSE,0.25
cust101384,Brianna Brandt,9230887007,40,male,central,9/11/2020,FALSE,0.13
cust101385,Joseph Evans,8565680965,44,male,east,6/11/2022,FALSE,0.12
cust101386,Ashley Thompson,2158989080,21,male,east,4/10/2024,FALSE,0.11
cust101387,Michael Murray,8779451708,69,male,central,25-09-2023,FALSE,0.44
cust101388,Bobby Haney,5160954486,30,male,north,1/10/2024,FALSE,0.13
cust101389,Kimberly Mack,2853248310,61,female,east,6/2/2025,FALSE,0.24
cust101390,Jacob Smith,7319658022,56,male,north,9/11/2022,FALSE,0.06
cust101391,Jesse Hunter,9904781481,62,male,north,17-10-2020,FALSE,0.38
cust101392,Kristi Griffith,2906196785,40,female,central,9/8/2021,FALSE,0.13
cust101393,Natasha Barron,5298763250,52,male,north,4/10/2024,FALSE,0
cust101394,Shannon Liu,3271552639,46,male,north,27-12-2022,FALSE,0.53
cust101395,Matthew Levine,1186264871,23,female,north,4/3/2023,FALSE,0.07
cust101396,Rachel Shaw,2031987900,21,male,south,3/3/2024,FALSE,0.36
cust101397,Mario Martinez,7196084173,45,male,north,27-03-2022,FALSE,0.29
cust101398,Mary Cervantes,3082900040,52,female,central,12/12/2024,FALSE,0.28
cust101399,Kathy Casey,4753693956,58,female,central,14-03-2024,FALSE,0.17
cust101400,Patrick Joyce,8194636580,32,female,central,14-06-2023,FALSE,0.22
cust101401,Victoria Green,9747216740,19,other,west,14-04-2023,TRUE,0.35
cust101402,Jay Stewart,5714262041,39,female,central,11/7/2025,FALSE,0.16
cust101403,Paige Edwards,8120763250,22,female,west,2/3/2024,FALSE,0.23
cust101404,John Hall,2680085254,31,other,west,31-05-2021,TRUE,0.31
cust101405,Keith Wade,6851559693,66,female,north,15-08-2021,FALSE,0.21
cust101406,Sarah Shannon,7477557233,58,female,north,21-11-2022,FALSE,0.15
cust101407,Mark Spencer,3516613051,70,male,central,13-06-2021,FALSE,0.37
cust101408,Michael Davis,6428165435,43,male,central,29-03-2022,TRUE,0.24
cust101409,Deborah Smith,9138985423,33,male,central,5/4/2022,FALSE,0.18
cust101410,Jennifer Long,7841637889,37,female,north,16-02-2022,FALSE,0.11
cust101411,Karen Moore,9926034081,49,female,south,13-08-2023,FALSE,0.08
cust101412,Michael Long,2467953210,31,male,north,21-01-2021,FALSE,0.31
cust101413,Kathryn Ortiz,3567817839,60,female,south,24-08-2022,FALSE,0.31
cust101414,Brianna Stevens,9550086200,43,male,central,29-04-2022,FALSE,0
cust101415,Richard Nguyen,9677948448,55,female,east,4/4/2025,FALSE,0.13
cust101416,Cassandra Jacobs,7076531377,43,female,central,25-05-2021,FALSE,0.32
cust101417,Leslie Rodriguez,7853822131,19,male,south,24-12-2021,FALSE,0.49
cust101418,Michael Cruz,7865448767,61,male,west,19-10-2024,FALSE,0.46
cust101419,Alfred Stewart,4578124683,24,male,south,20-05-2025,FALSE,0.31
cust101420,Jermaine Lane,5704724130,39,male,south,29-08-2021,FALSE,0.36
cust101421,Ashley Holland,229712609,53,male,south,20-02-2024,TRUE,0.14
cust101422,Tina Johnson,1941790591,58,male,east,8/6/2022,FALSE,0.29
cust101423,Tara Campbell,5185042244,40,male,south,30-05-2023,TRUE,0.05
cust101424,Joseph Bean,5728321224,55,female,south,21-01-2021,FALSE,0.13
cust101425,Hannah Williamson,3541403610,18,male,east,24-01-2024,FALSE,0.24
cust101426,Derek Lopez,615918045,70,female,west,26-05-2024,FALSE,0.46
cust101427,Audrey Madden,102314241,69,other,west,24-12-2023,FALSE,0.29
cust101428,Sarah Turner,8795938492,55,male,central,4/2/2023,FALSE,0.23
cust101429,Elizabeth Morrow,6623894320,28,female,north,19-02-2022,FALSE,0.18
cust101430,Robert Bell,7649318731,31,male,east,24-04-2023,FALSE,0.04
cust101431,Daniel Quinn,8345250852,43,female,south,16-12-2023,FALSE,0.27
cust101432,Jeremy Wilson,9871323311,66,female,south,15-02-2025,FALSE,0.16
cust101433,Darryl Blanchard,360263150,70,female,west,22-05-2022,FALSE,0.23
cust101434,Michael Holland,598403900,23,female,south,16-02-2022,FALSE,0.09
cust101435,Rebecca Reynolds,4295875985,67,male,east,17-11-2023,FALSE,0.21
cust101436,Jessica Hall,4405255450,54,female,south,6/6/2021,FALSE,0.02
cust101437,Stacey Figueroa,4257029656,69,female,south,2/5/2023,FALSE,0.26
cust101438,Mr. Michael Hoffman,3705062137,63,female,east,29-12-2023,FALSE,0.36
cust101439,Samantha Johnson,6072635586,33,male,west,23-10-2021,FALSE,0.31
cust101440,Brooke Martinez,3653716572,69,male,central,13-06-2022,FALSE,0.45
cust101441,Cheryl Mitchell,1445475278,69,male,south,24-09-2022,FALSE,0.24
cust101442,Abigail Henderson,8164284748,27,male,central,7/3/2024,TRUE,0.26
cust101443,Sandra Cross,6929734562,44,female,central,26-09-2024,FALSE,0.26
cust101444,Paul Watson,7075536147,47,male,south,28-02-2025,TRUE,0.09
cust101445,Robert Camacho,5085904308,31,female,south,17-06-2022,FALSE,0.46
cust101446,Maria Rodriguez,4233375795,65,female,central,3/2/2025,FALSE,0.32
cust101447,Erica Keller,3081719166,56,male,east,8/4/2022,FALSE,0.17
cust101448,Nicole Webster,4831047591,24,male,east,6/11/2020,FALSE,0.09
cust101449,Ronald Smith,8536967257,41,male,south,23-07-2022,FALSE,0.27
cust101450,Brandon Mccarthy,1890031495,44,female,central,11/6/2021,FALSE,0.3
cust101451,Taylor Cline,8056551992,30,male,south,5/1/2023,TRUE,0.22
cust101452,Stephanie Goodwin,1132334945,61,male,south,15-05-2021,FALSE,0.22
cust101453,Emily Brown,947911259,34,female,west,24-12-2021,FALSE,0.18
cust101454,Deanna Williams,8625807689,47,male,north,10/7/2024,FALSE,0.2
cust101455,Amy Jackson,3209287628,32,male,east,6/8/2022,FALSE,0.36
cust101456,Carolyn Snyder,4124101560,60,female,central,22-12-2023,FALSE,0.37
cust101457,Christian Davis,3839535617,36,female,central,19-12-2022,FALSE,0.02
cust101458,Nicholas Taylor,5988804547,45,female,east,7/2/2023,FALSE,0.22
cust101459,Lori Warren,7852530598,34,male,west,13-06-2023,FALSE,0.06
cust101460,Brian Harrison,8529949075,39,male,south,6/3/2023,FALSE,0.04
cust101461,Audrey Lee,4315796162,61,male,south,5/1/2024,FALSE,0.27
cust101462,Holly Valenzuela,7053461265,27,female,west,18-01-2021,FALSE,0.1
cust101463,Kathleen Perez,9669765968,34,other,west,13-12-2024,FALSE,0
cust101464,Michelle Sanchez,4919554201,27,male,south,10/5/2023,FALSE,0.28
cust101465,Denise Perez,2878527467,31,male,central,22-08-2023,FALSE,0.35
cust101466,Julie Keller,8680479707,61,female,south,6/6/2025,FALSE,0.44
cust101467,Kenneth Robertson,2102448670,69,female,north,3/11/2020,FALSE,0.15
cust101468,Brandon Garza,1357598565,51,female,south,24-09-2020,FALSE,0.37
cust101469,Sandra Dudley,2150860858,48,female,south,20-02-2023,FALSE,0
cust101470,Jessica Riley,7462304122,40,female,central,28-02-2023,FALSE,0.07
cust101471,Summer Morgan,208586913,66,female,south,4/6/2021,FALSE,0.26
cust101472,Deborah Johnson,3200458409,30,female,east,15-10-2021,FALSE,0.26
cust101473,Andrea Green,9033634222,35,female,central,12/10/2024,FALSE,0.36
cust101474,Christian Tucker,619233640,65,female,west,27-06-2022,FALSE,0.31
cust101475,Crystal Ross,7648207065,27,male,east,14-02-2023,FALSE,0.19
cust101476,Christopher Smith,1256071318,22,male,north,15-10-2022,FALSE,0.38
cust101477,Destiny Jones,3124842027,50,female,east,25-09-2022,FALSE,0.28
cust101478,Antonio Wolf,634093578,37,female,south,25-10-2021,FALSE,0.41
cust101479,Cody Miranda,1938435496,60,male,west,27-05-2025,FALSE,0.1
cust101480,Jose Stone,5779897655,50,male,north,29-01-2022,FALSE,0.24
cust101481,Barbara Carter,4704054111,42,male,east,10/3/2023,FALSE,0.15
cust101482,Whitney Glover,413617540,67,male,west,29-09-2023,TRUE,0.3
cust101483,William Nash,1781721065,49,male,east,14-06-2023,FALSE,0.17
cust101484,Michael Hogan,4109822651,62,male,east,21-11-2022,FALSE,0.17
cust101485,Rebecca Castaneda,6876549278,57,female,central,8/5/2021,FALSE,0.04
cust101486,Tiffany Cook,1719261795,52,male,west,19-05-2022,FALSE,0.24
cust101487,Robert Juarez,6566295469,22,female,east,14-05-2023,FALSE,0.33
cust101488,Marisa Meza,4477827365,52,female,east,25-03-2024,FALSE,0.32
cust101489,Traci Johnson,8740537722,46,female,west,30-01-2021,FALSE,0
cust101490,Gregory Vincent,5285252359,26,male,west,25-11-2020,FALSE,0.01
cust101491,Mitchell Johnson,3937429033,53,female,south,9/5/2025,FALSE,0.44
cust101492,Christina Gilbert,783186845,61,male,north,15-12-2020,FALSE,0.18
cust101493,Cindy Johnson,7122806672,48,female,east,29-07-2024,FALSE,0.18
cust101494,Brian Harper,416720497,23,female,north,4/7/2025,FALSE,0.34
cust101495,Cindy Johnson,6922031222,38,male,north,31-03-2022,FALSE,0.22
cust101496,Heather Hicks,8864297485,33,female,central,11/9/2023,FALSE,0.12
cust101497,Gregory Reynolds,7912822638,63,male,north,13-07-2022,TRUE,0.17
cust101498,Elizabeth Little,8606038741,48,female,west,21-05-2022,FALSE,0.43
cust101499,Mariah Ramirez,7443598748,33,male,north,6/7/2024,FALSE,0.03
cust101500,Tiffany Franco,2230277168,37,male,north,30-12-2024,FALSE,0.36
cust101501,Lindsey Chavez,9755011495,60,male,west,6/10/2020,FALSE,0.16
cust101502,Deborah Richardson,720207800,68,female,north,16-10-2022,FALSE,0.17
cust101503,Kimberly Allen,587463436,26,male,east,29-01-2025,FALSE,0.42
cust101504,Rhonda Smith,6632886694,52,other,north,14-02-2025,FALSE,0.12
cust101505,Heather Leblanc,8153507510,34,male,central,13-12-2022,FALSE,0.3
cust101506,Joshua Calderon,9885349633,18,male,west,12/3/2025,FALSE,0.16
cust101507,Jennifer Terry,9452944628,45,male,north,5/1/2025,FALSE,0.03
cust101508,Anna Rodriguez,4238172401,62,female,east,10/6/2024,FALSE,0.18
cust101509,Marc Wells,8297559705,39,male,south,27-12-2023,FALSE,0.34
cust101510,Jacqueline Waters,4704137701,21,male,east,16-07-2021,FALSE,0.18
cust101511,Daniel Brown,9764117505,32,female,south,1/10/2021,FALSE,0.27
cust101512,Grace Petersen,1092725788,52,male,east,17-01-2024,FALSE,0.22
cust101513,John Butler,6552520165,66,male,west,26-02-2025,FALSE,0.21
cust101514,Alicia Dixon,3035897830,28,female,west,7/12/2021,FALSE,0.15
cust101515,Carlos Parsons,8603457984,26,female,north,29-09-2020,FALSE,0.22
cust101516,Gerald Norton,5468440753,52,male,central,10/2/2024,FALSE,0
cust101517,Sharon Bates,6444542789,33,male,central,12/4/2022,FALSE,0.15
cust101518,Michelle King,6767608306,44,female,central,11/9/2023,FALSE,0
cust101519,Sean Lynn,3700038023,47,male,east,12/3/2021,FALSE,0.23
cust101520,Eduardo Roberson,7532343208,51,male,north,12/12/2023,FALSE,0.24
cust101521,William Mcbride,3848100831,32,female,east,20-04-2023,FALSE,0.1
cust101522,Jill Parker,2189985117,64,female,south,9/8/2024,TRUE,0.3
cust101523,Katherine Reed,7698217619,34,female,central,19-07-2025,FALSE,0.25
cust101524,Miranda Luna,9724074692,36,male,west,4/7/2025,FALSE,0.24
cust101525,Charles Adams Jr.,4945610450,28,female,central,17-06-2025,FALSE,0.16
cust101526,Tonya Chase,5989691578,53,male,central,4/4/2022,FALSE,0.26
cust101527,Jerry Harris,9147813768,39,male,central,30-12-2022,FALSE,0.33
cust101528,Hailey Ayala,4236288416,55,female,south,9/4/2025,FALSE,0.12
cust101529,Patricia Mccarty,6619426105,45,female,east,13-12-2020,FALSE,0.1
cust101530,Alyssa Jones,8380336788,63,male,west,26-01-2025,FALSE,0.34
cust101531,Shannon Whitehead,7015946656,29,female,south,20-04-2025,TRUE,0
cust101532,Taylor Manning,7135867379,22,male,east,15-01-2022,FALSE,0
cust101533,Ronald Smith,6531150740,30,female,south,5/2/2023,TRUE,0
cust101534,Ashley Russell,97781405,45,male,north,12/11/2024,FALSE,0.22
cust101535,Duane Frazier,6236445798,25,male,central,29-08-2020,FALSE,0.22
cust101536,Angela Floyd,2900615565,56,male,west,15-11-2024,FALSE,0.26
cust101537,Jason Jones,59980669,24,female,west,16-03-2023,FALSE,0.21
cust101538,Kayla Bryant,6327363326,47,male,west,15-01-2024,FALSE,0.38
cust101539,Madeline Nichols,7052267704,45,female,central,19-04-2024,FALSE,0.39
cust101540,Shannon Mendoza,3414206026,40,female,south,1/4/2021,FALSE,0.34
cust101541,Jill Spencer,8985833790,43,male,north,18-10-2022,FALSE,0.06
cust101542,Hannah Stewart,1001563964,45,female,south,13-04-2025,FALSE,0.24
cust101543,Roger Wilson,9444961244,39,male,west,17-03-2022,FALSE,0.1
cust101544,Zachary Arnold,2721590839,38,female,north,6/6/2023,FALSE,0.14
cust101545,Angela Anderson,1445797545,41,female,north,12/3/2021,FALSE,0.08
cust101546,Stephen Smith,2495287583,42,male,north,11/9/2024,FALSE,0.2
cust101547,Nicholas Reilly,3783011442,21,female,east,11/1/2022,FALSE,0.27
cust101548,Jeffrey Suarez,1343904467,23,male,south,27-11-2020,FALSE,0.21
cust101549,Deborah Smith,2143084588,31,female,west,20-06-2022,FALSE,0.06
cust101550,Elizabeth Gomez,5190786892,41,male,central,12/10/2022,FALSE,0.02
cust101551,Jose Mills,1402380830,19,female,north,12/8/2020,TRUE,0.11
cust101552,Chelsea Lambert,3313399762,27,male,east,20-08-2021,FALSE,0.11
cust101553,Deborah Barajas,5065323404,31,male,north,21-04-2022,FALSE,0.29
cust101554,Tracy Miller,2804970967,51,female,central,30-08-2021,FALSE,0.16
cust101555,Stacy Thomas,2868600040,63,male,east,5/4/2025,FALSE,0.18
cust101556,Justin Villa,9800286063,53,male,central,14-09-2024,FALSE,0.18
cust101557,Kevin Parker,9332757043,23,female,north,1/9/2020,FALSE,0.33
cust101558,Fernando Perkins,3335343601,32,female,south,30-07-2025,FALSE,0.4
cust101559,Angela Lewis,3588385567,29,female,west,19-05-2024,FALSE,0.25
cust101560,Laura Curtis,6181802294,43,female,central,8/5/2021,FALSE,0.17
cust101561,Maureen Jones,9014838578,59,male,central,8/2/2021,FALSE,0.37
cust101562,Hector Peterson,5820976001,27,female,north,29-05-2024,FALSE,0.25
cust101563,Tanner Bennett,3566832603,40,female,central,7/11/2021,FALSE,0.15
cust101564,Vincent Marshall,3613241671,58,male,north,24-12-2020,FALSE,0.32
cust101565,Colleen Johnson,4917853987,36,male,central,9/4/2025,FALSE,0.22
cust101566,Latoya Williams,3331723645,65,female,north,28-07-2021,FALSE,0.03
cust101567,Robin Rivera,1466868843,34,female,central,23-08-2023,FALSE,0.28
cust101568,Miranda Moody,62836756,61,male,north,27-06-2023,FALSE,0.24
cust101569,Lindsay Edwards,8739592388,27,other,south,14-10-2022,FALSE,0
cust101570,Joshua Morales,5314634010,67,male,central,28-09-2023,TRUE,0
cust101571,Stephen Shaw,6822127355,22,female,east,30-06-2024,FALSE,0.22
cust101572,Christopher Rivera,4016181735,21,female,central,13-11-2024,FALSE,0.28
cust101573,Molly Lawson,9780612650,52,male,west,27-01-2023,FALSE,0.27
cust101574,Elizabeth Myers,4093513738,61,male,east,12/6/2022,FALSE,0.04
cust101575,Nicole Waller,3367725964,40,male,south,15-06-2021,FALSE,0.16
cust101576,Lance Thomas,9189804952,18,female,south,19-12-2024,FALSE,0.28
cust101577,Tyler Hernandez,6124154813,32,female,west,16-03-2024,FALSE,0.02
cust101578,Ashley Stewart,2866369212,51,female,west,28-08-2020,FALSE,0.21
cust101579,Rachel Davis,5310791439,64,female,central,8/4/2022,FALSE,0.23
cust101580,Manuel Nguyen,5569209048,50,female,north,5/3/2023,FALSE,0.31
cust101581,Lisa Miller,7946441630,23,female,central,13-09-2021,FALSE,0
cust101582,Michael Moss,2714050965,38,female,central,14-12-2023,FALSE,0.22
cust101583,Vanessa Camacho,4834622169,36,male,central,28-10-2022,FALSE,0.44
cust101584,Brittany Smith,9003841552,68,female,west,4/9/2020,FALSE,0.13
cust101585,Allison Mckinney,4564982593,37,female,north,22-05-2025,FALSE,0.16
cust101586,Dr. Matthew Collins,8054203303,36,male,west,9/9/2022,FALSE,0.31
cust101587,Ariana Weiss,8237324720,49,female,east,24-04-2023,FALSE,0.11
cust101588,Sherri Frazier,649345534,25,female,west,8/4/2021,FALSE,0.34
cust101589,Rachel Robinson,1951132923,42,female,north,6/1/2021,FALSE,0.26
cust101590,Lisa Morton,6539007090,26,male,east,7/5/2022,FALSE,0.01
cust101591,John Bauer,3828654869,39,male,east,30-10-2020,FALSE,0.21
cust101592,Denise Armstrong,8238618402,26,male,west,26-02-2021,FALSE,0.02
cust101593,Alexis Gonzalez,7153582,44,female,central,21-12-2020,FALSE,0.31
cust101594,Charles Miller,934267707,20,male,west,12/4/2023,FALSE,0
cust101595,Derek Zimmerman,1404989863,61,female,central,11/1/2021,FALSE,0
cust101596,Victoria Trujillo,9057361383,26,male,west,9/12/2024,FALSE,0.06
cust101597,Cynthia Myers,1438124857,19,female,north,30-12-2024,FALSE,0.1
cust101598,Charles Smith,5081095455,18,male,west,10/6/2021,FALSE,0.36
cust101599,Renee Flores,7880605172,69,male,south,9/12/2022,FALSE,0.2
cust101600,Scott Poole,4596739332,57,other,south,24-05-2021,FALSE,0.23
cust101601,Alisha Fisher,6437396645,39,female,west,15-07-2022,FALSE,0.33
cust101602,Bradley Wiley,2569755856,28,male,north,16-09-2023,FALSE,0.12
cust101603,Haley Harvey,835394465,56,female,central,27-06-2025,FALSE,0.13
cust101604,Michelle Mcdonald,2803125398,54,female,south,25-07-2021,TRUE,0.1
cust101605,James Castro,7148251908,25,male,central,20-12-2024,FALSE,0.29
cust101606,Joann Mason,8695369084,62,female,east,2/11/2024,FALSE,0.4
cust101607,Anthony Gallagher,5414731249,68,male,south,15-02-2023,FALSE,0.23
cust101608,Rhonda Griffin MD,144478547,68,male,north,29-09-2022,FALSE,0.13
cust101609,Kristina Flowers,4157523785,23,other,east,16-01-2021,FALSE,0.14
cust101610,John Vargas,6966650272,37,female,east,28-06-2024,FALSE,0.07
cust101611,Melanie Knight,693766490,61,female,south,18-07-2021,FALSE,0.29
cust101612,Javier White,8650364382,50,female,north,17-01-2024,FALSE,0.07
cust101613,William Hall,354469398,34,male,central,10/10/2020,FALSE,0.17
cust101614,Kimberly Hansen,818548850,22,female,west,21-04-2023,FALSE,0.06
cust101615,Allen Wells,8993846189,35,male,north,28-05-2022,TRUE,0
cust101616,William Washington,4711408259,40,male,west,24-04-2025,FALSE,0
cust101617,Allison Hood,7849346670,65,female,south,24-11-2021,FALSE,0.09
cust101618,Donna Watson,126532960,34,male,west,7/5/2024,FALSE,0.23
cust101619,Adam Smith,9946297562,18,female,south,20-09-2022,FALSE,0.16
cust101620,Tyler Joyce,6612399290,22,female,south,11/1/2021,FALSE,0.17
cust101621,Tracy Fernandez,1133277708,67,female,west,14-12-2024,FALSE,0.07
cust101622,David Martinez,4873992805,58,male,north,14-01-2023,FALSE,0.09
cust101623,Gina Adams,7664123406,19,female,west,6/1/2022,FALSE,0.07
cust101624,Robert Davis,4621525571,26,female,south,13-03-2025,FALSE,0.23
cust101625,Jill Prince,163710630,50,male,east,27-03-2024,FALSE,0.45
cust101626,Veronica Cooper,4095535711,23,female,west,24-09-2022,FALSE,0.18
cust101627,Kristine Smith,3063777151,47,other,east,23-09-2021,TRUE,0.04
cust101628,Michael Gamble,8387355944,37,female,north,28-02-2025,FALSE,0.35
cust101629,Jennifer Howell,9997261939,38,male,west,19-08-2020,TRUE,0.08
cust101630,Joseph Walker,3271585718,28,female,central,8/11/2024,FALSE,0.27
cust101631,Jillian Joseph,4655833952,62,female,east,3/5/2021,FALSE,0.15
cust101632,Kenneth Rodriguez,1907742764,68,male,north,3/12/2022,FALSE,0.21
cust101633,Mary Mitchell,5211324213,21,male,east,24-11-2023,FALSE,0.61
cust101634,Joshua Berry,2261119833,26,female,north,24-11-2023,TRUE,0.11
cust101635,Anthony Yoder,5096269460,27,male,west,2/4/2021,FALSE,0.13
cust101636,Amy Hall,3351695405,56,male,west,24-03-2021,FALSE,0.25
cust101637,Arthur Mckinney,8221453456,42,male,central,1/2/2024,FALSE,0.2
cust101638,Daniel Mack,685228691,67,female,west,19-06-2024,FALSE,0.15
cust101639,Matthew Evans,4257013753,32,female,north,16-06-2025,FALSE,0.12
cust101640,Jessica Delacruz,4872238004,70,female,central,24-11-2022,FALSE,0.27
cust101641,Michael Richardson,6784732934,44,female,central,2/2/2023,FALSE,0.33
cust101642,Eric Reynolds,6959874340,58,female,south,22-11-2024,FALSE,0.09
cust101643,Richard Miller,5919524542,29,male,north,29-12-2023,FALSE,0.06
cust101644,April Reynolds,1525856941,37,male,east,2/12/2021,FALSE,0.42
cust101645,Anna Henry,5578407022,67,female,south,21-09-2023,FALSE,0.03
cust101646,Jeremy Rollins,5953665716,35,female,south,9/5/2021,FALSE,0.29
cust101647,Jennifer Sims,219209405,63,female,east,21-04-2025,FALSE,0.25
cust101648,Justin Williams,3062822981,68,female,south,7/10/2020,FALSE,0.07
cust101649,Eric Montes,7019754466,28,female,south,16-04-2024,TRUE,0.29
cust101650,Robert Coffey,8107948126,40,male,central,15-09-2023,FALSE,0.07
cust101651,Joanne Fuller,2377428516,65,male,west,15-10-2021,FALSE,0.07
cust101652,Nicole Thompson,3860017967,65,male,central,6/4/2021,FALSE,0.03
cust101653,Amanda Taylor,5346615392,60,female,west,6/11/2020,FALSE,0.3
cust101654,Richard Hicks,7063248889,38,male,south,8/8/2021,FALSE,0.15
cust101655,David Hunter,8618928900,51,female,east,18-06-2021,FALSE,0.33
cust101656,Wendy Flores,4732394821,66,female,south,9/12/2021,FALSE,0.1
cust101657,Pamela Greer,735716476,62,male,east,9/1/2021,FALSE,0.27
cust101658,Ruth Pham,6009789088,22,male,central,9/11/2021,FALSE,0.37
cust101659,Jake Reyes,7083512052,61,male,central,31-03-2023,FALSE,0.19
cust101660,Robert Palmer,8783594155,51,male,north,15-08-2023,FALSE,0.06
cust101661,Aaron Nelson,6288109234,70,male,south,13-08-2024,FALSE,0.16
cust101662,Connie Padilla,7505818179,31,male,central,5/8/2025,FALSE,0.35
cust101663,Laura Rodriguez,5294116941,29,male,central,6/5/2024,TRUE,0.29
cust101664,Katherine Turner,9467888635,35,female,south,18-10-2024,FALSE,0.15
cust101665,Donna Taylor,9110501052,27,other,south,28-11-2023,TRUE,0
cust101666,Ryan Collins,3350073906,43,male,south,16-11-2022,FALSE,0.29
cust101667,Katie Flores,7089669794,70,female,north,17-11-2022,TRUE,0.4
cust101668,Ethan Chandler,1481474996,56,male,central,10/6/2024,FALSE,0.4
cust101669,Lisa Evans,4708119844,18,female,west,2/3/2024,FALSE,0.25
cust101670,Ariana Cantrell,8779650507,57,male,south,5/5/2022,FALSE,0.18
cust101671,Francisco Ramirez,6454428637,41,female,north,5/3/2025,FALSE,0.11
cust101672,Laura Thompson,3240902286,57,female,east,18-03-2021,TRUE,0.13
cust101673,Kimberly Hays,7908864884,46,female,south,4/10/2020,TRUE,0
cust101674,Matthew Miles,6431828809,34,male,north,7/9/2021,TRUE,0.46
cust101675,Dale Moore,9460340178,56,female,south,9/3/2025,FALSE,0.2
cust101676,Elizabeth Oneal,7348370492,63,female,east,27-11-2023,FALSE,0.49
cust101677,Jeremy Tanner,5917287964,19,female,south,18-03-2021,FALSE,0.19
cust101678,Gary Johnson,4357130714,24,male,south,12/12/2021,FALSE,0.01
cust101679,Dr. Margaret Martinez,4173538055,69,male,south,14-09-2020,FALSE,0.42
cust101680,Michelle Parks,9682882571,41,male,central,9/10/2020,FALSE,0.1
cust101681,James Barnes,8658825431,45,female,south,4/2/2025,FALSE,0.15
cust101682,Ann Dalton,2373916035,66,female,central,22-08-2024,FALSE,0.4
cust101683,Barbara Stevens,7369275547,36,female,north,15-05-2023,FALSE,0.38
cust101684,Natalie Jones,5267493403,39,male,south,13-07-2025,FALSE,0
cust101685,Jeffery Watts,7822869514,44,male,east,15-09-2020,FALSE,0.2
cust101686,Angela Castillo,7618634954,19,female,central,4/4/2024,FALSE,0.07
cust101687,Matthew Morales,2608083358,38,male,south,9/9/2024,FALSE,0.26
cust101688,Jennifer Garcia,4913730893,70,male,west,6/8/2020,FALSE,0.42
cust101689,Jacob Burton,8447011218,53,male,west,13-12-2021,FALSE,0.14
cust101690,William Hardy,3783251515,58,male,south,27-03-2021,FALSE,0.38
cust101691,Nancy Fernandez,652883174,56,female,east,12/7/2023,TRUE,0.09
cust101692,Angela Wong,3242192223,69,female,west,5/10/2024,TRUE,0.46
cust101693,Warren Stevens,7284098809,30,female,east,24-08-2020,FALSE,0.1
cust101694,Susan Price,5387289993,31,female,central,11/9/2020,FALSE,0.14
cust101695,Aaron Wells,2094889584,20,male,west,1/2/2024,FALSE,0.24
cust101696,Samuel Gonzales,7797654441,58,male,east,11/1/2022,FALSE,0.03
cust101697,Alexander Brown,9185640935,30,male,west,23-09-2023,FALSE,0.39
cust101698,Christopher Berry,6336650217,67,female,south,13-01-2025,FALSE,0.07
cust101699,Rebecca Guzman,6867403886,70,female,east,8/3/2022,FALSE,0.27
cust101700,Stacy Nielsen,1393307200,45,female,south,3/7/2024,FALSE,0.05
cust101701,Thomas Wilson,390450618,65,male,east,19-08-2024,FALSE,0.21
cust101702,Angel Yates,7623968433,61,female,central,2/8/2021,FALSE,0.2
cust101703,Frank Gross,5392134074,24,female,east,27-03-2021,FALSE,0.15
cust101704,David Martinez,8920732470,45,male,west,20-11-2023,FALSE,0.26
cust101705,Elizabeth Wilson,4649503692,29,female,west,19-06-2024,FALSE,0.07
cust101706,Linda Walker,1978876498,47,male,north,3/10/2024,FALSE,0.38
cust101707,Billy Ford,947283276,43,female,south,6/5/2025,FALSE,0.22
cust101708,Carla Orr,8295979350,49,female,east,16-09-2024,FALSE,0
cust101709,Daryl Martin,8588469085,42,female,north,25-03-2023,FALSE,0.44
cust101710,Desiree Parrish,476280121,33,male,east,22-06-2021,FALSE,0.25
cust101711,Tina Green,9742602420,35,male,west,18-08-2023,FALSE,0.39
cust101712,Jesse Anthony,4453346855,68,male,east,1/5/2022,FALSE,0.18
cust101713,Anthony Mason,3975110954,29,other,east,14-05-2021,FALSE,0
cust101714,Matthew Lee,8372033993,32,female,north,25-09-2021,FALSE,0.15
cust101715,Eddie Carr,7290982207,28,male,central,26-10-2023,FALSE,0.05
cust101716,Timothy Brennan,7313662602,38,female,north,2/3/2025,FALSE,0.2
cust101717,Patrick Thompson,2533893873,49,male,central,11/7/2025,FALSE,0.14
cust101718,Rachel Blevins,6739853824,20,female,central,13-11-2023,FALSE,0.23
cust101719,Shawn Stewart,6630817294,39,female,south,25-12-2021,FALSE,0
cust101720,Jaclyn Chung,9144116968,59,female,north,8/9/2023,FALSE,0.21
cust101721,Katelyn Weaver,6519596821,54,female,east,11/1/2023,FALSE,0.14
cust101722,Ashley Murphy,2717865857,66,female,central,14-01-2022,FALSE,0.28
cust101723,Rebecca Cortez,5074213669,52,male,north,10/9/2022,FALSE,0
cust101724,Susan Vega,4971119506,26,male,east,15-05-2022,FALSE,0.15
cust101725,Sean Butler,9337177147,28,female,south,28-05-2022,FALSE,0.4
cust101726,Jesus Cruz,4111799929,23,female,north,31-12-2021,FALSE,0.06
cust101727,Joel Martin,8488476568,34,female,west,25-01-2025,FALSE,0.29
cust101728,Ashley Winters,621275273,65,female,south,9/4/2023,FALSE,0.36
cust101729,James King,751070791,62,male,central,16-07-2024,FALSE,0.2
cust101730,Elizabeth Hays,4036565663,52,female,north,26-12-2022,FALSE,0.32
cust101731,Jeffrey Carpenter,5740348685,45,male,central,23-12-2020,FALSE,0.32
cust101732,Jeremy Rice,6313762806,60,female,south,26-05-2023,FALSE,0.39
cust101733,Mario Washington,6185937571,69,female,north,23-07-2021,FALSE,0.16
cust101734,Robert Fleming,9659674160,21,female,west,10/12/2020,FALSE,0.19
cust101735,Jessica Gaines,9346680404,58,female,north,28-01-2022,FALSE,0.3
cust101736,Douglas Miller,4931672499,21,female,south,6/7/2022,TRUE,0.11
cust101737,Pamela Mcgrath,6803330419,40,female,north,13-01-2023,FALSE,0.21
cust101738,Marcus Knight,2361163306,29,male,central,14-08-2023,TRUE,0.12
cust101739,Craig Gibson,6542776738,57,female,central,14-01-2022,FALSE,0
cust101740,Kimberly Peterson,2259171896,61,male,north,5/5/2023,FALSE,0.24
cust101741,Sarah Dudley,1546113529,33,female,south,15-07-2025,FALSE,0.4
cust101742,Edward Underwood,760931952,70,male,south,2/5/2023,TRUE,0.16
cust101743,Robert Braun,5077240887,50,female,east,7/12/2021,FALSE,0.21
cust101744,Jessica Cantu,4298677503,47,male,west,24-07-2025,FALSE,0.15
cust101745,Richard Todd,3487481823,40,female,south,23-01-2024,FALSE,0.11
cust101746,Amanda Henry,5331676292,61,female,east,7/1/2022,FALSE,0.22
cust101747,Thomas Townsend,5929659982,21,male,south,26-06-2022,FALSE,0.33
cust101748,Mr. Alex Luna Jr.,2587495401,42,female,central,10/8/2023,FALSE,0.47
cust101749,Alyssa Collier,6281403077,29,male,north,30-11-2024,FALSE,0.3
cust101750,Joseph Farrell,3672472894,28,male,central,6/11/2021,FALSE,0.08
cust101751,Alyssa Anderson,7713319437,64,male,north,3/3/2025,FALSE,0.03
cust101752,Robert Jones,7129846292,43,male,central,26-01-2025,FALSE,0.36
cust101753,Emily Martin,9633256116,27,female,west,28-07-2023,FALSE,0.24
cust101754,Anna Martin,7977930051,24,female,east,1/2/2025,TRUE,0.13
cust101755,Michael Wood,2398074531,22,male,east,19-01-2022,FALSE,0.07
cust101756,Betty Hickman,3235820009,59,male,east,1/4/2023,FALSE,0.1
cust101757,Christian Morales,5378184238,59,female,south,12/8/2021,FALSE,0.35
cust101758,Matthew Murphy,8001771042,68,female,central,26-09-2021,FALSE,0.2
cust101759,James Paul,9389871273,70,female,central,31-05-2021,TRUE,0.03
cust101760,Madison Brennan,5442800489,31,female,west,23-09-2020,TRUE,0.3
cust101761,Gary Randall,1660055043,45,male,east,29-04-2024,FALSE,0.24
cust101762,Loretta Barry,5197576422,47,female,south,11/4/2024,FALSE,0.17
cust101763,Jennifer Clark,844844453,54,male,east,9/4/2024,FALSE,0.27
cust101764,Stephanie Leach,9243566984,59,male,north,3/3/2025,FALSE,0.1
cust101765,Cody Collier,9920259813,68,female,east,13-11-2024,FALSE,0.32
cust101766,Melissa Jones,7747247748,21,male,east,31-10-2024,TRUE,0.03
cust101767,Nicole Jones,2397832788,38,female,south,16-08-2021,FALSE,0.09
cust101768,Joshua Frazier,6285337603,47,male,east,27-05-2021,FALSE,0.03
cust101769,Leroy Brennan,969869918,25,female,north,7/3/2024,FALSE,0.15
cust101770,Todd Cohen,1235806336,23,female,west,28-05-2023,FALSE,0.11
cust101771,Tanya Clark,4251090359,23,male,central,7/12/2020,FALSE,0.16
cust101772,Miguel Davis,4059295182,28,female,west,24-07-2025,FALSE,0.2
cust101773,John Ortiz,8791959207,59,female,central,20-09-2022,FALSE,0.27
cust101774,Jennifer Lee,9221354808,66,male,east,16-06-2023,FALSE,0.22
cust101775,Darlene Roberts,4223848608,47,male,central,8/4/2023,FALSE,0.23
cust101776,Emily Johnson,9430728006,30,male,east,11/6/2024,FALSE,0.39
cust101777,Gregory Ramirez,5325475265,66,male,west,1/3/2025,FALSE,0.17
cust101778,Sarah Craig,3564294271,29,male,central,20-10-2021,FALSE,0.02
cust101779,Donald Lane,386149195,23,female,south,27-03-2024,FALSE,0.31
cust101780,Alexander Carrillo,3289885348,60,male,west,27-01-2022,FALSE,0.42
cust101781,Jesus Harrison,8050473192,31,female,east,23-04-2021,FALSE,0.22
cust101782,Sean Jackson,7553807667,60,male,central,21-05-2022,FALSE,0.3
cust101783,Tammy Reed,8706699727,44,male,north,10/3/2022,FALSE,0.12
cust101784,Dawn Howell,4479535650,65,female,south,31-01-2022,FALSE,0.22
cust101785,Dale Hawkins,8679634961,21,male,central,4/3/2021,FALSE,0.28
cust101786,Sean Boyle,1107160091,45,female,central,24-11-2024,TRUE,0.25
cust101787,Cathy Wheeler,4994766773,61,female,north,17-09-2020,FALSE,0.14
cust101788,George Daniels,9814303765,46,female,west,1/8/2022,FALSE,0.4
cust101789,Ann Fuller,852062472,27,female,west,6/8/2021,FALSE,0.22
cust101790,Albert Reid,246306413,66,female,west,27-04-2023,FALSE,0.31
cust101791,Ryan Moore,788041111,53,female,north,19-11-2023,FALSE,0.25
cust101792,Matthew Spence,6957205974,36,male,central,11/1/2023,FALSE,0.3
cust101793,Timothy Russell,2279858725,36,male,east,10/2/2022,FALSE,0.31
cust101794,Linda Wood,9390322588,60,female,east,7/12/2021,FALSE,0.17
cust101795,Mrs. Connie Williams MD,756863495,20,male,east,11/5/2021,FALSE,0.3
cust101796,Jennifer Anderson,3473130599,40,male,east,8/9/2021,FALSE,0.46
cust101797,Jeffrey Crawford,6504506477,49,male,north,4/12/2022,FALSE,0.44
cust101798,Monique Roman,1823784952,42,male,central,12/11/2022,FALSE,0.29
cust101799,Stanley Henderson,3306174666,45,male,central,14-10-2024,FALSE,0.4
cust101800,Lisa Nguyen,6538280971,65,female,west,5/6/2021,FALSE,0.04
cust101801,Angela Moran,5785083982,57,male,south,2/2/2023,FALSE,0.38
cust101802,Ian Woodard,6653409504,40,male,north,9/7/2021,FALSE,0.21
cust101803,Marissa Johnson,1738618023,33,male,east,31-01-2022,TRUE,0
cust101804,Kimberly Ware,7079732726,61,male,west,26-06-2025,FALSE,0.22
cust101805,Darrell Nelson,5665184497,39,female,north,22-09-2021,FALSE,0.32
cust101806,Harold Wright,9993272796,18,male,west,27-12-2024,FALSE,0.12
cust101807,James Walters,9667661470,27,other,central,1/4/2022,FALSE,0.43
cust101808,Daniel Sanders,488041071,41,female,west,10/7/2021,FALSE,0.36
cust101809,Katie Morris,2648917248,33,female,south,30-12-2020,FALSE,0.05
cust101810,Vincent Adams,710703842,25,female,south,23-01-2021,FALSE,0.32
cust101811,John Thompson,9555206798,30,female,south,24-04-2021,TRUE,0.21
cust101812,Corey Bradley,3099652304,64,male,north,4/6/2021,FALSE,0.13
cust101813,Kimberly Watts,9673455989,56,male,north,25-09-2022,FALSE,0.16
cust101814,Timothy Perez MD,3398086459,69,male,north,3/10/2021,TRUE,0.15
cust101815,Dr. Nancy Montgomery,3839060291,40,male,central,11/4/2022,FALSE,0.05
cust101816,Mark Solomon,9853547794,61,male,west,22-05-2023,FALSE,0.15
cust101817,Christopher Hamilton,547637307,56,male,east,18-10-2024,FALSE,0.28
cust101818,Sharon May,2229377789,41,male,north,13-02-2024,FALSE,0.37
cust101819,Shelley Davis,9837217285,42,male,east,17-07-2025,FALSE,0.38
cust101820,William Smith,5569626263,56,female,east,20-09-2022,FALSE,0.13
cust101821,Robert Green,8869593497,51,male,west,30-12-2020,FALSE,0.19
cust101822,Mr. Ryan Holloway DDS,1139416074,70,female,central,28-12-2024,FALSE,0.1
cust101823,Casey Bernard,3405465705,37,female,east,18-02-2021,FALSE,0.32
cust101824,Richard Gould,2695182212,52,male,south,14-01-2024,FALSE,0
cust101825,Sean Clay,7675663426,60,female,south,7/10/2022,FALSE,0.04
cust101826,Tracy Johnson,3088181216,45,male,east,15-11-2021,FALSE,0.12
cust101827,Michael Cole,5954017649,57,female,east,15-09-2020,FALSE,0.23
cust101828,Kimberly Delacruz,5645295092,46,male,west,8/9/2023,FALSE,0.16
cust101829,Tammy Taylor,3695850124,18,female,north,8/6/2021,FALSE,0.2
cust101830,Candace Lozano,5681956497,50,male,north,23-03-2025,FALSE,0.21
cust101831,Mario Hinton,5276397851,41,male,east,12/11/2022,FALSE,0.23
cust101832,Jaime Long,279868203,70,female,north,8/11/2024,FALSE,0.08
cust101833,Randall Vazquez,620526012,69,female,east,11/4/2022,FALSE,0.16
cust101834,Casey Page,3743618052,40,male,north,14-11-2021,FALSE,0.27
cust101835,Vanessa Hernandez,9829040420,47,female,north,19-01-2023,FALSE,0.23
cust101836,Mr. Glenn Levy,8212684726,54,female,north,9/3/2024,FALSE,0.33
cust101837,David Hunt,7038178355,58,female,south,17-08-2020,FALSE,0.11
cust101838,Ashley Dawson,189083871,65,male,south,9/3/2021,FALSE,0.31
cust101839,Julia Gross,5321427804,43,male,south,17-10-2020,FALSE,0.38
cust101840,Ross Miller,8830553279,61,female,north,21-11-2021,FALSE,0.18
cust101841,Lauren Cortez,9660066056,65,female,west,16-02-2021,FALSE,0.23
cust101842,Isaac Brown,3797982788,20,female,west,27-11-2023,FALSE,0.23
cust101843,Annette Frey,9214020602,42,female,east,24-08-2024,FALSE,0.26
cust101844,Matthew Hanna,206610037,20,other,north,20-08-2023,FALSE,0.25
cust101845,April Frank,8456729729,57,female,central,27-04-2025,FALSE,0.38
cust101846,Julia Thomas,9360079455,54,male,north,19-12-2022,FALSE,0.26
cust101847,Elaine Haas,2628203681,48,male,east,1/8/2023,FALSE,0.3
cust101848,Gabriella Howell,2003446010,25,female,north,19-03-2023,FALSE,0.24
cust101849,Carrie Scott,2945743316,26,female,south,11/11/2024,FALSE,0.07
cust101850,Kyle Bryant,1841761540,46,female,central,15-06-2023,FALSE,0.25
cust101851,Nathaniel Wright,7672377189,63,female,central,30-10-2024,FALSE,0.17
cust101852,Leon Bell,8583728996,64,male,central,14-02-2022,FALSE,0.12
cust101853,Sarah Thomas,2973108276,18,female,east,31-05-2025,FALSE,0.09
cust101854,Sylvia Jones,4730018859,36,female,south,28-07-2025,FALSE,0.19
cust101855,Caleb Garcia,4566274614,49,female,east,26-08-2024,FALSE,0.13
cust101856,Madison Robinson,1336363759,50,female,east,21-07-2024,FALSE,0.44
cust101857,Alexis Campbell,2330619863,53,male,west,4/6/2025,FALSE,0.39
cust101858,Christopher Smith,6071811250,44,male,north,31-10-2021,TRUE,0.17
cust101859,Wayne Evans,8736716231,70,male,east,9/3/2021,FALSE,0.29
cust101860,Kimberly Barton,3962595853,62,female,central,7/5/2025,FALSE,0.34
cust101861,Richard Drake,3630527569,55,other,south,26-10-2024,FALSE,0.18
cust101862,Jeremy Johnson,6501072358,66,other,west,1/3/2023,FALSE,0.42
cust101863,Joseph Rodgers,7030746992,21,female,west,1/6/2024,FALSE,0.31
cust101864,Kayla White,2540776581,64,female,east,6/2/2025,FALSE,0.19
cust101865,John Valentine,3803293723,55,male,north,27-05-2023,FALSE,0
cust101866,Brian Dickerson,6043471188,29,male,west,23-07-2022,FALSE,0.08
cust101867,Richard Moss,2432602704,29,male,west,4/12/2022,FALSE,0.24
cust101868,Benjamin Zavala,2852679016,30,male,south,7/5/2024,FALSE,0.15
cust101869,Lisa Gray,1434381705,60,female,north,17-02-2023,FALSE,0.2
cust101870,Marcia Moore,2061578516,65,female,central,12/1/2025,FALSE,0.11
cust101871,Austin Vincent II,885978505,23,male,east,14-06-2025,TRUE,0.23
cust101872,Annette Carpenter,5844101976,43,female,west,18-07-2024,FALSE,0.15
cust101873,Barbara Watson,3349764356,65,female,west,14-04-2022,FALSE,0.01
cust101874,Rebecca Gardner,8980494236,31,male,north,14-04-2022,FALSE,0.16
cust101875,Christopher Lopez,5211308170,58,female,west,14-12-2020,FALSE,0.13
cust101876,Jonathan Williams,6907551660,61,male,north,28-10-2022,FALSE,0.01
cust101877,Jay Bailey,9901567506,41,male,central,7/12/2023,FALSE,0.37
cust101878,Stephanie Guerra,5121138963,51,female,north,10/4/2021,FALSE,0.19
cust101879,Jamie Klein,5211178231,40,male,north,11/4/2022,FALSE,0.16
cust101880,Patricia Glass,3170689136,33,male,east,3/3/2025,FALSE,0.29
cust101881,William Patterson,23030792,56,female,west,20-07-2022,FALSE,0.19
cust101882,Jose Houston,5608883496,65,female,central,27-11-2020,FALSE,0.29
cust101883,Russell Martinez,9368143796,58,male,east,23-12-2023,TRUE,0.02
cust101884,Michael Brown,625395090,34,female,south,26-05-2021,TRUE,0.08
cust101885,Kathleen Schneider,276912672,24,female,central,25-01-2023,FALSE,0.27
cust101886,Rebecca Walker,5898009262,69,male,central,19-02-2024,TRUE,0.38
cust101887,Cory Smith,7078733248,37,male,west,23-06-2024,FALSE,0.2
cust101888,Jeffrey Parrish,1260752825,54,male,north,17-09-2020,FALSE,0.23
cust101889,Jeremiah Keith,3842244036,31,male,central,30-10-2023,TRUE,0.1
cust101890,Douglas Marshall,8961915021,42,male,west,18-02-2022,FALSE,0.2
cust101891,Nicole Petty,4711010394,39,male,east,14-01-2025,FALSE,0.11
cust101892,Kevin Snyder,8732925037,30,male,central,14-01-2021,FALSE,0.18
cust101893,Jared Peters,8311971031,52,female,north,20-05-2021,FALSE,0.29
cust101894,Jessica Walker,7730866406,40,other,south,3/12/2022,FALSE,0
cust101895,Thomas Pena,2574780422,23,female,north,23-04-2021,FALSE,0.23
cust101896,William Hill,866544161,55,female,south,28-04-2021,FALSE,0.1
cust101897,Mark Reese,9410883112,22,female,central,7/3/2024,FALSE,0.12
cust101898,Ashley Gibbs,2435087899,43,female,central,26-06-2023,FALSE,0.34
cust101899,Elizabeth Moreno,3769136830,44,female,east,7/10/2021,FALSE,0.24
cust101900,Mary Guzman,1783956661,65,female,central,10/1/2025,FALSE,0.31
cust101901,David Moore,6618549791,68,female,east,16-06-2025,FALSE,0
cust101902,Carolyn Johnston,9091245234,66,female,south,12/1/2024,FALSE,0.15
cust101903,Anthony Vaughan,5498733444,66,male,east,21-11-2021,FALSE,0.15
cust101904,Brianna Leon,4877062623,61,male,north,13-08-2020,FALSE,0.13
cust101905,Jeremiah Johnson,7574547089,49,male,west,29-04-2021,FALSE,0.25
cust101906,Eric Summers,3047002181,61,male,south,27-03-2022,TRUE,0.31
cust101907,Daniel Duncan,3137028013,36,female,north,26-07-2021,FALSE,0.07
cust101908,Denise Sanders,8856823761,59,female,south,14-02-2023,FALSE,0.08
cust101909,Vanessa Murray,8343605546,28,female,south,20-10-2022,TRUE,0.05
cust101910,Julia Smith,1277928597,58,male,west,8/3/2022,FALSE,0.34
cust101911,Brandy Oconnor PhD,5212714436,41,male,south,2/4/2021,FALSE,0.14
cust101912,Roy Hill,4472221339,52,female,north,27-12-2024,FALSE,0.19
cust101913,Jesse King,8716299191,47,female,south,23-08-2022,TRUE,0.16
cust101914,Ronald Sutton,7519606980,18,female,west,20-04-2024,FALSE,0.08
cust101915,John Smith,4639340467,70,female,south,20-04-2024,FALSE,0.24
cust101916,Andre Martin,2219592781,51,male,central,29-07-2021,FALSE,0.25
cust101917,Melissa Hardin,690357899,51,male,west,14-10-2021,FALSE,0.31
cust101918,Jerry Jones,6060934784,53,male,east,11/10/2020,FALSE,0.17
cust101919,Jamie Rodriguez,5083809492,39,male,central,6/10/2021,FALSE,0.16
cust101920,Mitchell Thompson,2516991815,56,female,east,27-11-2023,FALSE,0.13
cust101921,Melissa Cook,8613928368,31,male,west,12/6/2025,FALSE,0.38
cust101922,Lisa Clayton,2324318191,57,female,west,25-02-2025,FALSE,0.32
cust101923,Wesley Cox,192328551,53,female,central,2/6/2023,FALSE,0.2
cust101924,Paul Miller,451838360,59,female,west,6/2/2024,TRUE,0.28
cust101925,Bryan Hamilton,6395599634,53,male,south,16-05-2021,FALSE,0.13
cust101926,Leslie Gibson,4146658278,52,male,central,12/6/2025,FALSE,0.45
cust101927,Alexandra Walker DVM,6600505813,33,female,west,16-08-2023,FALSE,0.13
cust101928,Robert Cole,3502235587,49,male,south,25-01-2023,FALSE,0.15
cust101929,Christopher Ramos,1174184114,31,female,north,8/2/2024,FALSE,0.16
cust101930,Jimmy Hernandez,7487145446,31,male,east,8/8/2024,TRUE,0.4
cust101931,Brandon Delgado,5221839279,62,male,north,16-01-2021,FALSE,0.22
cust101932,Sue Roberts,5363389256,67,other,east,14-10-2021,FALSE,0.33
cust101933,Lisa Hayes,1790899704,29,female,south,3/2/2023,FALSE,0.19
cust101934,James Simon,5281718905,41,female,south,3/2/2023,FALSE,0.05
cust101935,John Whitaker,6557192041,67,female,north,7/3/2023,FALSE,0.29
cust101936,Joseph Gallagher,5462207396,18,female,central,31-05-2022,FALSE,0.12
cust101937,Kari Herring,7909851024,44,male,north,6/9/2021,FALSE,0.04
cust101938,Timothy Lewis,5081721469,39,female,central,20-07-2022,FALSE,0.15
cust101939,Thomas Nguyen,3058353729,56,female,east,21-02-2025,FALSE,0.28
cust101940,William Mcmillan,3068254849,55,male,east,15-11-2023,FALSE,0.41
cust101941,Carrie Ford,7091673710,38,female,central,26-07-2021,FALSE,0.03
cust101942,Mark Harris MD,7061375295,21,male,north,27-04-2023,FALSE,0
cust101943,Mark Rodriguez,7538568322,44,female,east,15-07-2025,FALSE,0.31
cust101944,Timothy Williams,4451169990,23,female,central,24-12-2021,FALSE,0.24
cust101945,Natalie Rogers,8995067189,65,male,west,5/3/2023,FALSE,0.13
cust101946,Janice Parrish,3549276118,68,male,west,29-01-2025,FALSE,0.25
cust101947,Amber Taylor,759020278,37,male,north,18-01-2023,FALSE,0.29
cust101948,Melinda Hobbs,8019520456,24,male,west,30-06-2023,FALSE,0.43
cust101949,Sherri Ramos MD,6858042449,40,male,east,15-03-2023,FALSE,0.18
cust101950,Traci Garcia,9040290691,25,male,central,30-11-2021,FALSE,0.35
cust101951,Amanda Mcclure,6603652802,69,female,north,4/9/2021,FALSE,0.15
cust101952,Linda Shaw,1390062311,54,male,north,4/4/2022,FALSE,0.14
cust101953,James Ballard,5008191288,53,male,south,3/4/2025,FALSE,0.25
cust101954,George Barker,6664964897,39,male,north,7/7/2025,TRUE,0.07
cust101955,Jennifer Willis,5557053471,45,female,east,23-05-2022,FALSE,0.04
cust101956,Richard Hampton,9843216327,65,male,east,27-12-2024,FALSE,0.32
cust101957,Taylor Cruz,9526146060,67,female,north,6/5/2023,FALSE,0
cust101958,Linda Barnett,8355373801,30,female,south,4/6/2021,FALSE,0.21
cust101959,Christopher Johnson,713296013,66,female,west,28-02-2021,FALSE,0.16
cust101960,Jason Mitchell,5553204015,34,male,south,7/7/2025,FALSE,0.16
cust101961,Amanda Avila,6218317982,51,male,south,20-11-2024,FALSE,0.04
cust101962,Christine Burke,1061724400,27,female,central,11/8/2020,FALSE,0
cust101963,Julie Johnson,2820440977,54,male,east,30-12-2023,FALSE,0.12
cust101964,Benjamin Sullivan,194515014,54,female,south,6/3/2025,FALSE,0.06
cust101965,Alexandra Perez,7450770609,30,male,east,24-04-2023,TRUE,0.15
cust101966,Hunter Wood,7091246995,26,male,west,1/12/2024,TRUE,0.21
cust101967,Gerald Perkins,420076133,63,male,south,18-08-2020,FALSE,0.11
cust101968,Alex Diaz,2904170910,28,other,east,7/9/2022,FALSE,0.07
cust101969,Matthew Acevedo,3271388059,65,male,east,20-02-2025,FALSE,0.23
cust101970,Amber Sanchez,5823593679,21,other,east,7/4/2024,FALSE,0.11
cust101971,Stephanie Webb,5634556712,64,female,north,17-05-2023,FALSE,0.08
cust101972,Timothy Reyes,185200213,47,female,west,18-02-2025,FALSE,0.16
cust101973,Anna Tanner,3737583199,23,male,north,14-02-2022,TRUE,0.23
cust101974,Laura Long,2897113344,67,male,south,23-06-2024,FALSE,0.45
cust101975,Carl Perez,6013789269,20,female,south,30-08-2022,FALSE,0.39
cust101976,Justin Chen DVM,954750296,30,female,south,18-09-2024,FALSE,0.05
cust101977,Felicia Estrada,6867466942,54,female,east,9/1/2025,FALSE,0.04
cust101978,Jacob Gomez,2866437402,64,male,north,3/5/2024,FALSE,0.21
cust101979,Michael Austin,1490620241,52,female,west,1/5/2024,FALSE,0.27
cust101980,Amy Foster,2851240614,60,female,central,16-02-2024,FALSE,0.18
cust101981,Krystal Velez,9374632276,18,male,central,26-08-2024,FALSE,0.46
cust101982,Jerry Wolfe,5387148994,40,male,south,29-08-2023,FALSE,0.34
cust101983,Andrew Daniels,2647296691,24,male,east,19-09-2020,FALSE,0.4
cust101984,Gabriel Tran,1309458615,28,female,west,19-07-2024,TRUE,0.15
cust101985,Lisa Mccoy,7409097741,50,male,central,1/8/2025,FALSE,0.09
cust101986,Katherine Conley,5761034025,68,male,north,8/2/2022,FALSE,0.07
cust101987,Haley Khan,715953144,21,female,north,8/2/2023,FALSE,0.19
cust101988,Benjamin Miller,8164414352,44,male,north,12/4/2025,FALSE,0.05
cust101989,Deanna Young,4122076960,61,female,central,27-01-2024,TRUE,0.12
cust101990,Pam Flynn,4239372813,37,female,north,30-05-2025,FALSE,0.15
cust101991,David King,7014198940,63,female,east,5/8/2023,FALSE,0.31
cust101992,Kimberly Blair,3104441931,64,female,south,13-09-2021,FALSE,0.14
cust101993,Nicholas Moore,426001287,64,male,west,29-03-2025,FALSE,0.03
cust101994,Bradley Singleton,6549289558,21,female,central,1/7/2023,FALSE,0.15
cust101995,Jaclyn Crawford,3866653114,59,male,north,3/8/2022,FALSE,0.22
cust101996,Rachel Stanley,8534638810,21,female,central,6/3/2021,FALSE,0.27
cust101997,Matthew Riley,774158790,25,female,east,3/7/2024,FALSE,0.09
cust101998,David Howe,4705794168,24,female,north,26-08-2024,FALSE,0.28
cust101999,Deborah Conner,9278809463,39,female,central,30-06-2022,FALSE,0.37
cust102000,Brandon Hartman,3363731747,49,female,east,19-05-2022,FALSE,0.26
cust102001,Joel Smith,7309567939,66,female,west,23-03-2021,FALSE,0.23
cust102002,Mrs. Tammy Ford,5947130548,37,female,south,2/4/2024,FALSE,0.15
cust102003,Lisa Tyler,4039342655,65,male,north,23-12-2020,FALSE,0.13
cust102004,Robin Browning,5172568920,69,female,east,3/8/2021,FALSE,0
cust102005,Linda Haas,4940365878,32,male,east,24-05-2022,FALSE,0.27
cust102006,Tiffany Mccall,4007134458,24,male,central,28-03-2021,TRUE,0.16
cust102007,Kevin Juarez,2336346363,55,male,central,3/7/2021,FALSE,0.22
cust102008,Nichole Garcia,4270787773,47,female,east,5/5/2025,FALSE,0.26
cust102009,Jessica Hines,7695562852,48,male,north,22-03-2021,FALSE,0.11
cust102010,Yvonne Anderson,2001475863,68,female,north,20-10-2021,TRUE,0.32
cust102011,Matthew Mercado,8544123942,70,female,west,24-07-2021,FALSE,0.21
cust102012,Michelle Ingram,4281930795,23,female,central,17-03-2021,FALSE,0.38
cust102013,Paul Smith,6531523127,20,female,north,7/3/2021,FALSE,0.22
cust102014,Christopher Le,9237574445,18,male,central,14-02-2024,FALSE,0.24
cust102015,Hailey Strickland,1244364296,37,female,north,14-06-2025,FALSE,0.17
cust102016,Brady Wood,3413684514,57,female,west,17-06-2022,FALSE,0.38
cust102017,Jason Summers,8355196440,67,male,west,16-10-2021,FALSE,0
cust102018,Robert Ross,6073721470,19,female,central,14-01-2024,FALSE,0.14
cust102019,Christopher Smith,2105793748,24,male,west,19-09-2024,FALSE,0.16
cust102020,Andrew King,2158720840,27,female,east,24-02-2024,FALSE,0.02
cust102021,Carl Hunter,1974807814,65,male,central,17-10-2023,FALSE,0.1
cust102022,Amy Hill,9356683033,24,male,west,9/11/2021,TRUE,0
cust102023,Heather Rodriguez,4705261759,37,male,central,8/5/2021,TRUE,0.22
cust102024,James Moore,6650525171,49,female,west,20-03-2025,FALSE,0.03
cust102025,Daniel Johnson,77480309,40,male,east,7/6/2022,FALSE,0.24
cust102026,Christine Mendez,6533163498,55,female,central,4/8/2022,FALSE,0.17
cust102027,Kyle Randolph,2037649356,24,female,east,28-10-2023,FALSE,0.1
cust102028,Lindsey Bullock,5324416779,20,female,south,6/5/2024,FALSE,0.01
cust102029,Erica Hampton,73074871,58,female,west,2/6/2022,FALSE,0.12
cust102030,Miranda Hernandez,3075220953,53,female,central,20-08-2024,FALSE,0.24
cust102031,Christopher Johnson,2826449863,33,male,west,28-09-2020,FALSE,0.18
cust102032,Dennis Kelley,2685653415,28,male,north,8/6/2022,FALSE,0.28
cust102033,Michael Newman,6245505117,66,female,south,25-10-2022,FALSE,0.11
cust102034,Ashley White,260404412,33,female,central,24-12-2020,FALSE,0.39
cust102035,Jennifer Bradford,6968917359,63,female,west,18-01-2021,FALSE,0.17
cust102036,Phillip Rose,8501272403,59,male,central,20-07-2022,FALSE,0.1
cust102037,Kathleen Baker,7827885470,33,male,east,24-07-2025,FALSE,0.36
cust102038,Andrew May,8287701586,51,female,central,19-06-2025,FALSE,0.36
cust102039,John Hernandez,7994824348,50,female,south,20-03-2025,FALSE,0.19
cust102040,Joseph Morgan,9945997835,66,female,south,16-02-2025,FALSE,0.14
cust102041,Jennifer Reilly,7589312051,54,male,south,20-11-2022,FALSE,0.31
cust102042,Tyrone Merritt,2956711310,19,female,north,1/7/2025,FALSE,0.09
cust102043,David Collins,2708358896,20,female,central,26-08-2024,FALSE,0.31
cust102044,Casey Valdez,806720071,57,female,west,26-01-2023,FALSE,0.03
cust102045,Ivan Erickson,8462340887,49,male,east,2/5/2024,FALSE,0.19
cust102046,Daniel Edwards,2528463523,48,male,north,25-09-2021,FALSE,0.2
cust102047,Rodney Ballard,3699120539,58,male,west,12/11/2022,FALSE,0.34
cust102048,Cheryl Hurst,5577368875,33,female,south,25-09-2020,TRUE,0
cust102049,Brandon Watkins,8884017655,63,female,south,18-09-2024,FALSE,0.23
cust102050,Michelle Peterson,9188762007,24,male,east,22-07-2021,FALSE,0.19
cust102051,Mark Cisneros,1953577883,40,male,north,29-05-2022,FALSE,0.2
cust102052,Kathryn Johnson MD,9659070717,30,male,north,3/2/2025,TRUE,0.09
cust102053,Erin Johnson,4321754275,39,female,west,29-07-2021,FALSE,0.04
cust102054,Victoria Chang,4696655327,57,female,north,25-03-2022,FALSE,0.14
cust102055,Daniel Garcia,4228623418,47,male,east,4/11/2021,FALSE,0.17
cust102056,Angela Herman,1549714274,67,female,central,23-12-2024,TRUE,0.38
cust102057,Diana Wood,9139172375,28,male,north,11/12/2024,FALSE,0.21
cust102058,Stephanie Taylor,6782857010,66,female,west,18-01-2022,FALSE,0.2
cust102059,Douglas Perkins,5661948603,58,male,north,26-10-2024,FALSE,0.28
cust102060,Kelli Horne,7894388144,51,female,central,18-05-2023,FALSE,0.01
cust102061,Kyle Watkins PhD,8544613854,31,male,south,26-01-2024,FALSE,0.29
cust102062,Joseph Ibarra,4632107365,64,male,south,1/3/2022,FALSE,0.31
cust102063,Douglas Johnson,4639151800,43,female,north,11/12/2022,FALSE,0.31
cust102064,William Medina,2688647475,30,female,north,21-06-2023,FALSE,0.16
cust102065,Chelsea Ryan,4833419012,27,male,south,3/12/2022,FALSE,0.05
cust102066,Donna Mccormick,1027345758,33,female,west,30-10-2022,FALSE,0.08
cust102067,Andrew Brewer,5752687970,18,female,east,12/3/2021,FALSE,0.23
cust102068,Vickie Gallegos,5728454841,58,female,east,15-08-2020,TRUE,0.26
cust102069,Nancy Wagner,5533714387,43,female,central,3/8/2024,FALSE,0.35
cust102070,Rachel Bowen,850423679,49,female,east,31-03-2023,TRUE,0.38
cust102071,Tracy Duncan,6932114342,47,male,east,28-01-2022,FALSE,0.3
cust102072,Kayla Hernandez,476507938,28,male,east,31-01-2021,FALSE,0.2
cust102073,Alice Bryant,9824172476,37,female,north,20-09-2023,FALSE,0.23
cust102074,Matthew Webb,1352697183,56,male,east,26-05-2022,FALSE,0.17
cust102075,Sharon Brown,4722532138,65,female,central,25-01-2021,FALSE,0.33
cust102076,Daniel Morgan,4672525963,66,male,central,28-08-2021,FALSE,0.27
cust102077,Adrian Jimenez,2102830770,62,male,south,25-05-2024,FALSE,0.23
cust102078,Ruben Stephens,1280387041,66,male,east,19-04-2025,FALSE,0.05
cust102079,Jamie Salinas,3494091631,57,female,east,29-10-2021,FALSE,0.33
cust102080,Sydney Wang,9542135028,43,male,central,15-05-2023,FALSE,0.02
cust102081,Calvin Herrera,6406293865,44,female,north,14-01-2025,FALSE,0.35
cust102082,Gregory Wood,1100139139,42,male,south,20-02-2023,FALSE,0.32
cust102083,Meghan Gutierrez,4144188921,30,male,north,11/10/2023,FALSE,0.01
cust102084,Sara Knight,3831011309,70,male,south,2/7/2022,FALSE,0.19
cust102085,Robert Rios,7894777452,60,female,east,11/10/2022,FALSE,0.05
cust102086,William Moore,8144721826,69,male,central,9/6/2024,TRUE,0.18
cust102087,Crystal Harding,1382561281,29,male,south,30-08-2021,FALSE,0.27
cust102088,Donald Mullen,2556122873,63,female,north,30-08-2024,FALSE,0.18
cust102089,Alice Patel,5960727813,31,female,east,26-03-2024,FALSE,0.04
cust102090,Olivia Mills DVM,7326972012,29,female,central,25-01-2023,FALSE,0.23
cust102091,Michael Hawkins,2731910899,18,female,east,3/10/2022,FALSE,0.23
cust102092,Andrew Taylor,320634297,59,female,south,1/4/2025,FALSE,0.2
cust102093,Michael Davis,9939755292,67,female,west,11/2/2022,TRUE,0.07
cust102094,Mia Gomez,9590860337,28,male,central,22-06-2024,FALSE,0.16
cust102095,Patrick Patrick,411179036,19,female,east,12/7/2024,FALSE,0.23
cust102096,Christopher Smith,9753377431,55,male,east,14-02-2022,TRUE,0.18
cust102097,Michael Berg,4878011458,54,male,east,12/10/2023,FALSE,0.45
cust102098,Kimberly Foster PhD,1379147177,51,male,east,24-08-2021,FALSE,0.23
cust102099,Brian Johnson,8632160636,31,female,central,10/3/2021,FALSE,0.18
cust102100,Phillip Russo,2488833316,49,male,central,30-05-2022,FALSE,0.26
cust102101,Jennifer Johnson,3480640338,24,male,west,28-06-2021,FALSE,0.07
cust102102,Allison Buchanan,8877197776,64,male,east,29-03-2021,FALSE,0.25
cust102103,Linda Kirk,5130213053,18,male,south,14-06-2023,TRUE,0.39
cust102104,Pamela Rodriguez,3907137121,24,male,east,23-06-2022,FALSE,0.09
cust102105,William Rios,8960597440,24,female,east,22-02-2023,FALSE,0.24
cust102106,Joseph Estrada,8744000643,27,male,central,11/7/2024,FALSE,0.29
cust102107,Gregory Morgan,8636991155,21,male,north,24-02-2023,TRUE,0
cust102108,Lori Davidson,9056570740,58,male,west,30-05-2022,TRUE,0.4
cust102109,Brenda Li,7579713209,46,male,north,3/3/2022,FALSE,0.07
cust102110,Christopher Waters,5640305140,41,male,south,1/3/2025,FALSE,0.16
cust102111,Nathaniel Hogan,410089623,38,male,central,26-11-2023,FALSE,0.25
cust102112,Barbara Cooper,1199793175,37,female,east,5/7/2025,FALSE,0.17
cust102113,Julie Vincent,2590889050,49,male,south,21-12-2020,FALSE,0.3
cust102114,Joseph Hall,7401144333,24,female,south,12/3/2024,FALSE,0.22
cust102115,Elizabeth Brooks,6630690198,58,female,north,30-11-2024,FALSE,0.27
cust102116,Maxwell Hendricks,7990597003,70,female,south,29-12-2021,FALSE,0.21
cust102117,Elizabeth Leon,9213208722,68,female,south,24-07-2021,FALSE,0.38
cust102118,Amanda Washington,4318812171,44,male,north,13-08-2023,FALSE,0
cust102119,David Leon,3182400267,48,female,east,29-07-2024,FALSE,0.24
cust102120,Susan Walters,4802479326,27,female,south,20-11-2022,FALSE,0.16
cust102121,Deborah Fritz,7287795629,42,male,central,26-01-2024,FALSE,0.08
cust102122,Madison Dominguez,8012806280,52,male,east,9/4/2022,FALSE,0.1
cust102123,Laura Hoffman,880995698,55,female,west,8/5/2023,FALSE,0.13
cust102124,Cynthia Weaver,7645594405,21,female,south,24-10-2023,FALSE,0.27
cust102125,Allison Russell,6923084387,49,female,central,16-06-2021,FALSE,0.09
cust102126,Stacy Spence,7918404204,43,female,west,13-02-2021,FALSE,0.18
cust102127,Shannon Davis,9253207166,70,female,south,16-12-2023,FALSE,0.23
cust102128,Ms. Jacqueline Fuller MD,9669107124,67,female,north,29-12-2022,FALSE,0.06
cust102129,Nicole Barnes,1473468998,68,female,south,11/5/2024,FALSE,0.33
cust102130,James Tran,3038417007,35,male,central,28-07-2022,TRUE,0.49
cust102131,Timothy Hunt,9861533570,40,male,west,22-10-2020,FALSE,0.12
cust102132,Jason Nash,1071907700,34,female,south,23-10-2021,FALSE,0.31
cust102133,Ms. Melissa Bowman,1597050909,20,male,south,10/6/2025,FALSE,0.16
cust102134,Tammy Kelly,1153195669,38,female,east,15-03-2025,FALSE,0.26
cust102135,Andrea Hunt,4007371271,43,male,west,19-07-2022,FALSE,0.18
cust102136,Jessica Montgomery,4201279357,61,male,central,10/6/2024,FALSE,0.47
cust102137,Christian Duncan,6154175390,50,male,east,7/12/2020,FALSE,0.16
cust102138,James Jones,9249600467,39,male,south,30-07-2025,FALSE,0.3
cust102139,William Cain,1918779524,40,male,central,13-04-2023,FALSE,0.27
cust102140,Jason Bernard,1710631127,36,female,south,26-03-2024,FALSE,0.07
cust102141,Michael Vargas,4431418886,70,male,north,10/11/2022,FALSE,0
cust102142,Oscar Bryant DVM,5640741855,29,female,west,22-05-2023,FALSE,0.27
cust102143,Ashley Morrow,5553028794,46,female,south,22-02-2023,FALSE,0.3
cust102144,Kaitlin Oliver,7762484572,59,female,north,15-05-2025,FALSE,0.14
cust102145,Steven Wang,7481746808,46,male,east,14-03-2025,TRUE,0.12
cust102146,Christina Young,4959753959,30,male,north,17-01-2025,FALSE,0.32
cust102147,Taylor Hart,7199142069,62,male,central,12/5/2021,FALSE,0.3
cust102148,Diane Cain,8095702653,33,male,west,27-04-2025,FALSE,0.31
cust102149,Christopher Moore,7209619161,31,male,north,22-06-2024,TRUE,0.23
cust102150,Ronald Griffin,7316032599,66,male,east,10/8/2023,FALSE,0.11
cust102151,Rachel Scott,8740692067,26,male,west,10/5/2022,FALSE,0.05
cust102152,Hannah Chambers,5201668208,39,female,north,19-07-2025,FALSE,0
cust102153,Ashley Fowler,3897541314,23,male,south,25-02-2025,FALSE,0.19
cust102154,Alexa Garcia,8060074402,55,male,east,12/11/2021,FALSE,0.43
cust102155,Richard Lang,2873897029,59,female,east,7/10/2021,FALSE,0.26
cust102156,Paige Ramos,3960552220,24,female,east,3/6/2021,FALSE,0.19
cust102157,Brandy Gonzalez,7254205408,28,male,central,25-07-2023,FALSE,0.02
cust102158,James Robles,4588655670,45,other,east,10/11/2020,FALSE,0.12
cust102159,Kristin Collier,5958922133,43,male,south,3/2/2025,FALSE,0.2
cust102160,Julie Espinoza,6966367818,53,other,central,31-12-2023,FALSE,0.17
cust102161,Thomas Hardy,1101681226,31,female,east,22-12-2021,FALSE,0.31
cust102162,William Houston,4504671838,22,female,north,4/7/2021,FALSE,0.18
cust102163,Sandra Smith,6242903227,25,female,north,27-05-2022,FALSE,0.28
cust102164,Robert Bradley,8946690516,43,female,north,25-04-2021,FALSE,0.19
cust102165,Christina Smith,5416170044,21,male,west,11/11/2023,FALSE,0.18
cust102166,Melanie Madden,2994671097,36,male,west,20-02-2023,FALSE,0.35
cust102167,John Contreras,9993248845,55,male,east,9/6/2023,FALSE,0.11
cust102168,Jacob Randall,7684155263,44,female,central,25-02-2022,FALSE,0.17
cust102169,Jessica Williamson,9361950008,36,male,central,25-02-2021,FALSE,0.04
cust102170,Timothy Taylor,9536678101,26,female,south,17-04-2022,FALSE,0.21
cust102171,Joseph Wiggins,1476830346,27,female,central,14-10-2022,FALSE,0.33
cust102172,Ricardo Beasley,6912767402,53,male,north,17-03-2023,FALSE,0.28
cust102173,Hannah Mcknight,8090222129,48,female,central,20-05-2024,FALSE,0.29
cust102174,David Patel,9165668930,32,male,south,7/1/2022,FALSE,0.33
cust102175,Christopher Mooney,2926479682,61,male,central,16-12-2021,FALSE,0.28
cust102176,Nicholas Murray,3698966110,65,male,south,6/10/2021,TRUE,0.29
cust102177,Nicole Klein,3957333828,39,female,west,1/8/2023,FALSE,0.25
cust102178,Sherry Vasquez,7064489998,34,female,south,13-02-2023,FALSE,0.08
cust102179,Christopher Russell,7913560793,23,male,west,17-08-2021,TRUE,0.26
cust102180,Gloria Kemp,4827854709,58,male,central,9/6/2022,FALSE,0.31
cust102181,David Wong,2483145041,40,male,east,24-02-2024,FALSE,0.09
cust102182,Andrew Simmons,9312795491,28,male,east,20-11-2022,FALSE,0.23
cust102183,Mr. Gregg Arias,8939119620,20,male,south,18-02-2025,FALSE,0.33
cust102184,Richard Howard,5338553,47,male,north,14-08-2020,FALSE,0.16
cust102185,Brandon Taylor,5237460501,42,female,east,13-09-2020,FALSE,0.04
cust102186,David Wade,493829546,56,female,east,27-01-2023,FALSE,0.21
cust102187,Tracy Johnston,5483748735,69,female,north,4/5/2024,FALSE,0.39
cust102188,Kristina Lawson,7612693146,44,female,west,21-06-2021,FALSE,0.09
cust102189,Jon Lloyd,9299550662,58,male,central,29-08-2022,TRUE,0.19
cust102190,Kelly Williams,9185830174,37,male,north,28-11-2023,FALSE,0.11
cust102191,Natalie Morgan,705605517,18,male,central,21-06-2021,FALSE,0.16
cust102192,Hayden Stephens,6369744616,48,female,north,21-01-2024,FALSE,0.23
cust102193,Kenneth Lee PhD,8081214425,65,male,south,23-12-2023,FALSE,0.38
cust102194,Michael Espinoza,2987969893,26,female,central,6/4/2022,FALSE,0.11
cust102195,Sherry Mueller,3730479776,68,male,east,19-06-2024,FALSE,0.11
cust102196,Philip Santiago,9159706190,42,male,west,27-05-2025,TRUE,0.1
cust102197,Victoria Smith PhD,4929415983,45,male,south,27-07-2023,FALSE,0.07
cust102198,Michael Alvarez MD,4697835881,33,male,central,6/5/2024,FALSE,0.02
cust102199,Heather Clayton,4141718722,67,male,south,3/11/2023,FALSE,0.1
cust102200,Caitlin Hayes,1021523049,44,female,central,5/4/2024,FALSE,0.19
cust102201,Lisa Henderson,5328147668,41,male,south,17-09-2021,FALSE,0.2
cust102202,Jeremy Zhang,9474386579,26,female,east,17-07-2025,FALSE,0.34
cust102203,Ronald Smith,9620436910,40,female,east,20-02-2022,FALSE,0.1
cust102204,Dr. Rachel Brown,1883462904,44,male,south,19-09-2024,TRUE,0.11
cust102205,Matthew Curtis,7416363645,69,male,east,26-12-2020,FALSE,0.11
cust102206,Brittney Bond,736837601,50,female,east,22-06-2025,FALSE,0.22
cust102207,Justin Nicholson,5659632933,40,female,east,15-02-2023,FALSE,0.18
cust102208,Daniel French,1985563046,30,female,east,30-07-2022,FALSE,0.29
cust102209,Lori Macias MD,8735460769,53,female,east,28-09-2021,FALSE,0.11
cust102210,Kevin Mcdowell,3893001239,23,male,west,28-07-2025,FALSE,0.31
cust102211,Richard Alexander,9700770056,70,male,east,15-02-2021,FALSE,0.31
cust102212,Amanda Peters,7358468071,18,female,east,16-12-2020,FALSE,0.17
cust102213,John Stein,5224936981,42,male,central,19-07-2021,FALSE,0.13
cust102214,Cody Brown,4995720806,38,male,west,21-05-2025,FALSE,0.22
cust102215,Mike Reed,1150927368,58,female,south,14-09-2021,FALSE,0.11
cust102216,Justin Kerr,1481024500,32,male,central,8/1/2025,FALSE,0.44
cust102217,Adam Fuentes,4720724090,57,female,north,12/7/2024,FALSE,0.22
cust102218,Hannah Ward,2572366952,50,female,east,29-11-2022,FALSE,0.3
cust102219,Benjamin Johnson,5362864528,18,male,west,19-08-2020,FALSE,0.05
cust102220,Michael Mcdonald,9315353576,19,male,west,4/4/2025,FALSE,0
cust102221,Marc Brown,372815138,45,female,north,20-08-2023,FALSE,0.28
cust102222,Tracy Reed,994705316,61,male,east,20-05-2021,FALSE,0.26
cust102223,Mark Gibson,443283073,42,male,west,27-09-2024,FALSE,0.11
cust102224,Susan Robinson,6282430214,61,female,south,25-03-2023,TRUE,0.13
cust102225,Ashley Russell,5520514663,45,female,south,10/6/2021,FALSE,0.12
cust102226,Joseph Lawrence,9050477189,62,female,central,25-10-2021,FALSE,0.23
cust102227,Mary Smith,5465712746,52,female,south,4/11/2020,FALSE,0.31
cust102228,Zachary Hudson,2880831053,33,female,north,3/1/2021,FALSE,0.01
cust102229,Taylor Mccoy,1262144203,23,male,west,10/3/2024,FALSE,0.26
cust102230,Matthew Garcia,2534029399,20,male,north,20-12-2021,FALSE,0.1
cust102231,Catherine Castaneda,5180926735,23,male,west,24-07-2022,FALSE,0.14
cust102232,Darrell Daniels,8163805066,40,female,central,9/12/2023,FALSE,0.18
cust102233,Bruce Bird,5202457814,30,female,south,28-02-2025,FALSE,0.04
cust102234,Vincent Hunt,7028598008,67,female,north,26-12-2020,FALSE,0.54
cust102235,Julie Pham,596880339,19,male,central,15-09-2020,FALSE,0.49
cust102236,Russell Taylor,5057115978,24,female,east,23-10-2023,FALSE,0.29
cust102237,Chelsea Nelson,499926778,47,female,north,14-05-2024,FALSE,0.28
cust102238,Jaime Cain,7774129221,22,female,west,23-04-2024,FALSE,0.07
cust102239,John Mayer,8248157407,53,female,west,5/8/2024,FALSE,0.49
cust102240,Allison Keller,8790594773,56,female,north,27-03-2023,FALSE,0.2
cust102241,Tyler King,6859663627,43,female,west,25-07-2023,TRUE,0.19
cust102242,Diana Smith,2837150563,41,female,east,15-04-2023,FALSE,0.34
cust102243,William Hunter,3908215552,48,male,south,9/9/2021,FALSE,0.23
cust102244,Linda Rogers,7079931012,70,female,south,15-04-2023,FALSE,0.11
cust102245,Sylvia Reed,9689338679,70,male,south,17-12-2022,FALSE,0.17
cust102246,Dominique Smith,6794304575,39,male,east,19-05-2023,TRUE,0.15
cust102247,Susan Hernandez,123080516,31,female,central,8/11/2021,FALSE,0.21
cust102248,Christy George,2636396527,27,female,east,25-12-2024,FALSE,0.27
cust102249,Jennifer Levine,6234634106,33,male,east,25-08-2022,FALSE,0.26
cust102250,Joshua Singleton,1569573432,44,male,central,23-09-2024,FALSE,0.36
cust102251,Rebecca Moore,8394904306,27,female,central,16-02-2022,FALSE,0.2
cust102252,Eric Garcia,5704568114,38,male,east,6/11/2024,FALSE,0.31
cust102253,Angela Holmes,7720215878,52,male,east,4/1/2025,TRUE,0.4
cust102254,Brian Olson,2417029192,63,female,west,20-08-2022,FALSE,0.05
cust102255,Michael Oneal,8701995839,41,female,central,19-09-2023,FALSE,0.29
cust102256,Nina Ayala,7095160341,64,female,central,19-04-2021,FALSE,0.07
cust102257,Jeffrey Robles,8005111682,43,male,east,12/9/2024,FALSE,0.02
cust102258,Russell Phillips,3832641687,23,male,south,6/5/2024,FALSE,0.39
cust102259,Kathleen Roberts,7580784614,59,male,north,2/11/2022,FALSE,0.34
cust102260,Kristen Gill,7221243748,38,female,south,17-06-2022,FALSE,0.26
cust102261,Donna Blevins,8940239902,32,female,east,6/12/2020,TRUE,0.14
cust102262,Rachel Lawson,9754505168,31,male,east,15-08-2023,FALSE,0.38
cust102263,Beth Young,2966101955,49,female,west,11/12/2024,FALSE,0.04
cust102264,Dr. William Goodwin III,4639982559,19,male,west,6/10/2021,FALSE,0.21
cust102265,Joel Buchanan,6449386470,45,female,central,1/5/2023,FALSE,0.26
cust102266,Heather Neal,987908636,41,female,south,14-06-2024,FALSE,0.35
cust102267,Michael Padilla,1861931494,60,female,west,27-09-2023,FALSE,0.02
cust102268,Jennifer Shaw,9031039608,57,female,south,18-09-2022,FALSE,0
cust102269,Stacey Callahan,1257577731,25,male,north,19-02-2023,FALSE,0.21
cust102270,Dr. Michael Hale,945558513,46,male,north,23-01-2025,TRUE,0.24
cust102271,Mark Nelson,6301467471,41,male,north,17-05-2025,FALSE,0.22
cust102272,Joshua Peck,8646168858,33,male,east,5/4/2023,FALSE,0.09
cust102273,Nicole Haynes,3213244876,43,female,north,19-12-2024,FALSE,0.19
cust102274,Paul Kelly,836539241,64,male,north,10/6/2023,FALSE,0.02
cust102275,Mary Taylor,9656218543,44,male,north,4/4/2024,FALSE,0.25
cust102276,Michael Martin,4329658878,49,male,central,14-07-2021,FALSE,0.31
cust102277,Christie Lawrence,6084139196,45,female,south,9/11/2024,FALSE,0.11
cust102278,Omar Cross,8033446637,66,other,east,23-06-2022,TRUE,0
cust102279,Michael Jones,6362086143,46,male,east,20-09-2022,FALSE,0.18
cust102280,Larry Pearson,6068187420,42,female,east,16-06-2023,FALSE,0.18
cust102281,Anna White,9292260300,46,male,central,31-07-2023,FALSE,0.19
cust102282,Brian Parker,3747493555,32,female,south,24-01-2023,FALSE,0.36
cust102283,Tracy Hayes,2540666615,63,male,south,21-09-2020,FALSE,0.22
cust102284,Charles Blair,255887045,26,female,north,18-04-2021,FALSE,0.45
cust102285,Eric Fisher,1977790959,26,male,west,22-12-2023,FALSE,0.25
cust102286,Briana James,3499300253,19,male,west,23-02-2025,TRUE,0.07
cust102287,Trevor Clark,9986345779,56,female,north,19-09-2021,FALSE,0.34
cust102288,Laura Day,6486118452,36,male,east,19-12-2022,FALSE,0.19
cust102289,Christopher Green,902783700,61,female,central,6/9/2023,FALSE,0.14
cust102290,Gregory Paul,8091152763,50,female,north,26-05-2024,FALSE,0.23
cust102291,Jonathan Merritt,2743691429,30,female,east,23-08-2022,FALSE,0.21
cust102292,Mrs. Lori Weaver,7373806557,46,male,south,20-05-2025,TRUE,0.01
cust102293,Sean Horton,6298389665,69,male,central,12/8/2020,FALSE,0.1
cust102294,Mary Pacheco,9803329360,24,male,north,22-07-2021,FALSE,0.34
cust102295,Christopher Carter,8301533778,59,female,central,5/9/2021,FALSE,0.22
cust102296,Stephen Rogers,1860932422,34,female,south,17-07-2022,FALSE,0.28
cust102297,Courtney Rodgers,2899800251,19,female,south,8/8/2021,FALSE,0.32
cust102298,David Diaz,576060584,63,male,east,19-10-2020,TRUE,0.42
cust102299,Julia Jones,4627944721,63,female,east,20-10-2023,FALSE,0.12
cust102300,George Rivera,298058340,28,male,north,31-05-2021,FALSE,0.12
cust102301,Michele Whitehead,8998025239,28,male,south,2/1/2024,FALSE,0.09
cust102302,Gregory Wilson,4160077741,18,female,west,8/6/2024,TRUE,0.13
cust102303,Dr. Joseph Fischer MD,4443471667,70,male,east,22-04-2021,FALSE,0.09
cust102304,Patrick Reyes,6399198902,67,other,east,28-03-2023,FALSE,0.2
cust102305,Ms. Tracy Williams MD,5614099838,56,female,west,23-11-2020,FALSE,0.19
cust102306,Anthony Blanchard,1160813981,65,female,west,20-01-2024,FALSE,0.27
cust102307,Matthew Oliver,9999848962,18,male,south,26-04-2023,FALSE,0.06
cust102308,Jay Henderson,7160546154,39,male,south,29-04-2021,FALSE,0.12
cust102309,Diamond George,4406973233,53,male,west,2/3/2021,FALSE,0.24
cust102310,Ellen Johnson,3250328335,29,female,north,28-07-2024,FALSE,0.28
cust102311,Manuel Coleman,2884823204,70,male,west,23-07-2024,FALSE,0
cust102312,Brandi Brown,2219189187,62,female,central,27-12-2022,FALSE,0.13
cust102313,Melanie Lucas,8023498945,35,female,west,7/10/2022,FALSE,0.17
cust102314,Rebecca Walker,26735736,51,female,east,29-07-2023,FALSE,0
cust102315,Claire Duncan,11328876,35,female,central,12/11/2024,FALSE,0.25
cust102316,Lauren Francis,8029101744,33,female,north,23-07-2021,FALSE,0.34
cust102317,Robert Kelly,8229732606,28,female,east,18-04-2022,FALSE,0
cust102318,Michael Smith,2305922691,60,female,central,24-07-2023,FALSE,0.01
cust102319,Dillon Watson,2883407300,23,female,west,14-02-2022,FALSE,0.31
cust102320,Cassandra Sanchez,2625113355,41,male,central,21-06-2023,FALSE,0.34
cust102321,Jeremy Herrera,8459792583,32,female,south,11/4/2024,FALSE,0.05
cust102322,Peter Hill,1687909256,52,female,central,4/3/2023,FALSE,0.08
cust102323,Brett Martin,8000361204,28,female,south,30-06-2025,FALSE,0.28
cust102324,Justin Moses,2631821814,31,female,central,13-11-2024,FALSE,0.17
cust102325,Paul Smith,8733970368,30,female,west,8/1/2024,FALSE,0.14
cust102326,Amanda Boyle,4649368337,19,male,south,18-10-2023,FALSE,0.39
cust102327,Jacqueline Garcia,3018172277,44,female,south,12/7/2024,FALSE,0.24
cust102328,Lynn Simon,2811450264,25,female,north,1/12/2022,TRUE,0
cust102329,Renee Blake,6170668606,47,male,north,28-07-2025,FALSE,0.23
cust102330,Mark Johnson,4044633259,26,female,west,3/12/2023,FALSE,0.03
cust102331,Timothy Horne,8670548429,35,male,west,25-12-2024,FALSE,0.29
cust102332,Rebecca Martinez,7875802945,67,male,west,24-01-2023,FALSE,0.32
cust102333,Katie Decker,7418611652,47,female,central,19-03-2023,FALSE,0.25
cust102334,David Torres,1707674598,39,male,west,7/11/2023,FALSE,0.31
cust102335,Susan Johnson,9377739127,42,male,east,5/8/2025,TRUE,0.44
cust102336,Bryan Mccall,1417743796,26,male,north,19-01-2023,FALSE,0.29
cust102337,Lisa Williamson,3834811715,29,female,north,3/10/2023,FALSE,0.16
cust102338,Mr. Gabriel Hopkins,9842202808,43,male,east,8/6/2022,FALSE,0.07
cust102339,Charles Shepard,7822660827,51,male,north,5/10/2021,FALSE,0.23
cust102340,John Kennedy,5229056606,42,male,north,11/7/2023,FALSE,0.08
cust102341,Andrew Brown,4917520457,62,female,north,29-09-2023,TRUE,0.03
cust102342,Sarah Brown,749820226,41,male,north,16-12-2024,FALSE,0.14
cust102343,Brittney Parker,633661265,66,male,south,10/3/2023,FALSE,0
cust102344,Cody Rice,1969614580,32,female,west,29-09-2022,FALSE,0.04
cust102345,Shawn Tucker,8269775770,32,male,north,17-09-2020,TRUE,0.26
cust102346,Christopher Johnson,3567465160,29,male,east,9/8/2021,FALSE,0.14
cust102347,Paul Alexander,8267133680,24,male,south,27-08-2020,FALSE,0.16
cust102348,Brandy Owens,1586650028,20,male,east,14-09-2023,FALSE,0.2
cust102349,Benjamin Trevino,4333728999,52,male,south,16-12-2020,FALSE,0
cust102350,Juan Garcia,5001542593,36,female,east,19-08-2022,FALSE,0.22
cust102351,Dustin Pope,105318916,19,female,central,13-02-2022,FALSE,0.2
cust102352,Kaitlyn Cross,9942142609,32,other,central,3/9/2021,FALSE,0.19
cust102353,Mallory Nunez,9851566887,36,male,west,21-04-2024,FALSE,0.24
cust102354,Wendy Cain,1818806766,22,male,south,30-11-2020,FALSE,0
cust102355,Angela Graham,2616025520,18,male,central,18-11-2024,FALSE,0.43
cust102356,Catherine Garrett,375048086,27,female,south,15-08-2024,FALSE,0.16
cust102357,Christopher Gilbert,2206103701,32,female,south,20-11-2020,FALSE,0.03
cust102358,John Gibson,9075855749,33,male,central,30-03-2021,FALSE,0.21
cust102359,Olivia Valdez,9403898679,51,female,west,19-04-2024,FALSE,0.05
cust102360,Jeffrey Wood,5846646251,64,female,west,12/2/2021,FALSE,0.21
cust102361,Blake Miller,55929863,61,female,south,27-04-2024,FALSE,0.26
cust102362,Tara Garrison,7078870456,29,male,central,10/4/2025,FALSE,0.04
cust102363,Mrs. Elizabeth Henderson,9207565437,60,male,central,16-09-2021,FALSE,0.3
cust102364,Matthew Carpenter,2156161057,30,female,south,24-09-2021,FALSE,0.22
cust102365,Breanna Payne,19839689,48,male,east,25-09-2020,FALSE,0.24
cust102366,Linda Vincent,9858488361,49,male,south,11/4/2024,FALSE,0.25
cust102367,Michelle Henderson,3239375702,67,female,west,29-09-2020,FALSE,0.26
cust102368,Vanessa Cook,6486280188,68,other,north,13-10-2023,FALSE,0.33
cust102369,Tiffany Brown,5929066904,30,female,south,11/5/2025,FALSE,0.3
cust102370,Adrian Meadows,1497835840,42,male,north,5/4/2021,FALSE,0.26
cust102371,Michelle Mckay,2536942255,59,male,west,21-02-2023,FALSE,0.11
cust102372,Michael Hines,9699761201,45,male,central,18-07-2023,TRUE,0.23
cust102373,Debbie Fitzpatrick,5661670630,35,female,south,14-11-2024,FALSE,0.13
cust102374,Jeffrey Vasquez,311045679,31,female,central,2/10/2022,FALSE,0.03
cust102375,Connor Nielsen,6987775874,28,female,south,8/5/2021,FALSE,0.2
cust102376,Dominique Coleman,8823519536,42,female,north,9/11/2020,FALSE,0.09
cust102377,Joseph Meyer,2956505115,42,female,central,28-02-2025,FALSE,0.34
cust102378,Jacob Harris,6992706378,36,male,north,10/7/2024,FALSE,0.2
cust102379,Laura Larson,9654820957,48,male,south,18-11-2021,FALSE,0.21
cust102380,Zachary Anderson,4732610379,57,female,central,27-11-2020,TRUE,0.29
cust102381,Tammy Montoya,2477180043,59,male,central,21-04-2023,TRUE,0.15
cust102382,Teresa Morales,377114408,58,female,south,29-08-2022,FALSE,0.17
cust102383,John Clements,8817349780,34,male,west,17-05-2023,FALSE,0.34
cust102384,Daniel Hernandez,6427398433,41,other,west,22-09-2024,FALSE,0.03
cust102385,Mrs. Kayla Chambers,1067072595,35,female,south,30-07-2024,FALSE,0.1
cust102386,Emily Robinson,8692617748,59,male,west,13-10-2023,FALSE,0.18
cust102387,Timothy Smith,4673654804,30,female,west,4/11/2024,FALSE,0.29
cust102388,Holly Davidson,1485564892,21,male,south,19-10-2024,FALSE,0.23
cust102389,Melissa Vasquez,4435553583,27,male,south,15-06-2023,FALSE,0.06
cust102390,Angela Washington,2133565157,51,male,west,24-01-2025,FALSE,0.09
cust102391,Paul Villanueva,5974900042,60,female,central,2/2/2021,FALSE,0.4
cust102392,Vanessa Coleman,4984581189,62,male,north,28-06-2023,TRUE,0.24
cust102393,Christine Rios,6396393356,38,male,west,18-02-2025,FALSE,0.13
cust102394,Mark Roman,7931960111,38,female,central,8/9/2021,FALSE,0.14
cust102395,Dennis Smith,5829205773,23,male,west,20-05-2025,FALSE,0.65
cust102396,Megan Giles,4633137202,65,male,north,20-06-2022,FALSE,0.36
cust102397,Brett Martinez,2184571905,49,male,west,17-02-2023,FALSE,0
cust102398,Sherri Vargas,7010115505,32,female,east,23-08-2020,FALSE,0.14
cust102399,James Love,1072051063,62,male,west,8/7/2025,FALSE,0.29
cust102400,Tiffany Gibbs,64730425,43,male,south,26-11-2023,TRUE,0.17
cust102401,Isaiah Graham DDS,3916153991,34,female,central,3/1/2023,FALSE,0.34
cust102402,William Mcdonald,3137982313,31,female,south,9/6/2022,FALSE,0.41
cust102403,Melissa Baldwin,426521928,22,male,north,3/5/2024,FALSE,0.2
cust102404,Tracy Medina,2479366996,51,female,north,16-05-2025,FALSE,0.24
cust102405,Derek Franklin,9113557414,69,male,south,5/10/2022,TRUE,0.18
cust102406,Leon Sanders,5370153454,20,female,south,27-07-2022,FALSE,0.31
cust102407,Scott Garrett Jr.,4406786979,53,male,south,8/7/2022,FALSE,0.38
cust102408,Joanne Campbell,1729871642,59,male,north,9/1/2022,FALSE,0.31
cust102409,Bridget Parsons,8838542313,40,male,north,12/6/2023,FALSE,0.07
cust102410,Emma West,3419487419,40,female,south,31-05-2024,FALSE,0.29
cust102411,Shaun Hoffman,1876589103,43,female,west,27-02-2022,FALSE,0.13
cust102412,Connor Nichols,59494587,41,female,north,7/8/2021,TRUE,0.41
cust102413,Joy Jackson,9264262168,55,female,west,22-06-2024,FALSE,0.26
cust102414,Rodney George,1714714103,43,female,central,20-12-2024,FALSE,0.33
cust102415,Audrey Walton,2443652114,25,male,south,11/4/2023,FALSE,0.2
cust102416,Justin Johnson,3866264370,41,male,east,16-01-2021,FALSE,0.2
cust102417,Edward Banks,4217895012,58,female,north,13-09-2024,FALSE,0.25
cust102418,Savannah Moody,6953676709,21,male,north,23-07-2025,FALSE,0.2
cust102419,Dustin Ramos,8151881022,26,male,south,1/5/2023,FALSE,0.39
cust102420,Hannah Tucker,9160238978,27,female,south,10/10/2021,FALSE,0.06
cust102421,Mrs. Heidi Bass,2296121631,38,other,south,2/6/2023,FALSE,0.28
cust102422,Ms. Elizabeth Valdez,6012009875,41,male,north,9/5/2025,FALSE,0.13
cust102423,Jacqueline Taylor,5225369279,21,female,south,22-09-2022,TRUE,0.3
cust102424,Samuel Ward,906388401,27,female,south,31-08-2024,FALSE,0
cust102425,Melissa Knight,570925779,20,male,north,21-12-2023,FALSE,0.35
cust102426,Kimberly Riley,795139813,20,female,east,15-04-2023,FALSE,0.16
cust102427,Rebecca Watts MD,8277705786,56,male,east,26-11-2020,FALSE,0.05
cust102428,Amanda Franco,1649075976,53,female,central,18-10-2021,FALSE,0.29
cust102429,Mr. Edward Mercer,3372659047,53,female,south,22-07-2023,FALSE,0.18
cust102430,Dennis Pope,1686736450,66,female,west,2/10/2023,TRUE,0.23
cust102431,Jennifer Miller,1594997491,67,female,west,30-06-2022,FALSE,0.35
cust102432,Andrew Sweeney,755991960,64,female,south,3/11/2022,FALSE,0.07
cust102433,Amy Torres,3334466825,69,male,east,1/10/2021,FALSE,0.11
cust102434,Kenneth Watson,8679184882,49,female,north,10/11/2021,FALSE,0.21
cust102435,Patrick Anderson,1871902055,70,female,north,23-02-2023,FALSE,0.27
cust102436,Lisa Goodwin,7042230781,50,male,south,13-10-2024,FALSE,0.12
cust102437,Susan Dunlap,1391477337,26,male,central,2/7/2024,FALSE,0.1
cust102438,Edward Kirk,2163323690,64,female,east,10/12/2022,FALSE,0.29
cust102439,Michael Chavez,7860671115,44,female,south,5/1/2023,FALSE,0.32
cust102440,Darin Ballard,3063962132,41,female,east,9/2/2025,FALSE,0.37
cust102441,Donna Payne,2847006053,68,male,east,2/4/2025,FALSE,0.16
cust102442,Alexis Jackson,7708361860,62,male,central,3/4/2021,FALSE,0
cust102443,Amanda Kim,6803803477,70,male,central,5/12/2022,FALSE,0.26
cust102444,Jennifer Ramos,3608347389,54,male,west,9/3/2023,FALSE,0.29
cust102445,Mark Coleman,5752352499,61,male,east,27-03-2023,FALSE,0.02
cust102446,Colin Spencer,5627941512,60,female,south,27-12-2024,FALSE,0.21
cust102447,Sarah Kelly,3420053173,37,male,north,21-09-2024,FALSE,0.23
cust102448,Alison Harrison,4006409945,42,female,east,9/10/2021,FALSE,0.24
cust102449,Paul Anderson,9242323364,40,other,south,18-12-2024,FALSE,0.14
cust102450,Jennifer Wood,4217222831,25,male,central,1/2/2021,FALSE,0.21
cust102451,Monica Berger,929640909,66,male,south,27-01-2021,FALSE,0.27
cust102452,Charles Choi,2086139184,21,male,east,16-04-2021,FALSE,0
cust102453,Ashley Ruiz,4197116816,67,female,west,12/12/2021,FALSE,0.31
cust102454,Yvonne Frank,3691245406,59,female,central,1/7/2022,FALSE,0.16
cust102455,Maria Jenkins,3311308235,60,female,west,9/9/2022,FALSE,0.29
cust102456,Scott Brown,4018560729,42,male,central,9/5/2022,FALSE,0.12
cust102457,Jeff Allen,912485433,24,male,east,23-02-2025,FALSE,0
cust102458,Jacqueline York,5576334005,67,male,west,6/4/2023,FALSE,0.34
cust102459,Amanda Moreno,5434708984,27,male,east,7/1/2021,FALSE,0.4
cust102460,Ernest Johnson,8237126085,30,male,central,16-02-2025,FALSE,0
cust102461,Scott Romero,8942272383,28,female,north,20-09-2023,FALSE,0.04
cust102462,Douglas Boone,8980168252,62,female,north,1/11/2024,FALSE,0.21
cust102463,Michael Torres,626375612,68,male,west,15-06-2024,FALSE,0.07
cust102464,Aaron Taylor,9238633321,39,female,north,5/11/2023,FALSE,0.29
cust102465,Jill Taylor,6341606734,23,male,north,23-04-2023,FALSE,0.1
cust102466,Jacob Ortiz,1138120043,46,male,east,10/1/2023,FALSE,0.14
cust102467,William Gutierrez,1387841204,38,male,east,11/3/2025,FALSE,0.23
cust102468,Mary Pittman,3779125485,58,female,central,1/4/2022,TRUE,0
cust102469,Jared Cruz,7238660022,43,female,east,2/5/2021,FALSE,0.16
cust102470,Mr. Aaron Edwards,9638911893,38,male,east,28-06-2023,TRUE,0.44
cust102471,Nicole Brown,3626700462,69,male,central,26-09-2023,FALSE,0.27
cust102472,Timothy Jones,478751521,31,male,north,23-11-2020,FALSE,0.08
cust102473,Victor Mccarthy,4518831487,52,female,east,1/3/2023,FALSE,0.33
cust102474,Molly Haynes,6868087109,24,male,west,13-06-2025,FALSE,0.45
cust102475,Gregory Taylor,8362546354,46,male,north,29-09-2024,FALSE,0.35
cust102476,Ariana Jones,3567284827,52,male,north,17-06-2023,FALSE,0.13
cust102477,Stephanie Nelson MD,7835039272,33,other,east,28-10-2020,FALSE,0.12
cust102478,Jeffrey Young,8296453013,61,male,west,2/9/2020,FALSE,0.16
cust102479,Evan Grant,7657076724,23,female,east,12/12/2024,FALSE,0.07
cust102480,Eric Arnold,1466074320,49,male,north,11/1/2022,FALSE,0.2
cust102481,Barbara Parker,5893301336,61,female,central,20-08-2020,FALSE,0.08
cust102482,Regina Mckinney,657837781,29,female,south,25-09-2022,TRUE,0.09
cust102483,Matthew Cole,266738623,45,female,north,29-09-2020,FALSE,0.24
cust102484,Katherine Hoffman,6188119534,67,female,central,27-02-2021,FALSE,0.13
cust102485,Brandon Salazar,817746454,70,male,west,12/9/2024,TRUE,0.18
cust102486,Shannon Chapman,5303106081,41,male,south,14-10-2020,FALSE,0.46
cust102487,Parker Smith,6802069025,18,other,south,16-03-2025,FALSE,0.24
cust102488,Brandon Lawrence,5353931527,36,male,east,8/10/2023,FALSE,0.34
cust102489,Michael Jones,9038313816,68,female,east,26-08-2020,FALSE,0.25
cust102490,Donald Walker,6672296341,37,male,west,19-04-2024,FALSE,0.27
cust102491,Yolanda Williams,7677034876,48,male,west,24-11-2021,FALSE,0.04
cust102492,Matthew Taylor,3511471385,19,male,south,26-01-2023,FALSE,0.13
cust102493,Karen Thomas,3201783337,69,male,north,21-07-2021,FALSE,0.17
cust102494,Chad Smith,494159001,44,male,east,15-11-2022,FALSE,0.15
cust102495,Benjamin Fischer,7646302609,51,female,north,10/1/2023,FALSE,0.18
cust102496,Pamela Case MD,1639152250,65,male,south,3/3/2022,FALSE,0.22
cust102497,Kenneth Graham,2752078166,50,female,south,21-09-2020,FALSE,0.17
cust102498,Rachel Mejia,7636209182,66,female,west,11/4/2025,FALSE,0.28
cust102499,Katie Yang,6015593514,69,male,west,25-01-2021,TRUE,0.17
cust102500,Thomas Morris,5557039963,34,male,south,1/10/2021,FALSE,0.33
cust102501,Jamie Lynch,5097083609,67,female,west,16-07-2022,FALSE,0.2
cust102502,James Miller,3146859204,37,female,east,23-03-2021,FALSE,0.13
cust102503,Carla Hendrix,7195032452,49,female,east,29-10-2024,FALSE,0.05
cust102504,Mrs. Sandra Johnson,7047266747,59,male,south,18-11-2020,FALSE,0.11
cust102505,Matthew Taylor,8196590864,42,male,north,23-09-2021,FALSE,0.17
cust102506,Victoria Rojas,3993882178,25,male,east,18-04-2025,FALSE,0.34
cust102507,Chad Orr,2887510343,32,female,north,13-04-2023,FALSE,0.05
cust102508,Stephanie Parks,2850289897,51,female,east,18-04-2024,FALSE,0.32
cust102509,Megan Benson,9765602465,62,male,east,22-08-2021,FALSE,0.19
cust102510,Danielle Rogers,2825868406,37,male,east,9/4/2025,FALSE,0.1
cust102511,Andrew Gallagher PhD,1744976131,59,male,central,14-09-2021,FALSE,0.04
cust102512,Kenneth Brown,5258187015,20,female,central,19-01-2025,FALSE,0.27
cust102513,Christopher Roberts,7864018258,70,female,north,30-03-2024,FALSE,0
cust102514,Lori Bell,3698239871,61,male,north,18-05-2021,FALSE,0.14
cust102515,Casey Campos,6618459284,61,male,west,26-09-2022,FALSE,0.15
cust102516,Mr. Dustin Cook MD,9937155312,66,female,east,17-07-2025,TRUE,0.18
cust102517,Philip Small,1409356621,52,other,central,21-10-2021,FALSE,0.27
cust102518,Courtney Kirk,3852544242,66,male,south,2/1/2025,FALSE,0.13
cust102519,Richard Garcia,2137466952,51,male,north,16-09-2023,FALSE,0.21
cust102520,Rickey Williams,8639866973,53,male,south,26-05-2025,FALSE,0.05
cust102521,Joshua Gray,8335558833,30,other,west,26-07-2024,FALSE,0.21
cust102522,Michelle White,5117889493,48,female,north,31-01-2024,FALSE,0.27
cust102523,Katie Molina,5236247131,63,male,central,6/7/2021,FALSE,0.16
cust102524,Joshua Molina,5956769189,40,male,east,24-09-2023,TRUE,0.24
cust102525,Heidi White,7922912269,21,male,north,31-03-2023,FALSE,0.21
cust102526,Alisha Roberson,9643822468,39,female,south,2/4/2022,FALSE,0.16
cust102527,John Cervantes,174477377,37,female,west,3/6/2024,FALSE,0.19
cust102528,Micheal Fitzpatrick,6715851621,48,female,west,15-07-2021,FALSE,0.18
cust102529,Joseph Mcpherson,4162063216,65,male,west,11/2/2023,FALSE,0
cust102530,Brooke Robbins,866703547,64,male,central,9/3/2021,FALSE,0.02
cust102531,Amber Rivera,2997410442,59,male,west,19-02-2021,FALSE,0.25
cust102532,Jerome Johnson,2430730048,18,male,north,22-12-2021,FALSE,0
cust102533,Mary Mathews,455406895,33,male,north,19-02-2025,FALSE,0.34
cust102534,Susan Larsen,5342353595,42,male,central,9/11/2020,FALSE,0.03
cust102535,Charles Saunders,2914404860,59,female,north,10/3/2024,FALSE,0.2
cust102536,James Sexton,7482697393,66,male,south,10/5/2025,FALSE,0.26
cust102537,Michael Holmes,4439508340,42,female,east,16-09-2022,FALSE,0.12
cust102538,Julie Ponce,1428036557,46,female,north,30-04-2021,FALSE,0.34
cust102539,Emma Bradford,5220642607,25,male,central,22-08-2022,TRUE,0.04
cust102540,Robert Garcia,1303316251,21,female,north,25-06-2022,TRUE,0.31
cust102541,Heather Marshall,6720843978,70,male,east,25-08-2024,FALSE,0.22
cust102542,James Flowers,1775795554,33,female,south,26-06-2024,FALSE,0.18
cust102543,Michele Simpson,1349368673,47,male,west,13-10-2021,FALSE,0.32
cust102544,James Johnson,5106733618,21,female,east,12/8/2023,FALSE,0.26
cust102545,Andrew Mccann,2780185526,62,male,east,11/11/2023,FALSE,0.06
cust102546,Christopher Robbins,26309140,34,female,central,26-08-2020,FALSE,0.37
cust102547,Bryan Brown,2666751809,66,female,north,28-07-2021,FALSE,0.32
cust102548,James Simon,7419090150,30,female,south,2/8/2021,FALSE,0.21
cust102549,Robert Harris,5293456869,27,other,south,25-11-2020,FALSE,0.22
cust102550,James Hall,822852601,38,male,north,24-03-2021,FALSE,0.36
cust102551,Danielle Sloan,2336678417,59,female,central,28-07-2025,FALSE,0.4
cust102552,Martha Irwin,6233355318,48,male,south,31-05-2023,FALSE,0.27
cust102553,David Johnson,1604911961,60,female,east,29-01-2023,FALSE,0.06
cust102554,Chase Berg,7642299881,40,female,south,7/9/2020,FALSE,0.21
cust102555,Darrell Anderson,4335863204,66,female,north,16-10-2024,FALSE,0.3
cust102556,Kenneth Martinez,1141847317,62,male,central,6/4/2022,FALSE,0.1
cust102557,Michael Ryan,46314944,69,female,central,2/8/2022,FALSE,0.06
cust102558,David Garcia,602085063,65,female,central,29-03-2022,FALSE,0.2
cust102559,Angela Marshall,3512272072,37,female,north,22-09-2021,FALSE,0.21
cust102560,Stephanie Garcia,6456090369,65,male,south,9/12/2020,FALSE,0.25
cust102561,Rhonda Cook,2097128484,30,female,south,2/11/2022,FALSE,0.35
cust102562,William Long,9663748489,47,female,central,12/9/2023,FALSE,0
cust102563,Victoria Abbott,6543054564,31,male,west,17-07-2025,FALSE,0.21
cust102564,Nicholas Charles,1938098835,21,male,south,13-02-2025,FALSE,0.18
cust102565,Victoria Moore,9334963054,63,female,south,9/9/2023,FALSE,0.2
cust102566,William Smith,2361919383,55,female,south,9/6/2023,FALSE,0.22
cust102567,Edward Hudson,5501580385,67,male,north,7/1/2021,FALSE,0.32
cust102568,Mario Grant,2029847052,47,male,north,22-06-2021,FALSE,0.27
cust102569,Jason Bell,9890530060,23,male,central,21-04-2025,FALSE,0.19
cust102570,Jonathan Medina,1593278754,38,male,west,27-04-2024,FALSE,0.21
cust102571,Timothy Jackson,9026391114,47,female,east,30-01-2024,FALSE,0.21
cust102572,Jane Anderson,7878330408,31,male,east,15-03-2022,FALSE,0.18
cust102573,Ricky White,5980384371,66,female,east,15-06-2021,FALSE,0.36
cust102574,Michelle Copeland,7930640792,25,male,central,17-09-2023,FALSE,0
cust102575,Mr. Andrew Travis PhD,1086551322,45,male,north,17-01-2024,TRUE,0.03
cust102576,Stacy Miller,5279707317,48,male,east,10/3/2023,FALSE,0.39
cust102577,Lori Bell,2082365074,53,female,north,20-04-2022,FALSE,0.27
cust102578,David Short,874750160,44,female,east,5/4/2022,TRUE,0.28
cust102579,James Brown,7880260157,54,female,north,23-12-2021,FALSE,0.34
cust102580,William Garcia,7025956672,29,male,west,9/7/2021,FALSE,0
cust102581,Heather Boyd,4570684034,59,male,central,21-05-2021,FALSE,0.37
cust102582,William Hunter,1799315937,59,female,north,15-09-2020,FALSE,0.06
cust102583,Jackie Wheeler,3932887019,69,male,central,9/5/2022,FALSE,0.08
cust102584,Peggy Riley,4555608151,24,female,east,9/12/2021,FALSE,0.32
cust102585,Rebekah Barron,6883094209,24,male,west,2/2/2025,FALSE,0.06
cust102586,Brian Smith,6415449775,42,male,central,19-08-2021,FALSE,0.26
cust102587,Ian Dennis,5534162282,42,female,west,17-04-2022,FALSE,0.37
cust102588,Walter Gill,2768367774,28,male,north,4/10/2024,FALSE,0.12
cust102589,Dylan Miller,2989831262,21,male,south,14-11-2022,FALSE,0.13
cust102590,Stephanie Lee,5621641387,55,female,west,8/6/2023,FALSE,0.28
cust102591,David Trujillo,178979869,55,female,west,15-05-2025,FALSE,0.31
cust102592,Deborah Bennett,4590034587,41,female,central,6/5/2023,FALSE,0.24
cust102593,Ryan Wright,449076547,35,female,south,5/3/2021,FALSE,0.01
cust102594,Walter Brown,4883260217,32,male,south,12/10/2020,FALSE,0.39
cust102595,Jack Brooks,6264849904,29,female,south,22-04-2025,TRUE,0.27
cust102596,Joshua Nichols III,5840548060,69,female,west,24-04-2022,FALSE,0
cust102597,Samantha Hall,5150869440,60,male,central,11/11/2021,FALSE,0.09
cust102598,Sherry Costa,2868830217,43,male,west,4/8/2025,TRUE,0.07
cust102599,Heidi Marquez,9770124536,41,male,central,14-07-2023,FALSE,0.11
cust102600,Elizabeth Lam,4829877980,56,male,west,23-06-2025,TRUE,0.23
cust102601,Lisa Smith MD,829932305,63,female,west,22-12-2023,TRUE,0.11
cust102602,Jesse Morgan,1466538382,21,male,north,7/6/2023,FALSE,0.35
cust102603,William Wilson,6936804431,46,male,north,31-05-2022,FALSE,0.33
cust102604,Yvonne Gonzalez,1284910778,46,female,west,25-04-2023,FALSE,0.21
cust102605,Seth Zimmerman,3713999150,49,female,south,6/4/2023,FALSE,0.07
cust102606,Michael Jacobs,8967891024,55,male,east,21-10-2022,FALSE,0.2
cust102607,David Hicks,2926153294,23,female,south,11/9/2023,FALSE,0.25
cust102608,Christopher Lamb,1456503396,33,male,east,29-12-2021,FALSE,0.34
cust102609,Michael Parker,8445328116,41,male,south,30-10-2021,FALSE,0.14
cust102610,Matthew Ross,7154527842,25,male,west,7/7/2021,FALSE,0.21
cust102611,John Burns,7089014104,44,female,east,5/1/2023,FALSE,0.08
cust102612,Michael Walters,6370410509,33,male,east,16-12-2020,FALSE,0.14
cust102613,Alison Booker,4426001645,33,female,north,22-12-2022,FALSE,0.34
cust102614,Amber Lopez,5858701191,69,male,east,29-04-2024,FALSE,0.39
cust102615,Larry Vasquez,9271304672,24,female,west,16-10-2020,FALSE,0.16
cust102616,Stephanie Moreno,7539545911,55,male,central,2/4/2022,FALSE,0.17
cust102617,Mr. Benjamin Torres,9719506445,37,female,east,27-09-2023,FALSE,0.11
cust102618,Samuel Mitchell,7907706823,70,male,east,5/6/2025,FALSE,0.02
cust102619,Julie Noble,8559043381,27,female,west,18-08-2020,FALSE,0.24
cust102620,Derek Young,2874595470,48,female,north,20-12-2024,FALSE,0.26
cust102621,Annette Johnson,7684100875,43,male,south,19-07-2021,FALSE,0.27
cust102622,Christopher Stanton,3863302806,48,male,east,9/6/2021,FALSE,0.2
cust102623,Robert Munoz,3732998933,22,female,south,1/9/2021,FALSE,0.26
cust102624,Taylor Little,6010252048,46,female,east,18-05-2021,FALSE,0.22
cust102625,Thomas Johnson,6461680929,34,male,east,26-05-2021,FALSE,0.35
cust102626,Edward Hernandez,9100341118,59,male,west,14-10-2022,FALSE,0.24
cust102627,Daniel Johnson,6093881842,29,female,east,16-12-2020,FALSE,0.37
cust102628,James Singh,7292408794,64,male,east,7/1/2024,FALSE,0.33
cust102629,Ian Farrell,8535834635,46,female,north,20-10-2022,TRUE,0.24
cust102630,Julie Hodges,659479205,70,male,north,8/5/2022,TRUE,0.05
cust102631,Kathleen Adams,2218114359,56,male,west,11/8/2020,FALSE,0.26
cust102632,Christopher Gonzales,6859299267,32,male,east,15-09-2023,FALSE,0.24
cust102633,Steven Davis,6414581421,46,male,central,1/9/2022,FALSE,0.43
cust102634,David Dickerson,7454684389,59,female,west,31-08-2021,FALSE,0.29
cust102635,Jason Schroeder,2391575419,32,female,north,27-01-2025,FALSE,0.06
cust102636,Angel Walters,2568573870,51,male,south,4/12/2022,FALSE,0.1
cust102637,Lindsay Tyler,1564350771,55,female,south,28-07-2023,FALSE,0.32
cust102638,Jesse Hampton,4406875856,22,female,west,18-01-2023,FALSE,0.18
cust102639,Michelle Meyer,265606870,34,female,west,13-03-2025,FALSE,0.06
cust102640,Edward Reynolds,7076110569,63,female,north,27-12-2024,FALSE,0.26
cust102641,Morgan Williams,9936432604,68,male,central,27-05-2024,FALSE,0.26
cust102642,Melissa Woodard,2807962546,50,female,east,8/8/2022,FALSE,0.19
cust102643,Matthew Tate,6249651892,51,female,south,22-07-2024,FALSE,0.3
cust102644,Joseph Robertson,6485501829,65,male,central,29-04-2023,FALSE,0.19
cust102645,Melissa Benson,9309945925,62,male,east,13-06-2023,FALSE,0.42
cust102646,Troy Rogers,7453396123,26,female,south,26-03-2022,FALSE,0.07
cust102647,Jacob Greene,7554899927,67,male,west,3/1/2022,FALSE,0.31
cust102648,Beth Rojas,7920008408,20,male,central,16-09-2023,FALSE,0.32
cust102649,Ronald Cardenas,1588766082,57,male,east,22-08-2020,FALSE,0.35
cust102650,Kimberly Lopez,3581573179,68,male,north,20-11-2020,FALSE,0.18
cust102651,Paul Aguilar,9317311153,59,male,south,2/4/2024,FALSE,0.15
cust102652,Timothy James,7311991938,34,male,north,28-09-2024,FALSE,0.41
cust102653,William Davis,8067536111,54,female,central,18-12-2021,TRUE,0.27
cust102654,Jason Thomas,5013074849,30,female,west,5/12/2021,FALSE,0.13
cust102655,Debbie Gibson,9697210684,33,female,south,16-10-2020,FALSE,0.3
cust102656,Sarah Hess,9318611595,47,male,central,2/12/2020,FALSE,0.39
cust102657,Kevin Martin,7908180245,40,male,north,26-03-2024,FALSE,0.28
cust102658,Eugene Jensen,7209687616,48,female,central,4/9/2022,FALSE,0.11
cust102659,Crystal Clark,4833990786,34,female,north,13-08-2020,FALSE,0.32
cust102660,Maria Taylor,7975838042,32,female,south,26-08-2024,FALSE,0.02
cust102661,Anthony Kelly,3237923764,26,male,east,29-06-2023,FALSE,0.29
cust102662,Stephanie Elliott,1602444966,67,female,west,19-05-2025,FALSE,0.32
cust102663,Phillip Ward,5577049332,57,male,north,31-03-2021,FALSE,0.17
cust102664,Kevin Mcgee,7336012771,54,female,north,10/12/2023,FALSE,0.23
cust102665,Jacob Schmidt,540604203,31,female,west,28-08-2024,FALSE,0.22
cust102666,Kaitlin Lee,833477334,30,female,central,26-11-2020,FALSE,0.14
cust102667,Kathleen Gonzalez,8989346811,32,male,north,29-01-2025,FALSE,0.1
cust102668,Destiny Ellis,8712703652,39,female,east,24-10-2021,FALSE,0.17
cust102669,Tammy George,5377253993,20,male,south,19-09-2020,FALSE,0.13
cust102670,Timothy Jones,9057576122,18,male,north,1/1/2023,FALSE,0.38
cust102671,Kevin Thompson,9841383832,21,male,central,7/1/2021,FALSE,0.04
cust102672,Ralph Robinson,8134989533,36,male,west,10/2/2022,FALSE,0.42
cust102673,Matthew Hunter,307034133,35,male,south,5/2/2023,FALSE,0.17
cust102674,Leslie Mcgee,869565722,20,female,north,20-11-2024,TRUE,0.11
cust102675,Adrian Brown,2545142108,20,female,south,17-01-2022,FALSE,0.13
cust102676,Donna Hansen,2422400868,44,female,north,1/1/2022,FALSE,0.08
cust102677,Ashley Edwards,2734212333,67,female,east,26-07-2024,FALSE,0
cust102678,Timothy Kelly,6846358487,22,female,central,9/2/2023,FALSE,0.3
cust102679,Teresa Pearson,4814163362,18,female,east,6/4/2025,FALSE,0.18
cust102680,Greg Rowland,3896346821,61,female,north,4/11/2020,FALSE,0.1
cust102681,William Bailey,8010355469,29,female,east,14-10-2024,FALSE,0.04
cust102682,Nicholas Perez,3132025913,63,male,north,10/12/2024,FALSE,0.13
cust102683,Thomas Thompson,3554519107,44,male,east,28-11-2022,FALSE,0.05
cust102684,Michael Freeman,7993748430,67,female,east,31-05-2022,FALSE,0.36
cust102685,Charles Owen,168695671,25,male,north,4/1/2024,TRUE,0
cust102686,Michelle Velasquez,6178905850,22,female,central,23-11-2023,FALSE,0.09
cust102687,Jeffrey Leonard,2854775245,34,male,central,2/3/2023,FALSE,0.09
cust102688,Dana Howe,1257090739,33,female,north,29-06-2022,FALSE,0.26
cust102689,Susan Kim,4890531659,52,male,north,16-01-2021,FALSE,0.23
cust102690,Andrew Taylor,8133168934,29,female,east,14-04-2025,FALSE,0.18
cust102691,Elizabeth Jenkins,4456333600,52,male,central,12/12/2020,FALSE,0.18
cust102692,Brianna Wilson,6855909957,57,male,east,11/11/2020,FALSE,0.25
cust102693,Andrea Castillo,1138466104,50,male,south,18-06-2021,FALSE,0.1
cust102694,Amber Johnson,5118978846,67,male,west,18-03-2022,FALSE,0.26
cust102695,Kathleen Macdonald,6323626730,23,male,east,13-07-2021,FALSE,0.04
cust102696,Julie Taylor,3436587794,36,female,south,9/10/2023,TRUE,0.26
cust102697,Jorge Russell,8870218447,18,female,south,19-01-2022,FALSE,0.14
cust102698,William Thomas,41082468,50,female,central,10/8/2023,FALSE,0.34
cust102699,Luis Huerta,7264799688,23,female,south,26-05-2021,TRUE,0.05
cust102700,Dana Howard,9939027660,24,female,west,19-10-2020,FALSE,0.15
cust102701,Kenneth Bond,2329179240,20,female,north,8/1/2022,FALSE,0.1
cust102702,Nicole Kane,5972323122,45,female,south,18-04-2023,FALSE,0.31
cust102703,Jennifer Green,7575668025,52,female,north,13-10-2023,FALSE,0.03
cust102704,Brian Wood,2893241209,42,male,east,22-02-2025,FALSE,0.31
cust102705,Kimberly Walton,4030722392,28,male,east,5/11/2021,FALSE,0.26
cust102706,Julia Travis,9587754216,67,male,central,13-09-2024,FALSE,0.27
cust102707,Gregory Mills,9547085630,35,female,west,28-06-2024,FALSE,0.12
cust102708,Bruce Daniels,4333743507,37,male,east,15-12-2022,FALSE,0.26
cust102709,Angela Wu,392228559,68,male,west,14-10-2022,FALSE,0.41
cust102710,Heidi Chambers,709085076,49,female,central,16-11-2022,FALSE,0.12
cust102711,Brandon Smith,6628669063,33,male,north,24-04-2021,FALSE,0.23
cust102712,Harry Rodriguez,254952125,47,female,west,17-02-2025,FALSE,0.17
cust102713,Stephanie Pennington,4697078783,59,female,east,28-01-2021,FALSE,0.07
cust102714,Carlos Barnett,5688124217,40,female,east,23-08-2020,FALSE,0.1
cust102715,Jeffrey Smith,9624888105,67,male,central,24-10-2020,FALSE,0.26
cust102716,Bianca Jones,1669044052,26,female,east,31-07-2024,FALSE,0.19
cust102717,Joseph Dean,9189043065,19,female,west,2/1/2023,FALSE,0
cust102718,Suzanne Potter,266528016,23,male,central,31-03-2021,FALSE,0.26
cust102719,Rachel Ayala,5178412185,60,female,south,26-08-2022,FALSE,0.16
cust102720,Stephanie Williams,5743131933,22,male,central,2/8/2022,FALSE,0.31
cust102721,Todd Evans,2944155871,20,female,east,13-12-2021,TRUE,0.12
cust102722,Edward Peterson,4662747287,63,male,north,20-12-2022,FALSE,0.48
cust102723,Heather Hanna,1334919310,18,male,central,1/5/2023,FALSE,0.09
cust102724,Ryan Smith,1552798907,69,male,central,12/5/2025,FALSE,0.29
cust102725,Erika Doyle,8392250169,53,male,central,5/1/2023,FALSE,0.07
cust102726,Samuel Lucas,4336659385,34,female,west,6/1/2024,FALSE,0.22
cust102727,James Kelly,3097690364,43,female,south,21-02-2023,FALSE,0.06
cust102728,Christine Moss,9635113148,68,female,north,10/4/2021,FALSE,0.35
cust102729,Kelly Mitchell,6371722527,54,male,north,20-10-2021,FALSE,0.2
cust102730,Sandra Nguyen,5780261467,31,male,west,14-12-2024,FALSE,0.38
cust102731,Donald White,8956945677,55,female,south,27-02-2023,FALSE,0.19
cust102732,Sarah Mendoza,7222914317,32,female,west,24-10-2024,TRUE,0.01
cust102733,Victoria Shepard,6850746481,29,male,east,5/7/2024,FALSE,0.1
cust102734,Madison Young,4110547811,22,female,north,13-05-2022,TRUE,0.15
cust102735,Kelly Little,3774708953,56,male,central,1/4/2024,FALSE,0.37
cust102736,Eric Jones,2124537972,36,male,east,12/6/2023,FALSE,0.53
cust102737,Eddie Kennedy,3609550424,68,male,east,26-08-2022,FALSE,0.19
cust102738,Nina Carpenter,5909091458,61,male,south,19-09-2022,FALSE,0.24
cust102739,Matthew Thomas,7095797377,59,female,south,24-12-2020,FALSE,0.35
cust102740,Reginald Lamb,5424772809,66,male,south,15-06-2025,FALSE,0.06
cust102741,Lauren Thompson,6359509344,58,male,west,23-11-2020,FALSE,0.16
cust102742,Scott Hodge MD,9766681785,60,male,west,22-11-2021,FALSE,0.28
cust102743,Ian Crawford,8330410571,70,male,east,13-04-2025,FALSE,0.24
cust102744,Katherine Collins,2651275126,46,male,south,3/11/2020,FALSE,0.19
cust102745,Robert Marshall,4764293292,24,male,east,8/9/2021,FALSE,0.08
cust102746,Michelle Howell,3469733136,60,female,south,28-10-2022,FALSE,0.21
cust102747,Monique Wallace,8972263112,40,male,east,10/10/2024,FALSE,0.29
cust102748,Jeremy Massey,5384613138,66,female,south,6/10/2024,FALSE,0.11
cust102749,Megan Thompson,6132978939,23,male,central,13-08-2023,FALSE,0.21
cust102750,Cameron Moore,8547359186,48,male,east,27-09-2024,FALSE,0.45
cust102751,Lisa Contreras,1311283582,23,female,west,12/1/2021,FALSE,0.26
cust102752,Dan Clark,3493223063,42,male,central,30-05-2023,FALSE,0.27
cust102753,Daniel White,5244425037,38,male,west,5/1/2022,FALSE,0.08
cust102754,Jason Ortiz,6714004259,19,female,west,4/11/2020,FALSE,0.13
cust102755,William Atkins,8996996551,46,male,west,3/7/2023,FALSE,0.16
cust102756,Sharon Johnson,516950632,35,male,north,17-05-2022,FALSE,0.1
cust102757,Mallory Pierce,6302415813,49,male,north,23-11-2021,FALSE,0.05
cust102758,Joseph Garcia,2976782421,60,male,south,14-04-2021,TRUE,0.01
cust102759,Jonathon Sanders,5972465613,30,female,central,10/12/2024,TRUE,0.18
cust102760,Michelle Wilson,9616466199,69,male,east,2/1/2023,FALSE,0.3
cust102761,James King,38028221,35,male,south,13-05-2022,FALSE,0.27
cust102762,Edgar Carpenter,4849319635,52,female,central,22-07-2025,FALSE,0.28
cust102763,Donald Alexander,3253806596,52,female,east,3/6/2024,FALSE,0.31
cust102764,Andrew Robinson,9039738312,53,male,east,9/8/2024,FALSE,0.1
cust102765,Kayla Moore,886303179,25,male,south,1/4/2022,FALSE,0.12
cust102766,Caitlyn West,6890976450,27,female,central,12/10/2022,TRUE,0.17
cust102767,Patricia Cobb,4866280856,59,male,south,5/11/2023,FALSE,0.09
cust102768,Brandi Oconnell,9146134175,30,male,south,19-11-2022,FALSE,0.23
cust102769,Jordan Jenkins DDS,3283714516,70,male,east,23-07-2025,FALSE,0.12
cust102770,Tyler White,9082400376,19,male,east,16-10-2024,FALSE,0.33
cust102771,Jonathan Bell,3069186125,54,female,west,23-09-2023,FALSE,0.09
cust102772,Kristen Johns,6542068463,37,female,south,29-11-2021,FALSE,0.27
cust102773,Brooke Carter,6872594577,28,male,north,22-06-2025,FALSE,0.4
cust102774,Cynthia Wells,2857636557,60,female,east,9/2/2024,FALSE,0.05
cust102775,Denise Bright,731992988,52,female,south,27-05-2021,FALSE,0.13
cust102776,Jennifer Pugh,3819165237,66,male,west,27-12-2021,FALSE,0.11
cust102777,Sharon Greene,3469402372,58,male,south,2/3/2025,FALSE,0.07
cust102778,Eric Santos,9994695674,30,female,north,12/12/2021,FALSE,0.23
cust102779,Charles Ellis,1599191460,45,female,central,1/5/2021,FALSE,0.26
cust102780,Julia Patterson,9224428664,47,male,west,3/1/2021,FALSE,0.11
cust102781,David Lambert,233975393,34,male,south,2/8/2023,FALSE,0.14
cust102782,Jenna Daniel,7821834029,58,other,east,3/5/2024,FALSE,0.23
cust102783,Garrett Johnson,4690378059,18,male,north,27-03-2022,FALSE,0.24
cust102784,Alicia Kemp,1150313645,46,female,west,24-06-2023,FALSE,0.07
cust102785,Randall Sims,3293443379,30,male,west,1/8/2024,FALSE,0.48
cust102786,Patrick Kelley,4554114087,40,male,east,25-06-2024,FALSE,0.17
cust102787,Erica Baker,9168674976,20,female,west,29-10-2022,FALSE,0.21
cust102788,Michelle Lucas,718136434,49,female,south,11/8/2022,FALSE,0.12
cust102789,Marilyn Byrd,9450217377,56,male,east,21-01-2022,FALSE,0.17
cust102790,Robin Singh,1233534325,52,male,central,14-09-2021,FALSE,0.09
cust102791,Ashley Johnson,3925717855,63,female,central,11/5/2022,FALSE,0.4
cust102792,Tony Carpenter,2785376868,26,female,south,13-09-2021,TRUE,0
cust102793,Richard Bowman,3533249299,28,male,south,3/6/2024,FALSE,0.18
cust102794,Dylan Ferrell,5570957755,23,female,north,11/11/2020,TRUE,0.28
cust102795,Elizabeth Moore,9252739411,34,female,south,3/7/2022,FALSE,0.01
cust102796,Nicholas Young,5840856581,33,male,central,3/12/2023,FALSE,0.26
cust102797,Kristine Marshall,9656149722,42,male,north,6/9/2022,FALSE,0.36
cust102798,Amy Carr,3908334054,31,male,east,11/4/2021,FALSE,0.24
cust102799,Jessica Ballard,2538500955,68,female,central,2/11/2022,FALSE,0.2
cust102800,Paula Snyder,4475185180,35,male,east,14-03-2022,FALSE,0.2
cust102801,Timothy Rodgers,1917104406,19,male,north,11/10/2024,FALSE,0.17
cust102802,David Davis,6737198659,60,female,north,18-12-2022,FALSE,0.27
cust102803,Christopher Weber MD,2952313757,46,female,central,17-03-2023,FALSE,0.1
cust102804,Daniel Brown,9119558835,50,female,west,14-08-2020,FALSE,0.24
cust102805,Jay Ortiz,3731295236,68,male,central,26-08-2021,TRUE,0.16
cust102806,William Holland,352462346,26,male,central,30-11-2022,FALSE,0.13
cust102807,Joshua Baker,9443739913,58,female,central,29-12-2023,FALSE,0.06
cust102808,Corey Ortega,2208341721,65,male,south,30-10-2022,TRUE,0.28
cust102809,Tracie Fritz,3531570566,18,male,south,3/1/2021,TRUE,0.13
cust102810,Matthew Adams,9758039566,21,female,east,10/7/2025,TRUE,0.33
cust102811,Virginia Zamora,1953430044,18,female,north,9/11/2021,FALSE,0.2
cust102812,Renee Allen,6153430364,40,female,south,25-12-2024,FALSE,0.2
cust102813,Michael Sullivan,834772801,29,female,west,8/1/2021,FALSE,0.07
cust102814,Charles Marsh,3783522096,52,male,west,7/12/2021,FALSE,0.08
cust102815,Danielle Hinton,8985814917,31,male,central,14-01-2022,FALSE,0.27
cust102816,Emily Knox,3566930790,70,female,east,13-08-2023,FALSE,0.19
cust102817,Leslie Tucker,8749633966,26,male,south,13-07-2022,FALSE,0.21
cust102818,Jacqueline Mcgrath,919619477,44,female,south,30-11-2022,FALSE,0.28
cust102819,Robert Parker,8900596962,26,male,central,13-05-2021,FALSE,0.26
cust102820,Levi Thomas,5679665287,60,female,west,16-05-2023,FALSE,0.16
cust102821,Miss Ashley Sanchez,2471764175,35,female,south,20-10-2021,FALSE,0.55
cust102822,Brianna Garcia,4987089090,64,female,central,12/5/2022,FALSE,0.58
cust102823,Jennifer Elliott,2405168609,29,female,west,14-07-2025,TRUE,0.25
cust102824,Marissa Proctor,4803174457,22,other,north,1/9/2023,FALSE,0.03
cust102825,Nathan Perry,7442721892,18,male,west,7/8/2022,FALSE,0.09
cust102826,Jessica Gilmore,1968131714,67,male,south,28-07-2023,TRUE,0.27
cust102827,Lawrence Bentley,9312890974,41,female,central,28-12-2023,FALSE,0.13
cust102828,Crystal Martinez,2722927693,63,male,north,1/7/2021,FALSE,0.19
cust102829,Kimberly Stevens,9933869911,27,female,north,11/5/2023,FALSE,0
cust102830,Jennifer Wheeler,5587433258,54,female,south,25-04-2022,FALSE,0.25
cust102831,Tara Cohen,7841304092,22,male,east,16-04-2023,FALSE,0.35
cust102832,Jacqueline Fox,4236915366,65,female,central,16-04-2022,FALSE,0.05
cust102833,Heather Villanueva,210515791,64,female,west,14-05-2023,FALSE,0.16
cust102834,James Taylor,9262407744,42,male,east,25-12-2022,FALSE,0.16
cust102835,Ellen Hall,9754910448,61,male,central,26-01-2024,FALSE,0
cust102836,Judith Sexton,8146781531,69,other,north,8/1/2021,FALSE,0.14
cust102837,Edwin Long,3743199474,38,male,west,27-08-2021,TRUE,0.13
cust102838,Ashley Sweeney,3067750098,29,female,central,16-07-2021,FALSE,0.03
cust102839,Brenda Webster,5767934794,28,male,south,2/4/2023,FALSE,0.1
cust102840,Yvette Reese,3241254317,42,female,east,17-05-2024,FALSE,0.23
cust102841,Dennis Harrison,5245145793,36,female,central,29-01-2023,FALSE,0.24
cust102842,Terry Rich DVM,5077192939,57,female,east,11/5/2022,FALSE,0.24
cust102843,Kyle Lane,834318504,54,female,south,16-01-2024,FALSE,0.13
cust102844,David Davenport,9215680364,39,female,east,2/6/2025,FALSE,0.1
cust102845,Terry Shepherd,3719603906,51,male,west,10/4/2022,FALSE,0.22
cust102846,Nicolas Stewart,1844816510,18,male,south,20-05-2024,FALSE,0.15
cust102847,Kristen Mayer,93825700,53,female,north,20-01-2022,FALSE,0.32
cust102848,Rachel Hoover,2482734786,67,female,west,9/3/2024,FALSE,0.34
cust102849,Hannah Martin,5400455508,43,female,east,15-12-2020,TRUE,0.14
cust102850,Jennifer Greene,3495080988,32,male,north,3/7/2025,TRUE,0
cust102851,Jacob Strong,6282097027,35,male,east,3/12/2024,FALSE,0.22
cust102852,Erika Harris,8598270735,62,male,west,31-05-2021,FALSE,0.12
cust102853,Laura Davis,7914719104,67,male,south,28-11-2020,FALSE,0.3
cust102854,Mario Watkins,9139814136,22,female,west,24-04-2021,FALSE,0.28
cust102855,Rebecca Hamilton,1848743411,43,male,north,16-08-2022,FALSE,0.07
cust102856,Kevin Martin,1084478427,25,female,south,21-02-2023,FALSE,0.33
cust102857,Makayla Johnson,7427336169,33,female,east,12/2/2022,FALSE,0.37
cust102858,Dana Smith,4185006542,56,female,north,20-10-2020,FALSE,0.25
cust102859,Zachary Pruitt,8971552230,28,female,central,30-07-2024,FALSE,0.27
cust102860,Latoya Mahoney DDS,9855425417,43,female,north,16-12-2024,FALSE,0.14
cust102861,Kayla White,7929556349,32,male,east,28-02-2025,FALSE,0.1
cust102862,Tracie Howard,4300943305,39,female,central,18-06-2024,FALSE,0.35
cust102863,Tina Brown,2057691771,20,male,west,9/9/2023,FALSE,0.23
cust102864,Courtney Porter,2317211964,70,male,south,1/3/2021,FALSE,0.19
cust102865,Jessica Wilson,2080445903,24,female,east,3/2/2022,TRUE,0.19
cust102866,Kristopher Hodges,3468700026,68,female,west,12/10/2022,TRUE,0.29
cust102867,Gary Bray,6377684711,31,female,north,17-08-2023,FALSE,0.17
cust102868,Michael Floyd,7456331200,35,female,east,5/7/2021,FALSE,0.14
cust102869,Daniel Brewer,1541152663,38,male,north,1/2/2022,FALSE,0.16
cust102870,Barry Cortez,7394873366,69,male,central,11/5/2022,FALSE,0.18
cust102871,Anthony Ramirez,9041403372,33,female,north,26-09-2020,TRUE,0.14
cust102872,Vickie Rivera,3046270347,30,female,west,10/2/2024,FALSE,0.21
cust102873,Christina Joyce,9211565391,68,female,south,20-06-2024,FALSE,0.14
cust102874,Cory Cochran,8182972813,67,male,south,28-06-2021,FALSE,0.15
cust102875,Jasmine Morris,6646943108,44,male,central,2/4/2025,FALSE,0.44
cust102876,Amanda Scott,6893345060,26,male,south,12/4/2022,FALSE,0.2
cust102877,Eric Hebert,2044049159,24,male,east,15-02-2021,FALSE,0.4
cust102878,Raymond Delgado,3226535961,69,male,central,13-03-2024,FALSE,0.08
cust102879,Darren Jensen Jr.,3041024848,70,female,east,22-06-2023,FALSE,0.29
cust102880,Adam Fitzgerald,991401508,55,male,west,3/4/2023,FALSE,0.2
cust102881,Maria Clark,3927279199,47,female,north,7/3/2024,FALSE,0.4
cust102882,Ashley Phelps,348230410,49,female,north,17-09-2023,FALSE,0.14
cust102883,Richard Williams,3813874372,29,female,east,10/10/2023,FALSE,0.42
cust102884,Daniel James,9030485358,27,female,south,31-03-2025,FALSE,0.13
cust102885,Troy Hunt,5758818138,64,female,central,23-05-2023,FALSE,0.2
cust102886,Deanna Burton,2357199288,23,female,south,29-06-2023,FALSE,0.06
cust102887,Sarah Knox,8722874167,56,female,central,30-10-2024,FALSE,0.2
cust102888,Kathleen Krueger,6889484031,65,female,east,9/8/2022,FALSE,0.18
cust102889,Cheryl Ramirez,9637091673,29,male,north,1/9/2022,FALSE,0.07
cust102890,Jennifer Arnold,1552291430,26,female,west,27-05-2025,FALSE,0
cust102891,Philip Jacobs,4735197427,57,female,east,28-09-2024,FALSE,0.31
cust102892,Tiffany Ramirez,3053392710,45,male,north,20-06-2023,FALSE,0.26
cust102893,Nicole Reynolds,7755166620,38,female,west,13-09-2023,FALSE,0.12
cust102894,Valerie Garcia,8168193876,31,male,central,27-04-2024,FALSE,0.19
cust102895,Brenda Butler,5011000563,66,female,east,10/10/2020,FALSE,0.11
cust102896,Jennifer Patterson,8334633536,38,male,central,22-04-2021,FALSE,0.18
cust102897,Victor Carter,5996531235,65,female,south,29-05-2024,TRUE,0.23
cust102898,Misty George,3063066429,45,male,north,6/2/2023,FALSE,0.24
cust102899,Maria Richardson,6151118666,20,male,central,30-08-2022,FALSE,0.14
cust102900,Mrs. Donna Mclaughlin,3948218983,30,female,north,2/10/2020,FALSE,0.17
cust102901,Nancy Martin,6414969013,48,female,north,17-04-2023,FALSE,0.26
cust102902,Rebecca Garcia,8992938763,67,female,south,16-04-2024,FALSE,0.12
cust102903,Jennifer Gutierrez,9479740221,51,male,central,13-04-2025,TRUE,0.13
cust102904,Joseph Shaw,9010137024,44,male,central,4/11/2022,FALSE,0.21
cust102905,Daniel Griffith,4338541658,32,male,south,13-04-2025,FALSE,0.26
cust102906,Rachel Roach,6432174666,31,male,west,22-02-2021,FALSE,0.15
cust102907,Lisa Walker,6736592993,66,female,west,30-09-2020,FALSE,0.3
cust102908,Heather Whitney,3245532712,32,female,west,25-07-2021,FALSE,0.19
cust102909,Michaela Howard,5209006303,47,other,west,24-08-2023,FALSE,0.12
cust102910,Danny Ryan,1671361871,62,male,south,22-12-2022,FALSE,0.21
cust102911,Oscar Knapp,5625405800,19,female,north,28-03-2021,FALSE,0.03
cust102912,Jennifer Hale,6943547572,45,female,north,4/9/2022,FALSE,0
cust102913,Kayla Jones,2223470344,63,female,north,4/7/2024,FALSE,0.24
cust102914,Joseph Dillon,4676697589,47,female,west,27-03-2024,FALSE,0
cust102915,David Burke,8381838819,36,female,east,21-03-2025,FALSE,0.1
cust102916,Matthew Jones,4081082588,52,female,south,16-03-2022,FALSE,0.32
cust102917,Heather Jackson,7975262742,62,female,central,10/5/2025,FALSE,0.24
cust102918,Diana Morton,6409366230,60,male,central,9/11/2024,FALSE,0.1
cust102919,Richard Smith,2300178978,70,male,north,12/3/2021,FALSE,0.2
cust102920,Brittany Brown,8774037449,36,male,north,3/1/2023,TRUE,0.03
cust102921,Mary Park,1679452177,30,female,west,22-06-2025,TRUE,0.06
cust102922,Amanda Bell,6589235613,30,other,south,1/4/2022,FALSE,0.18
cust102923,Rebecca Archer,1864116455,64,male,central,8/8/2021,FALSE,0.27
cust102924,Michael Davis,8558196462,19,male,central,2/10/2022,FALSE,0.2
cust102925,Tyrone Guerrero,3737427120,68,female,north,7/12/2022,FALSE,0.19
cust102926,Jeffrey Wiggins,9961445094,44,male,east,2/12/2022,TRUE,0.12
cust102927,Brenda Matthews,6636520658,61,male,east,20-09-2023,TRUE,0.21
cust102928,April Flynn DVM,1468324005,69,male,north,4/3/2024,FALSE,0.3
cust102929,Kayla Nichols,2678385683,68,male,south,19-04-2025,FALSE,0.33
cust102930,Maria Burton,8411112167,25,male,north,28-08-2024,FALSE,0.24
cust102931,David Willis,2839037765,67,female,west,1/7/2021,FALSE,0.21
cust102932,Alyssa Allison,8743785803,19,female,central,10/5/2022,FALSE,0.24
cust102933,Lauren Ortega,624507091,24,female,east,29-07-2024,FALSE,0.26
cust102934,Lisa Estrada,9228774678,41,male,central,15-02-2023,FALSE,0.14
cust102935,Nathaniel Perez,8949332110,27,female,west,8/1/2022,TRUE,0.16
cust102936,Mr. Robert Hatfield,2080742272,35,female,north,8/1/2024,FALSE,0.12
cust102937,Kaitlin Barry,4198748529,24,male,north,6/3/2025,FALSE,0.12
cust102938,Brendan Drake,2313305982,58,male,south,23-05-2021,FALSE,0.43
cust102939,Billy Roberts,3261654607,37,female,central,21-03-2025,FALSE,0.29
cust102940,Jean Torres,9364073852,32,male,north,22-12-2020,FALSE,0.12
cust102941,Adrian Newman,9225396699,57,male,east,16-11-2023,FALSE,0.21
cust102942,Kendra Bell,4083066969,67,female,east,17-07-2021,FALSE,0.24
cust102943,Belinda Frazier,9155545562,45,male,north,20-06-2023,FALSE,0.19
cust102944,Oscar Johnson,8243943387,65,male,central,27-10-2020,FALSE,0.08
cust102945,Ronald Taylor,7989733544,27,female,south,16-04-2023,FALSE,0.37
cust102946,Jeffrey Gray,8531911081,57,male,north,27-02-2024,FALSE,0.06
cust102947,Jackie Reeves,1861657704,38,female,west,22-01-2024,FALSE,0.3
cust102948,Jake Williams,8475900402,54,male,north,16-03-2022,TRUE,0.21
cust102949,Alan Zavala,6013896162,64,male,south,11/8/2021,FALSE,0.1
cust102950,Charles Fields,5605517332,30,male,east,10/4/2022,FALSE,0.18
cust102951,Jessica Hamilton,3008259726,70,female,east,6/6/2024,FALSE,0
cust102952,Michelle Lara,3161533467,27,female,north,14-04-2021,FALSE,0.23
cust102953,Jonathan Morris,3524055840,43,male,south,20-03-2024,TRUE,0.29
cust102954,Todd Hunt,6884487585,47,male,central,15-02-2024,FALSE,0.14
cust102955,Patrick Baker,4244451781,62,female,central,25-06-2021,FALSE,0.24
cust102956,Megan Knight,6154970687,37,male,east,28-06-2025,FALSE,0
cust102957,Laurie Glover,2622814492,64,male,central,13-05-2025,FALSE,0.14
cust102958,Latoya Brown,58125146,48,female,south,3/7/2024,FALSE,0.04
cust102959,James Wang,215932398,43,female,east,22-04-2021,FALSE,0.31
cust102960,Mrs. Lisa Pope DVM,1575108884,61,male,west,28-06-2022,FALSE,0.22
cust102961,Jason Shaffer,9238089464,55,female,west,29-01-2025,FALSE,0.19
cust102962,Douglas Terrell,2692494581,44,female,west,9/9/2024,FALSE,0.18
cust102963,Kerri Brown,5157098535,65,female,west,19-04-2024,FALSE,0.17
cust102964,Ashley Smith,7655296345,22,female,central,29-04-2024,FALSE,0.29
cust102965,Donna Rodgers,4482931784,32,female,west,13-10-2024,FALSE,0.07
cust102966,Danielle Thomas,1041324804,36,male,west,10/1/2023,TRUE,0.31
cust102967,Brandon Johnson,1855265889,31,female,central,26-02-2022,FALSE,0.28
cust102968,Richard Dalton,2148631375,34,female,south,26-04-2022,FALSE,0.32
cust102969,Mr. William Powell,360104234,50,male,east,21-10-2023,FALSE,0.16
cust102970,Leslie Young,2009600075,45,female,south,5/3/2025,FALSE,0.33
cust102971,Kevin Curtis,388360211,32,male,north,14-12-2022,FALSE,0.32
cust102972,Suzanne Hensley,419429751,50,female,north,15-08-2022,FALSE,0.25
cust102973,Eric Richmond,9912199711,66,female,east,12/9/2022,FALSE,0.33
cust102974,Regina Coleman,1667586001,21,male,central,4/11/2024,FALSE,0.15
cust102975,Mrs. Danielle Underwood,3358004022,29,female,north,26-01-2023,FALSE,0.19
cust102976,Tammy Brown,4578240081,34,male,east,8/4/2025,FALSE,0.36
cust102977,Lisa Bennett,2307239291,32,female,west,3/3/2022,FALSE,0.44
cust102978,Ryan Frank,7960347390,50,male,east,23-01-2025,FALSE,0
cust102979,Joshua Newman,9540332176,50,female,east,1/8/2021,FALSE,0.31
cust102980,Lauren White,2302300278,43,male,east,26-11-2023,FALSE,0.05
cust102981,Michael King,6123170400,25,male,west,25-07-2024,FALSE,0.23
cust102982,Mr. Michael Howell,2528366397,65,female,central,10/3/2025,FALSE,0.13
cust102983,John Guerra,8699006951,26,male,west,31-07-2025,FALSE,0.22
cust102984,Theresa Foster,9739135793,22,female,north,30-07-2024,FALSE,0.16
cust102985,Christy Hunt,9729667931,61,male,central,1/1/2024,TRUE,0.25
cust102986,Rachel Chandler,4214187970,47,male,west,5/5/2024,FALSE,0.28
cust102987,Lauren Lawrence,4682089006,19,male,south,3/2/2025,TRUE,0.16
cust102988,Angela Moore,7708030641,66,male,north,24-09-2021,FALSE,0.28
cust102989,Christopher Wallace,5117901930,30,male,west,13-09-2024,FALSE,0.17
cust102990,Amanda Williams,9123548307,55,male,west,13-03-2022,FALSE,0.28
cust102991,Anthony Ellis,6005621401,49,other,west,4/10/2023,FALSE,0.34
cust102992,Greg Knapp,42546352,51,female,east,5/1/2022,FALSE,0.22
cust102993,Bruce Miller,6537758621,28,female,north,24-02-2022,FALSE,0.23
cust102994,Joel Norris,1692373359,41,male,east,4/5/2025,FALSE,0
cust102995,Melissa Faulkner,925472784,29,female,west,15-11-2021,TRUE,0.11
cust102996,Denise Johnson,1431471688,22,female,south,5/8/2021,FALSE,0.13
cust102997,Brian Armstrong,6624088386,59,female,north,1/5/2025,FALSE,0.18
cust102998,Ronald Soto,1049102467,26,male,central,7/11/2020,FALSE,0.03
cust102999,Donald Stephens,698319893,60,female,west,31-01-2025,FALSE,0.04
cust103000,Sarah Hayes,4331475177,63,male,north,5/7/2025,FALSE,0.19
cust103001,Rose Rogers,6196444695,62,male,north,20-02-2021,FALSE,0.22
cust103002,Derek Carpenter,4340372795,20,female,west,17-07-2024,FALSE,0.32
cust103003,Kristen Maldonado,1707175609,58,male,west,2/2/2021,FALSE,0.37
cust103004,Nicholas Coleman,5949724626,48,male,east,22-06-2023,FALSE,0.26
cust103005,Ruben Brock,3965161748,64,female,east,22-02-2023,FALSE,0.16
cust103006,Maria Rollins,8446062830,68,female,central,6/7/2025,FALSE,0.28
cust103007,Haley Atkins,1995738096,25,male,north,20-03-2024,FALSE,0.1
cust103008,Robin Lopez,318294333,43,female,west,13-07-2024,FALSE,0.23
cust103009,Daniel Davenport,1833413578,36,female,west,24-11-2021,TRUE,0.41
cust103010,Brandon Christian,7176615248,29,female,central,12/9/2020,FALSE,0.38
cust103011,Raymond Blake,9922756862,35,male,central,11/5/2025,FALSE,0.16
cust103012,Hannah Humphrey,910885061,52,male,south,29-12-2023,FALSE,0.32
cust103013,Christopher Olsen,9435487534,65,female,central,20-05-2021,FALSE,0.15
cust103014,Shannon Christensen,1832930424,33,female,west,22-03-2022,FALSE,0.13
cust103015,Jill Turner,5002958333,48,female,east,25-02-2023,FALSE,0.01
cust103016,Melinda Nelson,2831440008,66,female,south,21-08-2024,FALSE,0.26
cust103017,Joseph Ryan,1887700619,34,female,north,7/11/2020,TRUE,0.24
cust103018,Tina Mcdowell,8272794580,22,male,central,2/12/2021,FALSE,0.32
cust103019,Laura Paul,1845710956,29,female,central,5/1/2025,TRUE,0.3
cust103020,Timothy Warren,2057261166,51,male,south,20-09-2022,FALSE,0.16
cust103021,Kevin Keller,5275599580,50,male,east,11/11/2023,TRUE,0.3
cust103022,Larry Hayes,3062710739,59,male,central,7/8/2020,FALSE,0.43
cust103023,John Johns,9313382464,46,male,east,3/6/2025,FALSE,0.48
cust103024,Edward Mcgrath,7637839731,32,female,north,6/7/2023,FALSE,0.29
cust103025,Joseph Porter,2867815360,20,male,west,11/4/2022,TRUE,0.23
cust103026,Douglas Quinn,2900580085,27,female,south,20-07-2025,FALSE,0.25
cust103027,John Wagner,3514817130,18,male,central,2/3/2022,FALSE,0.21
cust103028,Roger Cisneros,1457911780,27,male,north,4/9/2024,FALSE,0.13
cust103029,Jay Moon,374766266,49,male,north,10/5/2025,FALSE,0.39
cust103030,John Little,8920194797,31,female,north,13-10-2024,FALSE,0.29
cust103031,James Smith,1578158403,44,female,north,26-05-2024,FALSE,0.22
cust103032,Samantha Benton,3764736905,54,female,central,7/4/2021,FALSE,0.38
cust103033,Lisa Valdez,2192522585,42,male,west,30-06-2021,FALSE,0.3
cust103034,Michael Padilla,8248805172,57,male,west,27-07-2023,FALSE,0.05
cust103035,Chase Valentine,3717419233,33,female,north,24-10-2022,TRUE,0.35
cust103036,Aaron Phillips,7206677587,40,male,west,6/9/2024,FALSE,0.15
cust103037,Karen Evans,8801950810,60,male,south,13-02-2025,FALSE,0.04
cust103038,Douglas Montgomery,8561725838,62,male,south,15-03-2022,FALSE,0.23
cust103039,Bryan Dudley,4365370846,61,male,north,18-02-2025,FALSE,0.16
cust103040,Dustin King,9217780480,41,male,central,21-08-2020,FALSE,0.11
cust103041,Nicholas Ramirez,8625104745,64,female,south,14-05-2023,FALSE,0.39
cust103042,Nicole Ramirez,8717488351,47,female,central,20-04-2021,FALSE,0.21
cust103043,Adrian Moore,7478705154,61,male,south,25-09-2021,FALSE,0.19
cust103044,George Dennis,8628562293,32,male,west,23-10-2022,FALSE,0.17
cust103045,Bobby Gibson,7778771414,46,male,south,9/2/2025,TRUE,0.15
cust103046,Nathaniel Jones,7784360046,67,male,south,17-04-2021,FALSE,0.22
cust103047,Juan Burke,3992808132,46,female,central,18-01-2023,FALSE,0.16
cust103048,Dr. Holly Taylor MD,152802759,37,male,central,27-06-2023,FALSE,0.59
cust103049,Brandi Bass,5507891372,29,male,east,30-06-2025,FALSE,0.07
cust103050,Robert Knight,8206726777,19,male,east,4/6/2024,FALSE,0.21
cust103051,Christopher Hartman,1171520394,48,male,north,11/4/2025,FALSE,0.14
cust103052,Mrs. Jessica Rivera MD,1859004611,53,male,west,10/10/2023,FALSE,0.12
cust103053,Zachary Smith,855280545,70,female,east,1/10/2024,FALSE,0.12
cust103054,Ricky Payne,7639289188,62,male,east,16-07-2023,FALSE,0.2
cust103055,Kim Ali,9619282603,18,female,north,3/6/2023,FALSE,0.31
cust103056,Sandra Morales,4130182745,65,female,west,23-03-2023,FALSE,0.34
cust103057,John Johnson,1584503353,64,female,west,22-06-2022,FALSE,0.28
cust103058,Angela Li,8933681879,42,male,north,7/3/2024,FALSE,0.15
cust103059,Meghan Valenzuela,895746209,19,male,north,15-10-2022,FALSE,0.43
cust103060,Lindsay Hill,8837207911,20,female,west,19-10-2023,FALSE,0.41
cust103061,Sergio Miller,4956885736,38,male,south,22-12-2024,FALSE,0.41
cust103062,Benjamin Torres,5068514569,55,female,north,23-09-2022,FALSE,0.14
cust103063,Melissa Crawford,9691433927,39,female,south,7/4/2023,FALSE,0.27
cust103064,Jennifer Aguilar,2304661285,26,male,central,2/11/2022,FALSE,0.29
cust103065,John Welch,1733613879,29,male,north,27-08-2024,FALSE,0.27
cust103066,Olivia Jones,4470458305,62,male,west,15-11-2020,FALSE,0.27
cust103067,Kristin Tran,3860121252,31,female,west,2/4/2022,FALSE,0.27
cust103068,Brittany Boyd,5072990140,19,female,central,15-10-2023,FALSE,0.16
cust103069,Ashley Dodson,5762800850,55,female,east,7/12/2022,FALSE,0.34
cust103070,Reginald Hopkins,652250334,59,female,south,14-10-2021,FALSE,0.37
cust103071,Richard Nelson,2071885353,24,female,north,6/1/2025,FALSE,0.28
cust103072,Carla Nolan,4476769709,44,male,west,23-03-2021,FALSE,0.21
cust103073,Mark Yates,2572364210,67,male,south,20-05-2022,FALSE,0.25
cust103074,Paul Jimenez,5702476185,47,male,north,16-06-2023,FALSE,0.35
cust103075,Kylie Hernandez,6118380229,36,female,west,28-03-2024,FALSE,0.18
cust103076,Laurie Hull,9065714160,60,male,west,2/2/2023,FALSE,0.28
cust103077,Erica Hamilton,8667416652,45,female,west,23-02-2022,FALSE,0.11
cust103078,Anthony Santana,1463627809,37,female,west,15-09-2021,FALSE,0.25
cust103079,Paul Macdonald,5101828619,64,female,north,27-06-2025,FALSE,0.05
cust103080,Jessica Brown,6085597471,66,male,south,12/11/2020,FALSE,0.06
cust103081,Sharon Morales,1553268131,63,female,central,27-07-2023,FALSE,0.45
cust103082,Donald Chung,1719897192,29,male,west,26-10-2023,FALSE,0.22
cust103083,Christopher Johnson,6849504674,56,female,north,4/12/2022,FALSE,0.33
cust103084,Jared Campbell,7972975762,58,male,west,27-09-2022,FALSE,0
cust103085,Linda Massey,818562256,41,male,west,19-12-2023,FALSE,0.17
cust103086,Scott Decker,3688700705,65,female,east,1/8/2025,FALSE,0.18
cust103087,Megan Cox DDS,2981578503,66,male,south,9/9/2024,FALSE,0.13
cust103088,Deborah Davis,5673847214,51,female,west,19-10-2020,FALSE,0.22
cust103089,Lisa Hayes,856562907,25,female,east,27-05-2023,FALSE,0.1
cust103090,Luis Wall DDS,3829893440,60,male,north,10/8/2024,FALSE,0.35
cust103091,Micheal Collins,3926228135,47,male,west,29-10-2024,TRUE,0.28
cust103092,Trevor Bass,6548656368,30,female,north,21-12-2021,TRUE,0.06
cust103093,Maria Nelson,839370017,41,other,east,29-12-2021,FALSE,0.26
cust103094,Melissa Hebert,405870994,25,female,west,1/1/2025,FALSE,0.24
cust103095,Mark Turner,3599322294,31,female,west,5/4/2024,FALSE,0.39
cust103096,Katherine Sanchez,5786368526,48,female,east,12/9/2023,FALSE,0.33
cust103097,John Fields,7188666293,33,male,south,25-12-2024,FALSE,0.07
cust103098,Christopher Gonzalez,7518555199,20,male,north,30-03-2023,FALSE,0.11
cust103099,Kathryn Norman,1990928915,57,male,north,5/4/2024,FALSE,0.32
cust103100,Jacqueline Rodriguez,894480419,34,female,central,12/11/2020,FALSE,0.04
cust103101,Scott Mccullough,8141452045,52,female,east,8/10/2021,FALSE,0.27
cust103102,Amanda Patterson,2768624523,28,female,west,27-10-2020,FALSE,0.12
cust103103,Eric Owens,100389769,65,female,south,28-03-2021,FALSE,0.26
cust103104,John Glass,1647221889,68,male,west,30-10-2024,FALSE,0.26
cust103105,Michael Ingram,2192991641,57,female,north,24-02-2021,FALSE,0.24
cust103106,Julie Raymond,7644252382,48,female,east,25-10-2024,TRUE,0.11
cust103107,Kerry Costa,7213880099,30,female,central,23-11-2024,FALSE,0.2
cust103108,Shelia Blair,9778249615,53,female,west,21-05-2025,FALSE,0.35
cust103109,Nicole Haynes,3194129098,45,female,south,12/1/2025,FALSE,0.18
cust103110,Madison Cruz,7831392822,33,male,central,7/10/2024,FALSE,0.25
cust103111,Cody Kennedy,7288949340,56,male,west,30-12-2021,FALSE,0.4
cust103112,Andrea Gallagher,9938920920,60,female,central,20-10-2022,FALSE,0.43
cust103113,Caroline Hughes,6216211635,53,female,south,11/7/2022,FALSE,0.39
cust103114,Mr. George Daniels DDS,9411982422,53,female,east,20-12-2023,FALSE,0.22
cust103115,Randy Mays,2531653704,69,male,central,6/7/2022,FALSE,0.21
cust103116,Dale Kaiser,66277176,40,female,east,18-06-2022,FALSE,0.18
cust103117,Taylor Lawson,967581308,51,female,east,28-04-2024,TRUE,0.14
cust103118,John Sellers,4836915059,42,male,central,14-11-2021,FALSE,0.18
cust103119,Margaret Wilkins,672623630,31,female,south,15-03-2025,FALSE,0.03
cust103120,David York,5205170772,27,male,north,25-07-2021,FALSE,0.27
cust103121,Kevin Atkins,6245221336,44,male,west,16-08-2023,FALSE,0.17
cust103122,Rhonda Butler,688049152,28,male,central,24-08-2024,FALSE,0.34
cust103123,Joshua Castro,3362402041,29,male,north,25-11-2021,FALSE,0.33
cust103124,Jennifer Reynolds,1567144835,58,male,central,23-09-2022,FALSE,0.37
cust103125,Sabrina Sanchez PhD,8809840164,41,other,north,6/11/2024,FALSE,0.11
cust103126,Jesse Hall,3109220604,69,male,west,4/10/2021,FALSE,0.17
cust103127,Craig Flores,9586185431,57,male,east,30-12-2023,FALSE,0.11
cust103128,Olivia Kelly,272576821,49,female,central,11/7/2021,FALSE,0.01
cust103129,Ryan Lindsey DVM,6606251461,56,female,west,26-02-2022,FALSE,0.12
cust103130,Chelsea Eaton,8939632215,47,other,east,12/12/2021,FALSE,0.1
cust103131,Kayla Edwards,6130408475,52,male,north,13-04-2022,TRUE,0.34
cust103132,Joshua Richards,8239579542,49,male,north,31-01-2022,FALSE,0
cust103133,Laurie Romero,1797738157,60,male,south,25-09-2024,FALSE,0.26
cust103134,Courtney Clark,8264489245,58,male,east,30-06-2021,FALSE,0.17
cust103135,Kimberly Arnold,3795143850,41,female,east,11/2/2021,FALSE,0.15
cust103136,Angel Thomas,3087676739,44,female,central,19-02-2022,FALSE,0.16
cust103137,Samuel Smith,2102192446,53,female,south,19-07-2025,FALSE,0.26
cust103138,Kristina Sweeney,1375361417,43,female,south,11/6/2025,FALSE,0.19
cust103139,Krista Carter,9319803540,33,male,south,21-02-2023,FALSE,0.49
cust103140,Mary Moore,7865732331,56,female,west,10/1/2023,FALSE,0.22
cust103141,Richard Mccarthy,3240367801,53,male,west,25-10-2021,FALSE,0.14
cust103142,Nicole Williams,9582158065,26,female,east,6/2/2021,FALSE,0.14
cust103143,Daniel Torres,3051441948,47,female,east,16-04-2021,TRUE,0.17
cust103144,Jacob Hogan,9994951488,41,male,east,27-02-2021,FALSE,0.39
cust103145,Rhonda Braun,5996780865,43,male,west,29-04-2021,FALSE,0.27
cust103146,Benjamin Sweeney,8541417165,39,female,north,9/10/2020,FALSE,0.37
cust103147,Dawn Parker,8223256485,69,male,central,3/3/2024,FALSE,0.05
cust103148,Jeffrey Goodman,6819919722,67,female,south,4/1/2025,FALSE,0.14
cust103149,Taylor Cruz,7285410047,64,female,north,7/3/2023,FALSE,0.21
cust103150,Richard Foster,9185794319,25,male,south,26-02-2021,FALSE,0.18
cust103151,Alejandro Gonzalez,8131192268,32,female,east,25-09-2020,FALSE,0.28
cust103152,Jessica Stevens,4465813369,27,male,west,24-08-2020,FALSE,0.33
cust103153,Tamara Pacheco,1555639625,36,male,west,15-07-2021,TRUE,0.16
cust103154,Melissa Johnson,7137015884,64,male,east,6/5/2024,FALSE,0
cust103155,Dana Daniels,7145454459,36,male,south,14-03-2025,FALSE,0.09
cust103156,Dr. Angela Lewis,5277692170,20,male,south,28-06-2023,TRUE,0.06
cust103157,Michael Duncan,8182027253,32,male,west,9/10/2024,FALSE,0.27
cust103158,Jason Myers,7118092126,54,male,south,29-03-2021,FALSE,0.45
cust103159,Sherri Cruz,8205066313,51,male,east,2/11/2023,FALSE,0.24
cust103160,James Hunt,9605190318,60,female,north,1/5/2022,FALSE,0.42
cust103161,Bailey White,7065788655,58,female,north,20-07-2021,FALSE,0.24
cust103162,Shawn Perez,631824887,21,female,south,4/9/2024,FALSE,0.33
cust103163,Patrick Peterson,8215307978,65,male,north,16-04-2021,FALSE,0.24
cust103164,Jenny Black,6411515065,63,male,central,24-04-2021,FALSE,0.29
cust103165,Michelle Tanner,8506074025,21,male,east,7/1/2025,FALSE,0.09
cust103166,Jeremy Odonnell,2498854687,52,male,east,24-10-2021,FALSE,0.16
cust103167,Paul Brooks,5314628818,63,male,south,2/5/2025,FALSE,0.38
cust103168,Bryan Shelton,5367124541,21,male,north,13-10-2024,FALSE,0.31
cust103169,Michael Mays,4145646570,41,male,central,23-12-2024,FALSE,0.04
cust103170,Michael Hill,3531322716,30,female,north,10/3/2024,FALSE,0.33
cust103171,Randy Jones,9684654437,52,female,central,14-01-2022,FALSE,0.35
cust103172,John Leblanc,7400534201,34,female,central,12/8/2023,FALSE,0.17
cust103173,Ricardo Chavez,9096487712,36,female,north,22-07-2024,FALSE,0.24
cust103174,Michelle Munoz,4646994438,34,male,west,9/10/2020,FALSE,0.13
cust103175,Kenneth Reyes,5880575054,41,female,central,24-04-2023,FALSE,0.24
cust103176,Sandy King,8475634245,61,male,south,22-04-2022,FALSE,0.22
cust103177,Miss Denise Taylor,8027823112,54,female,south,1/10/2021,FALSE,0.15
cust103178,Tammy Buck,250796038,63,male,east,11/2/2023,FALSE,0.2
cust103179,Denise Lee,7041141844,45,female,north,2/12/2021,FALSE,0.13
cust103180,Shelby Barnett,5286036618,38,male,west,10/2/2022,FALSE,0.28
cust103181,Diana Long,2568929910,42,female,central,7/11/2022,FALSE,0.12
cust103182,Melissa Cooper,458206033,34,male,east,9/7/2024,FALSE,0.24
cust103183,Stephen Wilson,6412517495,32,male,north,20-11-2022,FALSE,0.23
cust103184,Valerie Mitchell,2518626802,45,male,north,21-07-2025,FALSE,0.11
cust103185,Michael Rogers,3834532116,27,female,north,3/4/2022,FALSE,0.15
cust103186,Mr. Juan Guzman,9971346836,46,male,south,5/2/2023,FALSE,0.24
cust103187,John Harvey,5065068822,35,male,south,13-05-2022,FALSE,0.36
cust103188,Carrie Hernandez,4851004232,52,male,central,5/11/2022,FALSE,0.12
cust103189,Susan Thomas,3039761980,62,other,north,2/4/2022,FALSE,0.19
cust103190,Diane Jordan,3115773532,32,male,east,20-09-2020,FALSE,0.18
cust103191,Brittany Navarro,7178939381,31,male,north,6/1/2024,FALSE,0
cust103192,Sean Sullivan,6446687843,46,female,north,22-10-2020,FALSE,0.18
cust103193,Gary Bolton,9393195265,36,male,south,17-04-2024,FALSE,0.29
cust103194,Matthew Novak,7931950143,51,male,west,21-05-2025,FALSE,0.29
cust103195,Teresa Walters,3639156576,66,male,central,29-04-2025,FALSE,0.14
cust103196,Tamara Munoz,4133135513,45,male,east,29-04-2025,FALSE,0.26
cust103197,Deborah Huynh,9318893682,34,male,central,6/6/2023,FALSE,0.17
cust103198,Christian Hansen,4526764555,24,male,west,9/1/2023,FALSE,0.24
cust103199,Robert Cruz,4289261736,36,female,north,1/10/2020,FALSE,0.31
cust103200,Dawn Smith,1866078743,61,male,west,18-03-2021,FALSE,0.12
cust103201,Jason Palmer,3498955526,59,female,west,17-09-2022,FALSE,0.26
cust103202,Katherine Frey,1327098293,65,male,east,20-12-2021,FALSE,0
cust103203,Marissa Rodriguez,6716078556,52,female,south,12/8/2022,TRUE,0.32
cust103204,Katrina Mcdaniel,1639610754,69,female,east,30-04-2025,FALSE,0.01
cust103205,Ryan Kim,5586792868,48,female,east,15-10-2020,FALSE,0.19
cust103206,Matthew Nelson,5714404012,64,male,east,20-05-2024,FALSE,0.18
cust103207,Jeffrey Ellis,5333337333,58,female,central,14-09-2023,FALSE,0.3
cust103208,Jennifer Poole,1179705130,36,female,central,13-04-2021,TRUE,0.41
cust103209,Anthony Nelson,9538039206,38,female,east,4/12/2023,FALSE,0.18
cust103210,Kim Bridges,6327576369,18,female,south,16-09-2020,FALSE,0.2
cust103211,Frank Gentry,8821787656,37,female,south,31-03-2025,FALSE,0.07
cust103212,Donald Blake,4966794287,23,male,central,16-08-2021,FALSE,0.27
cust103213,Joel Rodriguez,2414181056,56,male,south,16-04-2025,FALSE,0.32
cust103214,John Martin,7651119829,31,male,south,6/6/2022,FALSE,0.34
cust103215,Amy Perry,9476860935,39,female,west,21-04-2024,TRUE,0.08
cust103216,Michele Martinez,8658221513,35,female,south,19-05-2024,TRUE,0.1
cust103217,Elizabeth Houston MD,363960899,39,male,east,15-07-2024,FALSE,0.31
cust103218,Andrea Wade,8744021652,39,female,central,23-01-2022,FALSE,0.31
cust103219,Kevin Webb,3225274724,31,female,central,1/10/2020,FALSE,0
cust103220,Amber Adams,6493336575,54,female,east,7/11/2021,FALSE,0.1
cust103221,Jeffrey Rivers,7834237919,50,male,north,9/3/2023,FALSE,0
cust103222,Jacqueline Anderson,5979515909,66,male,east,13-09-2020,FALSE,0.18
cust103223,Ms. Katherine Mendez,8535661362,58,other,east,28-01-2023,FALSE,0.22
cust103224,John Garrett,2638877775,27,other,west,24-02-2022,FALSE,0.24
cust103225,Kimberly Crawford DDS,5325165293,69,male,west,21-06-2021,FALSE,0.25
cust103226,William Tanner,5875880395,44,female,north,7/6/2024,FALSE,0.28
cust103227,Charles Church MD,5428241427,63,female,south,25-04-2023,FALSE,0.19
cust103228,John Jones,633548369,69,male,west,26-06-2023,FALSE,0.02
cust103229,William Smith,9850564975,27,male,east,10/11/2021,TRUE,0.23
cust103230,Kari Payne,7605528600,45,female,west,8/8/2020,FALSE,0.29
cust103231,Kristen Smith,8634233621,26,male,south,19-09-2024,TRUE,0.03
cust103232,Corey Daugherty,788592712,36,female,north,29-09-2020,FALSE,0.08
cust103233,Ryan Alvarado,8390320103,21,female,east,4/4/2025,TRUE,0.34
cust103234,Kathryn Garcia,7283431747,58,female,south,26-02-2024,FALSE,0.4
cust103235,Mrs. Kristi Weiss DVM,9607397102,26,male,south,3/11/2024,FALSE,0.14
cust103236,Gail Burton,610874263,29,male,south,23-01-2025,FALSE,0.04
cust103237,James Lam,4102396670,19,female,central,16-02-2022,FALSE,0.13
cust103238,Jamie Richardson,6296095740,23,male,south,13-08-2020,FALSE,0.1
cust103239,Laura Stevens,7923843149,38,female,south,6/10/2023,FALSE,0.15
cust103240,Sarah Smith,5632371295,29,female,east,10/10/2020,FALSE,0.3
cust103241,Shannon Burgess,1656660634,24,male,east,4/8/2022,FALSE,0
cust103242,David Hopkins,1575406810,49,male,west,24-11-2024,FALSE,0
cust103243,Beverly Farrell,8165394500,48,male,east,3/6/2021,FALSE,0.43
cust103244,Sara Chandler,6967069742,66,male,west,25-06-2023,FALSE,0.1
cust103245,Tricia Moss,834406732,22,female,west,4/2/2023,FALSE,0.34
cust103246,Terry Garcia,9913264475,65,male,west,28-08-2023,FALSE,0
cust103247,Jennifer Simmons,1665504634,32,male,south,1/4/2024,FALSE,0.3
cust103248,Andrew Gonzalez,7101158480,54,female,north,4/2/2024,FALSE,0.03
cust103249,Adam Brooks,8391626285,55,female,north,2/10/2023,FALSE,0.08
cust103250,Shane Martinez,9180500734,62,female,east,16-06-2021,FALSE,0.03
cust103251,Brandy Harrison,3380701638,53,female,south,15-01-2023,FALSE,0.27
cust103252,Philip Simpson,5527515732,37,female,north,9/9/2023,FALSE,0.08
cust103253,Autumn Romero,362354978,50,female,north,27-07-2024,FALSE,0.08
cust103254,Joshua Hill,5438352320,33,female,east,19-10-2023,FALSE,0.28
cust103255,Anthony Rhodes,6829048666,32,male,central,8/3/2024,FALSE,0.39
cust103256,Alyssa Jones,8849544907,51,other,central,6/3/2024,FALSE,0.25
cust103257,Michael Lucero,8214790035,36,male,south,16-06-2025,FALSE,0.23
cust103258,Joseph Ramsey,1554398995,67,female,west,18-08-2020,FALSE,0.29
cust103259,Matthew Tucker,8929426240,56,male,north,9/7/2025,FALSE,0.4
cust103260,Joseph Hodges,4178599699,50,male,central,4/6/2021,FALSE,0.17
cust103261,Andrew Caldwell,8450349186,60,male,west,5/10/2020,FALSE,0.08
cust103262,James Martin,4436877689,24,male,central,4/2/2025,FALSE,0.42
cust103263,Ryan Norton,236316514,69,female,north,1/5/2024,TRUE,0.37
cust103264,Angela Garcia,8534529855,42,male,east,12/12/2021,FALSE,0.05
cust103265,Terry Myers,1180951301,24,female,central,30-09-2021,FALSE,0.3
cust103266,Linda Griffin,3209661123,66,female,north,16-09-2022,FALSE,0.25
cust103267,Dr. Jeffrey Gomez,2068034181,66,female,west,29-12-2023,FALSE,0.19
cust103268,Daniel King,1633726777,28,male,north,19-10-2021,TRUE,0.06
cust103269,Natalie Norman,164833177,21,female,central,16-10-2020,FALSE,0.03
cust103270,Kathy Payne,9601344424,50,male,west,30-04-2022,FALSE,0.13
cust103271,Jason Washington,2976773795,27,male,north,20-04-2025,FALSE,0.19
cust103272,Gerald Howard,4160208997,25,female,north,6/9/2020,FALSE,0.4
cust103273,Jennifer Davis,5126460719,26,male,west,8/3/2025,TRUE,0.03
cust103274,John Copeland,754087244,22,female,north,21-09-2022,FALSE,0.32
cust103275,Edwin Vasquez,4285043575,22,female,central,12/6/2024,TRUE,0.23
cust103276,Elizabeth Nelson,38357113,40,male,west,14-05-2024,FALSE,0.3
cust103277,Bradley Turner,5950616259,53,female,west,27-05-2025,FALSE,0.44
cust103278,Sheila Clark,2345236753,55,female,north,22-01-2025,FALSE,0.15
cust103279,Christopher Roy,8888782482,20,female,east,25-04-2024,TRUE,0.22
cust103280,Christopher Herring,9040705136,68,female,east,6/3/2022,FALSE,0
cust103281,Joseph Davis,6855239903,54,female,east,7/6/2023,FALSE,0.12
cust103282,Amber Payne,9064846167,55,female,east,16-08-2021,FALSE,0.39
cust103283,Krista Schmidt,4553509696,23,female,east,12/1/2023,FALSE,0.44
cust103284,Robert Anderson,9315094646,69,female,north,27-07-2021,FALSE,0.22
cust103285,Sarah Pena,7600495043,29,male,south,21-01-2021,FALSE,0.19
cust103286,Ethan Santiago,9126584716,69,male,south,11/3/2023,FALSE,0.26
cust103287,Patricia Martinez,6267850546,32,male,north,7/6/2021,FALSE,0.24
cust103288,Patrick Green,2032351009,32,female,west,21-10-2023,FALSE,0.47
cust103289,Kristy Norris,2373641609,38,male,central,5/1/2021,FALSE,0.08
cust103290,Jennifer Hooper,8672978607,27,male,west,1/8/2024,FALSE,0
cust103291,Eric Davis,4354653857,44,female,south,14-11-2024,FALSE,0.11
cust103292,Daniel Johnson,6444517406,69,male,north,24-02-2024,FALSE,0.03
cust103293,Carol Nguyen,3468859783,41,male,south,5/8/2023,FALSE,0.21
cust103294,David Gonzalez,8589923774,34,male,east,16-04-2024,FALSE,0.21
cust103295,Gerald Hoover,9657850540,47,male,north,16-10-2023,FALSE,0.02
cust103296,Timothy Miller,5200920540,62,female,east,16-03-2025,FALSE,0.2
cust103297,Alexandra Hicks,4999244277,26,male,north,12/4/2021,FALSE,0.16
cust103298,Charlene Dawson,7656240185,24,female,central,12/2/2022,FALSE,0.23
cust103299,Jared Hardin,4582494251,70,male,central,28-11-2020,FALSE,0.12
cust103300,Tyler Ward,5263409141,50,female,west,12/11/2024,FALSE,0.15
cust103301,Colin Gonzalez,1512631628,30,female,east,20-02-2021,FALSE,0.17
cust103302,Kenneth Brock,1022985365,66,female,south,5/11/2020,FALSE,0.36
cust103303,Matthew Mcgee,4215518429,48,female,south,17-09-2022,FALSE,0.06
cust103304,David Hansen,2892181580,33,male,east,8/6/2023,FALSE,0.13
cust103305,Theresa Ross,1075873754,22,other,south,9/5/2025,FALSE,0.21
cust103306,Kimberly Potter,4662083791,59,male,west,11/11/2022,FALSE,0.19
cust103307,Marcus Kim,7695651237,26,male,north,30-11-2024,FALSE,0.34
cust103308,William Juarez,4477947904,31,male,east,12/6/2024,FALSE,0.16
cust103309,Shannon Allen,7867486372,48,male,south,11/7/2021,FALSE,0.24
cust103310,Wendy Frank,2263643452,22,female,central,15-07-2025,FALSE,0.2
cust103311,Brittney Hawkins,534915632,64,female,south,24-02-2023,FALSE,0.1
cust103312,Sean Hahn,8681507568,21,male,west,14-06-2025,FALSE,0.16
cust103313,Angie Castillo,4046110865,70,female,central,20-04-2021,FALSE,0.2
cust103314,Samuel Watson,5638515303,56,male,north,19-11-2023,FALSE,0.1
cust103315,Wesley Wells,6095449130,21,male,west,29-01-2022,FALSE,0.51
cust103316,Alexander Vasquez,5897493307,42,male,east,3/10/2022,FALSE,0.23
cust103317,Cassidy Perez,5826725596,19,male,south,31-07-2021,FALSE,0.33
cust103318,Emily Cook,6524319341,28,female,east,28-09-2020,FALSE,0.4
cust103319,James Leblanc,9859503321,51,male,west,24-03-2024,TRUE,0.44
cust103320,Hannah Price,7457186829,45,female,central,16-09-2021,TRUE,0
cust103321,Jason Gibson,255009642,56,female,west,3/10/2023,FALSE,0.12
cust103322,Jorge Kelly,9884467362,19,female,north,30-08-2021,FALSE,0.03
cust103323,Michael Cook,7525737843,61,male,central,5/8/2020,FALSE,0.14
cust103324,Daryl Lewis,8253348650,68,male,north,15-04-2023,FALSE,0.16
cust103325,Jeremy Russell,9299890592,31,male,south,18-03-2021,FALSE,0.02
cust103326,David Logan,5667124791,32,female,south,12/8/2024,TRUE,0.33
cust103327,Scott Gardner,9090797125,42,female,east,20-07-2021,FALSE,0.35
cust103328,Victor Brooks,6816019429,55,male,central,28-01-2023,FALSE,0.12
cust103329,Paige Green,1306868327,36,male,south,10/6/2024,FALSE,0.28
cust103330,Mary Long,250237241,34,female,east,16-08-2023,FALSE,0.3
cust103331,Michael Barry,7386293586,52,male,north,7/6/2022,FALSE,0.28
cust103332,Kathleen Harris,3174550339,33,male,north,27-11-2022,FALSE,0.04
cust103333,Stacy Cook,5483422308,42,female,north,30-07-2021,FALSE,0.49
cust103334,Sylvia Shelton,726310995,49,male,east,10/10/2022,FALSE,0.45
cust103335,Stephanie Patrick,9628322049,48,female,north,26-02-2024,FALSE,0.14
cust103336,Ryan Cervantes,4684081919,58,male,central,22-04-2022,FALSE,0.14
cust103337,Keith Powers,6786877102,41,male,south,4/11/2023,FALSE,0.04
cust103338,James Petty,9636121279,22,female,west,28-01-2025,FALSE,0.27
cust103339,Eric Thomas,9956931012,34,male,west,14-08-2024,FALSE,0.2
cust103340,Rachel Moore,4627805081,55,female,east,4/5/2024,FALSE,0.26
cust103341,Joyce Perez,3633399466,38,male,south,2/2/2025,FALSE,0.15
cust103342,Eric Powers MD,9675149038,38,male,east,22-04-2022,FALSE,0.05
cust103343,Cynthia Monroe,6619047217,37,female,west,30-03-2025,TRUE,0.08
cust103344,Patricia Ramirez,1667434843,51,female,east,19-05-2025,FALSE,0.13
cust103345,Rachel Shepherd,5017680392,49,female,central,29-03-2023,FALSE,0.22
cust103346,Samantha Berry,2030984668,59,female,north,29-12-2024,FALSE,0.17
cust103347,Catherine Barrett,4462879227,50,male,south,18-06-2023,FALSE,0.29
cust103348,Alex Lewis,1336236263,51,male,north,16-12-2024,TRUE,0.28
cust103349,Steven Martinez,2985780499,31,female,south,7/3/2022,FALSE,0.31
cust103350,William Wood,5887622925,36,male,south,6/7/2023,FALSE,0.24
cust103351,Bradley Carter MD,6330693371,34,female,south,26-04-2024,TRUE,0.42
cust103352,Brenda Lewis,8419919963,36,male,central,18-10-2022,FALSE,0.46
cust103353,Brett Massey,4274657155,37,female,south,15-03-2021,FALSE,0.14
cust103354,William Rosario,8461989136,65,male,west,23-03-2021,FALSE,0.07
cust103355,Debra Skinner,4963215740,25,female,north,18-06-2025,TRUE,0.29
cust103356,Jose Steele,9466338869,37,male,central,2/3/2023,FALSE,0.27
cust103357,Nancy Hernandez,8962418062,55,female,north,15-09-2020,FALSE,0.3
cust103358,Matthew Dixon,4850937269,69,male,central,30-04-2024,FALSE,0.14
cust103359,Eric Blackburn,977614268,25,female,north,8/2/2025,FALSE,0.08
cust103360,Daniel Gill,6092209430,49,male,south,28-10-2021,FALSE,0.18
cust103361,Zachary Boyd,4047135250,48,male,central,1/2/2023,FALSE,0.41
cust103362,Michael Cooper,8121057319,52,female,south,7/12/2024,FALSE,0.18
cust103363,Nicholas Lopez,2312593576,55,female,central,27-04-2025,FALSE,0.28
cust103364,Donna Sawyer,6033189441,50,male,central,19-11-2021,TRUE,0.13
cust103365,Courtney Gillespie,6656103032,35,male,north,24-03-2023,FALSE,0.09
cust103366,Michelle Harris,471340108,27,male,south,22-04-2024,FALSE,0.1
cust103367,Valerie Pearson,2600167360,54,male,central,14-04-2024,FALSE,0
cust103368,Curtis Schwartz,7476927936,57,male,west,30-05-2022,FALSE,0.12
cust103369,Sandra Park,5308998568,18,male,central,8/10/2022,TRUE,0.31
cust103370,Anita Gonzales,742805020,45,male,north,1/12/2020,FALSE,0.21
cust103371,Elizabeth Gray,7889240076,55,female,south,1/3/2023,FALSE,0.1
cust103372,Julia Blankenship,9957205952,52,male,east,3/4/2024,FALSE,0.19
cust103373,Kelli Farrell,2103865724,23,female,central,22-11-2021,TRUE,0.23
cust103374,Jonathan Skinner,3663939878,54,female,west,24-12-2022,FALSE,0.3
cust103375,Jason Jones,4792090158,58,female,east,18-07-2024,FALSE,0.11
cust103376,Sarah Morgan,2662586223,59,female,central,4/11/2020,FALSE,0.2
cust103377,Julie West,8910710512,66,female,south,20-05-2023,FALSE,0.24
cust103378,Jason Jones,6641935845,39,male,east,26-11-2023,FALSE,0.33
cust103379,Russell Fox,888979678,35,female,central,3/11/2021,FALSE,0.05
cust103380,Joseph Fritz,437059769,29,female,central,13-07-2023,FALSE,0.16
cust103381,Zachary Brown,7332625974,61,female,south,20-08-2022,FALSE,0
cust103382,Samuel Collins,8294793850,65,female,central,15-07-2025,FALSE,0.1
cust103383,Brianna Scott DDS,2794180969,45,male,north,15-06-2022,FALSE,0.24
cust103384,Devin Horton,8347972583,52,male,east,17-08-2021,FALSE,0.41
cust103385,Stephen Harris,3421970956,28,male,west,23-09-2020,FALSE,0.17
cust103386,Cheyenne Marshall,3225420136,45,male,west,29-06-2021,FALSE,0.15
cust103387,Catherine Olson,5222936848,25,male,south,9/8/2021,FALSE,0.08
cust103388,Jon Davis,787378197,21,female,west,25-09-2020,FALSE,0.04
cust103389,Yesenia Hill,7743140834,67,female,central,23-07-2025,FALSE,0.1
cust103390,Carlos Garcia,5862210417,63,male,south,29-10-2020,FALSE,0.27
cust103391,Jennifer Blair,4766747159,29,male,central,13-02-2021,FALSE,0
cust103392,Amber Watts,8653727691,28,male,west,26-11-2023,FALSE,0.18
cust103393,John Davis,6576324883,52,male,west,2/5/2021,TRUE,0.12
cust103394,Jason Bowman,2471281474,64,female,east,17-10-2020,FALSE,0.07
cust103395,Tina Jackson,9435730595,18,male,central,7/6/2024,FALSE,0.23
cust103396,Diana White,9053010529,70,male,east,11/12/2023,FALSE,0.1
cust103397,Jennifer Cook,8541580433,45,male,south,25-07-2021,FALSE,0.07
cust103398,David Pratt,8544798201,41,female,north,11/1/2024,TRUE,0.13
cust103399,Charles Adams,155324166,36,female,south,10/4/2022,FALSE,0.01
cust103400,Rebecca Rogers,6123795390,30,male,central,18-04-2021,FALSE,0
cust103401,Brian Christian,3896754069,43,male,central,28-08-2022,FALSE,0.1
cust103402,Linda Page,7352156867,55,other,west,25-11-2023,FALSE,0.06
cust103403,Ryan Deleon,2648292308,27,male,north,7/6/2023,FALSE,0.31
cust103404,Nicole Allen,6871221750,38,female,central,23-05-2023,FALSE,0.19
cust103405,Michele Vazquez,1197733067,67,female,south,6/8/2022,FALSE,0.06
cust103406,Lorraine Howard,7030570471,29,male,east,15-10-2021,FALSE,0.19
cust103407,Mr. Cameron Singh,2988063795,63,female,south,26-04-2024,FALSE,0.28
cust103408,Peggy Berry MD,9594615142,28,male,central,27-06-2024,FALSE,0.27
cust103409,Tommy Hester,5450465872,56,male,south,8/9/2022,TRUE,0.41
cust103410,Rita Day,4715145615,35,male,south,1/2/2024,TRUE,0.1
cust103411,Jonathon Carrillo,8831401837,54,male,south,4/11/2022,TRUE,0.35
cust103412,Thomas Ramirez,5804364651,66,female,east,31-03-2023,FALSE,0.16
cust103413,Margaret Brown,703184955,36,male,west,3/1/2021,FALSE,0.21
cust103414,Judy Rojas MD,3504275912,44,male,north,29-05-2021,FALSE,0.1
cust103415,Brenda Farrell,7186910889,37,male,west,8/6/2021,FALSE,0.08
cust103416,Michael Green,7129649380,36,female,west,29-07-2023,FALSE,0.42
cust103417,Kayla Holmes,5198423443,43,female,west,23-03-2022,FALSE,0.43
cust103418,Joshua Townsend,1994762684,68,female,central,16-12-2020,FALSE,0.24
cust103419,William Mullins,6358669877,37,female,south,28-09-2021,FALSE,0.3
cust103420,Sarah Jackson,4694877860,70,male,north,17-10-2024,FALSE,0.23
cust103421,Michelle Hunt,4840214827,26,male,west,11/7/2023,FALSE,0.39
cust103422,Kathryn Pena PhD,3417346642,36,female,west,3/5/2025,FALSE,0
cust103423,Jesus Jensen,4679856071,37,female,east,2/5/2024,FALSE,0.4
cust103424,Heather Pearson,295612015,28,female,north,30-05-2022,FALSE,0
cust103425,Jordan Paul,5230233957,19,male,south,20-02-2025,FALSE,0.39
cust103426,Michael Washington,9250926285,37,female,east,26-03-2023,FALSE,0.46
cust103427,Nicole Chung,1226827454,28,female,west,2/1/2022,FALSE,0.05
cust103428,Jennifer Neal,52278984,52,male,east,17-04-2023,FALSE,0.11
cust103429,Blake King,5052906879,44,female,central,12/7/2022,FALSE,0.2
cust103430,Kyle Smith,9244388286,45,female,south,17-12-2021,FALSE,0.3
cust103431,Andrew Crawford,2280510667,68,male,central,12/4/2022,FALSE,0
cust103432,Veronica Harvey,4118346910,38,male,west,21-12-2024,FALSE,0.18
cust103433,Michelle Woodard,9795909793,18,male,east,24-07-2023,FALSE,0.28
cust103434,Harold Coleman,4406397091,56,female,east,18-03-2024,FALSE,0.29
cust103435,Sarah Stark,7884985740,68,female,south,21-11-2024,FALSE,0.28
cust103436,Brandon Miller,1569652514,46,female,south,18-10-2021,FALSE,0.15
cust103437,Patricia Jordan,4169078973,59,female,west,15-03-2024,FALSE,0.15
cust103438,Jeffery Smith,5255179977,23,female,west,6/6/2023,FALSE,0.13
cust103439,William Evans,1702707083,64,male,west,19-02-2023,FALSE,0.5
cust103440,James Aguilar,5316279980,41,male,west,11/8/2023,FALSE,0.08
cust103441,Heather Collier,3852003757,70,female,east,9/1/2022,FALSE,0.23
cust103442,Nicole Ali,9884410369,66,male,west,23-03-2024,FALSE,0.16
cust103443,Nichole Barton,7310999909,63,male,east,3/7/2024,FALSE,0.18
cust103444,Marcus Carrillo,1079205094,25,male,south,5/2/2025,FALSE,0.24
cust103445,Lisa Hammond,258694814,53,female,east,16-08-2024,FALSE,0.13
cust103446,Alicia Blake,3675749211,51,female,south,24-06-2022,FALSE,0.2
cust103447,Heather Thornton,9325987153,31,male,west,15-07-2022,FALSE,0.15
cust103448,Taylor Smith,317921437,24,female,central,23-01-2024,TRUE,0.29
cust103449,David Patel,5872641494,42,male,central,28-06-2021,FALSE,0.15
cust103450,Jill Holmes,5479490483,51,female,central,22-08-2021,FALSE,0.21
cust103451,Troy Christensen,8615107760,42,female,central,17-11-2022,FALSE,0.2
cust103452,Amanda White,6353421794,68,female,north,2/8/2021,FALSE,0.43
cust103453,Spencer Wang,6742970997,21,male,west,18-05-2022,FALSE,0.42
cust103454,Alyssa Bishop,7894609589,52,male,south,27-04-2024,FALSE,0.06
cust103455,David Ward,7853694802,70,female,west,22-07-2023,FALSE,0.1
cust103456,Frank Conner,20609772,49,female,central,25-05-2023,FALSE,0.02
cust103457,Michelle Cameron,8899159494,38,male,west,22-07-2021,FALSE,0.15
cust103458,Robert Craig,1957999084,46,female,north,2/2/2025,FALSE,0.18
cust103459,Larry Torres,6001686751,37,male,west,24-02-2022,FALSE,0.11
cust103460,Eric Ortega,1482000607,39,female,south,28-06-2023,FALSE,0.24
cust103461,Tyler Gomez,4264338103,34,female,south,5/6/2021,FALSE,0.13
cust103462,Alexis Cooper,8478799770,62,female,south,25-07-2022,FALSE,0.19
cust103463,Robert Willis,9943908537,26,female,east,18-03-2025,FALSE,0
cust103464,Joshua Williams,502152029,52,male,east,27-06-2024,FALSE,0.27
cust103465,Margaret Smith,5615241508,29,female,central,16-12-2020,FALSE,0.08
cust103466,Kristina Pugh,8357558709,44,male,east,13-10-2021,FALSE,0.14
cust103467,Dana Robinson,6152705356,46,male,east,21-04-2021,FALSE,0.27
cust103468,Shelly Johnston,5163401789,50,male,north,17-05-2024,TRUE,0.02
cust103469,Stephanie Williams,2798363782,57,female,central,8/8/2021,FALSE,0.32
cust103470,Sandra Sherman,1317874985,22,male,west,18-05-2024,FALSE,0.23
cust103471,Vanessa Walker,5608836855,40,male,west,6/7/2024,FALSE,0.23
cust103472,Mark Sanchez,4887247569,62,male,east,1/10/2022,FALSE,0.03
cust103473,Kerry Johnson,9673463858,56,female,south,8/7/2021,FALSE,0.04
cust103474,Jonathon Smith,2781098949,63,male,east,19-12-2020,TRUE,0.2
cust103475,Christine Logan,9489332286,55,female,north,10/1/2023,FALSE,0.16
cust103476,Maurice Morris,1580096219,21,male,south,31-08-2022,FALSE,0.13
cust103477,Allison Howard,600540319,53,female,east,10/1/2021,FALSE,0.18
cust103478,Thomas Sanchez,1811087450,27,male,west,24-03-2023,FALSE,0.09
cust103479,Joel Logan,6636110101,64,female,central,16-12-2021,TRUE,0.18
cust103480,Amy Lamb,7339763808,37,female,north,25-10-2024,FALSE,0.26
cust103481,Harry Blackburn,7106793366,62,female,central,25-10-2023,FALSE,0.09
cust103482,Amy Mendez,8667649298,56,male,east,5/9/2023,FALSE,0.09
cust103483,James House,585928420,22,female,south,7/10/2021,FALSE,0.18
cust103484,Sue Washington MD,9342213937,70,female,east,31-08-2023,TRUE,0.14
cust103485,Renee Contreras,1512431343,29,male,central,29-06-2022,FALSE,0.19
cust103486,Michael Mosley,1569165781,44,male,south,23-12-2024,FALSE,0.2
cust103487,Amber Larsen,169669586,48,female,west,10/10/2020,FALSE,0
cust103488,Jasmine Lam,2683206252,43,male,north,8/2/2022,FALSE,0.38
cust103489,Jennifer Travis,9481751799,26,male,central,22-02-2022,FALSE,0.17
cust103490,Joel Obrien MD,8615351863,18,female,north,20-09-2021,FALSE,0.2
cust103491,Katherine Mcbride,4154569486,26,female,central,10/8/2023,FALSE,0.05
cust103492,Natalie Stuart,50919326,63,female,west,6/1/2021,FALSE,0.16
cust103493,Aaron Ortega,2654492115,20,female,central,13-04-2025,FALSE,0.16
cust103494,Scott Wong,6742032251,43,male,central,7/1/2021,FALSE,0.07
cust103495,Riley Chavez,1749229874,66,female,east,7/2/2023,FALSE,0.17
cust103496,Adam Zimmerman,5212094941,60,female,north,27-01-2023,FALSE,0.01
cust103497,Raymond Ortiz,918516358,65,female,west,16-07-2025,FALSE,0.47
cust103498,Christopher Rivers,7482428465,59,female,central,14-10-2022,FALSE,0.22
cust103499,Bonnie Hernandez,4577468373,65,female,north,20-03-2025,FALSE,0.25
cust103500,Jessica Owens,357607034,31,male,south,12/8/2020,TRUE,0.23
cust103501,Michael Woodard,9881924891,54,male,north,8/11/2021,FALSE,0.1
cust103502,Tracy Ortiz,6052248982,64,male,north,23-11-2022,FALSE,0.2
cust103503,Angela Davis,1319420731,54,male,central,22-12-2020,FALSE,0
cust103504,Alex Garrett,3692701730,19,male,south,26-07-2022,FALSE,0.07
cust103505,Katherine Moody,1848170944,35,female,south,22-11-2024,FALSE,0.26
cust103506,Andrew Ayers,9604203213,40,male,south,17-02-2025,FALSE,0.16
cust103507,Jeffrey Perry,5322976321,47,other,east,1/7/2022,FALSE,0
cust103508,Julie Long,3191883592,49,female,south,9/9/2022,FALSE,0.02
cust103509,Pamela Brooks,5825164248,29,female,east,16-04-2023,FALSE,0.3
cust103510,Nathaniel Costa,7249225565,19,female,central,10/11/2023,FALSE,0
cust103511,Danielle Morgan,8753344839,45,female,south,5/10/2023,FALSE,0.2
cust103512,John Rosario,4622542488,29,male,east,28-08-2020,FALSE,0
cust103513,Matthew Wright,6090914846,59,male,south,23-08-2023,FALSE,0.3
cust103514,Andre Jones,4320931588,23,female,south,11/5/2021,FALSE,0.26
cust103515,Kathryn Martinez,1619319527,66,male,south,26-05-2025,TRUE,0.31
cust103516,Gary Sullivan,4937727027,41,female,north,6/5/2024,FALSE,0.15
cust103517,Frank Cruz,7228984188,56,female,south,3/7/2021,FALSE,0.24
cust103518,Nathan Barrett,1780385598,32,female,central,14-05-2025,TRUE,0.22
cust103519,Yvonne Cantrell,3170097238,28,female,west,10/4/2024,FALSE,0.04
cust103520,Patrick Warren,1015647665,54,male,north,23-10-2022,FALSE,0.21
cust103521,Wendy Colon,807792415,37,male,east,15-02-2023,FALSE,0.11
cust103522,Mary Serrano,7050647801,54,female,central,5/10/2022,FALSE,0.05
cust103523,Sara Gonzalez,2331862179,27,other,south,30-07-2024,FALSE,0.06
cust103524,Barbara Patel,2199921698,38,male,central,16-12-2021,FALSE,0.33
cust103525,Amy Browning DDS,7973389860,59,male,central,2/2/2025,FALSE,0.3
cust103526,Jacob Bowers,3955301699,64,male,east,15-11-2022,FALSE,0.15
cust103527,Jesus Castro,7720411586,42,male,south,18-05-2022,FALSE,0
cust103528,Anna Lee,8616012380,56,male,north,22-12-2020,FALSE,0.27
cust103529,Todd Ramirez,1917945441,32,male,east,6/8/2023,FALSE,0.34
cust103530,Nicholas Rodgers,24331227,64,female,north,19-06-2021,FALSE,0.27
cust103531,Sabrina Dunn,5617883284,43,male,west,4/9/2024,FALSE,0.17
cust103532,Shane Valentine,8420178202,46,male,central,13-04-2024,FALSE,0.03
cust103533,Sherry Berry,6069910343,67,female,south,3/10/2020,FALSE,0.19
cust103534,Michael Erickson,1373263427,51,female,north,21-09-2020,FALSE,0.09
cust103535,Robert Robinson,7787291495,27,female,north,21-03-2025,FALSE,0.1
cust103536,Evan Mendoza,8845805874,54,female,east,6/8/2020,FALSE,0.19
cust103537,Michael Turner,8836776075,61,male,north,13-04-2022,FALSE,0.12
cust103538,Michael Williams,7894104019,66,female,central,3/3/2023,FALSE,0.21
cust103539,David Cardenas,6716090838,60,female,east,20-01-2024,FALSE,0.31
cust103540,Joshua Bailey,4800864789,39,other,east,7/5/2023,FALSE,0.02
cust103541,Jimmy Castro,5547137682,24,male,west,23-02-2021,FALSE,0.23
cust103542,David Oliver,6201364541,34,female,central,13-10-2021,FALSE,0.25
cust103543,Brenda Pitts,5265168006,52,male,central,10/1/2021,FALSE,0.16
cust103544,Nicole Miller,3379569001,70,male,east,16-11-2021,FALSE,0
cust103545,Michael Wright,6317352114,35,female,south,16-03-2023,FALSE,0.09
cust103546,Melissa Green,6083670420,56,female,central,2/9/2022,FALSE,0.47
cust103547,Raven Bautista,1313954734,63,male,east,20-07-2023,FALSE,0.29
cust103548,Robert Torres,668468876,22,female,west,17-12-2022,FALSE,0.05
cust103549,Joseph Rodriguez,3767302008,19,male,east,24-12-2021,TRUE,0.15
cust103550,Brian Wagner,4779512733,43,male,central,3/5/2023,FALSE,0.15
cust103551,Patricia Waters,7462923408,47,male,south,9/3/2023,FALSE,0.21
cust103552,Timothy Smith,4132807410,70,male,west,25-09-2023,FALSE,0.23
cust103553,Jack Larsen,661190497,67,female,east,21-05-2024,FALSE,0.29
cust103554,Ebony Wood,8279388167,20,male,east,2/12/2023,FALSE,0.21
cust103555,Christopher Lane,3833366412,61,male,east,4/12/2022,FALSE,0.09
cust103556,Maurice Evans,5034000022,36,female,north,6/7/2023,FALSE,0.31
cust103557,John Smith,5763264444,35,male,north,16-03-2025,FALSE,0.11
cust103558,Taylor Thomas,6796097260,28,female,central,1/7/2023,FALSE,0.26
cust103559,Joseph Williams,1178105445,37,male,central,5/10/2021,FALSE,0.42
cust103560,Ronald Davidson,5718589410,25,male,north,5/11/2022,FALSE,0.21
cust103561,Jennifer Mcdaniel,1211099147,41,male,south,20-04-2023,FALSE,0
cust103562,Scott Reyes,4562444945,56,female,east,2/2/2025,FALSE,0.27
cust103563,Cory Graham,5796656174,59,female,central,19-12-2023,FALSE,0.25
cust103564,Rodney Sullivan,1548330859,20,female,south,24-01-2022,FALSE,0.07
cust103565,Kevin Zuniga,7554474886,26,female,south,16-10-2023,FALSE,0.27
cust103566,Charles Dillon,4555472080,33,male,west,24-07-2023,FALSE,0.21
cust103567,Stephanie Pruitt,5175917062,40,female,central,29-06-2021,TRUE,0.07
cust103568,Robert Winters,6033642376,63,female,south,13-04-2025,FALSE,0.22
cust103569,Cheryl Martin,4167892451,68,male,central,13-03-2024,FALSE,0.18
cust103570,Evan Norton,327592703,69,female,north,20-07-2021,TRUE,0
cust103571,Nancy Yu,3866749476,27,female,east,16-08-2023,FALSE,0.23
cust103572,Brandi Hunt,946989002,35,female,north,4/7/2023,FALSE,0.01
cust103573,Erika Williams,1154199988,32,male,central,19-09-2020,FALSE,0.25
cust103574,Robert Burgess,4899670508,38,male,west,11/12/2023,FALSE,0.03
cust103575,Alex Simmons,8153979068,60,female,south,3/4/2021,FALSE,0.25
cust103576,Bryan Miller,2668169106,47,female,south,14-02-2025,FALSE,0.21
cust103577,Brittany Freeman,3598135584,69,male,north,20-10-2020,FALSE,0.02
cust103578,William Price,8776190146,27,female,west,24-04-2021,TRUE,0.25
cust103579,Jessica Chambers,9319592445,39,male,east,6/3/2022,TRUE,0.32
cust103580,Maria Brewer,7767662239,35,female,central,24-01-2022,FALSE,0.01
cust103581,Michael Johnson,3647676252,34,female,north,18-07-2022,FALSE,0.08
cust103582,Tammy Erickson,4028450442,26,male,west,20-08-2021,FALSE,0.06
cust103583,Anita Jones,5716392239,57,female,north,7/4/2024,FALSE,0.15
cust103584,Jonathan Kennedy,5621292206,48,female,central,23-08-2021,FALSE,0.36
cust103585,Amy Walker,5778496737,62,male,north,23-03-2021,FALSE,0.19
cust103586,Cynthia Little,8127495470,55,male,east,15-10-2020,FALSE,0.36
cust103587,Matthew Collins,2352321061,20,male,north,25-08-2024,FALSE,0.16
cust103588,Kristina Silva,8289850589,25,male,west,22-02-2024,FALSE,0.34
cust103589,Brenda Osborn,9065388905,22,female,west,6/10/2023,FALSE,0.11
cust103590,William Flores,5702764480,69,female,south,6/4/2021,FALSE,0.14
cust103591,Ashley Nunez,4633323269,68,male,central,16-11-2023,FALSE,0
cust103592,Ashley Lee,7348953311,41,male,west,9/2/2024,FALSE,0.28
cust103593,William Delgado,7716398162,39,female,north,25-11-2024,FALSE,0.17
cust103594,Eddie Burns,7867591917,46,male,north,2/6/2021,TRUE,0.13
cust103595,Robert Mckinney,7901553476,63,female,north,30-03-2021,FALSE,0.06
cust103596,Natasha Hall,2035679768,55,female,south,18-07-2021,FALSE,0.26
cust103597,Heather Wiggins,5697885888,55,female,north,4/8/2023,FALSE,0.23
cust103598,Susan Dickerson,3528082584,20,female,east,3/7/2021,FALSE,0.07
cust103599,Jose Smith,1613175912,62,female,north,25-09-2020,FALSE,0.35
cust103600,Gregory Barnes,440891332,53,male,central,18-07-2021,TRUE,0.19
cust103601,Arthur Williams,7557395358,69,female,central,13-10-2024,FALSE,0.17
cust103602,Stephanie Mason MD,2382365159,45,male,north,16-04-2025,FALSE,0.41
cust103603,Bailey Sanchez,458583591,46,other,south,18-07-2023,FALSE,0.18
cust103604,Scott Miller,7651585187,42,female,west,8/1/2025,FALSE,0.18
cust103605,Robert Cross,2580156607,38,male,south,4/9/2022,FALSE,0.15
cust103606,Brandon Jefferson,4057798616,20,male,north,12/9/2023,FALSE,0.46
cust103607,Dana Anderson,8869826631,53,female,west,25-12-2022,FALSE,0.46
cust103608,Amanda Wells,8791814299,23,male,central,12/1/2024,FALSE,0.32
cust103609,Yvette Parker,5790560208,57,male,east,15-10-2022,FALSE,0.18
cust103610,Diana Duran,2432877718,37,female,central,18-07-2021,FALSE,0.12
cust103611,Craig White,4819713030,33,female,east,30-10-2021,TRUE,0.25
cust103612,Kevin Maynard,1777874302,66,male,north,12/11/2023,FALSE,0.2
cust103613,Sara Cherry,8423320689,32,female,south,5/6/2023,FALSE,0.01
cust103614,Vanessa Weiss,7069126765,32,male,west,19-04-2022,FALSE,0.34
cust103615,Joseph Thomas,7232368494,56,male,south,15-11-2022,FALSE,0.14
cust103616,Jerry Davis,6562522695,26,female,central,29-05-2021,FALSE,0.28
cust103617,Nicolas Cohen,4057218791,29,male,north,28-03-2024,FALSE,0.19
cust103618,Oscar Santos,5748983134,61,female,south,19-11-2020,TRUE,0.19
cust103619,Michael Guzman,6813825451,46,female,central,16-03-2021,FALSE,0.04
cust103620,Michael Carpenter,1311345921,36,female,north,24-07-2021,FALSE,0.09
cust103621,Sarah Carpenter,7445939878,54,male,west,17-05-2025,FALSE,0.12
cust103622,Jennifer Sanders,1049344729,40,male,north,19-03-2023,TRUE,0.2
cust103623,Nicole Chang,2998054743,44,female,south,22-08-2020,FALSE,0.24
cust103624,Todd Moses,7715636957,23,female,west,15-11-2024,FALSE,0.17
cust103625,Brenda Daniels,5795228572,58,male,north,23-03-2023,FALSE,0.11
cust103626,Kelly Garrison,3242219859,60,female,south,15-05-2021,TRUE,0.33
cust103627,Jorge Newton,4093264148,63,male,central,23-12-2022,FALSE,0.2
cust103628,Laura Nguyen,528822441,53,male,east,28-12-2020,FALSE,0.26
cust103629,Larry Spencer,8703427955,69,male,central,14-06-2022,FALSE,0.24
cust103630,Jennifer Johnson MD,3890116519,45,female,east,7/6/2025,FALSE,0.09
cust103631,Jennifer Moreno,9203969429,43,male,east,20-07-2022,FALSE,0.12
cust103632,Shirley Marquez,5248591228,70,female,south,7/6/2021,FALSE,0.3
cust103633,Christopher Smith,4439636067,29,female,east,2/8/2022,FALSE,0.43
cust103634,Mark Fitzgerald,551379315,60,male,central,6/6/2023,FALSE,0.26
cust103635,Derek Harris,8887358406,47,male,east,15-04-2025,FALSE,0.12
cust103636,Jennifer Burton,9100953792,58,female,east,15-11-2022,FALSE,0.35
cust103637,Timothy Olson,2154967787,38,female,central,15-08-2021,FALSE,0
cust103638,Christine Turner,3815326374,64,male,central,17-03-2021,FALSE,0.1
cust103639,Amy Gillespie,584702945,67,male,central,13-07-2024,FALSE,0.35
cust103640,Rebecca Collins,6861824163,55,female,north,3/5/2021,FALSE,0.15
cust103641,Jacob Burke,5194746084,67,male,north,23-11-2023,FALSE,0.38
cust103642,Ryan Stevens,6647067636,24,male,south,29-12-2021,FALSE,0
cust103643,Nicole Williams,7027031556,44,female,east,27-09-2023,TRUE,0.12
cust103644,Robert Hernandez,3670629858,64,male,south,14-01-2024,FALSE,0.24
cust103645,Kimberly Gallegos,5035804218,70,female,east,29-01-2022,FALSE,0.22
cust103646,Veronica Patton,7731738168,28,female,east,7/3/2022,FALSE,0.23
cust103647,Joshua Dawson,2764610325,61,male,north,8/6/2023,FALSE,0.2
cust103648,John Gray,1998803657,41,female,west,21-04-2022,FALSE,0.12
cust103649,Whitney Mcdonald,8503576196,31,female,central,31-07-2022,FALSE,0.32
cust103650,Justin Griffin,5877041035,31,male,east,20-12-2024,FALSE,0.12
cust103651,Beverly Bentley,8969251696,55,female,north,7/11/2023,FALSE,0.05
cust103652,Natalie Perry,7635377677,29,male,south,21-01-2025,FALSE,0.19
cust103653,Jeffrey Richards,1622974179,18,male,central,30-11-2023,FALSE,0
cust103654,Francisco Villarreal,5862984169,40,male,south,6/1/2022,FALSE,0.3
cust103655,Miguel Ellison,8175526181,30,male,east,5/9/2021,FALSE,0.26
cust103656,Richard Sosa,7106677904,20,female,south,23-01-2023,FALSE,0.19
cust103657,George Dean,9124707734,32,female,south,22-04-2024,FALSE,0.12
cust103658,Tyler Lawrence,6911854211,26,female,east,17-11-2021,FALSE,0
cust103659,Rhonda Kelly,5640247563,69,male,west,13-08-2021,FALSE,0
cust103660,Vanessa Nguyen,1060659768,27,female,central,26-08-2022,FALSE,0.28
cust103661,Justin Walker,9794037628,65,female,north,16-05-2025,FALSE,0.21
cust103662,Kelly Miller,1051182552,57,female,south,13-01-2022,FALSE,0.25
cust103663,Dr. Leslie Ruiz DDS,7165566806,43,female,north,5/3/2023,FALSE,0.18
cust103664,Rhonda Wright,8587584014,62,male,south,22-05-2022,FALSE,0.24
cust103665,Ronald Rios,45199765,61,male,west,25-08-2023,FALSE,0.01
cust103666,Tiffany Hobbs,483852303,46,female,central,26-01-2021,TRUE,0.28
cust103667,Rebecca Gould,7438197343,70,female,north,11/5/2025,TRUE,0.24
cust103668,Heather Watts,196975769,18,male,west,17-11-2020,FALSE,0.31
cust103669,Ashley Hale,3378656637,57,male,east,25-09-2024,FALSE,0.21
cust103670,Allison Townsend,1445451882,62,female,north,26-07-2024,FALSE,0.08
cust103671,Meagan Hernandez,1890214578,41,female,south,24-11-2023,FALSE,0.26
cust103672,Joseph Anderson DVM,8548568820,67,male,south,5/11/2024,FALSE,0.06
cust103673,Jennifer Brock,1196628174,19,male,west,4/11/2023,FALSE,0.32
cust103674,Nathaniel Meyers,6539623490,47,female,south,15-06-2022,FALSE,0.24
cust103675,Kimberly Hughes,9331852279,33,female,west,30-06-2024,FALSE,0.12
cust103676,Erica Kennedy,5380309924,28,female,west,20-03-2021,FALSE,0.24
cust103677,Samantha Edwards,818844646,19,female,south,24-07-2022,TRUE,0.39
cust103678,Richard Anderson,6679071271,37,male,central,11/1/2025,FALSE,0.08
cust103679,Todd Coleman,2075036200,29,female,east,19-01-2025,FALSE,0.4
cust103680,Christopher Pearson,7202306576,39,female,west,9/12/2024,FALSE,0.21
cust103681,Denise Castillo,5289710981,22,female,east,20-11-2024,FALSE,0.33
cust103682,Cynthia Mccarthy,3776732841,54,male,north,24-12-2021,FALSE,0.24
cust103683,Kelly Garner,199762052,22,male,north,30-03-2022,FALSE,0.26
cust103684,Matthew Russell,5129452491,49,male,central,30-01-2022,FALSE,0.42
cust103685,Brian Anderson,5720144503,32,female,south,5/2/2021,FALSE,0.22
cust103686,Michael Mcmillan,4787599201,70,male,central,24-08-2021,FALSE,0.18
cust103687,Emily Smith,6631629824,58,male,central,5/2/2022,FALSE,0.22
cust103688,Kimberly Maddox MD,2355413311,30,female,central,31-08-2024,FALSE,0.33
cust103689,Dustin Perry,6676805120,54,female,north,7/11/2020,FALSE,0.17
cust103690,Heather Keller,2516201983,19,female,central,16-10-2021,FALSE,0.09
cust103691,John Yates,3623165135,51,female,north,31-03-2025,FALSE,0.17
cust103692,Kelly Perry,2507933057,35,male,north,5/9/2023,FALSE,0.27
cust103693,Alicia Fox,5643847337,36,male,central,26-12-2022,FALSE,0.2
cust103694,Carol Davis,8667447265,56,male,west,19-07-2023,FALSE,0.25
cust103695,Courtney Anderson,3617535101,47,female,central,2/7/2022,FALSE,0.11
cust103696,Tony Vega,7270838855,62,female,north,7/12/2020,FALSE,0.36
cust103697,Christopher James,1972489706,22,female,west,8/4/2023,FALSE,0.25
cust103698,Kristin King,4370084078,43,male,south,11/10/2020,FALSE,0.25
cust103699,Jeremy Hawkins,5827229995,39,male,south,25-12-2022,FALSE,0.2
cust103700,Debbie Weaver,298725774,32,male,east,24-05-2022,FALSE,0.27
cust103701,Christopher Sanders,2224502584,23,female,north,21-05-2025,FALSE,0.19
cust103702,Natalie Russell,4341488599,64,male,north,17-03-2025,FALSE,0.18
cust103703,Edward Thompson,9931247456,36,male,south,30-11-2023,FALSE,0.3
cust103704,Brian Murphy,2945338279,56,male,west,17-10-2021,TRUE,0.16
cust103705,Christopher Thompson,8512166893,30,male,east,8/6/2024,FALSE,0.19
cust103706,Joshua Reed,7154391379,29,male,north,26-06-2024,FALSE,0.03
cust103707,Victor Rich,6560380093,58,female,central,1/10/2023,FALSE,0.17
cust103708,Jonathan Howard,1831620027,37,male,west,2/11/2020,FALSE,0.05
cust103709,Kevin Mitchell,3445459399,28,female,central,29-04-2024,FALSE,0.09
cust103710,Susan Carter,2254542218,33,female,west,30-04-2023,FALSE,0.12
cust103711,Rebekah Robinson,4411103713,19,female,south,20-11-2021,FALSE,0.43
cust103712,Cheryl Silva,3407734848,46,female,central,26-09-2021,FALSE,0.33
cust103713,Lisa Burch,9509646718,64,female,east,26-10-2024,FALSE,0.24
cust103714,Amber Holloway,8236596144,53,female,south,25-12-2022,FALSE,0.24
cust103715,Chris Reyes,6444121560,67,female,south,12/5/2023,FALSE,0.34
cust103716,Steven Sims,5803756591,50,female,north,26-07-2021,TRUE,0
cust103717,Nancy Summers,1900950839,51,female,east,29-12-2021,FALSE,0.05
cust103718,Lisa Hansen,5269012120,29,male,east,28-07-2023,FALSE,0.19
cust103719,Kirk Ramos,7787916810,54,female,east,16-04-2023,TRUE,0.11
cust103720,Nicholas Bates,1147525974,70,female,east,31-12-2024,FALSE,0.04
cust103721,Holly Gonzalez,9465537937,46,female,west,31-03-2021,FALSE,0.15
cust103722,Robert Sloan,1314543436,59,male,north,6/2/2021,FALSE,0.27
cust103723,James Owens,4337292336,20,male,central,7/11/2023,FALSE,0.31
cust103724,Amanda Skinner,2094029674,36,male,south,12/10/2020,FALSE,0.19
cust103725,Andrea Henderson,7077917995,50,female,central,20-08-2024,FALSE,0.23
cust103726,Sandra Johnson,2037981274,19,female,south,17-01-2024,FALSE,0.27
cust103727,Lynn Prince,3732827368,49,male,north,29-07-2023,FALSE,0
cust103728,William James,5394908461,69,female,south,23-02-2025,FALSE,0.28
cust103729,Amanda Fritz,5070241897,22,male,west,16-01-2022,FALSE,0
cust103730,Kayla Fernandez,9525429931,48,female,west,7/4/2022,FALSE,0.24
cust103731,Zachary Bernard,5189578552,54,female,central,31-10-2024,FALSE,0.27
cust103732,Alicia Sherman,5420793761,59,male,north,8/8/2020,FALSE,0.27
cust103733,Emma Mccormick,9080462505,33,male,north,19-12-2020,FALSE,0.13
cust103734,Terry Keller,7494363313,57,male,west,27-08-2021,FALSE,0.27
cust103735,Dr. Johnny Johnson,1692228209,29,male,west,4/12/2021,TRUE,0.27
cust103736,Krystal Foster,3700725924,43,male,north,11/3/2025,FALSE,0.32
cust103737,Carla Cohen,2096564754,58,female,south,9/5/2023,FALSE,0.01
cust103738,William Goodman,7800704938,27,male,west,9/5/2023,FALSE,0.1
cust103739,Amy James,1858653950,47,female,east,15-10-2023,FALSE,0.24
cust103740,Victoria Downs,3708689727,21,male,west,24-08-2024,FALSE,0.17
cust103741,Karen Johnston,9027505080,50,female,north,11/10/2021,FALSE,0.28
cust103742,Hayden Foster,649744768,36,male,west,1/3/2022,FALSE,0.26
cust103743,Brian Walters,5202845680,35,female,south,5/4/2021,TRUE,0.22
cust103744,Diana Miller,3105526095,48,male,south,6/8/2023,FALSE,0.25
cust103745,Kimberly Johnson,7168464186,19,female,west,1/8/2025,FALSE,0.22
cust103746,Michael Fisher,8516660527,39,male,west,12/9/2020,FALSE,0.09
cust103747,Joshua Phillips,3190032565,28,female,east,20-02-2022,FALSE,0.26
cust103748,Jacqueline Perry,7485029487,43,male,north,7/9/2024,FALSE,0.12
cust103749,Sharon Allen,2667040269,36,female,central,26-01-2025,FALSE,0.39
cust103750,Colin Rodriguez,4030219200,31,male,east,7/5/2021,FALSE,0.33
cust103751,Nicole Smith,676987652,63,female,south,16-11-2020,FALSE,0.12
cust103752,Thomas Gay,6772995212,51,female,south,21-10-2021,FALSE,0.22
cust103753,Teresa Mckinney,2623540871,59,other,central,6/8/2022,TRUE,0.03
cust103754,Rebecca Harrell,9949994608,47,female,west,5/8/2020,FALSE,0.21
cust103755,Jennifer Perez,7846420069,53,male,north,10/8/2022,FALSE,0.39
cust103756,Michael Nicholson,8800221365,54,male,south,7/12/2022,FALSE,0.22
cust103757,Mrs. Carrie Dean MD,7277660592,25,male,central,3/2/2022,FALSE,0.31
cust103758,Melissa Watson,8570128356,56,female,east,16-11-2023,FALSE,0.35
cust103759,Raymond Smith,8405351495,65,male,central,4/12/2020,FALSE,0.22
cust103760,Gary Moore,8179702619,22,male,central,17-04-2025,FALSE,0.33
cust103761,Mary Walker,9257888258,56,male,south,27-02-2021,FALSE,0.17
cust103762,Destiny Hill,4735541860,69,male,north,7/4/2025,FALSE,0.23
cust103763,Sarah Harris,8544852456,60,male,north,5/7/2023,FALSE,0.02
cust103764,Laurie Reynolds,5971950041,44,female,central,9/10/2023,FALSE,0.11
cust103765,Michelle Medina,4843742608,62,female,south,3/1/2022,FALSE,0.16
cust103766,Michelle Russell,2632992060,20,male,south,7/12/2023,FALSE,0.27
cust103767,Alicia Cervantes,2695642781,55,male,east,23-09-2024,FALSE,0.07
cust103768,Ms. Shannon Fisher,3181507609,46,male,north,1/1/2024,FALSE,0.22
cust103769,Elizabeth Davidson,4167879387,53,female,east,19-07-2024,FALSE,0.01
cust103770,Barbara Baker,7316656434,36,male,south,17-04-2022,FALSE,0.15
cust103771,Thomas Mcneil MD,3248171831,26,female,east,7/10/2022,TRUE,0.12
cust103772,Aaron Daniels,4730616709,52,male,south,30-08-2021,FALSE,0.39
cust103773,Christopher Walker,3369961965,21,male,central,9/10/2020,FALSE,0.11
cust103774,Justin Graham,9209172926,63,male,central,28-05-2024,FALSE,0.18
cust103775,Justin Mcgee,9547027710,19,female,north,27-11-2024,FALSE,0.31
cust103776,Andrew Clarke,9183573832,60,male,west,19-05-2021,FALSE,0.11
cust103777,Alexandra Nelson,3075170303,56,female,central,7/12/2020,FALSE,0.25
cust103778,Nicholas Valencia,8120978387,47,female,east,17-06-2022,FALSE,0.19
cust103779,Beverly Parker,9960532355,32,male,west,2/3/2022,FALSE,0.09
cust103780,Brian Holden,4366074190,58,male,south,6/6/2023,FALSE,0.11
cust103781,Kara Bruce,5537135322,50,male,central,11/12/2024,FALSE,0.29
cust103782,Cameron Jackson,9898871229,35,male,east,14-04-2024,FALSE,0.13
cust103783,Shane Perez,2062267938,41,male,north,6/12/2021,FALSE,0.29
cust103784,Deborah Cisneros,2832202727,55,male,south,12/8/2024,FALSE,0.2
cust103785,Andrea Graves,8673343573,21,female,east,28-03-2021,FALSE,0.1
cust103786,Diana Myers,7821742602,56,male,east,20-05-2022,FALSE,0.19
cust103787,David Davis,7001332255,69,female,east,10/6/2024,FALSE,0.45
cust103788,Kim Duncan,2593814721,63,female,east,3/10/2024,FALSE,0.21
cust103789,Angel Ross,9330977204,57,female,central,18-11-2023,FALSE,0.11
cust103790,Hunter Arias,9184666811,60,other,south,20-12-2024,FALSE,0.24
cust103791,Troy Ellison,8092376877,19,male,south,9/6/2023,FALSE,0.15
cust103792,Devin Colon,6281546965,18,female,south,11/12/2022,FALSE,0.03
cust103793,Jesus Johnson,7035603293,34,female,south,31-05-2025,FALSE,0.24
cust103794,Meghan Burch,4849298481,35,male,central,17-02-2023,FALSE,0.08
cust103795,Sharon Morse,6096419469,44,female,south,18-10-2021,FALSE,0.35
cust103796,Evan Garcia MD,8414948229,32,male,north,15-09-2022,TRUE,0.33
cust103797,Christine Hahn,9945455812,27,male,south,28-04-2024,FALSE,0.28
cust103798,Rebecca Bell,2943426404,69,female,south,26-02-2024,FALSE,0.2
cust103799,Andrew Kelly,7805843077,59,male,west,24-01-2024,FALSE,0.1
cust103800,Roger Johnson,9580394188,47,male,central,10/11/2022,FALSE,0.23
cust103801,Robin Kelly,4714336560,26,female,east,13-07-2023,FALSE,0.11
cust103802,Kimberly Clark,6391395946,66,male,south,1/9/2020,FALSE,0.33
cust103803,Eric Watson,5432564937,64,other,east,20-12-2024,FALSE,0.03
cust103804,Leah Garrett,456264034,32,male,west,3/4/2025,FALSE,0.37
cust103805,Jennifer Lee,3560163168,56,female,west,12/5/2024,FALSE,0.19
cust103806,Christopher Diaz,2520829405,21,female,west,17-09-2023,FALSE,0.12
cust103807,Daniel Wells,2346627787,68,female,east,7/10/2022,TRUE,0.06
cust103808,Monica Mitchell,6621881060,61,male,north,12/6/2021,FALSE,0.27
cust103809,Jill Ward,3996272041,55,male,south,25-05-2023,FALSE,0.25
cust103810,Brian Mitchell,8409239238,38,male,central,2/5/2021,FALSE,0.29
cust103811,Clarence Barrett,3115309187,47,female,central,27-03-2022,FALSE,0.19
cust103812,Jasmine Harris,4144398204,62,male,south,11/4/2022,FALSE,0.13
cust103813,Jonathan Singh,811245910,45,female,north,15-08-2021,FALSE,0.21
cust103814,Daniel Donovan,7362855972,48,female,west,25-11-2023,FALSE,0.05
cust103815,Whitney Bennett,6497545636,43,male,west,2/8/2021,FALSE,0.18
cust103816,Cindy Dunlap,5098445801,62,female,south,1/10/2021,FALSE,0.1
cust103817,Andrew Castro,6569327508,49,female,north,4/1/2023,FALSE,0.35
cust103818,Debbie Thompson,5100784685,67,female,north,5/6/2021,FALSE,0.26
cust103819,Kelly Smith,793012231,38,male,east,19-12-2021,TRUE,0.15
cust103820,Christian Miller,4421462477,30,female,west,19-09-2023,FALSE,0.14
cust103821,Billy Mooney,7740317614,70,male,west,20-03-2024,TRUE,0.33
cust103822,Jamie Turner,9922199759,45,female,north,24-03-2022,FALSE,0.12
cust103823,Justin West,6910037051,52,female,central,7/11/2021,FALSE,0.18
cust103824,Joseph Kennedy,4072231070,69,male,east,30-11-2020,FALSE,0.27
cust103825,Benjamin Cabrera,3270556304,21,male,south,4/9/2023,FALSE,0.11
cust103826,Ann Guzman,1011018249,30,male,west,28-12-2023,FALSE,0.35
cust103827,Kim Harris,6912539030,50,female,south,4/10/2020,FALSE,0.23
cust103828,Kayla Brown,344649175,40,male,north,11/8/2023,FALSE,0.39
cust103829,Angie Hall,532012542,29,male,north,5/10/2023,FALSE,0.2
cust103830,Mr. Keith Carey,2789653200,65,male,central,28-07-2025,FALSE,0.53
cust103831,Isaiah Khan,9338004465,18,female,central,16-03-2023,FALSE,0.25
cust103832,Ethan Oneill,3604646239,55,male,north,16-09-2021,FALSE,0.22
cust103833,Elizabeth Shaw,6627801703,37,female,east,21-10-2024,TRUE,0.04
cust103834,Michele Kidd,4519129073,55,female,north,18-03-2025,TRUE,0.23
cust103835,Warren Dean,8610768009,22,female,south,7/6/2021,FALSE,0.03
cust103836,Brian Ho,3451539209,25,male,east,16-01-2022,FALSE,0.17
cust103837,David Wright,1723137995,63,female,east,25-08-2024,FALSE,0.16
cust103838,Thomas Joyce,5264487661,70,female,north,30-08-2020,FALSE,0.31
cust103839,Jessica Wilkerson,9353846787,35,male,central,21-04-2021,TRUE,0.16
cust103840,Samuel Tyler,1272144518,22,male,north,11/2/2021,FALSE,0.17
cust103841,Michelle Thomas,1378656694,59,male,north,18-12-2023,FALSE,0.11
cust103842,Bryan Turner,7610825262,27,female,north,7/4/2021,FALSE,0.16
cust103843,Jennifer Nichols,6346029818,65,female,west,3/10/2024,FALSE,0.13
cust103844,John James,7795826218,23,female,west,8/4/2021,FALSE,0.42
cust103845,Victor Wilson,8309639711,46,female,west,8/3/2022,TRUE,0.1
cust103846,James Daniels,6377513449,58,male,east,25-06-2025,FALSE,0.06
cust103847,Beverly David,246517687,27,male,west,9/12/2024,FALSE,0.13
cust103848,Angela Guzman,509732376,33,female,south,1/2/2023,FALSE,0.33
cust103849,Holly Anderson,6862509883,53,female,north,21-03-2023,FALSE,0
cust103850,Kelsey Chen,5422632333,40,female,east,8/4/2022,FALSE,0.37
cust103851,Emma Obrien,3649719197,40,male,north,24-04-2023,FALSE,0.09
cust103852,Sabrina Osborne,4352758209,28,male,west,17-03-2023,FALSE,0.08
cust103853,Darren Roy,829419499,18,female,west,28-07-2021,FALSE,0.04
cust103854,David Webb,1654530453,70,female,west,29-05-2021,FALSE,0.25
cust103855,Jennifer Mejia,2041478353,56,female,north,23-10-2020,TRUE,0.12
cust103856,Donna Saunders,8030031626,54,male,south,27-10-2020,FALSE,0.22
cust103857,Antonio Guzman,164916499,49,female,west,2/6/2024,FALSE,0.2
cust103858,Elaine White,82464259,38,female,south,26-09-2020,FALSE,0
cust103859,Jason Long,8694510460,70,female,north,6/3/2022,FALSE,0.19
cust103860,Tiffany Stone,247166061,44,male,central,21-03-2023,FALSE,0.25
cust103861,Kerry Silva,7033815570,38,male,north,25-08-2023,TRUE,0.05
cust103862,Angela Walker,7889128127,32,female,south,3/5/2024,FALSE,0.04
cust103863,Thomas Castillo,9859709759,44,female,central,2/7/2025,FALSE,0.19
cust103864,Brittney Wilkerson,4981508979,41,female,east,19-03-2025,FALSE,0.39
cust103865,Tyler Mosley,1855309059,29,female,north,10/4/2021,FALSE,0.37
cust103866,Claudia Ferguson,489717008,41,male,north,26-09-2024,FALSE,0.41
cust103867,Lucas Daniels,8884116640,38,male,north,12/5/2021,FALSE,0.1
cust103868,Mary Garcia,1204728660,29,female,west,15-03-2023,FALSE,0.27
cust103869,Charles Mcdonald,9194792323,65,male,east,23-08-2022,FALSE,0.14
cust103870,Lauren Keller,2475998813,40,female,east,27-06-2022,FALSE,0.28
cust103871,Rhonda Newton,9520364698,21,male,west,11/11/2023,FALSE,0.19
cust103872,Misty Bender,6260909604,27,female,central,28-05-2025,TRUE,0
cust103873,Daniel Wilson,4213069696,40,female,east,3/5/2024,TRUE,0.27
cust103874,Charles Leon,1674797416,24,female,west,6/11/2023,FALSE,0
cust103875,David Morales,3432241272,69,male,south,11/8/2022,FALSE,0.48
cust103876,Jeffrey Howe,9131383089,24,male,north,8/4/2024,FALSE,0.52
cust103877,Natalie Knox,9116584119,34,female,central,14-01-2022,FALSE,0.12
cust103878,Matthew Castillo,467821439,23,male,central,26-09-2020,FALSE,0.19
cust103879,Karen Ramos,894213737,24,female,west,26-04-2023,FALSE,0.21
cust103880,Timothy Lambert,4386522196,57,female,east,25-05-2021,FALSE,0.24
cust103881,James Smith,4680345762,61,female,east,10/3/2021,FALSE,0.27
cust103882,Phillip Green,7830854497,39,female,east,8/2/2021,TRUE,0
cust103883,Ryan Mitchell,685464020,24,male,central,6/6/2023,FALSE,0.08
cust103884,Rebecca Anderson,9340090263,67,female,east,10/1/2021,FALSE,0.3
cust103885,Ryan Kline,3000368432,37,male,south,12/10/2023,FALSE,0.25
cust103886,Kevin Townsend,1129187758,61,male,west,22-01-2024,FALSE,0.12
cust103887,Amy Johnston,943789457,24,female,west,9/8/2022,FALSE,0.04
cust103888,Melissa Holden,9666006259,29,male,north,2/4/2025,FALSE,0.24
cust103889,Robert Lawson,4755805218,20,female,east,18-10-2024,FALSE,0.15
cust103890,Timothy Floyd DDS,8178372142,31,male,central,11/10/2020,FALSE,0.32
cust103891,Kathryn Smith,4577437163,35,female,south,13-04-2025,FALSE,0.33
cust103892,Ashley Daniels,8662428197,52,male,north,4/3/2024,TRUE,0.28
cust103893,Monica Huffman,1930354084,46,male,west,28-08-2022,FALSE,0.24
cust103894,Debra Smith,9286737648,19,male,south,6/12/2022,FALSE,0.23
cust103895,Ricardo Blair,4469321989,19,female,west,18-04-2024,FALSE,0.31
cust103896,William Alvarez,8657621913,36,female,east,14-09-2022,FALSE,0.11
cust103897,Ms. Tina Knight,3330900434,66,male,east,10/4/2025,TRUE,0.01
cust103898,Melissa Thomas,6626034697,29,female,central,22-04-2021,FALSE,0.27
cust103899,Deborah Dennis,3804855239,24,male,west,4/5/2024,FALSE,0.23
cust103900,William Melton,3665720113,36,female,south,22-03-2022,FALSE,0.24
cust103901,Lisa Woods,1127672331,66,male,south,6/1/2021,FALSE,0.18
cust103902,Briana Hughes,30317740,26,female,north,26-12-2020,FALSE,0
cust103903,Brooke Ross PhD,9472449202,36,female,south,17-10-2021,FALSE,0.55
cust103904,Andrew Taylor,258457788,48,male,south,17-06-2023,FALSE,0.53
cust103905,Anthony Richardson II,2441359263,33,male,north,11/6/2023,FALSE,0.14
cust103906,Hannah Brown,8495209611,57,female,west,8/2/2023,FALSE,0.3
cust103907,Laura Henson DVM,7206340528,53,female,central,5/12/2020,FALSE,0.21
cust103908,Joseph Shepard,673548553,32,female,east,7/9/2022,TRUE,0.23
cust103909,Melissa Robinson,1679785688,20,male,south,2/4/2023,FALSE,0.24
cust103910,George Horn,3651433329,49,male,north,11/5/2022,FALSE,0.33
cust103911,Randy Hill,8789195510,32,female,central,5/3/2021,FALSE,0.12
cust103912,Samantha Williams,8795060487,52,female,central,6/1/2025,FALSE,0.29
cust103913,Debra Thompson,7806132263,25,female,west,27-01-2021,FALSE,0.28
cust103914,Brenda Faulkner,3483697652,60,female,north,6/11/2020,FALSE,0
cust103915,Amber Ball,667213688,68,female,south,25-12-2023,FALSE,0.38
cust103916,Brad Warner,2815501389,40,female,west,26-02-2022,FALSE,0.28
cust103917,Benjamin Wagner,9894560108,44,female,west,9/7/2025,FALSE,0.13
cust103918,Kathryn Smith,3773107282,22,male,central,18-01-2024,FALSE,0.21
cust103919,Elijah Walker,3433302873,26,female,north,24-12-2021,FALSE,0.26
cust103920,Eric Mata,6118580188,41,male,east,5/6/2023,FALSE,0.17
cust103921,Jonathan Tucker,1407406920,66,female,west,8/11/2022,FALSE,0.26
cust103922,Charlene Nelson,9136611441,27,male,central,24-01-2024,FALSE,0
cust103923,Marcus Page,4332825884,43,male,south,1/11/2021,FALSE,0.23
cust103924,Angela Murphy,6270658364,28,male,west,29-06-2023,FALSE,0.33
cust103925,Miguel Sutton,559000987,23,other,central,25-07-2025,FALSE,0.29
cust103926,Justin Hayes,188371398,29,male,north,2/9/2023,FALSE,0.23
cust103927,Emily Sandoval,4021256252,46,male,central,1/8/2025,FALSE,0.11
cust103928,Matthew Campbell,7007594694,37,female,north,10/4/2025,FALSE,0.21
cust103929,Katherine Long,2959753236,58,male,north,31-12-2020,FALSE,0.06
cust103930,Joseph Pope,6454160508,32,male,north,11/11/2020,FALSE,0.21
cust103931,Aaron Wilson,8259466903,61,male,central,1/11/2021,TRUE,0.18
cust103932,Thomas Schultz,4622103212,64,male,west,10/1/2022,TRUE,0.26
cust103933,Dr. Anthony Day,8110859926,53,male,south,17-05-2024,FALSE,0.37
cust103934,Susan Robinson,7408015864,24,male,south,1/4/2025,FALSE,0.3
cust103935,Carrie Brown,4557016226,52,male,east,14-10-2020,FALSE,0.1
cust103936,James Roberts,9962356012,40,male,west,29-12-2021,FALSE,0.08
cust103937,Sierra Foster,5732841019,20,male,west,13-09-2021,FALSE,0.1
cust103938,Lori Hamilton,1650543655,30,female,central,4/11/2020,FALSE,0.1
cust103939,Lisa Hall,1260214623,19,female,east,26-07-2022,FALSE,0.08
cust103940,Gerald Johnson,7441291395,63,male,west,1/11/2024,FALSE,0.44
cust103941,Jeffrey Weiss,1646611366,38,male,east,10/9/2023,FALSE,0.36
cust103942,Randall Conrad,1629990302,48,male,west,24-03-2025,FALSE,0.13
cust103943,Kyle Lee,9756423769,54,male,east,30-08-2020,TRUE,0.21
cust103944,Thomas Fuentes,5478510735,47,male,central,13-08-2020,TRUE,0.5
cust103945,Susan Taylor,9869569965,26,male,east,8/9/2020,FALSE,0
cust103946,Michelle Morris,1377839359,69,female,south,6/7/2025,TRUE,0.25
cust103947,Devon Evans,7994585487,45,male,south,4/1/2024,FALSE,0.44
cust103948,Sarah Davis,294298357,64,male,south,9/7/2021,FALSE,0.22
cust103949,Christine Bishop,1558123163,64,female,west,9/8/2020,FALSE,0.13
cust103950,Colleen Ramos,4452394279,67,female,west,14-01-2023,FALSE,0.35
cust103951,Kenneth Ortiz,9597220470,66,female,west,28-05-2024,FALSE,0.47
cust103952,Sheila Carrillo,5384102377,47,female,south,5/12/2023,FALSE,0.18
cust103953,Bruce Jones,7668686207,42,male,south,18-05-2025,TRUE,0.34
cust103954,Mark Martin,2464898905,49,female,east,25-11-2020,FALSE,0.08
cust103955,Karla Nunez,5483548201,57,female,central,15-01-2021,FALSE,0.23
cust103956,Brenda Allen,2917579154,27,other,west,16-07-2022,FALSE,0.28
cust103957,Wesley Thompson,9535310976,58,male,south,1/12/2024,FALSE,0.15
cust103958,Amanda Walker,211315290,39,female,north,5/8/2024,FALSE,0.14
cust103959,Crystal Gutierrez,7578287004,42,female,central,13-02-2023,FALSE,0.28
cust103960,Mark Clark,7146924014,37,female,east,9/4/2022,FALSE,0.3
cust103961,Regina Lopez,5176615902,20,female,south,24-02-2021,FALSE,0.07
cust103962,Katherine Stevens,8945307472,46,male,south,1/12/2023,FALSE,0.13
cust103963,Jacob Hernandez Jr.,4436530177,22,male,north,14-08-2024,FALSE,0.25
cust103964,Connie Kirk,6676012591,40,male,west,27-11-2021,FALSE,0.01
cust103965,Mark Miller,2881256491,42,male,west,10/4/2024,FALSE,0.08
cust103966,Justin Newton,8041022256,40,female,north,7/1/2022,FALSE,0.24
cust103967,Michael Jimenez,3938234062,63,female,west,25-03-2022,FALSE,0.3
cust103968,Donald Thompson,596519989,25,male,south,21-01-2025,FALSE,0.23
cust103969,Derrick Foster,1924847709,47,female,west,23-07-2021,FALSE,0.19
cust103970,Kaitlyn Williams,8006983884,70,male,west,25-09-2020,FALSE,0.4
cust103971,Mr. Michael Haynes,2596003775,45,male,north,18-09-2022,FALSE,0.22
cust103972,Daniel Graham,2561218884,29,female,north,31-05-2025,FALSE,0.14
cust103973,Jeremy Grant,9764150749,65,male,north,14-01-2023,FALSE,0
cust103974,Christopher Ramos,7094938812,32,male,west,16-02-2023,FALSE,0.26
cust103975,Christina Thomas,1718260139,39,female,central,5/1/2025,FALSE,0.15
cust103976,Sharon Wheeler,8240003537,57,female,central,14-05-2021,FALSE,0.16
cust103977,James Hughes,2184552215,52,female,east,25-06-2023,FALSE,0.19
cust103978,Gina Young,6371220808,67,male,central,8/2/2021,FALSE,0.1
cust103979,Randy Murray,392868501,40,female,south,7/9/2023,TRUE,0.26
cust103980,Tyler Thomas,9652853870,19,male,central,18-07-2024,FALSE,0.18
cust103981,Joann Browning,3264960476,68,male,north,12/6/2024,FALSE,0.52
cust103982,Larry Carpenter,7229784003,32,male,south,25-01-2025,FALSE,0.12
cust103983,Thomas Matthews,1371498743,62,female,south,25-02-2024,FALSE,0.23
cust103984,Denise Medina,2981413399,18,female,central,11/1/2023,FALSE,0.13
cust103985,Michelle Fernandez,1902971415,22,male,west,23-07-2025,FALSE,0.29
cust103986,Lauren Olson,9957650563,49,male,south,29-09-2023,FALSE,0.09
cust103987,Kayla Miller,3675927124,55,female,east,7/7/2023,FALSE,0.21
cust103988,Eric Kelly,7100061472,23,male,north,25-08-2021,FALSE,0.21
cust103989,Gregory Dunlap,7050937385,31,female,south,19-03-2025,FALSE,0.25
cust103990,Parker Ford,6524908401,33,female,north,28-10-2024,FALSE,0
cust103991,Latasha Liu,458773519,51,male,east,28-02-2025,FALSE,0.27
cust103992,Larry Willis,378008008,44,male,north,27-02-2021,FALSE,0.21
cust103993,Cheryl Knox,6590854265,67,male,west,2/4/2021,FALSE,0.34
cust103994,Vicki Alexander,5587539296,28,female,central,29-03-2022,FALSE,0.1
cust103995,Mark Ortiz,580386707,70,female,central,18-01-2022,FALSE,0.18
cust103996,Nicholas Romero,5041719593,20,female,north,15-12-2022,FALSE,0.08
cust103997,Adam Williams,4656824745,24,male,central,29-03-2021,FALSE,0.1
cust103998,Melissa Collins,5975842392,65,female,east,23-07-2023,FALSE,0.28
cust103999,Anna Smith,5019647179,49,female,east,20-06-2022,FALSE,0.26
cust104000,Thomas Duke,3076969568,59,female,south,13-09-2020,FALSE,0.18
cust104001,April Juarez,2813476738,49,male,east,26-02-2023,FALSE,0.22
cust104002,Cynthia Walker,5364302024,30,male,west,28-06-2022,TRUE,0.24
cust104003,Eugene Berg,4839438499,51,female,west,12/4/2022,FALSE,0.29
cust104004,Erin Velasquez,2391313291,56,male,south,4/12/2022,FALSE,0.27
cust104005,Jennifer Black,113510097,51,female,south,23-07-2021,FALSE,0.41
cust104006,Katelyn Faulkner,7666539041,44,male,north,16-05-2021,FALSE,0.2
cust104007,Ashley Mason,8109718211,26,female,west,30-03-2022,FALSE,0.38
cust104008,Karen Sanchez,6480383127,31,female,south,5/8/2024,FALSE,0.16
cust104009,Thomas Waters,6053722207,34,female,central,2/4/2024,FALSE,0.27
cust104010,Austin Lopez,3122823724,50,male,south,24-05-2024,FALSE,0.23
cust104011,Aimee Stephens DVM,3202126592,45,male,central,29-10-2021,FALSE,0.29
cust104012,Rachel Mejia,8514632851,64,male,south,11/6/2021,FALSE,0.2
cust104013,Tonya Klein,2787059149,31,male,central,21-06-2025,FALSE,0.41
cust104014,Megan Johnson,3642001290,36,female,west,21-11-2023,FALSE,0
cust104015,David Ray,2183212356,29,female,central,30-05-2021,TRUE,0.3
cust104016,Theresa Williams,2070630755,51,male,west,11/8/2024,FALSE,0.28
cust104017,Joshua Ramos,2074625223,56,female,central,6/7/2024,FALSE,0.29
cust104018,Zachary Spencer,9782071256,53,male,west,1/1/2023,FALSE,0.41
cust104019,Katie Flynn,9596995797,47,male,north,2/9/2023,FALSE,0.36
cust104020,Thomas Sims,244158202,66,male,east,12/2/2025,FALSE,0.03
cust104021,Stephen Morgan,550113070,51,female,west,26-10-2021,FALSE,0.34
cust104022,Philip Davis,3424912472,45,female,east,23-11-2024,FALSE,0.15
cust104023,Carlos Love,5677641321,64,other,north,14-07-2025,FALSE,0.23
cust104024,April Hill,9921288402,69,female,west,10/11/2024,FALSE,0.25
cust104025,Edward Mccormick,5116470057,28,male,central,31-03-2025,FALSE,0.1
cust104026,Jessica Davis,7363507856,35,female,central,7/3/2021,FALSE,0.04
cust104027,Chase Rodriguez,2664125814,49,male,west,2/9/2021,FALSE,0.22
cust104028,Curtis Gross,7710571670,62,male,central,11/4/2024,FALSE,0.22
cust104029,Paul Long,7579157710,56,female,north,24-08-2024,FALSE,0.13
cust104030,Matthew Young,5803203959,59,female,west,17-09-2022,FALSE,0.09
cust104031,Theresa Wallace,8251114986,50,male,west,29-03-2021,FALSE,0.2
cust104032,Leslie Best,4024550401,69,female,central,25-12-2023,FALSE,0.16
cust104033,Bridget Henderson,1111184334,63,female,central,30-01-2022,TRUE,0.19
cust104034,Mike Gonzalez,7178311001,28,male,central,7/8/2021,TRUE,0.42
cust104035,Travis Stephens,8478024452,38,female,south,23-01-2023,FALSE,0.27
cust104036,Alison Ramirez,3972539292,18,male,central,19-01-2023,FALSE,0.36
cust104037,Danny Macdonald,238586662,40,male,south,24-02-2025,FALSE,0.13
cust104038,David Henderson,8623620473,50,male,north,2/5/2021,FALSE,0.39
cust104039,David Walker,440151837,38,male,north,21-09-2020,FALSE,0.2
cust104040,Jessica Martin MD,4808099019,63,female,central,23-08-2021,FALSE,0.22
cust104041,Mark Guzman,5502660916,24,female,north,11/6/2023,FALSE,0.21
cust104042,Erik Barr,95700756,64,male,south,2/8/2021,FALSE,0.24
cust104043,Sara Hayes,4066190771,25,female,central,16-11-2020,TRUE,0.01
cust104044,Amy Morgan,8221038732,25,male,central,4/7/2024,TRUE,0.2
cust104045,Veronica Schneider,3438550148,24,male,east,1/1/2021,FALSE,0.28
cust104046,John Smith,7791956744,70,male,west,12/8/2024,FALSE,0.37
cust104047,Vanessa Adams MD,3164915105,28,female,central,23-09-2023,FALSE,0.25
cust104048,Edward Roberson,3339168036,26,male,south,20-09-2020,FALSE,0.12
cust104049,Cynthia Robinson,4827486683,68,female,west,23-04-2023,FALSE,0.03
cust104050,Colleen Vang,4236629386,44,female,west,26-02-2023,FALSE,0.24
cust104051,Marc Powers,8520623419,68,male,east,16-09-2020,FALSE,0
cust104052,Gary Gonzalez,3222985868,26,female,east,19-03-2022,FALSE,0.18
cust104053,Mark Turner,8397613003,51,female,south,12/7/2022,FALSE,0.26
cust104054,Kayla Hamilton,8169304932,62,female,east,27-12-2022,FALSE,0.21
cust104055,Robert Johnson,8926653805,56,female,north,9/11/2020,FALSE,0.17
cust104056,Brooke Benson,7887721590,52,male,central,6/11/2023,FALSE,0
cust104057,Elizabeth Jones,8190061173,56,female,central,17-03-2021,FALSE,0.19
cust104058,Alicia Fisher,7969427207,54,female,west,14-04-2024,FALSE,0.33
cust104059,Scott Wilson,8014951450,55,female,north,9/1/2024,FALSE,0.17
cust104060,Brandon Gardner,7797291774,55,male,east,4/4/2022,FALSE,0.15
cust104061,Ronald Walker,6686839864,56,female,west,4/5/2021,FALSE,0.25
cust104062,Arthur Haynes,4335115295,48,female,east,9/1/2021,FALSE,0.28
cust104063,Mrs. Alicia Daniel DVM,9241270292,22,female,west,13-12-2024,FALSE,0.31
cust104064,Rebecca Collins,6038881140,50,male,east,18-03-2021,FALSE,0.1
cust104065,Lori Cross,8230551884,32,male,central,23-10-2022,FALSE,0.14
cust104066,Carmen Mcfarland,6384698490,46,male,central,17-12-2021,FALSE,0.24
cust104067,Shari Ward,6059247846,65,female,south,25-10-2024,FALSE,0.32
cust104068,Christopher Lyons,9713087446,28,male,east,16-01-2021,FALSE,0.37
cust104069,Katelyn Martinez,7246979446,23,female,west,19-08-2023,FALSE,0.13
cust104070,Elijah Burns,4969604015,34,female,south,3/6/2022,FALSE,0.31
cust104071,Angela King,6697902345,50,female,central,19-05-2021,FALSE,0.36
cust104072,Dakota Mueller,4532401508,50,male,north,7/8/2021,FALSE,0.23
cust104073,Tracy Landry,5204372237,47,female,north,27-11-2021,FALSE,0.17
cust104074,William Nguyen,841917146,24,female,central,20-07-2022,FALSE,0.08
cust104075,Brian Berger,9964531409,58,male,central,14-09-2024,FALSE,0.33
cust104076,Amy Thomas,430810006,33,female,west,17-09-2021,FALSE,0.2
cust104077,Christopher Brown,1130741998,54,male,south,1/3/2024,TRUE,0.37
cust104078,Evelyn Scott,8811918140,45,female,east,23-09-2022,TRUE,0.41
cust104079,Allison Davis,1120609040,26,female,west,12/1/2025,FALSE,0.04
cust104080,Rachel Jimenez,7158782279,59,female,south,6/6/2023,FALSE,0.14
cust104081,Yolanda Nelson,6040032609,54,male,west,14-01-2024,FALSE,0.19
cust104082,Nicole Ruiz,8437773449,52,male,south,16-10-2024,FALSE,0.07
cust104083,Mary Riley,2389448123,63,female,south,7/3/2021,FALSE,0.1
cust104084,Laurie Gonzalez,5399994679,52,female,east,18-12-2020,FALSE,0.38
cust104085,Haley Ramirez,7895756779,44,male,central,10/3/2022,TRUE,0.13
cust104086,Timothy Nunez,8832189057,24,male,west,3/6/2022,FALSE,0.23
cust104087,Breanna Washington,6828380200,56,male,north,21-05-2022,FALSE,0
cust104088,Melinda Hess,9472845746,53,female,north,13-07-2021,FALSE,0.12
cust104089,Michael Fry,8283529315,30,female,east,21-06-2022,FALSE,0.1
cust104090,Jeffery Taylor,9783480194,60,female,east,24-07-2022,FALSE,0.1
cust104091,Nicholas Palmer,777143441,48,female,east,4/8/2023,FALSE,0.18
cust104092,Tracy Tapia MD,2353234618,27,male,north,11/11/2020,FALSE,0.18
cust104093,Miss Kelsey Warner,5295854409,41,male,south,22-10-2024,FALSE,0.02
cust104094,Alejandro Price,3258243512,35,female,west,9/7/2022,FALSE,0.14
cust104095,Sabrina Quinn,4768478115,53,male,north,17-01-2021,FALSE,0.3
cust104096,Wendy Myers,1685658369,54,female,south,13-03-2023,FALSE,0.07
cust104097,Robin Wilson,4338682667,41,female,south,6/7/2025,FALSE,0.45
cust104098,Jamie Fischer,9333167735,40,female,central,3/5/2021,FALSE,0.36
cust104099,Kelly Gill,187687489,40,male,west,20-01-2024,FALSE,0.14
cust104100,Angela Torres,9584388791,43,female,central,13-06-2023,FALSE,0
cust104101,Jeffrey Schmidt,6170435906,64,female,central,19-07-2022,FALSE,0
cust104102,Brittany Singleton,1080943310,21,male,west,1/12/2023,FALSE,0.11
cust104103,Paul Hall,7067282934,18,male,west,13-08-2022,FALSE,0.11
cust104104,Brian Sanchez,4285690860,20,male,north,10/8/2021,FALSE,0.09
cust104105,Diane Phillips,6639174507,48,female,east,5/3/2021,FALSE,0.41
cust104106,Colton Cohen,8886253681,59,female,south,29-09-2020,FALSE,0.32
cust104107,Michael Wilson,8439348527,51,male,west,29-10-2023,TRUE,0.31
cust104108,Andrew Hobbs,2219001850,52,male,central,19-01-2025,FALSE,0.12
cust104109,Robert Moran,2670313636,47,female,west,15-11-2024,FALSE,0.3
cust104110,Anthony Fuller,2587787445,18,female,north,3/3/2025,TRUE,0.2
cust104111,Cynthia Heath,2499666248,28,female,north,12/12/2023,FALSE,0.21
cust104112,Jordan Lyons,1148304706,70,female,west,16-11-2024,FALSE,0.26
cust104113,Justin Nicholson,7763955706,35,female,central,28-05-2021,FALSE,0.54
cust104114,Ryan Griffin,4002133016,46,female,west,8/2/2023,FALSE,0.03
cust104115,John Olson,7335754257,40,female,north,12/8/2021,FALSE,0.18
cust104116,Keith Nichols,354471187,19,female,central,19-09-2022,FALSE,0
cust104117,Ronald Rodriguez,8713491618,70,female,west,5/6/2025,FALSE,0.27
cust104118,Michael Clark,8465448570,69,male,central,29-12-2023,FALSE,0.23
cust104119,Madeline Thompson,4025718850,25,male,east,17-01-2021,FALSE,0.46
cust104120,Patrick Norris,4459465233,24,female,central,14-01-2023,FALSE,0.27
cust104121,Matthew Ward,658085661,56,male,west,20-12-2021,FALSE,0.02
cust104122,Kevin Parsons,3130316777,60,female,north,31-01-2023,FALSE,0.05
cust104123,Kimberly Walton,9243848050,67,male,south,21-04-2024,FALSE,0.41
cust104124,Michael Perry,690328302,52,male,west,19-10-2023,FALSE,0
cust104125,Brittany Brady,3027240064,55,female,east,18-12-2023,FALSE,0.32
cust104126,Yolanda Ramirez,4355844666,22,female,central,29-05-2025,FALSE,0.09
cust104127,Allen Baker,4505671381,61,female,south,31-08-2021,FALSE,0.17
cust104128,Paul Mathews,1169481093,34,male,north,4/4/2022,FALSE,0.2
cust104129,William Diaz,9637918170,63,male,east,8/3/2021,FALSE,0.06
cust104130,Donald Mullen,4706119725,40,male,east,21-10-2021,FALSE,0.11
cust104131,Tamara Byrd,6179448645,28,male,central,12/3/2023,FALSE,0.19
cust104132,Amy Jones,2730863278,64,female,east,9/8/2023,FALSE,0.41
cust104133,Jodi Warren,3738580103,24,female,east,14-02-2025,FALSE,0.28
cust104134,Jeffrey Campbell,8590682399,40,male,north,27-01-2021,FALSE,0.1
cust104135,Robert Mclean,5017467120,67,female,west,1/3/2024,FALSE,0.2
cust104136,Kara Pearson,6516931067,18,male,east,24-12-2021,FALSE,0.1
cust104137,Brandon Sawyer,3911733024,38,female,east,27-05-2024,FALSE,0.22
cust104138,Rebecca Ward,8740847765,34,female,south,1/10/2022,FALSE,0.08
cust104139,Barry Wood,6409696323,48,female,north,30-03-2024,FALSE,0.16
cust104140,Karla Hernandez,9185901896,51,male,west,6/7/2022,FALSE,0.41
cust104141,Michele Oconnor,6369481150,30,female,south,6/5/2024,TRUE,0.05
cust104142,Joshua Gonzales,9014109375,65,male,west,1/2/2024,FALSE,0.29
cust104143,Crystal Campbell,7186763097,70,male,west,25-10-2024,FALSE,0.17
cust104144,Kaitlyn Logan,8951685782,68,female,central,30-06-2021,FALSE,0.28
cust104145,Brenda Keller,2705597499,25,female,north,26-10-2023,FALSE,0.18
cust104146,Yvonne Walker,8952556292,32,male,south,3/2/2022,FALSE,0.2
cust104147,Brenda Chapman,5376212742,70,male,north,18-02-2024,FALSE,0.2
cust104148,Eric Booker,7194371336,26,male,east,27-06-2022,FALSE,0.37
cust104149,Carl Colon,9457854713,23,male,west,2/3/2022,FALSE,0.33
cust104150,Francisco Levine,7581968004,52,female,central,7/2/2025,FALSE,0.23
cust104151,James Sweeney MD,747548695,66,female,south,22-02-2023,FALSE,0.37
cust104152,Stephanie Moore,8680695137,43,female,north,8/6/2025,FALSE,0.34
cust104153,Andrea Lester,9878818715,40,female,north,15-04-2025,FALSE,0.33
cust104154,Cassandra Brown,7264002179,29,female,central,10/4/2021,FALSE,0.35
cust104155,Gary Hensley,2496656970,45,male,west,31-10-2023,FALSE,0.04
cust104156,Pam Johnson,2535809741,45,other,central,13-11-2023,FALSE,0.41
cust104157,Calvin Huynh,5304799021,62,female,west,4/10/2022,FALSE,0.06
cust104158,Julie Ford,7330371131,57,female,east,29-04-2022,TRUE,0.19
cust104159,Ashley Gardner,4763615339,31,male,east,14-05-2024,FALSE,0.28
cust104160,Valerie Todd,7939223735,59,other,west,9/10/2024,FALSE,0
cust104161,Tamara Ellis,1580162826,43,male,east,8/4/2021,TRUE,0.21
cust104162,Dorothy Stark,8598237701,31,female,east,18-05-2024,FALSE,0.33
cust104163,Jordan Miller,8500297212,26,female,north,1/6/2022,FALSE,0.23
cust104164,Angela Burton,3132191836,22,male,west,21-04-2023,FALSE,0.3
cust104165,Jamie Kramer,1773457512,57,female,south,15-11-2020,FALSE,0.14
cust104166,Sara Reed,3194501043,64,male,north,5/11/2021,FALSE,0.01
cust104167,Susan Baker,8109168602,30,male,south,7/8/2023,FALSE,0.21
cust104168,Christopher Miller,2665932005,38,male,south,15-08-2022,FALSE,0.06
cust104169,Sara Perez,456691853,50,male,south,28-07-2022,TRUE,0.17
cust104170,Tammy Torres,9717236169,67,female,east,21-04-2021,FALSE,0.1
cust104171,Raymond Evans MD,9267880627,41,female,north,24-10-2020,FALSE,0.23
cust104172,Matthew Werner,1414105230,63,female,south,15-03-2021,FALSE,0.1
cust104173,Stephanie Gilbert,4992639188,20,female,central,12/3/2021,FALSE,0.15
cust104174,Emily Johnson,4807093388,40,male,west,2/6/2024,FALSE,0.47
cust104175,Gregory Doyle,8400832,56,male,north,11/6/2021,FALSE,0.2
cust104176,Brandon Jackson,4768929953,48,female,east,1/8/2022,FALSE,0.18
cust104177,Stacey Blankenship,7342469945,32,female,west,10/5/2021,FALSE,0.35
cust104178,Bonnie Silva,6756054717,56,female,central,16-05-2023,FALSE,0.26
cust104179,Kurt Salazar,196326173,26,male,north,9/6/2021,TRUE,0.37
cust104180,Taylor Hawkins,4010626807,21,male,central,20-05-2022,FALSE,0.25
cust104181,Amy Chang,7645126872,49,female,central,7/11/2020,FALSE,0.25
cust104182,Kristen Kane,7300039510,58,female,west,10/6/2023,FALSE,0.17
cust104183,Bradley Price,2688833654,32,male,west,21-07-2024,FALSE,0.37
cust104184,Natalie Ryan,3137980077,19,male,south,16-09-2023,FALSE,0.24
cust104185,Samantha Carter,3297329185,24,male,central,28-05-2024,FALSE,0.2
cust104186,Robert Ingram,3823001277,31,male,central,14-11-2024,TRUE,0.45
cust104187,James Gutierrez,9576935408,34,male,east,19-07-2022,FALSE,0
cust104188,Ricardo Lloyd,2517959882,34,male,south,10/8/2024,FALSE,0.12
cust104189,Clarence Salinas,9734859309,18,male,central,19-02-2025,FALSE,0.3
cust104190,Jessica Bond,1861101571,31,male,west,24-01-2024,FALSE,0.1
cust104191,Brent Butler,8839523346,41,female,central,13-11-2023,FALSE,0.12
cust104192,Deanna Knapp,3964753494,37,female,north,5/12/2023,FALSE,0.27
cust104193,Philip Reynolds,4722082188,33,female,east,9/4/2024,FALSE,0.21
cust104194,Mitchell Peterson,8441934448,28,female,south,25-03-2024,FALSE,0.29
cust104195,Blake Richmond,6632358602,39,other,north,27-09-2020,FALSE,0.13
cust104196,Cassandra Lopez,5807603262,69,female,central,13-04-2021,FALSE,0.2
cust104197,Larry Rosario,1035794855,40,male,south,12/6/2021,FALSE,0.14
cust104198,Tony Martin,2286610208,68,male,north,24-02-2023,TRUE,0.08
cust104199,James Austin,2470343709,52,male,east,23-11-2021,FALSE,0.08
cust104200,Steven Wilson,3953953815,48,other,south,25-06-2022,FALSE,0.29
cust104201,Jeffrey Jackson,4542340548,42,female,north,18-09-2020,FALSE,0
cust104202,Michael Williams,1784611027,19,female,west,13-04-2025,FALSE,0.16
cust104203,Elizabeth Kirk,349069872,66,female,central,23-10-2020,FALSE,0.07
cust104204,Jessica Curry,4254504129,34,male,south,30-05-2024,FALSE,0.24
cust104205,Jennifer Wolf,544690174,37,male,south,29-02-2024,FALSE,0.16
cust104206,Rodney Garcia,4619353259,28,male,west,14-08-2024,FALSE,0.28
cust104207,Carol Robinson,1321460892,29,male,north,27-02-2021,FALSE,0.25
cust104208,Gregory Johnson,289851265,54,male,east,18-05-2022,FALSE,0
cust104209,Catherine Allen,5863295132,30,female,north,23-04-2022,FALSE,0.26
cust104210,Catherine Campos,5344453373,55,male,central,22-04-2024,FALSE,0.15
cust104211,Mary Gonzales,6891746810,62,male,south,15-06-2023,FALSE,0.2
cust104212,Vincent Hutchinson,3306168741,30,female,east,25-09-2024,FALSE,0.17
cust104213,Heather Barker,639270623,19,female,west,11/1/2024,FALSE,0.26
cust104214,Elizabeth Allen,7154452830,27,female,central,7/8/2023,FALSE,0.47
cust104215,Cynthia Jones,4450235184,46,male,west,23-05-2022,FALSE,0.19
cust104216,Keith Blevins,8426945380,40,female,west,12/1/2023,FALSE,0.47
cust104217,Timothy Suarez,7316870623,33,female,north,17-06-2021,FALSE,0.13
cust104218,Harold Cain,9832021055,26,female,south,8/11/2023,FALSE,0.16
cust104219,Sara Willis,1545670704,25,male,north,6/8/2021,FALSE,0.35
cust104220,Keith Lewis,4552845349,37,female,west,12/8/2021,FALSE,0.22
cust104221,William Johnson,9317508527,58,female,central,30-04-2021,FALSE,0.29
cust104222,Darryl Suarez,7792129502,52,female,central,19-11-2023,FALSE,0.24
cust104223,Andrew Christensen,5850709459,58,female,south,22-01-2021,FALSE,0.4
cust104224,Benjamin Swanson,2703038936,47,male,north,17-07-2023,FALSE,0.04
cust104225,Monica Davis,2521354507,20,female,north,29-01-2025,FALSE,0.08
cust104226,Amy Thomas,3167485184,61,female,central,21-04-2022,FALSE,0.25
cust104227,Kristen Gill,3725865500,45,female,south,5/1/2025,FALSE,0.53
cust104228,Marie Stark,5078872958,34,male,south,17-02-2024,FALSE,0.13
cust104229,Jennifer Williams,6665977256,32,female,east,29-09-2022,FALSE,0.27
cust104230,Kelsey Lopez,9052030884,33,female,central,4/7/2023,FALSE,0.42
cust104231,Stephen Armstrong,9064274523,62,male,central,6/10/2023,FALSE,0.32
cust104232,Kevin Thomas,4603813485,46,female,north,23-12-2022,FALSE,0.48
cust104233,John Lewis,3182133805,68,male,north,18-02-2021,FALSE,0.01
cust104234,Andre Ross,4948719559,57,male,east,13-12-2021,FALSE,0.07
cust104235,Alison Williams,6811836289,30,female,west,25-10-2020,FALSE,0
cust104236,Katherine Mcdaniel,8712736989,50,female,north,11/7/2025,FALSE,0.14
cust104237,Debra Jones,3594029406,37,female,south,7/8/2023,FALSE,0.23
cust104238,William Morris,9573443858,51,female,south,19-10-2022,FALSE,0.1
cust104239,Jennifer Fox,6949474389,60,male,north,18-03-2024,TRUE,0.24
cust104240,Nancy Hicks,8538335811,60,male,central,27-08-2021,FALSE,0.24
cust104241,Nicholas Garcia,2421198520,33,male,north,7/9/2020,TRUE,0.12
cust104242,Monica Alvarado,4856178128,37,male,north,3/6/2021,FALSE,0.26
cust104243,Christopher Harmon,1097513764,62,female,north,17-01-2021,FALSE,0.12
cust104244,Max Ortiz,6343282626,58,male,north,20-03-2025,FALSE,0.1
cust104245,Scott Li,1975157278,24,male,central,2/11/2020,FALSE,0.33
cust104246,Edward Miller,8753237910,54,male,north,10/8/2023,FALSE,0.43
cust104247,Shannon Lopez,442292933,70,female,south,27-09-2020,FALSE,0.31
cust104248,Jamie Ray,5810744610,64,male,central,31-05-2025,FALSE,0.14
cust104249,Brian Collins,2903651582,27,female,central,15-01-2024,FALSE,0.27
cust104250,Todd Smith,2868323442,38,female,east,28-12-2022,FALSE,0.32
cust104251,Heather Bowen,5650977390,54,male,central,12/4/2025,FALSE,0.26
cust104252,Patrick Brooks,2237784341,28,male,south,29-12-2024,TRUE,0.18
cust104253,Lori Moore,8522126635,19,male,west,8/2/2021,FALSE,0
cust104254,Brandy Rojas,7416999649,60,male,west,2/9/2022,FALSE,0.29
cust104255,Mr. Jeff Stone,629415666,48,female,central,5/5/2021,FALSE,0.2
cust104256,Anita Oconnor,8380574831,34,female,south,29-11-2020,FALSE,0.21
cust104257,Ashley Turner,4807946705,42,female,south,18-02-2022,FALSE,0.13
cust104258,Jermaine Singleton,2676737208,64,female,central,19-03-2024,FALSE,0
cust104259,Rhonda Gross,5764399899,26,female,west,28-06-2021,FALSE,0.18
cust104260,Carrie Silva,9411379166,68,other,east,16-06-2025,FALSE,0.34
cust104261,Adrian Hammond,2616671943,40,female,west,9/1/2025,FALSE,0.29
cust104262,Frank Johnson,2391247819,68,male,south,2/1/2021,FALSE,0.13
cust104263,Stephanie Lopez,9021356388,19,female,central,27-06-2024,FALSE,0.21
cust104264,Barbara Ramos,1306433038,41,female,south,13-07-2025,FALSE,0.16
cust104265,Eric Randall,1973913360,65,female,north,17-09-2020,FALSE,0
cust104266,David Archer,8050127624,20,male,east,12/7/2024,FALSE,0.22
cust104267,Gina Stevenson,8995322584,21,male,east,7/1/2023,FALSE,0.38
cust104268,Michelle Lozano,5078781452,38,female,west,17-08-2024,FALSE,0.43
cust104269,Douglas Wallace PhD,5407379194,40,male,west,21-12-2022,FALSE,0.17
cust104270,Dustin Jones,5281145590,57,female,north,3/3/2024,FALSE,0.27
cust104271,Rachel Escobar,1613886145,69,female,central,25-12-2021,FALSE,0
cust104272,Elizabeth Collins,5318774712,49,female,north,15-01-2021,FALSE,0.06
cust104273,Dorothy Morales,7182800278,29,male,west,6/1/2021,FALSE,0.25
cust104274,Mary Taylor MD,713796869,47,female,central,7/1/2022,FALSE,0.26
cust104275,Michael Robles,9513831881,62,male,south,12/4/2024,FALSE,0.02
cust104276,Howard Santana,5875484380,47,male,east,4/3/2025,FALSE,0.1
cust104277,Connie Chambers,1169069124,69,male,east,9/2/2025,FALSE,0.1
cust104278,David Griffin,430581248,24,male,central,19-01-2023,FALSE,0.29
cust104279,Jeffrey Williams,618233286,29,female,north,18-10-2020,FALSE,0.17
cust104280,Daniel Jackson,7601531162,27,male,east,27-01-2024,FALSE,0.21
cust104281,Vanessa Gregory,8370440772,43,female,west,24-08-2024,FALSE,0.33
cust104282,Connie Murray,119458176,51,male,east,26-09-2022,FALSE,0.26
cust104283,Deanna Reeves,6792384182,30,female,east,21-06-2024,FALSE,0.08
cust104284,Keith Zavala,8780504846,55,male,east,10/5/2025,FALSE,0.21
cust104285,Jaclyn Higgins,5093680308,23,female,central,21-04-2022,FALSE,0.07
cust104286,Christine Schmidt,3033455563,27,female,north,8/7/2025,FALSE,0.22
cust104287,John Morse,8648748509,43,male,south,15-10-2024,FALSE,0.34
cust104288,Danielle Duncan MD,7680137078,48,female,west,19-08-2023,FALSE,0.3
cust104289,Matthew Young,5804873877,52,male,west,10/1/2021,FALSE,0.28
cust104290,Natalie Watson,312781218,22,male,east,21-12-2024,FALSE,0.26
cust104291,Janice Ramirez,3636219143,39,male,north,22-04-2024,FALSE,0.32
cust104292,David Carroll,454805545,21,male,west,7/7/2021,TRUE,0.23
cust104293,Mrs. Samantha Castaneda,1837875128,67,male,central,23-04-2023,FALSE,0.29
cust104294,Nina Ray,7488648176,22,male,central,7/1/2025,FALSE,0.22
cust104295,Joe Chapman,450358449,24,female,south,17-06-2025,FALSE,0.26
cust104296,Brooke Davis,6054776766,63,female,east,2/4/2025,FALSE,0.23
cust104297,Brenda Powell,4998877751,18,female,south,11/10/2024,FALSE,0.32
cust104298,Christopher Jefferson,1963961962,43,male,east,28-04-2023,FALSE,0.33
cust104299,Ronnie Garcia DDS,1079286372,48,female,east,16-09-2021,FALSE,0.14
cust104300,Jennifer Chan,1805154045,34,male,central,29-03-2023,TRUE,0.08
cust104301,Johnathan Scott,5206855580,28,male,east,20-02-2025,FALSE,0.18
cust104302,Brittney Miller,7507570866,38,male,central,26-08-2021,TRUE,0.43
cust104303,Mark Sullivan,8970087463,43,male,south,21-06-2024,TRUE,0.28
cust104304,Susan Farmer,3445414810,26,male,north,5/9/2020,FALSE,0
cust104305,Lisa Walker,9210081133,18,female,east,14-10-2022,FALSE,0.29
cust104306,Dakota Nguyen,5356053140,24,male,west,14-11-2024,FALSE,0.09
cust104307,Sherry Hernandez,386797520,33,female,east,14-03-2023,TRUE,0.21
cust104308,Cindy Jones,3087153697,42,female,north,4/5/2025,FALSE,0.02
cust104309,Kevin Mcknight,3060930548,62,male,east,13-09-2020,FALSE,0
cust104310,Nicole Lopez,3449216336,63,female,central,8/2/2025,FALSE,0.4
cust104311,Preston Carrillo,9559508553,34,female,south,2/2/2021,FALSE,0.32
cust104312,Michael Moreno,926893081,23,female,south,5/12/2024,FALSE,0.39
cust104313,Tiffany Stanley,1899664533,24,male,north,21-08-2022,TRUE,0.27
cust104314,Karen Edwards,9122538410,25,other,central,23-12-2024,FALSE,0.02
cust104315,Corey Martinez,3771980664,24,female,central,26-12-2024,TRUE,0.45
cust104316,Susan Campbell,4678903355,54,female,south,8/7/2024,FALSE,0
cust104317,Matthew Barton,2308561210,67,male,north,7/7/2023,FALSE,0.18
cust104318,Parker Allison,3366804308,19,female,central,23-11-2022,FALSE,0.12
cust104319,John Wilson,2976242047,26,male,north,22-10-2020,FALSE,0.12
cust104320,Vincent Cruz,7399862606,33,male,south,14-05-2022,FALSE,0
cust104321,Cole Williams,7373898015,31,female,south,23-07-2025,FALSE,0.02
cust104322,Thomas Randolph,6373704460,27,male,west,8/6/2022,FALSE,0.15
cust104323,William Wilkins,9530651238,45,female,central,21-09-2020,FALSE,0.37
cust104324,Alex Matthews,440270310,25,male,north,6/10/2022,FALSE,0.09
cust104325,Evan Roberts,7825654714,51,female,central,2/3/2021,FALSE,0.26
cust104326,Cathy Torres,8123881632,19,male,west,3/12/2020,FALSE,0.26
cust104327,Morgan Cole,833590925,43,male,east,22-12-2020,FALSE,0.31
cust104328,Russell Bell,6314773501,68,female,east,18-09-2023,FALSE,0.13
cust104329,Gregory Whitaker,3645840171,19,male,south,24-05-2022,FALSE,0.34
cust104330,Jennifer Taylor,9908565018,34,male,south,11/11/2021,FALSE,0.06
cust104331,Veronica Jacobs,3347685152,24,male,east,3/3/2021,TRUE,0.28
cust104332,Zachary Robinson,6840948832,64,female,north,31-01-2023,FALSE,0.11
cust104333,Victoria Vasquez,644788867,53,female,west,14-03-2022,FALSE,0.11
cust104334,Paul Walker,7181654616,49,female,central,16-04-2023,FALSE,0.13
cust104335,Rachel Wyatt,893390637,38,female,east,22-03-2023,TRUE,0.02
cust104336,Jennifer Robles,1921761085,68,female,west,5/1/2024,TRUE,0.09
cust104337,Robert Robinson,1332795998,67,male,east,21-01-2025,FALSE,0.24
cust104338,Dawn Green,258388222,59,male,south,23-06-2021,FALSE,0.28
cust104339,Kevin Black,4382713291,50,male,central,25-03-2021,FALSE,0.19
cust104340,Ryan Chambers,4002898094,59,female,central,25-02-2023,FALSE,0.32
cust104341,Christine Jones,548289138,59,male,east,23-04-2023,FALSE,0.02
cust104342,Kelly Ross,5565638398,24,other,central,8/9/2022,FALSE,0.19
cust104343,Brittany Cervantes,3100680125,34,male,west,16-11-2024,FALSE,0.29
cust104344,Amanda Brown,7123614275,35,male,central,3/10/2022,FALSE,0.3
cust104345,Jacqueline Reyes,3767112705,32,male,south,27-04-2024,FALSE,0.2
cust104346,Stacy Garcia,4296428137,46,male,south,20-12-2024,FALSE,0.47
cust104347,Douglas Olson,5516152144,63,female,west,28-05-2024,TRUE,0.23
cust104348,Lawrence Fernandez,447115496,44,female,north,23-09-2020,FALSE,0.06
cust104349,Erik Kim,1143018971,62,female,east,15-12-2024,FALSE,0.24
cust104350,John Gonzalez,1756326528,63,female,west,19-08-2024,FALSE,0.02
cust104351,Stacey Leon,895077013,52,female,central,13-09-2023,FALSE,0.32
cust104352,Pam Alvarez,3444396483,46,male,east,4/2/2023,FALSE,0.16
cust104353,Jessica Hurst,6381523151,65,male,south,10/8/2022,FALSE,0.15
cust104354,John Wilson,5906162974,67,male,north,22-04-2024,FALSE,0.23
cust104355,Darrell Beltran,7344018352,43,female,south,14-07-2024,FALSE,0.19
cust104356,Randy Morales,9545191565,58,male,north,19-01-2025,FALSE,0
cust104357,Mark Ingram,7534587412,43,male,south,17-10-2024,FALSE,0
cust104358,Janet Hill,8269191363,46,male,east,18-05-2022,FALSE,0.16
cust104359,Jenna Powers,7540774829,46,female,east,16-04-2025,FALSE,0.23
cust104360,Crystal Mills,7302857550,22,male,north,25-04-2021,FALSE,0.27
cust104361,Tina Oneal,1260498102,58,female,central,17-09-2021,FALSE,0.17
cust104362,Matthew Brown,7769242490,44,male,north,16-05-2024,FALSE,0.1
cust104363,Mrs. Laura Fisher MD,1912323812,18,male,west,28-02-2023,FALSE,0.21
cust104364,Keith Bell,390394156,56,female,west,15-11-2020,FALSE,0.1
cust104365,Julian Graham,687895639,30,male,north,13-06-2024,FALSE,0.2
cust104366,Kimberly Barnes,8715280858,46,female,east,1/9/2024,FALSE,0.02
cust104367,Patricia Pratt,8977041123,32,female,south,3/8/2022,FALSE,0.16
cust104368,Brian Murphy,35837151,62,female,west,11/5/2023,TRUE,0
cust104369,Heidi Edwards,5757844443,55,male,east,11/2/2022,FALSE,0.42
cust104370,Fernando Marshall,4191641783,61,male,west,27-06-2023,FALSE,0.14
cust104371,Sandra Davis,2612351453,50,male,central,6/8/2023,FALSE,0.32
cust104372,Matthew Reynolds,4547081000,28,female,east,19-02-2021,FALSE,0.14
cust104373,Angela Gonzales,8451341917,48,male,west,1/1/2021,FALSE,0.2
cust104374,Austin Williams,64791330,63,female,west,28-09-2022,FALSE,0.21
cust104375,Matthew Vazquez,1772553215,54,male,central,2/12/2024,FALSE,0.1
cust104376,Alexandra Goodman,6298838199,35,female,central,30-12-2023,FALSE,0.14
cust104377,Cheryl Meyer,6460254977,70,male,west,23-10-2023,TRUE,0.15
cust104378,Mark Silva,1029634697,49,female,central,16-05-2024,FALSE,0.27
cust104379,Christopher Ortiz,3187999730,47,male,north,11/5/2022,FALSE,0.11
cust104380,Stacey Miller,7813203997,34,male,south,17-08-2021,TRUE,0.24
cust104381,Mark Hopkins,3912718240,52,male,east,2/7/2022,FALSE,0.28
cust104382,Lisa Johns,647883499,30,female,north,19-04-2021,FALSE,0.11
cust104383,Sara Leach,4691893514,30,female,central,10/8/2024,TRUE,0.21
cust104384,Carmen Hernandez,3588752676,45,female,east,25-10-2020,FALSE,0.27
cust104385,Kevin Smith MD,6039038921,31,male,south,10/7/2023,FALSE,0.27
cust104386,Adrian Conway,2681513897,25,female,east,23-03-2024,TRUE,0.24
cust104387,Christopher Wells,9833673985,51,female,north,14-11-2020,FALSE,0.39
cust104388,Jared Wilson,6067613059,24,male,north,20-05-2021,FALSE,0.08
cust104389,Michael Rivera,4415455298,33,male,central,12/6/2024,FALSE,0.44
cust104390,Scott Drake,7446528645,54,female,south,13-04-2022,FALSE,0.08
cust104391,Sarah Roberts,6421549694,67,male,west,22-02-2025,FALSE,0.12
cust104392,Robert West,2499756730,44,female,east,3/8/2023,TRUE,0.28
cust104393,Ronald Simmons,1363166839,49,male,south,24-04-2024,FALSE,0.47
cust104394,Alice Thomas,1123230228,47,female,south,5/5/2021,FALSE,0.09
cust104395,Tara Farmer,9341431047,44,male,north,25-05-2021,TRUE,0.02
cust104396,Heather Weber,1581904637,36,male,south,25-01-2025,FALSE,0.2
cust104397,Maurice Macdonald,4061077352,36,male,east,20-04-2025,FALSE,0.14
cust104398,Daniel Bell,3217518669,64,female,west,15-10-2021,TRUE,0.44
cust104399,Heather Johnson,7089300167,51,male,south,25-11-2021,FALSE,0.25
cust104400,Oscar Cook,9772668845,60,female,south,4/12/2024,FALSE,0.12
cust104401,Jacob Valentine,5181845354,57,female,east,21-07-2024,FALSE,0.3
cust104402,Alex Deleon,7655667367,66,male,south,19-12-2020,FALSE,0.29
cust104403,Marc Hunter,9744911298,47,male,east,2/1/2024,FALSE,0.02
cust104404,William Hernandez,6319897678,59,female,north,18-10-2020,FALSE,0.54
cust104405,Monica Nguyen,5892122460,46,female,west,13-07-2024,FALSE,0.27
cust104406,Erica Reyes,5842244884,65,female,west,29-04-2025,FALSE,0.2
cust104407,Michael Garza,1670298466,46,female,south,3/1/2025,FALSE,0.18
cust104408,Susan Austin,3895402304,49,female,west,15-11-2022,FALSE,0.43
cust104409,Edward Howell,1197111588,22,male,south,13-06-2025,FALSE,0.24
cust104410,Crystal Brown,3421104865,28,male,south,28-09-2021,FALSE,0.23
cust104411,Amanda Becker,3819839945,49,male,east,25-10-2020,FALSE,0
cust104412,Kyle Green,8452205675,33,male,south,11/4/2024,FALSE,0.12
cust104413,Terry Peterson,6640602206,58,male,east,8/7/2021,FALSE,0
cust104414,David Thomas,1799449312,23,male,west,24-11-2021,FALSE,0.23
cust104415,Timothy Fisher,4800707321,54,female,south,3/1/2023,FALSE,0.26
cust104416,Valerie Johnson,8359405851,18,male,central,7/11/2022,FALSE,0
cust104417,Christine Turner,3493963108,43,male,east,17-11-2022,TRUE,0.18
cust104418,Steven Mack,8352364140,51,female,south,4/3/2022,FALSE,0
cust104419,Daniel Grant,4537172504,21,male,west,28-01-2021,TRUE,0.26
cust104420,Courtney Ramsey,8347014313,45,male,east,20-03-2023,FALSE,0.25
cust104421,Jessica Dean,9869463387,23,female,west,10/7/2025,FALSE,0.07
cust104422,Kimberly Meyers,5578413191,60,male,south,7/8/2020,FALSE,0.2
cust104423,Brian Day,841661497,29,male,west,6/8/2023,FALSE,0.24
cust104424,Carla Jackson,9062633124,70,male,east,23-07-2025,FALSE,0.23
cust104425,Adam Delgado,8757208036,50,male,north,25-12-2024,TRUE,0.45
cust104426,Jimmy Romero,5507166586,22,male,west,26-02-2025,FALSE,0.24
cust104427,Sara Barrett,6595827794,39,female,east,2/6/2021,FALSE,0.04
cust104428,Ronald Lewis,785012794,63,male,south,4/9/2020,FALSE,0.21
cust104429,Mary Oliver,5097711390,29,male,north,3/4/2024,TRUE,0.22
cust104430,Alexandria Valdez,6691464676,56,female,south,3/2/2021,FALSE,0.19
cust104431,Mark Brown,1597448879,46,male,east,6/7/2024,FALSE,0.17
cust104432,Thomas Schmidt,4411839310,27,female,north,8/11/2022,FALSE,0.32
cust104433,Samantha Ellison,8378902829,33,female,west,28-01-2024,FALSE,0.44
cust104434,Eric Payne,5202731929,66,male,west,22-05-2024,FALSE,0.38
cust104435,Lori Maxwell,6900629280,40,male,north,4/7/2021,FALSE,0.12
cust104436,Scott Werner,2326778289,43,female,south,10/6/2025,FALSE,0.12
cust104437,Anthony Perez,5485976440,38,female,west,22-04-2021,FALSE,0.28
cust104438,Mr. Cory Garcia,8665962549,45,male,north,17-04-2021,FALSE,0.24
cust104439,Tina Schmidt,9350169232,27,female,east,5/5/2021,FALSE,0.45
cust104440,Stephen Johnson,5651459757,29,male,west,4/12/2020,FALSE,0.27
cust104441,Claudia Montes,829089687,62,male,central,22-12-2020,FALSE,0.1
cust104442,John Sherman,3046758021,61,female,west,21-04-2022,FALSE,0.02
cust104443,Russell Sanders,4370144485,22,male,north,16-08-2021,FALSE,0.22
cust104444,Carolyn Bryant,9610910686,32,male,central,7/5/2022,FALSE,0.41
cust104445,Randall Adams,8747013902,40,male,south,19-12-2024,FALSE,0.1
cust104446,Mary Green,9097338641,56,male,west,23-11-2020,FALSE,0.2
cust104447,Shelly Parker,8286160214,28,male,north,4/5/2024,FALSE,0.22
cust104448,Melanie Brown,2742690627,33,female,north,9/3/2025,FALSE,0.13
cust104449,Tyler Martin,602662317,22,male,south,30-08-2023,FALSE,0.33
cust104450,Peter Hernandez DVM,999149918,48,female,west,16-03-2024,FALSE,0.35
cust104451,Laura Hall,8936343812,22,male,south,21-04-2025,FALSE,0.21
cust104452,Adam Potter,7643111792,49,female,central,11/11/2021,FALSE,0
cust104453,David Wilkinson,4277918963,51,male,north,5/7/2024,FALSE,0.14
cust104454,Samantha Adams,7007253591,27,male,south,30-01-2025,FALSE,0.19
cust104455,James Rios,1180181380,64,female,west,5/11/2024,TRUE,0.21
cust104456,Ms. Debra Long MD,2753303253,26,female,central,28-10-2022,FALSE,0.2
cust104457,Valerie Hernandez,6840636518,32,female,south,15-11-2024,FALSE,0.21
cust104458,Anthony Gross,6550911323,47,male,north,30-12-2024,FALSE,0.11
cust104459,Justin Owen,4771749066,30,female,north,21-02-2025,FALSE,0.2
cust104460,Kevin Perez,7819261972,50,female,east,25-03-2023,FALSE,0.29
cust104461,Richard Francis,8005591790,27,female,north,16-08-2024,FALSE,0.12
cust104462,Douglas Brown,7580100718,34,male,south,9/8/2024,FALSE,0.27
cust104463,Latoya Browning,2041439441,47,female,east,8/11/2021,FALSE,0.27
cust104464,Stephanie Barrett,4392446043,28,male,south,25-12-2022,FALSE,0.32
cust104465,Amanda Wilson,7468041692,35,male,south,24-04-2024,FALSE,0.16
cust104466,Alexandria Buchanan,289079132,54,female,east,8/3/2021,FALSE,0
cust104467,Betty Gray,674938402,38,female,central,8/6/2025,FALSE,0.26
cust104468,Christy Jones,8794946767,48,male,central,13-11-2021,FALSE,0.4
cust104469,Monica Barrett,2715198847,19,female,north,5/2/2025,FALSE,0.39
cust104470,Jason Fox,2430492338,33,female,central,7/10/2021,FALSE,0.31
cust104471,Joseph Hill,3873204922,43,male,east,24-01-2021,FALSE,0.41
cust104472,Timothy Padilla,588031511,30,male,central,7/8/2023,FALSE,0.16
cust104473,Amy Coffey,4804864091,27,female,south,21-11-2022,FALSE,0.31
cust104474,Lisa Wright,9302827650,35,male,central,22-01-2021,FALSE,0.13
cust104475,Stephanie Martin,4654509108,48,male,west,22-05-2025,FALSE,0.14
cust104476,Bruce King,7388943412,47,female,south,22-09-2023,FALSE,0.26
cust104477,Nicholas Bell,5527675225,60,female,west,27-03-2025,TRUE,0.16
cust104478,Robert Strong,1445942208,31,male,east,2/9/2024,FALSE,0.09
cust104479,Jamie Miller,6978693588,35,male,central,11/1/2021,FALSE,0.3
cust104480,Nathan Foster,9714815096,50,female,north,24-12-2023,FALSE,0.23
cust104481,Howard Jenkins,4784506306,29,male,east,20-03-2025,FALSE,0.37
cust104482,Stephanie Ochoa,8999476845,28,male,west,19-06-2021,FALSE,0.04
cust104483,Kelsey Malone,6968575050,41,male,south,20-01-2021,FALSE,0.15
cust104484,Harry Dyer,3455745182,54,male,east,20-06-2025,FALSE,0.14
cust104485,Ashley Delgado,7589496716,37,female,central,13-11-2024,FALSE,0.17
cust104486,Daisy Moran,3538823779,35,male,north,21-07-2023,FALSE,0.29
cust104487,Kathryn Vincent,9573716872,67,other,south,23-07-2023,FALSE,0.06
cust104488,James Tucker,6365785732,68,female,north,24-11-2022,FALSE,0.33
cust104489,Corey Patton,7330810800,22,female,south,27-08-2022,FALSE,0.14
cust104490,Dominique Ball,8499649711,64,female,south,3/10/2022,FALSE,0.34
cust104491,Jessica Johns,5437159603,33,female,south,17-01-2024,FALSE,0.38
cust104492,Walter Davis,3586781318,56,female,central,25-05-2024,TRUE,0.42
cust104493,Karen Garcia,3555129868,19,female,east,9/6/2025,FALSE,0.08
cust104494,Ryan Joseph,7173255467,56,female,east,21-11-2020,FALSE,0.15
cust104495,Anna Ayers,8180106752,52,male,south,11/10/2023,FALSE,0.29
cust104496,Kevin Marsh,7797162768,20,male,south,2/3/2025,FALSE,0.31
cust104497,Ann Grimes,93778989,50,male,south,1/12/2022,FALSE,0.15
cust104498,Madeline Bailey,8087403350,45,male,west,13-01-2025,FALSE,0.3
cust104499,Rebekah Travis,7024282265,32,female,north,17-06-2024,FALSE,0.21
cust104500,Sara Miller,8029881887,52,female,south,25-04-2022,FALSE,0.13
cust104501,Lori George,886449376,70,male,west,9/12/2023,FALSE,0.13
cust104502,Lindsay Riggs,8947020141,43,male,central,17-09-2021,FALSE,0.35
cust104503,Jennifer Shaw,7010995226,36,female,central,12/6/2025,FALSE,0.19
cust104504,Valerie Herman,5101009778,68,male,north,6/7/2025,FALSE,0.16
cust104505,Terry Butler,1136145810,44,female,north,28-04-2021,TRUE,0.43
cust104506,Michael Duke,8990659892,49,female,north,24-02-2023,FALSE,0.22
cust104507,Leroy Reid,7653314150,42,male,north,23-04-2021,FALSE,0.05
cust104508,Victoria Thomas,866088172,41,female,east,1/10/2021,TRUE,0.21
cust104509,Logan Lewis,7563548615,31,male,south,21-01-2021,FALSE,0.17
cust104510,Tamara Riley,2635258887,46,male,north,9/11/2023,FALSE,0.16
cust104511,Mr. Jose Jones,5623810516,41,female,south,4/4/2021,FALSE,0.24
cust104512,Cynthia Navarro,7967427570,19,male,north,18-09-2023,FALSE,0
cust104513,Mr. Wesley Gibson,7087298362,20,male,east,10/12/2020,FALSE,0.23
cust104514,Kenneth Baker,2666528964,35,female,east,30-10-2023,FALSE,0.08
cust104515,Kelly Wolf,6487406596,62,male,west,22-04-2022,FALSE,0.26
cust104516,Jack Mays Jr.,4742742564,24,female,south,29-03-2025,TRUE,0.27
cust104517,Roger Romero,6386735069,55,male,north,11/9/2020,FALSE,0
cust104518,Alexander Hayes,2979367947,55,male,north,17-04-2021,FALSE,0.26
cust104519,Adrian Poole,8068948104,33,female,east,18-08-2024,FALSE,0.28
cust104520,Kimberly Townsend,8449299769,22,male,central,16-11-2023,FALSE,0.23
cust104521,James Sims,3983450603,33,male,west,9/10/2022,FALSE,0.11
cust104522,Michele Branch,6392399781,64,male,west,5/12/2020,TRUE,0.35
cust104523,Daniel Steele,1287589858,48,male,central,24-03-2023,FALSE,0.3
cust104524,Jerome Newman DDS,2997111728,59,female,south,22-12-2024,FALSE,0.09
cust104525,Robert Harrison,715048432,46,male,central,28-07-2021,FALSE,0.22
cust104526,Tara Crawford,9615638040,62,female,central,17-01-2024,FALSE,0.37
cust104527,John Pitts,9674118122,58,male,central,15-11-2020,FALSE,0.34
cust104528,Mathew Love,2598271096,38,female,south,3/3/2021,FALSE,0.33
cust104529,Mark Wheeler,8464829904,61,female,west,24-08-2022,FALSE,0.18
cust104530,William Williams,1996909465,51,male,west,11/5/2025,FALSE,0.34
cust104531,Amy Holland,9764407633,38,female,west,23-09-2021,FALSE,0.39
cust104532,Dawn Todd,4941078549,58,female,west,17-11-2021,FALSE,0.45
cust104533,Tammy Ochoa,5413233365,64,female,south,3/12/2021,FALSE,0.28
cust104534,Amanda Watkins,7393162290,31,female,south,28-11-2020,FALSE,0.25
cust104535,Mrs. Megan Richardson,9806003933,53,female,central,16-05-2024,FALSE,0.27
cust104536,Kristin Wiley,4723214477,44,male,south,27-04-2023,FALSE,0.19
cust104537,Gregory Ramirez,4757233745,58,male,central,2/8/2025,FALSE,0.2
cust104538,Jessica Bowers,6820337972,46,male,south,24-04-2023,FALSE,0.2
cust104539,Melanie Velasquez,3890479338,31,female,west,13-04-2023,FALSE,0.14
cust104540,Phillip Delgado,8766323212,68,female,east,7/5/2023,FALSE,0.2
cust104541,Lindsey Taylor,1596321013,35,male,west,1/4/2021,FALSE,0.18
cust104542,Rachel Weber,1071660457,26,male,south,23-11-2021,FALSE,0.25
cust104543,Samantha Parks,3305637464,42,female,south,28-09-2022,FALSE,0.19
cust104544,Monica Hartman,1278678869,35,male,south,29-06-2022,TRUE,0.25
cust104545,Kayla Henderson,8619034974,23,female,west,1/3/2021,FALSE,0.25
cust104546,Lynn Paul,5593267768,40,male,west,21-08-2022,FALSE,0.23
cust104547,Anna Hernandez,588980290,41,female,east,22-08-2024,TRUE,0.48
cust104548,Michele Ellis,3360259010,49,male,south,14-01-2021,FALSE,0.32
cust104549,Jose Ibarra,1244086812,66,male,north,3/10/2020,FALSE,0.01
cust104550,Paul Sheppard,9165334790,34,male,east,20-11-2020,FALSE,0.05
cust104551,Heidi Davidson,1652294583,41,female,west,15-12-2021,TRUE,0.31
cust104552,Antonio Murray,1889634619,58,female,west,20-08-2022,FALSE,0.33
cust104553,Joshua Carroll,8483426650,46,male,north,23-07-2022,FALSE,0.16
cust104554,Patrick Ramirez,9946070550,34,female,east,28-06-2024,FALSE,0.23
cust104555,Tracey Hernandez,5594227970,38,male,north,25-09-2022,FALSE,0.19
cust104556,Maria Key,4011911891,65,other,north,10/3/2021,FALSE,0.18
cust104557,Ashley Brown,2498391069,58,other,central,7/1/2024,FALSE,0.29
cust104558,Zachary Lewis,1321551711,27,female,west,17-04-2022,FALSE,0.08
cust104559,Paige Turner,3883807054,54,male,south,1/3/2025,FALSE,0.11
cust104560,Chase Howard,275916228,54,female,west,27-06-2025,FALSE,0.28
cust104561,Rhonda Conley,7366049041,26,female,central,5/1/2023,FALSE,0.11
cust104562,Duane Johnson,9604170541,31,female,central,2/7/2023,FALSE,0.2
cust104563,Adam Maldonado,5340382419,30,male,central,2/8/2024,FALSE,0.24
cust104564,Fred Schultz,7324599264,24,other,central,27-05-2024,FALSE,0
cust104565,Yesenia Thomas,3780257629,43,female,central,2/4/2022,TRUE,0.29
cust104566,Adrienne Walls,6841059912,42,other,west,1/8/2022,TRUE,0.2
cust104567,Charles Larson,9622914020,35,female,north,13-04-2021,FALSE,0.43
cust104568,Victoria Miller,3435827071,65,male,south,4/1/2024,FALSE,0.5
cust104569,Brianna Brown,8420118074,66,female,south,27-05-2021,FALSE,0.02
cust104570,Michelle Stewart,8316054235,30,male,north,20-12-2023,FALSE,0.2
cust104571,Henry Johnson,3489400297,51,female,east,14-10-2020,FALSE,0.15
cust104572,Katherine Marsh,5410126939,51,female,east,30-08-2022,FALSE,0.19
cust104573,Mrs. Carol Beck,706282388,50,female,north,15-07-2022,FALSE,0.07
cust104574,Steven Carroll,279616850,53,female,north,8/9/2024,FALSE,0.07
cust104575,Roger Garrett,5545126558,52,male,east,14-12-2021,FALSE,0
cust104576,Tamara Sparks,6698249954,24,male,west,18-05-2025,FALSE,0.12
cust104577,Eric Cruz,3997425195,42,female,central,2/9/2021,FALSE,0.26
cust104578,Lisa Kramer,3457512997,50,male,east,15-01-2022,TRUE,0.25
cust104579,Heather Meadows,8242375423,22,female,east,24-09-2022,FALSE,0.53
cust104580,Jill Haynes,7940584603,57,male,west,21-03-2023,FALSE,0.37
cust104581,Samantha Goodwin,9816704905,19,female,north,5/9/2024,FALSE,0.08
cust104582,Patricia Mitchell,4176978040,44,male,south,6/9/2022,FALSE,0.18
cust104583,Benjamin Rice,3545769994,38,other,north,23-07-2023,FALSE,0.37
cust104584,Steven Bird,180737083,65,male,central,22-05-2023,FALSE,0.29
cust104585,Amanda Kramer,4087606779,23,male,west,28-08-2021,FALSE,0.23
cust104586,Jennifer Robbins,8497205333,24,female,north,2/11/2020,FALSE,0.07
cust104587,Christopher Krueger,168565290,61,female,west,6/4/2022,FALSE,0.18
cust104588,Ian Ali,5681161435,50,female,north,13-04-2022,FALSE,0
cust104589,Kevin Perry,4183223095,28,male,west,25-10-2024,FALSE,0.37
cust104590,Tony Dillon,7864535732,61,female,south,10/12/2022,FALSE,0.28
cust104591,Michelle Martinez,8963892511,30,female,south,20-07-2022,FALSE,0.28
cust104592,Lori Barnes,2584261357,67,male,central,19-10-2020,FALSE,0.17
cust104593,Lisa Smith,6751005465,54,male,east,26-03-2024,FALSE,0.05
cust104594,Mary Blankenship,6369991453,23,male,central,21-04-2025,FALSE,0.19
cust104595,Sean Gonzalez,7819508976,28,female,south,21-12-2020,TRUE,0.28
cust104596,Joseph Moore,6473589267,46,female,south,22-10-2021,FALSE,0.39
cust104597,Kristy Barber,2117946274,23,male,east,1/1/2021,FALSE,0.15
cust104598,Vanessa Hampton,3550263569,47,female,west,15-01-2025,FALSE,0.02
cust104599,Tanner Briggs,3163229379,66,female,north,5/5/2023,FALSE,0.27
cust104600,Kimberly Galvan,5186969199,61,male,south,12/8/2023,FALSE,0.32
cust104601,Scott Noble,7638734049,65,female,east,5/5/2023,TRUE,0.19
cust104602,James Richardson,294763160,44,male,south,26-08-2023,FALSE,0.28
cust104603,Brenda Rios,242514005,43,female,central,4/2/2023,FALSE,0.42
cust104604,Rhonda Krueger,4007100524,56,male,south,31-08-2024,FALSE,0.16
cust104605,Jillian Martinez,6951911192,62,female,west,14-05-2024,FALSE,0.27
cust104606,Mark Ryan,8163763383,34,male,east,18-07-2022,FALSE,0.26
cust104607,Daniel Haney,4518988346,49,male,north,16-01-2025,TRUE,0.28
cust104608,Stephen Davis,7332102149,41,female,north,18-05-2025,FALSE,0.23
cust104609,Mary Diaz,6755928328,48,male,central,22-09-2020,FALSE,0.33
cust104610,Jennifer Trujillo,6062526349,55,female,south,5/2/2025,FALSE,0.19
cust104611,Veronica Mcintyre,2878999365,31,female,central,4/7/2021,FALSE,0.01
cust104612,Lee Cook,8432861647,19,female,north,18-07-2021,FALSE,0.24
cust104613,Anthony Williams,4576806971,33,female,north,10/12/2020,FALSE,0.25
cust104614,James Mcbride,1899498366,45,male,south,21-06-2024,FALSE,0.19
cust104615,Taylor Harris,3164773980,54,male,north,23-07-2022,TRUE,0.15
cust104616,Margaret Thomas,3435172549,24,male,north,11/8/2021,FALSE,0.23
cust104617,Patricia Edwards,7692419623,32,female,east,8/7/2024,FALSE,0.02
cust104618,Jermaine Morris,2606234095,51,female,east,10/11/2020,TRUE,0.36
cust104619,Melissa Mcdonald,7678214206,35,female,west,20-10-2024,FALSE,0.17
cust104620,Angela Preston,9653531605,44,male,north,23-12-2022,FALSE,0.17
cust104621,Scott Grant,2287488828,70,male,central,29-12-2023,FALSE,0.16
cust104622,Rebecca Wright,9207774251,51,female,south,30-01-2022,FALSE,0.03
cust104623,Emily Nelson,3697512812,30,male,east,5/4/2023,FALSE,0.24
cust104624,Carolyn Smith,7685587549,39,male,east,4/4/2023,FALSE,0.22
cust104625,Mr. Jason Mccann,8007786810,42,female,east,23-04-2021,FALSE,0.32
cust104626,Katrina Hall,8221889550,38,female,east,31-08-2020,FALSE,0.22
cust104627,Troy Trevino,2154613502,24,male,west,1/9/2020,FALSE,0.23
cust104628,Timothy Warner,1269375428,34,female,central,7/1/2025,FALSE,0.43
cust104629,Donald Klein,6786374310,49,female,east,5/3/2024,FALSE,0.17
cust104630,Lauren Holland,8202895701,70,female,north,8/5/2024,FALSE,0.22
cust104631,Jeffrey Smith,4901835747,58,male,south,13-03-2025,FALSE,0.13
cust104632,Cindy Rodriguez,3454346763,70,male,west,13-05-2024,FALSE,0.16
cust104633,Tammy Newton,7915587488,42,male,north,27-04-2022,TRUE,0.2
cust104634,Christina Munoz,3601014507,26,male,north,27-03-2025,FALSE,0.02
cust104635,Jesse Taylor,6748212008,45,male,north,14-09-2023,FALSE,0.17
cust104636,Michael Anderson,7440586253,68,male,north,31-01-2025,FALSE,0.26
cust104637,Brandy Daniels,928801232,42,male,central,11/6/2022,FALSE,0.33
cust104638,Alisha Taylor,8741440275,59,male,south,14-12-2020,FALSE,0.27
cust104639,Robert Cannon,2378205095,58,female,east,30-09-2023,FALSE,0.44
cust104640,Albert Nelson,69595116,47,female,north,12/9/2020,FALSE,0.29
cust104641,Julia Sweeney,4512699982,37,female,north,2/1/2023,FALSE,0.13
cust104642,Rodney Long,8149021556,54,male,south,14-09-2021,FALSE,0.18
cust104643,Gregory Gross,9397272120,58,female,north,23-02-2025,FALSE,0.32
cust104644,Jennifer Jordan,6475741094,34,male,north,7/10/2022,FALSE,0.42
cust104645,Steven Brown,5202172716,22,female,central,28-02-2021,FALSE,0.35
cust104646,Amanda Powell,5860587105,49,male,east,12/6/2021,FALSE,0.28
cust104647,Tara Owen,37376203,50,female,east,28-04-2023,FALSE,0.39
cust104648,Angela Thompson,3023845790,50,female,east,12/4/2023,FALSE,0.26
cust104649,Nathan Cook,3881109323,38,female,west,28-12-2020,FALSE,0.26
cust104650,Adrienne Peck,1067267342,52,male,north,1/3/2023,FALSE,0.32
cust104651,Tammy Johnson,3672308577,42,male,south,10/8/2022,FALSE,0.22
cust104652,James Fowler,8062735601,52,female,south,8/3/2021,FALSE,0.15
cust104653,Regina Perry,4451200694,32,male,west,1/7/2024,FALSE,0.04
cust104654,Kimberly Baker,1081562720,66,female,west,20-06-2024,FALSE,0.1
cust104655,Neil Owens,2422506528,62,male,west,19-04-2022,FALSE,0.23
cust104656,Ashley Rogers,2677664951,32,female,north,24-05-2024,FALSE,0.18
cust104657,Patrick Simmons,7931243312,29,female,west,13-04-2021,FALSE,0.42
cust104658,William Randall,9436503478,57,female,central,23-10-2023,FALSE,0.1
cust104659,Michelle Thompson,7313698065,25,male,west,11/5/2024,FALSE,0
cust104660,Jessica Foster,5073615284,35,female,east,26-05-2021,FALSE,0.04
cust104661,Jennifer Martin,9381192357,32,male,east,21-05-2023,FALSE,0.12
cust104662,Troy Cox,6806592459,66,female,central,2/8/2022,FALSE,0.08
cust104663,Brandi Schwartz,494683890,30,female,north,8/1/2021,FALSE,0.14
cust104664,Olivia Martin,9706800455,60,female,north,21-07-2025,FALSE,0.23
cust104665,Melissa Paul,8120218511,61,male,east,6/3/2021,FALSE,0.17
cust104666,Terry Kirby,4929790255,20,female,south,3/11/2023,FALSE,0.15
cust104667,Nicholas Blair,9001687599,30,male,north,9/1/2021,FALSE,0.23
cust104668,Patricia Raymond,8927277577,35,female,north,9/4/2023,FALSE,0.15
cust104669,Jennifer Andrews,841602492,55,female,west,10/4/2023,FALSE,0.28
cust104670,Dr. Victor Baldwin,1297612867,63,male,north,31-07-2022,FALSE,0.21
cust104671,Kurt Saunders,9472631380,64,male,north,19-04-2025,FALSE,0.17
cust104672,Thomas Bailey,1042082766,29,female,west,10/8/2021,FALSE,0.26
cust104673,Sean Barnes,3306138403,65,female,north,4/2/2024,FALSE,0.1
cust104674,Brandy Henderson,8408001476,65,male,central,22-08-2022,TRUE,0.14
cust104675,Mark Shaw,1935490994,67,male,south,24-11-2024,TRUE,0.08
cust104676,Tyler Tran,3058263342,46,female,east,2/2/2024,FALSE,0.16
cust104677,Rebecca Vasquez,1534207451,68,female,west,29-04-2024,FALSE,0.12
cust104678,Cynthia Larson,8318473407,65,female,central,13-04-2024,FALSE,0.19
cust104679,Tyler Wilson,4747941968,22,male,central,28-05-2024,FALSE,0.07
cust104680,Steven Johnson,7167313135,40,female,central,9/6/2021,FALSE,0.06
cust104681,Brad Moore,8693045220,37,female,west,18-02-2025,FALSE,0.4
cust104682,Courtney Hill,2243997484,64,male,west,24-05-2023,FALSE,0.47
cust104683,Jeffrey Bartlett,4136057271,64,female,north,19-06-2024,FALSE,0.39
cust104684,James Dixon,1377335474,35,male,central,20-02-2023,FALSE,0.22
cust104685,Michael Murphy,9984621700,46,female,south,23-10-2022,TRUE,0
cust104686,Daniel Rivera,5842213182,53,female,west,30-10-2024,FALSE,0.31
cust104687,Tammy Coleman,2555802492,38,male,central,16-02-2023,FALSE,0.19
cust104688,Chris Simmons,9036773245,18,male,east,8/2/2025,FALSE,0.15
cust104689,Michael Bishop,7892139568,44,female,south,28-01-2025,FALSE,0.26
cust104690,Christine Johnson,5147673897,42,male,north,20-09-2023,FALSE,0.27
cust104691,Michelle Warren,2091826301,24,male,east,29-12-2020,FALSE,0.39
cust104692,Robin White,8871467173,34,female,west,7/2/2022,FALSE,0.45
cust104693,Denise Anderson,2819912777,67,female,north,23-01-2022,FALSE,0.24
cust104694,Jose Adams,3054146625,21,male,central,22-06-2021,FALSE,0.12
cust104695,Allison Mckenzie,8148877877,34,male,east,7/4/2023,FALSE,0.22
cust104696,Thomas Smith,3015148352,38,male,south,23-02-2021,FALSE,0.04
cust104697,Kelsey Cardenas,4317070954,42,male,east,11/9/2024,FALSE,0.16
cust104698,Jesse Roberts,1872724009,43,female,north,18-05-2023,FALSE,0.07
cust104699,Makayla Burke,9615144643,32,male,north,10/5/2025,FALSE,0.31
cust104700,Lori Williams,6779736947,37,male,south,30-09-2024,TRUE,0.35
cust104701,Christopher Robbins,4287904501,32,male,west,10/4/2023,FALSE,0.17
cust104702,Mr. Michael Clark,456612616,33,male,central,14-11-2020,FALSE,0.26
cust104703,Stephanie Turner,6295190879,40,male,west,9/7/2021,FALSE,0.25
cust104704,Tracy Allen,2135749295,46,male,north,1/3/2023,FALSE,0.3
cust104705,Michael Thompson,7626289578,18,female,south,22-05-2024,FALSE,0.2
cust104706,Andrew Swanson,8421147850,44,female,east,3/10/2023,FALSE,0.33
cust104707,Oscar Holmes,6622896081,39,female,central,13-10-2021,FALSE,0.14
cust104708,Charles Robbins,6573022253,46,female,east,5/10/2020,FALSE,0.33
cust104709,Brianna Smith,2445081008,36,male,east,18-12-2021,TRUE,0.35
cust104710,Christopher Martinez,5612589327,46,female,east,8/2/2023,FALSE,0.2
cust104711,Steven Lynch,9950976732,70,female,south,20-05-2025,FALSE,0.25
cust104712,Elizabeth Barber,3482325624,19,female,west,14-10-2021,FALSE,0.21
cust104713,Julie Molina MD,3157685561,25,male,south,19-11-2024,FALSE,0.27
cust104714,Matthew Norton,6929807107,68,male,north,3/5/2024,FALSE,0.28
cust104715,Caroline Sanchez,7969360033,26,male,south,9/5/2021,TRUE,0.23
cust104716,Richard Hinton,8421667395,20,female,north,1/7/2021,FALSE,0.17
cust104717,Kendra Wood,6207601490,66,female,north,9/4/2023,FALSE,0.3
cust104718,Brenda Brady,419756896,45,male,central,15-12-2022,FALSE,0.26
cust104719,John Merritt,7636404103,18,female,east,16-05-2022,FALSE,0.49
cust104720,Michael Colon,8205658524,49,male,central,19-08-2023,FALSE,0.07
cust104721,Dr. Eric Velasquez,6903354750,24,female,west,9/4/2023,FALSE,0.43
cust104722,Eddie Jones,2839745618,27,male,east,6/12/2020,FALSE,0.25
cust104723,Robert Simpson,1442699903,28,male,west,16-04-2023,FALSE,0.3
cust104724,Andrew Larson,4723270141,22,male,north,5/10/2022,FALSE,0.13
cust104725,Alyssa Moore,4329247427,34,female,east,28-08-2021,FALSE,0.15
cust104726,Rhonda Henderson,9032130752,40,male,central,12/12/2023,FALSE,0.24
cust104727,Mark Crawford,1878643808,51,female,south,24-12-2022,FALSE,0.2
cust104728,Stephanie Ruiz,1382717764,28,female,south,24-11-2022,FALSE,0.03
cust104729,Steven Bishop,9662178302,64,female,north,12/10/2021,FALSE,0.21
cust104730,David Lopez,4158866076,59,male,north,28-02-2024,FALSE,0.21
cust104731,Christopher Jones,9888802265,52,male,east,27-09-2021,FALSE,0.15
cust104732,Alice Liu DVM,3455754558,66,male,west,6/8/2023,FALSE,0.32
cust104733,Andrea Mitchell,4063392231,67,female,north,13-02-2021,FALSE,0.35
cust104734,Micheal Webb,9809021879,27,female,east,5/3/2022,FALSE,0.1
cust104735,Tamara Mcpherson,2086786594,22,female,west,27-06-2022,FALSE,0.16
cust104736,George Conley,5770886812,37,male,west,12/3/2023,FALSE,0.13
cust104737,Margaret Estrada,3168243814,29,female,central,20-02-2025,FALSE,0.22
cust104738,Dawn Henry,9899801313,37,male,east,22-02-2021,FALSE,0.32
cust104739,Laura Pena,3246810435,44,female,central,27-10-2021,FALSE,0.25
cust104740,Jason Brown,16082925,63,female,east,10/2/2021,FALSE,0.18
cust104741,Joyce Petersen,9689360612,30,female,north,18-05-2025,FALSE,0.14
cust104742,Joel Ross,9279825452,52,male,south,16-07-2023,TRUE,0.38
cust104743,Christopher Russell,1886270521,31,male,south,17-01-2021,FALSE,0.36
cust104744,Sandra Smith,4528660456,58,male,east,10/11/2024,FALSE,0.26
cust104745,Chris Herman,8908108506,29,female,central,7/8/2023,FALSE,0.05
cust104746,George Medina,6662943550,31,female,north,21-10-2023,FALSE,0.32
cust104747,Edward Carter,9060505179,48,other,west,22-09-2022,FALSE,0.22
cust104748,Miss Tammy Diaz,7015169302,37,female,central,19-11-2024,FALSE,0.08
cust104749,Thomas Booth,3619427833,29,male,north,8/11/2023,FALSE,0.37
cust104750,David Martin,9695341065,34,male,south,4/3/2024,FALSE,0.27
cust104751,Eric Smith,3084552709,44,female,east,27-01-2021,FALSE,0.04
cust104752,Sarah Powell,7518767525,68,female,north,23-08-2020,FALSE,0.17
cust104753,Leonard Anderson,9203666974,63,male,south,5/2/2025,FALSE,0.18
cust104754,Nathaniel Cooper,4055742361,65,female,east,9/10/2022,TRUE,0.14
cust104755,Andrea Miller,856936685,21,female,south,13-09-2020,FALSE,0.28
cust104756,Jennifer Alvarez,4315700674,32,female,north,12/2/2021,FALSE,0.33
cust104757,Jim Goodman,9693170749,60,female,east,23-06-2022,FALSE,0.16
cust104758,Sarah Adams,2698652116,54,male,central,18-06-2024,FALSE,0.44
cust104759,Lori Harris,9564482339,62,other,north,4/5/2024,FALSE,0.23
cust104760,Earl Montgomery,8005141505,31,male,central,11/5/2023,FALSE,0.42
cust104761,David Medina,4049044149,18,male,east,23-05-2023,FALSE,0.26
cust104762,Maurice Hunt,7773712644,38,male,north,8/3/2025,FALSE,0.32
cust104763,Brian Palmer,7777394179,27,other,central,14-12-2020,FALSE,0.37
cust104764,Samantha Adams,850202839,35,male,north,27-01-2021,FALSE,0.13
cust104765,Daniel Oconnor,7456781527,50,female,central,22-09-2020,TRUE,0.33
cust104766,Nicholas Turner,7426735073,52,female,north,4/7/2024,FALSE,0.1
cust104767,Stephen Hughes,9404753093,56,male,west,28-02-2023,FALSE,0.2
cust104768,Kimberly Mckenzie,7013610003,34,female,central,16-08-2021,FALSE,0.21
cust104769,Anthony Smith,3577882179,64,female,west,27-07-2021,FALSE,0.3
cust104770,Bryan Garcia,218522504,53,female,south,15-11-2021,FALSE,0
cust104771,Darrell Walker,3646319835,18,male,south,12/1/2024,FALSE,0.22
cust104772,Sandra Flores,9785255731,59,female,west,21-07-2025,FALSE,0.2
cust104773,Timothy Stevens,9067896502,69,female,west,27-04-2022,FALSE,0.01
cust104774,Dustin Norton,7218964151,68,male,west,28-06-2023,FALSE,0
cust104775,Brady Wilson,1068834060,52,female,north,4/10/2022,FALSE,0.17
cust104776,Jordan Williams,9929438421,56,male,south,8/8/2024,FALSE,0.02
cust104777,Jesse Mcdaniel,8467814566,60,female,west,5/8/2020,FALSE,0.24
cust104778,Ashley Miles,8844116009,46,male,north,7/4/2024,FALSE,0.07
cust104779,Robert Fuller,6290683437,20,female,south,1/5/2023,FALSE,0.15
cust104780,Lisa Barnett,382452030,35,male,north,3/3/2022,FALSE,0.13
cust104781,Carlos Thompson,8073027731,34,female,south,1/8/2024,FALSE,0.23
cust104782,Richard Jones,250693720,29,male,south,15-01-2025,FALSE,0.25
cust104783,Donald Mason,7695877942,23,male,central,19-11-2020,FALSE,0
cust104784,Sandra Hensley,2789593072,44,female,central,7/8/2020,FALSE,0
cust104785,Aimee Brady,4591245578,59,male,south,31-05-2025,FALSE,0.29
cust104786,Justin Shaw,5438521478,58,female,east,7/7/2021,FALSE,0.08
cust104787,Allison Fields,3592005842,42,male,east,9/2/2025,TRUE,0.25
cust104788,Robert Carpenter,4471208427,33,female,east,22-10-2023,FALSE,0.24
cust104789,Abigail Hudson,128476849,64,male,south,24-09-2021,FALSE,0.22
cust104790,Kelsey Mclaughlin,7504963425,44,male,central,10/8/2023,FALSE,0.21
cust104791,Douglas Day,8598892797,55,female,west,2/8/2021,TRUE,0.25
cust104792,Travis Gonzalez,4252619201,22,female,central,6/3/2023,FALSE,0.06
cust104793,Daniel Huffman,4899669174,21,male,east,19-02-2022,FALSE,0.22
cust104794,James Kelly PhD,569905889,37,male,east,20-02-2023,FALSE,0.25
cust104795,Samuel Dodson,8675247346,25,male,east,21-05-2023,FALSE,0.3
cust104796,Linda Gray,8961200125,50,female,north,24-09-2022,FALSE,0.28
cust104797,Laura Kelley,8163922574,36,female,north,23-02-2024,FALSE,0.18
cust104798,Michael White,7121934679,53,male,central,25-03-2023,FALSE,0.22
cust104799,Brian Rogers,794028665,29,male,west,24-10-2023,FALSE,0.23
cust104800,Julie Ross,2834276299,26,female,west,31-12-2022,FALSE,0.11
cust104801,Corey Davis,6964485943,49,female,west,15-03-2025,TRUE,0.22
cust104802,Catherine Clark,4963765210,18,male,south,16-01-2025,FALSE,0.23
cust104803,James Alexander,9212284355,38,male,central,2/6/2021,FALSE,0.15
cust104804,Evan Lynch,2762576565,46,female,east,18-08-2022,FALSE,0.22
cust104805,Alyssa Coffey,3774616539,49,male,central,25-03-2023,FALSE,0.34
cust104806,Anna Allen,9994283125,48,male,north,17-06-2022,FALSE,0.13
cust104807,Benjamin Delgado,2828995530,18,male,north,16-04-2025,FALSE,0.48
cust104808,Rachel Carter,5786419543,19,female,east,10/6/2023,FALSE,0.22
cust104809,Ms. Jacqueline Gregory MD,1148466323,31,female,south,29-05-2021,FALSE,0.28
cust104810,Maria Lee,673247659,65,male,north,22-09-2021,FALSE,0.32
cust104811,Devon Higgins,3228744781,44,female,central,23-02-2021,FALSE,0.24
cust104812,Mr. Edward Hurley,1530682941,32,female,south,12/10/2020,FALSE,0.13
cust104813,Stephen Davies,3802476189,70,male,east,30-08-2021,FALSE,0.18
cust104814,Martha Garcia,65673837,50,female,central,20-04-2023,FALSE,0.28
cust104815,Katie Nash,3372385607,54,male,east,12/11/2024,FALSE,0.26
cust104816,Samuel Phillips,1969697308,52,male,central,9/10/2024,FALSE,0
cust104817,Mia Villanueva,6768013760,53,male,central,31-05-2024,FALSE,0.4
cust104818,Robert Beard,2472664125,61,female,north,25-12-2022,FALSE,0.16
cust104819,Chris Sanchez,818732104,53,male,central,29-09-2023,FALSE,0.12
cust104820,Daniel Mclean,4835533948,54,male,east,26-08-2021,FALSE,0.27
cust104821,James Galloway,8924367766,59,female,north,6/4/2023,FALSE,0.11
cust104822,Bridget Gallagher,4336859620,28,male,east,19-05-2023,FALSE,0.26
cust104823,Kim Clay,5256830292,69,male,north,27-06-2022,FALSE,0.09
cust104824,Stephanie Sparks,2940966311,65,female,south,7/8/2024,FALSE,0.19
cust104825,Nicholas Evans,7867411547,67,female,west,22-03-2022,FALSE,0.2
cust104826,Brian Greene,2757225051,69,female,south,1/6/2022,FALSE,0.32
cust104827,Jessica Sharp,4973036492,21,female,north,23-03-2022,TRUE,0.28
cust104828,Jason Wood,6312409971,52,female,south,30-10-2021,FALSE,0.16
cust104829,Emma Allen,7676528211,25,female,central,8/10/2024,FALSE,0
cust104830,Zachary Espinoza,9059720304,43,female,west,3/2/2022,FALSE,0.11
cust104831,John Potter,3780428543,21,female,central,25-06-2025,FALSE,0.25
cust104832,Jessica Kramer,6427022466,63,male,east,22-07-2022,FALSE,0.29
cust104833,Alicia Gross,4244939006,23,male,central,21-12-2022,FALSE,0.08
cust104834,Benjamin Marshall,1971226797,21,female,central,10/7/2023,FALSE,0.22
cust104835,John Reed,4899597237,47,female,south,13-10-2021,FALSE,0.17
cust104836,Melissa Taylor,8291934617,40,male,north,12/11/2024,FALSE,0.38
cust104837,Tammy Davenport DDS,5253936083,59,male,central,5/4/2022,FALSE,0.35
cust104838,John Ellis,9638447202,59,male,north,5/9/2020,FALSE,0.25
cust104839,Reginald Kidd,4207151964,49,male,west,30-04-2025,TRUE,0
cust104840,Craig Blake,8335738131,69,male,south,8/7/2024,FALSE,0.17
cust104841,James Griffin,3302612802,60,male,south,6/12/2024,TRUE,0.15
cust104842,Lindsay Martinez,7295527341,26,female,north,19-12-2023,FALSE,0.21
cust104843,Mikayla Ellis,3499539228,68,female,north,30-06-2025,FALSE,0.03
cust104844,Benjamin Wells,2864481437,48,female,south,10/11/2021,FALSE,0.34
cust104845,Victor Garcia,9081067566,19,female,central,7/5/2024,FALSE,0.39
cust104846,Holly Wright,3290250601,70,male,east,21-10-2024,FALSE,0.17
cust104847,David Jordan,4083334272,38,female,north,7/4/2022,FALSE,0.17
cust104848,Donald Rodriguez,1729240231,64,female,south,30-08-2021,FALSE,0.15
cust104849,Jason Hammond,436149180,32,male,south,11/12/2022,FALSE,0.2
cust104850,Wesley Anderson,5738571124,59,male,north,31-08-2024,FALSE,0.27
cust104851,Matthew Santana,940035371,69,female,central,24-05-2023,FALSE,0.38
cust104852,Jill Pena,4118708248,44,male,east,26-02-2025,TRUE,0.21
cust104853,Christopher Brown,237342727,59,other,east,12/4/2024,FALSE,0.2
cust104854,Nicholas Brown,4147287402,52,female,north,25-09-2021,FALSE,0.37
cust104855,Noah Saunders,9009848767,26,male,west,4/11/2020,FALSE,0.06
cust104856,Brittany Cooper,2909175872,21,male,west,2/8/2022,FALSE,0.32
cust104857,John Walls,4645677087,18,female,west,27-02-2022,FALSE,0.32
cust104858,Kimberly Walls,6622298877,36,female,south,9/4/2024,FALSE,0.28
cust104859,Robert Jones,3460985597,20,male,west,18-07-2023,FALSE,0.13
cust104860,Michael Chandler,7387515569,49,female,east,2/12/2022,FALSE,0.27
cust104861,Patricia Holmes,1414086655,23,male,west,3/1/2022,FALSE,0.27
cust104862,Courtney Scott,6694502604,65,female,south,4/3/2024,FALSE,0.41
cust104863,Charlotte Hernandez,7784870104,36,female,south,9/6/2021,FALSE,0.18
cust104864,Levi Wagner,64893252,57,male,west,24-06-2023,FALSE,0.28
cust104865,Brandon Parker,754499755,29,male,west,14-10-2023,FALSE,0.07
cust104866,Michael Willis,3199440268,43,female,south,15-04-2023,FALSE,0.23
cust104867,Anita Webb,9120457799,23,male,east,19-11-2021,FALSE,0.2
cust104868,Travis Hernandez,5745327261,25,male,south,11/3/2024,FALSE,0.13
cust104869,Kristen Thompson,6169285124,42,female,north,10/12/2022,TRUE,0.16
cust104870,Maria Miller,3741060219,21,male,west,4/5/2022,FALSE,0.43
cust104871,Wendy Horton,7382233863,53,female,west,13-04-2025,FALSE,0.26
cust104872,Anthony Gutierrez,3508174639,64,male,central,15-04-2021,FALSE,0.21
cust104873,Kathryn Mccarthy,3429074572,28,male,west,27-11-2020,FALSE,0.07
cust104874,Antonio Arroyo,4663061984,28,female,north,23-03-2022,FALSE,0.14
cust104875,Stephanie Patel,5582013295,57,male,central,8/1/2025,FALSE,0.24
cust104876,Jessica Bradley,5502111153,41,female,north,22-11-2020,FALSE,0.23
cust104877,Michelle Roberts,5386767558,54,male,central,6/1/2023,FALSE,0.38
cust104878,Cory Sheppard,8506885187,24,male,east,5/8/2024,FALSE,0.2
cust104879,Denise Hamilton,8824310309,53,female,west,1/8/2022,FALSE,0.18
cust104880,Pamela Myers,9451784892,29,female,north,15-11-2020,FALSE,0.2
cust104881,Tyler Hughes,4181306855,54,male,central,13-05-2023,FALSE,0.21
cust104882,Christy Bryant,2547959604,41,male,north,9/2/2023,TRUE,0.19
cust104883,Courtney Brown,2559170212,42,female,west,11/11/2023,TRUE,0.22
cust104884,Kyle Taylor,3842631698,62,female,south,11/3/2021,FALSE,0.28
cust104885,Diana Morales,54641773,69,male,west,24-01-2024,FALSE,0.36
cust104886,Olivia Mckee,2418317467,50,other,north,8/3/2025,TRUE,0.15
cust104887,Carolyn Schroeder,3360664519,56,female,east,26-08-2020,FALSE,0.04
cust104888,Kurt Farrell,4541798074,47,male,west,31-08-2020,FALSE,0.27
cust104889,Jeffrey Jones,6483194184,38,male,north,29-11-2021,FALSE,0.39
cust104890,Blake Butler,6761310519,57,female,south,26-01-2021,FALSE,0.19
cust104891,Melinda Davis,9745787901,21,male,east,31-10-2022,FALSE,0.28
cust104892,Mr. Jonathan Higgins,6738520006,23,female,north,22-11-2022,FALSE,0.11
cust104893,Ann Reyes DDS,9976391823,46,female,central,18-10-2020,FALSE,0.22
cust104894,Shawn Wright,3816922082,18,male,south,31-08-2024,TRUE,0.15
cust104895,John Clark,5763727051,46,female,north,22-02-2021,FALSE,0.16
cust104896,Brett Hunter,268246676,60,male,west,13-08-2022,FALSE,0.13
cust104897,Robert Anderson,7928972736,30,male,east,27-08-2021,FALSE,0.15
cust104898,James Johnston,6114171104,48,female,north,28-11-2022,FALSE,0.16
cust104899,Kenneth Robinson,4145577736,52,female,west,31-10-2023,FALSE,0.22
cust104900,Michael Reilly,805024311,55,male,west,24-08-2020,FALSE,0.22
cust104901,John Sharp,4578104076,62,male,north,17-02-2022,TRUE,0.32
cust104902,Cheyenne Camacho,2126593532,34,female,east,11/6/2024,FALSE,0.19
cust104903,Marie Ellis,9769745569,59,female,north,10/3/2021,FALSE,0.09
cust104904,Francisco Harper,3579150263,58,female,north,27-04-2023,FALSE,0.17
cust104905,Christopher Fritz,4085859705,59,other,north,28-11-2022,FALSE,0.07
cust104906,David Fitzgerald,5967408773,36,male,west,9/4/2025,FALSE,0.32
cust104907,Anthony Heath,5906382615,29,female,central,13-08-2024,FALSE,0.33
cust104908,Adam Gibbs,1494568751,68,female,west,8/5/2025,FALSE,0.04
cust104909,Mary Perkins,6988902928,23,female,north,9/8/2024,FALSE,0.04
cust104910,Claudia Green,9958300977,61,male,west,26-06-2023,FALSE,0.34
cust104911,Joseph Munoz,7416429049,54,female,south,6/4/2021,FALSE,0.15
cust104912,Jennifer Massey,203215226,43,male,west,24-08-2021,FALSE,0.21
cust104913,Rachel Olson,2522484686,25,male,north,16-09-2024,TRUE,0
cust104914,Natalie Aguilar,6106173293,25,male,east,7/5/2022,FALSE,0.35
cust104915,Crystal Cooper,5651186019,53,female,north,26-11-2021,TRUE,0.42
cust104916,Theresa Brown,5150727821,24,female,east,2/1/2022,FALSE,0.24
cust104917,John Lambert,6687993062,35,male,north,7/8/2023,TRUE,0.08
cust104918,Carl Dodson,9761386020,46,male,south,18-08-2024,FALSE,0.4
cust104919,Angel Wright,7774616209,58,female,west,17-02-2023,FALSE,0.22
cust104920,Monique Manning,126996196,43,female,central,17-11-2024,FALSE,0.17
cust104921,Marcus Moss,4818274513,58,female,east,17-02-2022,FALSE,0.44
cust104922,Joseph Moore,4967971584,25,male,east,27-04-2025,FALSE,0.09
cust104923,Joseph Rodriguez,7344987421,63,male,north,9/11/2022,FALSE,0.28
cust104924,Patricia Robinson,2076304405,62,male,north,12/9/2023,FALSE,0.06
cust104925,Melissa Burgess,1620936105,58,male,south,19-06-2022,FALSE,0.29
cust104926,Michael Burns,6912817777,41,male,south,26-07-2025,FALSE,0.14
cust104927,Christina Campos,1848978670,19,female,central,22-10-2022,FALSE,0.05
cust104928,Lori Summers,9312294046,22,female,east,18-05-2023,FALSE,0.44
cust104929,Suzanne Roberson,6206651747,41,female,central,25-08-2020,FALSE,0.21
cust104930,Brittney West,1773965087,33,female,south,18-10-2023,FALSE,0.09
cust104931,Tony Graham,2417108915,46,male,north,10/5/2022,FALSE,0.02
cust104932,Ethan Bradford,2283095113,63,male,south,19-11-2020,FALSE,0.11
cust104933,Rebecca Keith,9134249493,57,female,west,8/3/2025,FALSE,0.34
cust104934,Michael Carter,7701465694,47,male,north,24-08-2022,FALSE,0.19
cust104935,Ashley Espinoza,3463188548,32,female,east,17-04-2023,FALSE,0.07
cust104936,Tim Goodwin,1021990492,30,female,north,10/1/2023,FALSE,0.39
cust104937,Andrew Townsend,9043535107,37,female,west,29-04-2023,FALSE,0.08
cust104938,Karen Ryan,5528590790,42,female,south,13-03-2021,TRUE,0.19
cust104939,William Burke,8608667365,68,female,north,17-10-2023,FALSE,0.25
cust104940,Richard Saunders,9888353375,40,female,central,29-05-2021,FALSE,0.19
cust104941,Martha Washington,9000945321,60,male,west,27-08-2024,FALSE,0.22
cust104942,Amy Morris,524788457,44,other,north,19-10-2023,FALSE,0
cust104943,Gary Jackson,4945531185,64,female,west,23-09-2021,FALSE,0
cust104944,Vincent Manning,3669389067,70,male,east,19-05-2021,FALSE,0.25
cust104945,Mary Jordan,9650816397,50,male,north,5/9/2024,FALSE,0.06
cust104946,Ronnie Moore,7375127103,42,other,west,13-11-2022,FALSE,0.3
cust104947,Debra Gordon,3747441601,44,female,central,19-02-2023,FALSE,0.08
cust104948,Christy Tucker,4119359661,53,female,east,13-01-2023,FALSE,0.01
cust104949,Jesse Lopez,9496431065,46,male,south,11/2/2024,FALSE,0.18
cust104950,Edward Conrad,9686689179,58,male,east,17-06-2024,FALSE,0.15
cust104951,Dean Butler,1080663076,25,male,north,16-07-2023,FALSE,0.2
cust104952,Gregory Young,6384289504,47,male,west,6/2/2024,FALSE,0.38
cust104953,Daniel Guzman,387784675,30,male,north,17-03-2022,FALSE,0.11
cust104954,Jennifer Henderson,8268668282,47,female,north,23-06-2022,FALSE,0.17
cust104955,Brian Davis,1425051828,20,female,central,19-01-2022,FALSE,0.32
cust104956,John Holmes,1571510535,43,male,central,2/7/2025,FALSE,0.15
cust104957,Natalie Davis,8057173999,62,female,east,30-04-2024,FALSE,0.08
cust104958,Troy Hansen,1783986120,45,male,east,13-09-2023,FALSE,0.22
cust104959,Ms. Amanda Conner,1425784526,36,female,west,25-05-2025,FALSE,0.27
cust104960,Jack Ali,1946024983,21,female,north,9/10/2021,TRUE,0
cust104961,Julie Logan,6979396146,58,female,east,13-06-2022,FALSE,0.11
cust104962,Victor Baker,4913570853,64,male,south,13-09-2022,FALSE,0.27
cust104963,Tammy Nguyen,9263570716,28,female,north,14-11-2021,FALSE,0.26
cust104964,Ray Young,8456209254,64,male,west,29-01-2025,FALSE,0.24
cust104965,Diana Sanchez,9137327075,26,male,central,11/11/2023,FALSE,0.18
cust104966,Elizabeth Lawson,7996847228,62,female,central,5/6/2025,FALSE,0.04
cust104967,Paul Bowers,716732367,53,female,south,15-01-2024,FALSE,0.18
cust104968,Justin Lopez,6100388257,22,male,north,14-03-2024,FALSE,0.4
cust104969,Patrick Walters,2459738416,40,male,central,15-03-2023,FALSE,0.3
cust104970,William Beasley,3436740186,43,female,south,18-07-2022,FALSE,0
cust104971,Caroline Lynch,65412871,23,male,west,28-08-2023,FALSE,0.08
cust104972,Cynthia Garcia,1181784557,67,male,north,27-10-2024,FALSE,0.08
cust104973,Regina Barrett,8949758405,41,female,west,29-08-2024,FALSE,0.31
cust104974,Eric Lam,6774354088,70,female,central,4/11/2021,FALSE,0.29
cust104975,Patricia White,3344119395,57,male,west,24-06-2022,FALSE,0.41
cust104976,Kristina Hughes,4113046922,50,female,south,19-04-2022,FALSE,0.35
cust104977,Kyle Terry,6904143420,42,female,central,21-11-2020,FALSE,0.06
cust104978,Laura Campbell,4091313724,69,male,north,10/4/2023,FALSE,0.21
cust104979,Eugene Perry,2557148910,23,male,west,3/11/2023,FALSE,0.13
cust104980,Michael Hudson,7836684297,62,male,west,9/1/2024,FALSE,0.01
cust104981,Emma Terry,5790164943,35,male,central,1/9/2023,FALSE,0.29
cust104982,Samantha Johnson,1170883546,45,male,west,4/3/2025,FALSE,0.31
cust104983,Lori Johnson,3468925806,41,female,west,11/9/2021,FALSE,0.16
cust104984,Andrew Fry,2858848237,30,male,south,18-12-2023,FALSE,0.38
cust104985,Tammy Mccormick,1159990991,63,female,central,5/4/2023,TRUE,0.36
cust104986,Cory Owens,3161048902,28,female,central,7/7/2021,FALSE,0.17
cust104987,Michelle Hansen,9715057814,52,female,north,4/1/2024,FALSE,0.15
cust104988,Robin Beltran,3150206774,66,male,central,1/1/2023,FALSE,0.32
cust104989,Jacob Jones,8065139966,24,male,west,17-11-2020,FALSE,0.33
cust104990,Jason Baker,4752993160,48,female,east,12/10/2021,FALSE,0.13
cust104991,Stephanie Wallace,2925662399,41,male,north,13-09-2024,FALSE,0.19
cust104992,Diana Yu,153853468,58,female,south,18-06-2025,FALSE,0.31
cust104993,Diane Hull,4730140460,36,female,south,31-05-2021,FALSE,0.42
cust104994,Matthew Hughes,2829115714,23,male,central,25-03-2024,FALSE,0.27
cust104995,Gina Wade,5993902415,60,male,west,15-01-2021,FALSE,0.39
cust104996,Kenneth Ross,191772321,33,male,north,29-04-2022,FALSE,0.27
cust104997,Theresa Garcia,68710899,34,male,north,12/12/2022,FALSE,0.11
cust104998,Brian Huffman,7871510762,42,female,south,7/9/2020,FALSE,0.33
cust104999,Dr. Randy Curtis,9824417375,57,other,central,25-04-2024,FALSE,0.47
cust105000,Jennifer Potts,6923408919,49,female,east,18-05-2021,FALSE,0.09
cust105001,David Johnson,976812779,51,female,west,3/10/2022,FALSE,0.34
cust105002,Wayne Marks,851526733,58,female,south,10/9/2024,FALSE,0.06
cust105003,Kevin Thompson PhD,5101246221,60,male,south,16-05-2024,FALSE,0.11
cust105004,Adrienne Russell,3428945572,63,male,south,3/7/2024,TRUE,0.27
cust105005,Mike Pierce,608294780,19,male,east,12/9/2024,FALSE,0.37
cust105006,Kayla Holder,6861065493,43,male,central,23-03-2022,FALSE,0.23
cust105007,Matthew Morales,6458910868,59,male,west,28-09-2021,FALSE,0.14
cust105008,Michael Lynch,8567055354,37,female,east,10/2/2025,FALSE,0.33
cust105009,Robert Flores,7054543463,32,male,east,19-10-2022,FALSE,0.28
cust105010,Dr. Amanda Hunt,2658199765,54,female,east,28-09-2022,FALSE,0.24
cust105011,Michael Hull,1571329340,69,male,central,31-03-2023,FALSE,0.02
cust105012,Allison Ford,5282702420,54,female,east,4/12/2024,FALSE,0.21
cust105013,Teresa James,9751488183,57,male,central,19-12-2020,FALSE,0.1
cust105014,Brian Juarez,3468185721,52,male,south,21-08-2022,FALSE,0.01
cust105015,James Scott,9079839585,19,male,north,27-12-2023,FALSE,0.16
cust105016,Andrew Diaz,606880464,37,male,west,15-05-2023,TRUE,0.43
cust105017,John Smith,3825513821,26,female,south,6/4/2021,TRUE,0.3
cust105018,Dylan Porter,9505576026,62,female,central,16-07-2024,TRUE,0.2
cust105019,Jeffrey Walker,4303357982,30,male,north,27-08-2024,FALSE,0.21
cust105020,Jessica Gonzales,8561792633,37,female,central,4/5/2023,FALSE,0.19
cust105021,Timothy Lopez,7248898118,18,female,central,6/9/2024,FALSE,0.25
cust105022,Sabrina Hurst,3221289065,47,male,north,5/12/2020,FALSE,0.17
cust105023,Michelle Nelson,9060704448,70,female,west,15-06-2025,FALSE,0.07
cust105024,Morgan Anderson,9835219162,34,male,central,15-02-2022,FALSE,0.13
cust105025,Evan Pitts,1754365002,55,female,north,15-11-2020,FALSE,0.28
cust105026,Wayne Boyd,4371229492,34,female,central,26-01-2025,FALSE,0.26
cust105027,Sara Murphy,2610427119,21,male,east,8/5/2024,FALSE,0.07
cust105028,Kenneth Hobbs,7175309275,30,female,south,9/3/2021,FALSE,0.19
cust105029,Reginald Cunningham,8116323993,69,female,west,4/9/2023,FALSE,0.27
cust105030,Jeffrey Tapia,4924802480,53,female,east,16-01-2025,FALSE,0.1
cust105031,Lindsay Brown,4088521299,23,male,east,2/12/2020,TRUE,0.4
cust105032,Logan Dean,3944139316,32,female,south,9/6/2025,FALSE,0.09
cust105033,Ashlee Santiago,6379073957,31,male,central,22-04-2023,FALSE,0.16
cust105034,Kevin Gilmore,5568869936,65,male,central,19-04-2025,FALSE,0.4
cust105035,James Duffy,6063097474,23,male,east,13-08-2022,FALSE,0.15
cust105036,Mrs. Sandy Fritz DDS,2662158871,47,female,north,28-10-2020,FALSE,0.02
cust105037,Amanda Young,6223022970,45,male,west,17-03-2023,FALSE,0.1
cust105038,Sean Townsend,2800880638,22,male,south,29-05-2024,FALSE,0.12
cust105039,Angela Garcia,4165888181,30,male,east,18-08-2020,FALSE,0.31
cust105040,Ryan Brown,4623962630,33,male,south,22-03-2021,FALSE,0.23
cust105041,Nicole Santos,3699840157,28,female,east,23-12-2022,FALSE,0.18
cust105042,Robert Gonzalez,5365462916,59,male,east,24-11-2021,FALSE,0.19
cust105043,William Ball,6166168961,70,male,east,23-10-2023,FALSE,0.22
cust105044,Debra Bell,8116785273,42,female,north,3/2/2022,FALSE,0.36
cust105045,Jason Jones,1195518793,70,female,east,20-08-2022,FALSE,0.15
cust105046,Lucas Moore,5754145146,50,female,east,18-04-2024,FALSE,0.11
cust105047,David Harris,1929389014,53,male,central,2/1/2024,FALSE,0.17
cust105048,Jesse Higgins,3123551375,43,female,west,10/11/2024,FALSE,0.15
cust105049,Emily Campbell,5380029439,61,female,south,6/2/2021,FALSE,0.24
cust105050,John Brewer,274000032,52,female,west,18-07-2022,FALSE,0.15
cust105051,Robert Robertson,8926489894,43,female,central,2/11/2024,FALSE,0.16
cust105052,Kenneth Dixon,1840337687,48,female,south,6/9/2024,FALSE,0.12
cust105053,Stephen Walton,6393457467,21,male,south,24-09-2022,FALSE,0.11
cust105054,Dr. Stephanie Brock,1247161260,21,male,north,9/3/2022,FALSE,0.14
cust105055,Dennis Johnson,5918237784,29,female,north,6/6/2023,FALSE,0.23
cust105056,Jasmine Glover,8325766235,33,male,south,19-08-2020,FALSE,0.28
cust105057,Gregory Nguyen,45900817,42,male,east,16-09-2022,FALSE,0.23
cust105058,Diana Adams,8720226231,43,female,central,2/2/2021,FALSE,0.02
cust105059,Alan Davis,8921102150,60,female,central,8/8/2020,FALSE,0.34
cust105060,Christopher Smith PhD,6647682383,26,male,west,10/2/2023,FALSE,0.54
cust105061,Tamara Richardson,9177712885,61,female,central,5/8/2021,FALSE,0.16
cust105062,Eric Silva,5867616048,53,female,central,18-07-2025,FALSE,0.07
cust105063,Jordan Ortiz,8368949383,64,female,north,26-08-2023,FALSE,0.23
cust105064,Mr. Gregory Gibbs,1883578286,47,female,east,29-08-2023,FALSE,0.34
cust105065,Rachael Miller,3174534529,59,female,south,13-12-2024,FALSE,0.14
cust105066,David Bell,1015654535,54,male,north,5/2/2024,FALSE,0.29
cust105067,Thomas Rodriguez,6731617441,51,female,south,24-12-2023,FALSE,0.2
cust105068,Patrick Cooper,1628880559,18,female,south,15-08-2024,FALSE,0.36
cust105069,Deborah Miller,5445039793,45,female,north,28-10-2024,FALSE,0.27
cust105070,John Pham,2945820465,36,male,central,20-01-2024,FALSE,0.24
cust105071,Leslie Allen,4482524291,25,male,east,23-11-2021,FALSE,0.01
cust105072,Steve Robertson,5646242105,32,female,north,19-05-2023,FALSE,0.15
cust105073,Mrs. Sarah Vance,6111166033,68,male,east,3/10/2021,FALSE,0.24
cust105074,Elizabeth Cohen,7523257973,42,male,east,5/5/2025,TRUE,0.47
cust105075,Caitlin Young,4900231486,56,female,east,8/3/2024,FALSE,0.3
cust105076,Steven Riley,1410181925,35,male,central,23-08-2023,FALSE,0.26
cust105077,Samuel Cunningham,9822354114,25,female,east,20-06-2025,FALSE,0.06
cust105078,Kari Lewis,7663801354,49,male,north,28-01-2023,TRUE,0.18
cust105079,Brian Montes,3393385222,53,female,east,22-06-2021,FALSE,0
cust105080,Kelly Ellison,1967333824,42,female,central,12/5/2022,FALSE,0.01
cust105081,Stephanie Parker,640856980,66,female,east,19-05-2023,FALSE,0.07
cust105082,Maria Roberts,4225998454,60,male,west,16-06-2022,FALSE,0.1
cust105083,Stephanie Mcconnell,5055946812,38,female,west,28-08-2023,FALSE,0.14
cust105084,Kayla Patel,8939348814,59,male,central,11/3/2021,FALSE,0.06
cust105085,Michelle Herring,7489043567,58,male,south,14-09-2023,FALSE,0.21
cust105086,Katherine Wallace,772733713,22,female,west,12/10/2020,FALSE,0.05
cust105087,Donna Evans,6716646080,58,female,central,18-01-2025,FALSE,0.28
cust105088,Renee Anderson,7339983506,49,male,east,12/8/2024,FALSE,0.1
cust105089,Scott Ballard,4388784590,62,female,north,2/3/2024,FALSE,0.18
cust105090,Teresa Huff,2597032955,53,male,east,3/5/2024,FALSE,0.17
cust105091,Crystal Moore,3333663494,46,female,central,29-12-2020,FALSE,0.09
cust105092,Michael Brown,6166315466,51,female,west,25-07-2023,FALSE,0.26
cust105093,Rebecca Mccoy,6000655403,45,male,west,10/12/2023,FALSE,0.11
cust105094,Kevin Davies,9255330290,18,female,south,17-04-2025,FALSE,0.24
cust105095,John Abbott,4385164169,61,female,north,14-06-2022,FALSE,0.13
cust105096,Steven Blackburn,7581478653,41,female,south,9/5/2024,FALSE,0.2
cust105097,Danielle Brooks,7342353846,45,male,west,16-06-2025,FALSE,0.13
cust105098,Nicholas Bauer,9331211654,68,male,west,25-12-2023,FALSE,0.4
cust105099,Samuel Taylor,4672292148,24,male,north,14-09-2022,FALSE,0.31
cust105100,Mr. Robert Stewart,7314701162,33,female,central,10/4/2021,FALSE,0.53
cust105101,Brent Johnson,7751956764,58,female,west,4/8/2022,FALSE,0.04
cust105102,Joe Thomas,6657911403,23,female,west,16-06-2022,FALSE,0.41
cust105103,Tammy Jensen,8760943035,42,male,north,8/7/2022,FALSE,0.25
cust105104,Gina Williams,5337328466,54,female,north,8/9/2023,FALSE,0.27
cust105105,Catherine Thornton,4664383210,53,female,west,1/1/2025,FALSE,0.2
cust105106,Tracy Henderson,5608070539,39,male,north,22-05-2024,FALSE,0.21
cust105107,David Rose,3839133626,22,female,south,17-01-2021,FALSE,0.16
cust105108,Carl Ruiz,2731020026,60,male,west,28-02-2021,FALSE,0.31
cust105109,Karen Hughes,79847196,61,other,south,11/3/2021,FALSE,0.2
cust105110,Theresa Diaz,9058620277,64,female,south,17-03-2024,FALSE,0.3
cust105111,Scott Cohen,4481037676,58,male,west,12/10/2024,FALSE,0.24
cust105112,Courtney Parks,6335588317,50,male,east,17-01-2024,FALSE,0.43
cust105113,Sonya Franco,4179128849,50,female,central,13-08-2024,FALSE,0.24
cust105114,Allison Moore,7924943333,33,male,east,22-10-2023,FALSE,0.35
cust105115,Lauren Williams,9100303333,66,female,west,15-04-2024,FALSE,0.16
cust105116,Carla Garcia,940338390,59,female,west,29-11-2021,FALSE,0.12
cust105117,Stuart Moses,7413593423,32,female,south,29-07-2022,TRUE,0.24
cust105118,Wyatt Wilkins,6726471684,19,male,east,8/4/2023,FALSE,0.19
cust105119,Scott Holmes,6942495989,46,female,east,29-10-2021,FALSE,0.19
cust105120,Ronald Cox Jr.,1440233374,56,male,central,19-06-2024,TRUE,0.16
cust105121,Jose Robbins,6856452326,66,male,north,8/4/2023,FALSE,0.15
cust105122,William Richardson,8296276455,55,female,east,28-01-2021,FALSE,0.42
cust105123,Curtis Allen,2409064743,69,female,north,3/9/2023,FALSE,0.1
cust105124,Ashley Doyle,1290851175,66,male,central,4/6/2021,FALSE,0.23
cust105125,Willie Boyd,3065565500,44,male,east,28-02-2021,FALSE,0
cust105126,Elizabeth Cabrera,2406456379,28,female,central,4/1/2021,TRUE,0.3
cust105127,Rachael Fernandez,1465742126,58,female,east,13-07-2021,FALSE,0.26
cust105128,Robert Cobb,3214353161,27,female,south,17-06-2023,TRUE,0.32
cust105129,Kevin Ryan,6549871617,20,male,south,6/10/2022,TRUE,0.12
cust105130,Samuel Franklin,9781166672,48,female,south,5/4/2025,TRUE,0.01
cust105131,Donna Espinoza,5460632344,32,female,north,21-01-2024,FALSE,0.16
cust105132,Samuel Chandler,7347610359,49,male,east,23-10-2023,FALSE,0.49
cust105133,Courtney Perez,6672123921,42,female,north,10/12/2023,FALSE,0.19
cust105134,Kelly Hodges MD,1465434662,27,female,east,30-10-2021,FALSE,0.24
cust105135,Aaron Poole,726910628,22,male,central,24-12-2021,TRUE,0.17
cust105136,Jesse Jefferson,6647112598,30,female,north,13-03-2023,FALSE,0.3
cust105137,David White,964224406,49,female,east,14-04-2023,FALSE,0.08
cust105138,Sydney Smith,3104519650,69,male,west,6/3/2024,FALSE,0.21
cust105139,Andrew Williams,4377465464,55,male,south,12/8/2020,FALSE,0.23
cust105140,Lisa Ramirez,3124808121,34,female,north,26-02-2022,FALSE,0.35
cust105141,Connie Stuart,7650492560,26,female,east,13-07-2025,FALSE,0.41
cust105142,Shane Ruiz,9064609796,37,female,central,28-11-2022,FALSE,0
cust105143,Karen Brown,7349235615,47,female,west,22-07-2021,FALSE,0.17
cust105144,Steve Brooks,2778154502,56,female,north,27-11-2021,FALSE,0.02
cust105145,Ashley Todd,8412320083,54,female,west,3/3/2023,FALSE,0.11
cust105146,Cynthia Robinson,1465848800,31,female,central,1/9/2020,FALSE,0.28
cust105147,Mitchell Norton,1886810593,66,female,west,5/2/2025,FALSE,0.34
cust105148,Julie Russo,5202270775,47,female,north,26-11-2024,FALSE,0.35
cust105149,Jacqueline Medina MD,238445226,38,female,east,30-08-2021,FALSE,0
cust105150,Tracy Velazquez,7400464561,42,other,east,24-10-2020,FALSE,0.04
cust105151,Traci Morris,1159160622,64,male,south,1/4/2021,TRUE,0.05
cust105152,Timothy Scott,2907463632,59,female,central,14-02-2021,FALSE,0.11
cust105153,Kristin Johnson,2403165914,56,female,south,14-10-2020,FALSE,0.2
cust105154,Rebecca Stevens,346910717,53,male,central,15-04-2023,TRUE,0.26
cust105155,Douglas Flores,5934452388,39,female,east,21-01-2025,FALSE,0.19
cust105156,Sydney Kennedy,2893622189,45,male,central,18-06-2022,FALSE,0.15
cust105157,Amanda Anderson,4839439094,41,female,east,24-08-2024,FALSE,0.35
cust105158,Destiny Gill,658055704,33,male,central,27-10-2020,FALSE,0.08
cust105159,Lisa Larson,3882444887,21,male,north,16-02-2025,FALSE,0.17
cust105160,Stephanie Marks,6807431069,54,male,east,12/2/2024,FALSE,0.06
cust105161,Faith Reeves,8384085688,61,female,east,24-12-2021,FALSE,0.13
cust105162,Anita Willis,2836104467,64,female,central,29-11-2020,TRUE,0.27
cust105163,Loretta Hunter,5577420024,34,female,north,3/9/2022,FALSE,0
cust105164,Travis Johnson,8708077011,41,male,east,11/5/2021,FALSE,0.12
cust105165,Bobby Duncan,6208651590,24,female,west,25-06-2024,FALSE,0.13
cust105166,Wesley Gould,9586806803,63,female,east,17-01-2022,TRUE,0.15
cust105167,Maurice Hill MD,3412897952,66,female,west,6/3/2024,FALSE,0.2
cust105168,William Brown,8247759442,30,female,south,2/1/2021,FALSE,0.14
cust105169,Monica Moore,3071709801,45,male,east,26-02-2024,FALSE,0.12
cust105170,Mark Bradshaw,7106765301,66,female,central,10/7/2023,TRUE,0.19
cust105171,Patricia Brown,2669734157,47,female,north,14-02-2022,FALSE,0.18
cust105172,Lawrence Anderson,167207893,61,male,west,21-02-2021,FALSE,0.01
cust105173,Tommy Shelton,3639689916,63,female,west,28-08-2021,FALSE,0
cust105174,Paul Lopez,1833179564,34,male,central,28-09-2021,FALSE,0.13
cust105175,Austin Edwards,6204361845,66,female,east,9/6/2021,FALSE,0.28
cust105176,Jean Matthews,8958330562,53,female,west,29-09-2024,FALSE,0.18
cust105177,Douglas Bell,1335458161,26,female,east,10/12/2024,FALSE,0.11
cust105178,Vanessa Coleman,5233741333,51,female,north,21-01-2025,FALSE,0.31
cust105179,Dorothy Obrien,234778120,66,female,south,10/9/2021,FALSE,0
cust105180,Duane Boyd,1539134329,67,female,east,25-09-2024,FALSE,0.29
cust105181,Carl Knight,2811901155,29,female,east,4/2/2025,TRUE,0.28
cust105182,Mrs. Kelly Nichols,6831111384,36,male,east,12/5/2021,FALSE,0.32
cust105183,Catherine Marshall,2111973822,66,female,south,28-03-2024,FALSE,0.19
cust105184,Jennifer Rodriguez,1892619194,37,female,north,27-08-2020,FALSE,0.17
cust105185,Lori Long,6190729563,45,female,east,9/7/2023,FALSE,0.12
cust105186,Lucas Brown,2679953705,38,male,north,10/11/2020,FALSE,0.36
cust105187,Melissa Simpson,1853623510,53,female,central,8/4/2023,FALSE,0.09
cust105188,Matthew Stafford,8537345949,30,female,central,24-08-2024,FALSE,0.26
cust105189,Christine Brown,6072913305,61,male,central,24-03-2025,FALSE,0.29
cust105190,John Ayala,2057615927,31,male,east,11/4/2024,FALSE,0.23
cust105191,Angel Davis,5952139459,41,female,east,10/12/2022,FALSE,0.09
cust105192,Tracy Richard,1599357321,41,female,south,11/8/2023,FALSE,0.5
cust105193,Joshua Richard,145846339,69,male,north,8/3/2025,FALSE,0.23
cust105194,Kristin Rodriguez,2655494755,30,female,east,16-06-2021,TRUE,0.18
cust105195,Dennis Barnes,3136327852,65,male,central,17-09-2024,TRUE,0.14
cust105196,Mary Schmidt,2770605833,53,male,central,13-02-2023,TRUE,0.1
cust105197,Stacy Riddle,5489920304,50,male,north,15-01-2024,FALSE,0.31
cust105198,Mark Blake,7781921956,64,female,central,30-09-2023,FALSE,0.39
cust105199,Mrs. Evelyn Shea,4357934782,47,male,north,9/2/2024,FALSE,0.37
cust105200,Felicia Baker,1924612460,40,male,east,2/10/2024,FALSE,0.18
cust105201,Jasmine Neal,9479520861,56,female,west,19-05-2023,FALSE,0
cust105202,Jillian Alvarez,2759490068,61,male,south,3/3/2025,FALSE,0.13
cust105203,Danielle Mullen,213217404,65,female,east,28-01-2022,FALSE,0.26
cust105204,Peter Moore,5493827442,57,male,south,6/11/2020,FALSE,0.22
cust105205,Derek Jones,4254940241,47,female,central,20-09-2020,FALSE,0.16
cust105206,Stephen Booth,5670271715,66,female,south,6/6/2022,FALSE,0.07
cust105207,Scott Noble,3484917859,67,female,west,25-01-2025,FALSE,0.15
cust105208,Timothy Peterson,6088032280,68,male,south,25-04-2022,FALSE,0.31
cust105209,Jesse Weiss,3390898506,34,female,east,13-06-2022,FALSE,0.09
cust105210,Holly Brennan,2631916978,29,female,north,3/2/2024,TRUE,0.15
cust105211,Vanessa Turner,5285590228,35,male,central,27-01-2023,FALSE,0.28
cust105212,Alexis Santiago,5296579842,21,male,east,3/8/2021,FALSE,0.08
cust105213,Thomas Baker,3388958151,25,female,south,4/11/2023,FALSE,0
cust105214,Allen Williamson,8058559428,34,male,central,5/3/2021,FALSE,0.26
cust105215,Jaclyn Wells,9395851856,56,male,central,29-04-2023,FALSE,0.28
cust105216,Kayla Mccoy,3049296949,47,male,west,28-06-2024,FALSE,0.23
cust105217,Bonnie Martinez,5118715459,31,female,south,23-03-2025,TRUE,0.03
cust105218,Alexander Mcdowell,3375153768,60,male,south,19-06-2021,FALSE,0.18
cust105219,Mrs. Victoria Moore,6762084534,52,male,south,6/10/2024,FALSE,0.39
cust105220,Kristen Hart,8003380131,43,male,central,5/1/2021,FALSE,0.03
cust105221,Richard Garrison,8584029058,65,male,central,24-03-2022,FALSE,0.23
cust105222,Anthony Thomas,2937806365,30,male,central,27-11-2022,FALSE,0.13
cust105223,Benjamin Lewis,7672629515,38,male,east,29-06-2024,FALSE,0.23
cust105224,Christina Paul,8249645239,31,male,east,31-12-2022,FALSE,0.05
cust105225,Carla Bird,4869165914,37,male,north,22-02-2022,FALSE,0
cust105226,Anita Johnson,2418197261,45,male,north,26-10-2021,FALSE,0.27
cust105227,Jenna Ellison,9756159951,48,female,south,16-09-2023,FALSE,0.22
cust105228,Natasha Johnson,7544724860,27,female,central,16-12-2020,FALSE,0.23
cust105229,John Spencer,8392905406,22,female,west,22-03-2021,FALSE,0.02
cust105230,Pam Stanton,577971101,70,other,east,8/4/2024,FALSE,0.25
cust105231,Erik Chandler,5484825348,69,female,south,5/4/2024,FALSE,0.35
cust105232,Brooke Torres,9010586610,53,male,north,23-03-2021,FALSE,0.14
cust105233,Mark Bennett,7502974537,30,female,central,27-04-2021,FALSE,0.24
cust105234,Howard Gaines,8519635323,48,male,central,12/8/2022,FALSE,0.14
cust105235,Omar Franklin,4548476803,29,male,north,11/1/2024,FALSE,0.31
cust105236,Jennifer Young,4170797726,39,female,east,23-07-2025,FALSE,0.1
cust105237,Jesse Andrews,5410197626,43,female,north,1/6/2021,TRUE,0.18
cust105238,Shannon Estrada,5301327251,69,male,north,3/6/2024,FALSE,0.3
cust105239,Daniel Manning,8868805558,21,female,north,17-08-2023,FALSE,0.26
cust105240,Jessica Hill,52398112,18,female,north,19-04-2024,FALSE,0.09
cust105241,George Jones,6143601037,67,male,north,27-07-2023,FALSE,0.2
cust105242,Tina Cantrell,3226489733,21,male,central,6/6/2024,FALSE,0.48
cust105243,Pamela Alvarez,901038465,45,female,central,1/9/2023,FALSE,0.19
cust105244,Julie Brown,4217111647,69,male,north,4/8/2023,FALSE,0.47
cust105245,Justin Holt,2775958845,58,female,central,17-06-2023,FALSE,0.15
cust105246,Timothy Garcia,4864790981,45,female,west,14-08-2021,FALSE,0.13
cust105247,Michele Berg,4562914230,62,female,north,1/3/2023,FALSE,0.24
cust105248,Amanda Dominguez,2561410691,37,female,south,10/4/2025,FALSE,0.34
cust105249,Amanda Garcia,8059025539,33,female,south,28-12-2022,FALSE,0.09
cust105250,Robert Smith,1216577153,30,male,south,18-10-2020,FALSE,0.17
cust105251,Phillip Smith,4987615322,36,female,central,14-10-2024,TRUE,0.42
cust105252,Joshua Osborn,2559838517,39,male,east,16-09-2024,FALSE,0.17
cust105253,Ashley Bautista,5061952880,48,male,east,3/11/2023,TRUE,0.35
cust105254,Jeremy Wright,8641856301,42,male,east,10/9/2022,TRUE,0.45
cust105255,Joseph Gordon,9171988055,62,female,central,31-08-2020,FALSE,0
cust105256,Brandon Williams,7970214138,59,male,west,8/5/2025,FALSE,0.21
cust105257,Leah Howell,9204240694,59,female,south,19-01-2024,FALSE,0
cust105258,Ms. Jennifer Baker,9717425868,27,male,north,10/1/2023,FALSE,0
cust105259,Jose Wright,6048718456,35,female,west,7/9/2021,FALSE,0.17
cust105260,Donald Wilkins,8872027806,54,female,west,10/2/2025,FALSE,0.35
cust105261,Christian Dyer,7293629397,52,female,east,29-09-2024,TRUE,0.13
cust105262,Michelle Taylor,9041246621,26,female,north,14-09-2023,FALSE,0.38
cust105263,Susan Serrano,9790046741,39,male,east,30-12-2024,TRUE,0.19
cust105264,Reginald Smith,8145315478,33,female,east,25-03-2022,FALSE,0.23
cust105265,Mary Clark,1317740521,25,female,central,1/3/2021,FALSE,0.2
cust105266,Barbara Russell,279654053,52,female,east,21-05-2025,FALSE,0.34
cust105267,Ashley Dixon,1177803968,62,male,central,22-10-2024,FALSE,0.19
cust105268,Donna Ruiz,6341067889,64,female,north,5/8/2021,TRUE,0.35
cust105269,Jose Reese,7482499950,21,male,west,5/4/2024,FALSE,0.1
cust105270,Joseph Peters,9302357034,37,male,east,27-02-2021,TRUE,0.1
cust105271,Joseph Vazquez,8540327729,39,female,east,23-10-2020,FALSE,0.18
cust105272,Jennifer Reese,2829774676,53,male,west,2/12/2020,FALSE,0.06
cust105273,Jason Evans,7903040448,39,male,east,26-06-2023,FALSE,0.06
cust105274,Wendy Hart,1244047981,49,female,central,9/6/2021,FALSE,0.27
cust105275,Ann Hansen,6852195158,59,female,central,12/11/2024,FALSE,0.23
cust105276,Wendy Mcdonald,176127152,39,male,east,20-03-2023,FALSE,0.08
cust105277,John Miller,6408381867,24,other,north,23-12-2024,FALSE,0.34
cust105278,Shannon Davidson,3495967786,37,female,north,3/6/2025,FALSE,0.13
cust105279,Margaret Wilson,3188395970,59,male,central,9/2/2024,FALSE,0.23
cust105280,Melissa Mcdonald,5678184004,32,male,west,12/9/2020,FALSE,0.06
cust105281,Kathleen Goodman,9813853034,70,female,east,20-10-2022,FALSE,0.14
cust105282,Cory Washington,3025719985,62,male,central,11/9/2022,FALSE,0.33
cust105283,Melanie Adams,4649525986,50,male,central,19-04-2022,FALSE,0.35
cust105284,Sara Warren,3355216659,48,female,north,17-01-2024,FALSE,0.07
cust105285,Matthew Smith,5043335432,36,male,west,18-05-2022,FALSE,0.14
cust105286,Matthew Jacobs,5483457321,34,male,north,7/10/2023,FALSE,0.14
cust105287,Kerry Dominguez,4408061220,33,female,central,31-07-2023,FALSE,0.13
cust105288,Gloria Smith,8592861305,62,female,west,11/12/2023,FALSE,0.3
cust105289,Miss Stephanie Rice,8668557186,53,male,west,20-02-2024,FALSE,0.15
cust105290,Robert Johnson,6067709121,39,male,west,13-10-2024,FALSE,0.36
cust105291,Lynn Smith,1911549878,47,female,east,5/11/2024,FALSE,0
cust105292,Adam Glass,3249940811,31,male,central,19-06-2025,FALSE,0.26
cust105293,Ashley Robinson,8437468550,52,female,north,6/11/2023,FALSE,0.32
cust105294,Joshua Williams,1277038765,37,male,east,1/7/2023,FALSE,0.1
cust105295,Alicia Rose,436865899,36,male,north,17-02-2023,FALSE,0.16
cust105296,Michael Rose,5519639575,45,male,east,29-11-2022,FALSE,0.06
cust105297,Alison Obrien,7864156294,33,male,central,20-06-2024,FALSE,0.11
cust105298,Michael Harris,9620351241,35,male,north,27-11-2023,TRUE,0.08
cust105299,Rebecca Mckay,3215174193,56,female,central,14-06-2023,FALSE,0.33
cust105300,Adrian Thompson,4867142575,26,male,central,21-09-2021,FALSE,0.1
cust105301,Elizabeth Clark,8254242609,24,female,north,10/1/2023,FALSE,0.41
cust105302,Andrew Snyder,691235398,48,male,west,31-03-2024,FALSE,0.34
cust105303,Terry Foster,3377459529,55,female,south,15-09-2020,FALSE,0.13
cust105304,Laura Gonzales DDS,728127857,26,female,north,10/10/2022,FALSE,0.18
cust105305,Peter Flores,2355276688,30,female,north,23-04-2024,FALSE,0.04
cust105306,Eric Williams,4123474778,47,female,central,23-12-2020,FALSE,0
cust105307,Richard Reyes,6694201619,22,male,west,25-03-2025,FALSE,0.3
cust105308,Curtis Jenkins,2133629885,23,male,north,13-12-2021,FALSE,0.26
cust105309,Loretta Campbell,689766373,58,female,south,16-10-2021,FALSE,0.23
cust105310,Melissa Montoya,5820121783,18,male,west,26-07-2022,FALSE,0.37
cust105311,Monica Gentry,6895499409,61,female,north,24-09-2024,FALSE,0.21
cust105312,David Hernandez,389454740,37,female,west,21-08-2023,TRUE,0.18
cust105313,Melanie Osborne,477958364,53,female,east,9/8/2024,FALSE,0.2
cust105314,Joseph Frost,2731746108,18,female,central,29-03-2021,TRUE,0.34
cust105315,Dr. Anthony Thompson,7104642290,62,male,south,24-04-2022,FALSE,0.04
cust105316,Andrea Smith,6921786159,62,female,north,10/7/2023,FALSE,0.18
cust105317,Susan Bailey,4617095902,51,male,west,21-07-2021,FALSE,0.44
cust105318,James Wolf,7262315907,36,male,central,1/10/2020,FALSE,0.22
cust105319,Robert Elliott,9598195331,40,male,central,22-03-2025,FALSE,0.14
cust105320,Claire Cole,8322368851,58,male,east,25-01-2021,FALSE,0.41
cust105321,Lisa Ramos,6805853603,50,female,east,2/6/2024,FALSE,0.2
cust105322,Kim Russell,5411208404,54,male,north,13-10-2020,FALSE,0.33
cust105323,Stephanie Hensley,6827949601,35,female,east,17-06-2023,FALSE,0.16
cust105324,Shelly Webster,4815301711,56,male,north,5/6/2025,FALSE,0.29
cust105325,Valerie Murphy,8905942805,51,female,east,6/3/2022,FALSE,0.15
cust105326,Craig Smith,5223949692,23,male,north,14-05-2024,FALSE,0.26
cust105327,Brian Clay DVM,7373506891,54,male,west,24-07-2025,FALSE,0.31
cust105328,Jessica Gross,5287099652,21,male,north,10/11/2020,FALSE,0.05
cust105329,Scott Petty,8950591091,58,male,north,10/5/2022,FALSE,0.12
cust105330,Billy Pace,4680392959,48,male,north,5/10/2020,FALSE,0.26
cust105331,Chad Davis,2242218064,32,male,east,2/9/2020,FALSE,0.28
cust105332,Matthew Beck,4403371931,57,female,east,2/4/2025,FALSE,0.16
cust105333,Edward Johnson,3724901595,66,female,east,3/12/2022,FALSE,0.31
cust105334,Mr. Benjamin Baker,7126089101,51,female,north,20-08-2022,FALSE,0.4
cust105335,Yesenia Rodriguez,9394039520,19,male,east,31-10-2021,FALSE,0.15
cust105336,Travis Collins,5992675498,32,male,west,21-04-2021,FALSE,0.09
cust105337,Jason Reed,3185350461,21,female,east,20-04-2025,FALSE,0.25
cust105338,Melissa Garza,8327128239,60,male,central,18-10-2023,FALSE,0.19
cust105339,Madeline Welch,5156745505,55,male,west,26-03-2022,FALSE,0.22
cust105340,Benjamin Koch,3652663521,49,male,east,20-05-2024,FALSE,0.34
cust105341,Bradley Weber,8801813503,65,male,west,7/1/2024,FALSE,0.16
cust105342,Erin Mathis,2568508723,60,female,north,16-01-2024,FALSE,0.31
cust105343,Jason White,9332327275,35,female,east,20-08-2024,FALSE,0.32
cust105344,Rhonda Mccarthy,5979039596,33,male,east,22-01-2024,FALSE,0.13
cust105345,Brianna Duffy,8637086427,34,male,east,27-06-2022,FALSE,0
cust105346,Nancy Rose,3853738614,41,female,west,22-05-2021,FALSE,0
cust105347,Lisa Bishop,6815261194,26,male,east,24-10-2021,FALSE,0.37
cust105348,Donald Mcclure,686633184,69,male,south,7/1/2022,FALSE,0.58
cust105349,Patricia Riley,9904058216,68,male,south,20-03-2025,FALSE,0.26
cust105350,Daniel Gonzalez,5240937758,64,male,central,27-02-2025,FALSE,0.27
cust105351,Arthur Hicks,150747353,55,female,central,1/11/2020,FALSE,0.3
cust105352,James Silva,4815311611,42,male,west,5/12/2020,FALSE,0.17
cust105353,Samuel Clark,2485108832,61,male,west,6/3/2024,FALSE,0.21
cust105354,Eric Munoz,3182447221,25,female,south,15-11-2020,FALSE,0.12
cust105355,Briana Smith,8844823072,65,male,central,2/6/2023,FALSE,0.27
cust105356,Michael Martinez,7901819881,50,female,west,22-04-2022,FALSE,0.29
cust105357,Laurie Pena,9856230262,45,male,east,13-11-2024,FALSE,0.28
cust105358,Carlos Marks,5934415110,19,female,north,11/4/2023,FALSE,0.07
cust105359,John Williams,5591790011,57,male,central,22-01-2022,FALSE,0.36
cust105360,Tanya West,6146699380,43,male,central,2/9/2021,FALSE,0.28
cust105361,Javier Cunningham,2204762298,24,male,south,11/8/2024,FALSE,0.2
cust105362,Amy Acevedo,9208724735,58,male,central,5/1/2022,FALSE,0.22
cust105363,Mr. Mark Taylor,1117205950,65,female,central,14-07-2023,FALSE,0.06
cust105364,Melinda Boyd,6937968396,21,male,central,19-01-2022,FALSE,0.19
cust105365,Scott Williams,3029743646,37,male,east,29-03-2022,FALSE,0.19
cust105366,Allison Schneider,7662541831,26,female,east,11/12/2022,FALSE,0.35
cust105367,Shawn Bowers PhD,4848257263,40,male,west,6/3/2023,FALSE,0.21
cust105368,Karen Banks,4088745356,40,male,central,15-02-2025,FALSE,0.18
cust105369,Jordan Garcia,2175166219,34,male,west,6/8/2024,FALSE,0.21
cust105370,Alejandro Miller,7548707453,63,female,central,8/8/2023,TRUE,0.21
cust105371,Diane Green,3315877125,62,male,central,9/11/2020,TRUE,0.13
cust105372,Kathleen Coffey,8379214342,32,male,east,29-04-2022,FALSE,0.25
cust105373,Amber Woods,5733601373,66,female,central,26-11-2020,FALSE,0.11
cust105374,Janet Gibson,3765502292,21,female,south,27-07-2021,FALSE,0.16
cust105375,Brian Bowman,8799275504,40,male,north,14-11-2020,FALSE,0.01
cust105376,Timothy Rodriguez,8833561226,46,female,central,11/1/2022,FALSE,0.24
cust105377,Jennifer Salinas,8321868957,69,female,east,2/8/2023,FALSE,0.21
cust105378,Melissa Smith,1524832451,27,female,west,5/11/2021,FALSE,0.08
cust105379,Jessica Gilbert,3442059243,20,male,central,20-04-2021,FALSE,0.15
cust105380,William Rose,3506079518,53,female,south,8/8/2022,FALSE,0.34
cust105381,Jessica Roy,9232401713,52,male,south,27-05-2021,FALSE,0.17
cust105382,Nancy Johnson,3974628463,35,female,central,8/12/2023,FALSE,0
cust105383,Maria Mays,6699878417,32,male,west,8/7/2025,FALSE,0.4
cust105384,Frank Wells,9577137151,24,female,east,21-04-2025,FALSE,0.36
cust105385,Michael Martinez,6036805592,53,female,south,10/7/2022,FALSE,0.19
cust105386,Joanne Roach,7757440240,21,female,north,2/2/2025,FALSE,0.14
cust105387,Kathy Gordon,8568337037,60,female,west,16-06-2021,FALSE,0.09
cust105388,Benjamin Peterson,7322295876,46,male,east,28-01-2024,FALSE,0.19
cust105389,Erika Dudley,5187693640,62,male,north,19-08-2021,FALSE,0.19
cust105390,Adam Hendrix,7365005266,49,male,central,22-09-2022,FALSE,0.02
cust105391,Elijah Marshall,9099014600,58,female,east,5/8/2020,FALSE,0.22
cust105392,Stephen Vaughn,6864005135,28,female,central,21-06-2025,FALSE,0.22
cust105393,Ryan Kelly,7111420257,26,male,central,17-04-2022,TRUE,0.31
cust105394,Antonio Hodges,3500152371,19,other,north,29-08-2023,TRUE,0.2
cust105395,Claudia Ross,2591720330,37,female,central,24-12-2020,FALSE,0
cust105396,Anthony Hernandez,8326685220,51,male,north,13-10-2024,FALSE,0.15
cust105397,Justin Matthews MD,7562749997,67,female,south,28-02-2024,FALSE,0.03
cust105398,Rebecca Baker,9924588519,31,female,south,30-06-2024,FALSE,0.21
cust105399,Thomas Lester,3704309675,55,male,west,30-12-2022,FALSE,0.15
cust105400,Carl Crawford,5414349058,44,male,central,25-12-2022,FALSE,0.26
cust105401,Stephanie Mclaughlin,7547930882,65,male,north,1/7/2021,TRUE,0.28
cust105402,Maria Cordova,2511399533,65,male,east,6/10/2024,FALSE,0.21
cust105403,Michelle Murphy,1851510334,36,female,north,29-10-2023,FALSE,0.01
cust105404,Christina Weber,3956551193,70,female,north,2/11/2024,FALSE,0.32
cust105405,Mr. Stephen Fernandez DVM,2927949491,26,female,south,12/7/2025,FALSE,0.01
cust105406,Brian Collier,6581737325,65,male,north,24-08-2024,FALSE,0.16
cust105407,Lauren Baldwin,5717799350,66,male,central,26-06-2025,FALSE,0.03
cust105408,Bryan Brown,7142557592,18,male,south,16-09-2021,FALSE,0.18
cust105409,Cheryl Carter,416958779,41,male,central,31-12-2020,FALSE,0.38
cust105410,Tiffany Morris,4810393154,47,female,east,11/6/2023,FALSE,0.29
cust105411,Jennifer Benson,718652663,58,other,north,11/12/2023,FALSE,0.24
cust105412,Jackie Castillo,1447844704,58,female,central,12/12/2020,FALSE,0.16
cust105413,Chad Sutton,2295775380,46,male,east,26-05-2021,FALSE,0.26
cust105414,Kevin Rivera,5252420544,66,male,south,29-10-2023,FALSE,0
cust105415,Austin Moore,7297229718,31,female,south,8/11/2022,FALSE,0.05
cust105416,Katelyn Aguilar,9592429223,55,female,central,17-01-2023,FALSE,0.29
cust105417,Lee Collins,9150531783,44,female,south,31-07-2022,FALSE,0.15
cust105418,Lisa Cruz,9737229554,66,male,north,26-02-2024,FALSE,0.35
cust105419,James Arroyo,5964551751,33,male,west,28-02-2022,FALSE,0.04
cust105420,Kevin Gibson,9368305747,41,female,north,18-07-2023,TRUE,0.37
cust105421,Dr. Daniel Cox Jr.,6125319128,22,female,south,21-02-2021,FALSE,0.24
cust105422,Amy Oconnor,7144112912,68,female,north,27-12-2024,FALSE,0.28
cust105423,Sergio Carlson,7141711833,67,male,east,5/3/2025,FALSE,0.24
cust105424,Brett Walker,7220668302,70,male,east,2/4/2024,FALSE,0.56
cust105425,Kristen Rivera,8899392196,67,female,south,21-12-2023,FALSE,0.07
cust105426,Spencer Atkins,3515784715,37,male,central,26-01-2022,FALSE,0.11
cust105427,Jennifer Vega,4528622620,69,female,south,12/1/2021,FALSE,0.11
cust105428,Rebecca Vance,1955782040,62,male,south,16-09-2023,FALSE,0.41
cust105429,Brittany Wright,9924707770,48,female,east,3/2/2023,FALSE,0.26
cust105430,Randy Haynes,7901796764,21,male,west,26-06-2021,FALSE,0.2
cust105431,John Duncan,2343684020,50,male,east,17-06-2021,FALSE,0
cust105432,Brianna Richardson,3249372357,69,female,south,14-02-2024,FALSE,0.31
cust105433,Lynn Barnett,9280903600,42,female,west,14-09-2020,FALSE,0.31
cust105434,John Hobbs,8786548932,60,female,west,7/4/2021,FALSE,0.42
cust105435,Brittany Trevino,9800692525,52,female,south,25-07-2024,TRUE,0.17
cust105436,Samuel Richardson,2201244557,61,male,west,9/11/2021,FALSE,0.1
cust105437,Lisa Peterson,1562370068,49,male,central,27-10-2020,FALSE,0.21
cust105438,Karen Rhodes,7584870860,20,female,east,21-04-2025,FALSE,0.17
cust105439,Keith Patel,714976748,25,male,north,29-05-2021,TRUE,0.06
cust105440,Susan Martinez,1480626204,49,female,west,21-04-2021,FALSE,0.33
cust105441,Nancy Morton,4089642868,61,male,central,6/2/2022,TRUE,0.44
cust105442,Scott Peters,8038604841,30,male,east,24-07-2025,FALSE,0.29
cust105443,Richard Mack,2896234307,68,female,south,7/3/2023,TRUE,0.17
cust105444,Nicholas Ramsey,3248005689,19,female,south,4/11/2022,FALSE,0.11
cust105445,John Martinez,1363212792,34,male,west,19-04-2023,FALSE,0.24
cust105446,Wayne Johnson,4504324867,43,female,north,17-02-2022,FALSE,0.07
cust105447,Kenneth Brown,7003681597,47,male,north,17-02-2025,FALSE,0.28
cust105448,Larry Diaz,684480952,69,female,central,26-04-2023,FALSE,0.17
cust105449,Kristina Brooks,5424920103,32,male,east,11/9/2022,FALSE,0.12
cust105450,Sarah Collins,7854908731,26,male,west,29-06-2025,FALSE,0.24
cust105451,Patrick Johnson,8992079655,63,male,west,24-05-2021,FALSE,0.2
cust105452,Andrew Barnes,3642577966,39,male,west,10/1/2023,FALSE,0.15
cust105453,Ashley Johnson,7103741748,69,female,south,30-07-2023,FALSE,0.28
cust105454,Bonnie Robles,7911903779,58,male,west,9/10/2021,TRUE,0.13
cust105455,Nicholas Anderson,4551670431,35,female,central,25-07-2022,FALSE,0.08
cust105456,Curtis Bullock,6300160662,22,female,east,12/1/2023,TRUE,0
cust105457,Allison Martinez,1464877856,68,female,central,4/4/2022,FALSE,0.54
cust105458,John Fuller,4919484348,36,female,central,25-01-2021,FALSE,0.07
cust105459,Annette Fox,7412643314,36,female,central,11/3/2022,FALSE,0.25
cust105460,Jon Henderson,3888631275,70,female,central,24-11-2022,FALSE,0.34
cust105461,Jessica Anderson,8784280224,39,female,west,25-02-2022,FALSE,0
cust105462,Jeanette Steele,9585148415,65,male,west,23-06-2023,FALSE,0.14
cust105463,Rick Morales,1036425965,56,female,north,29-12-2020,FALSE,0.34
cust105464,Lonnie Clark DDS,3506664683,43,male,north,17-02-2025,FALSE,0.17
cust105465,Steven Hodge,9631383746,21,female,north,6/7/2023,FALSE,0.34
cust105466,Kristen Roberson,8017887260,39,male,east,19-09-2022,FALSE,0.18
cust105467,Patrick Phillips,4000401110,47,male,west,13-12-2024,FALSE,0.24
cust105468,Cynthia Salas,1124311275,35,female,north,20-02-2021,FALSE,0.37
cust105469,Amanda Peterson,1837365309,68,male,east,21-10-2020,FALSE,0.05
cust105470,Matthew Delgado,5020528120,32,female,east,2/12/2020,FALSE,0
cust105471,Tracy Evans,1528744512,56,male,west,12/5/2025,FALSE,0.32
cust105472,Raymond Garrett,3536898608,49,male,east,21-06-2023,FALSE,0.45
cust105473,Matthew Bowers,2874719993,55,male,east,9/12/2023,FALSE,0.18
cust105474,Lindsey Andrade,8471243484,54,male,north,26-03-2025,FALSE,0.22
cust105475,John Levine,2268114091,39,female,east,2/8/2022,FALSE,0.13
cust105476,Susan Woods,8552026389,43,male,east,2/3/2021,FALSE,0.29
cust105477,Amy Martinez,6851201006,65,male,central,6/11/2020,FALSE,0.28
cust105478,Samuel Roberts,5920858527,68,male,central,24-07-2023,FALSE,0.27
cust105479,Andrea Wilson,9141520883,39,female,north,13-11-2024,FALSE,0.06
cust105480,Maria Jackson,6296307187,47,female,north,17-12-2020,FALSE,0.14
cust105481,William Graham,7040843905,24,female,central,14-08-2022,FALSE,0.23
cust105482,Scott Moore PhD,4578014624,46,male,north,20-07-2024,TRUE,0.37
cust105483,Robert Jones,5273709322,44,female,central,30-06-2024,FALSE,0.09
cust105484,Taylor Medina,8585932104,69,female,south,30-04-2023,FALSE,0
cust105485,Daniel Davis,4851983118,48,female,west,14-09-2021,FALSE,0.29
cust105486,Tina Case,5310002418,24,male,north,14-05-2023,FALSE,0.28
cust105487,Peter Lyons,7047295782,44,male,east,30-12-2022,FALSE,0.17
cust105488,Diana Peterson,2613868453,46,female,central,10/6/2021,FALSE,0.07
cust105489,Ryan Phillips,2134869352,34,male,west,4/10/2020,FALSE,0
cust105490,Mr. Steven Frank,3892977802,62,female,south,17-03-2024,FALSE,0.19
cust105491,Eric Hughes,9411519813,62,male,central,1/7/2021,FALSE,0.24
cust105492,Monica Bowman,234020013,65,male,east,25-03-2021,FALSE,0.12
cust105493,Peter Allen,8868086706,56,male,central,8/2/2022,TRUE,0.17
cust105494,Jennifer Roberts DVM,7507077287,28,male,central,10/7/2023,TRUE,0.06
cust105495,Cole Miller,7946292805,61,male,south,20-01-2023,FALSE,0.15
cust105496,James Dixon,1101754715,63,female,central,25-12-2021,TRUE,0.16
cust105497,Carolyn Owens,7959435689,35,female,central,3/11/2020,TRUE,0.09
cust105498,Billy Vaughan,3125868170,68,other,east,10/1/2021,FALSE,0.14
cust105499,Brandon Coffey,1673005632,22,female,east,29-06-2025,FALSE,0.1
cust105500,Regina Horton,6480181921,50,other,north,27-03-2023,FALSE,0.31
cust105501,Lindsay Murillo,5788604356,61,male,south,10/6/2022,FALSE,0.26
cust105502,Mrs. Stephanie Stevens MD,7250410641,67,female,south,16-12-2022,FALSE,0.08
cust105503,Natasha Burke,9348957213,27,female,south,21-04-2025,FALSE,0.04
cust105504,Austin Krueger,3774535649,23,female,north,7/3/2025,FALSE,0.31
cust105505,Kaitlyn Abbott,1716924071,27,male,west,13-05-2021,TRUE,0.29
cust105506,Denise Brooks,8012132589,48,male,central,31-07-2023,TRUE,0.16
cust105507,Jessica Webb,3418255148,51,female,south,29-12-2023,FALSE,0.06
cust105508,Anthony Lewis,5674216297,64,male,west,15-11-2022,FALSE,0.02
cust105509,Troy Levy,1754087414,64,other,south,26-10-2022,FALSE,0.12
cust105510,Jeffrey King,8419666620,56,female,south,31-07-2021,FALSE,0.19
cust105511,Jason Pena,1141772142,43,female,west,26-12-2021,FALSE,0.15
cust105512,Elizabeth Warner,830479408,43,male,west,17-10-2020,TRUE,0.28
cust105513,Peter Howard,3568832863,26,male,south,30-05-2024,FALSE,0.14
cust105514,Keith Clark,3913573975,54,female,west,16-05-2023,FALSE,0.16
cust105515,Cameron Miller,8932993421,59,female,south,5/1/2025,FALSE,0.46
cust105516,Brenda Barron DDS,3261959495,20,female,west,24-03-2021,FALSE,0.13
cust105517,Matthew Stafford,6846018540,22,male,central,9/8/2021,FALSE,0.24
cust105518,Timothy Rodriguez,1920722333,33,female,east,30-09-2023,FALSE,0.1
cust105519,Steven Marsh,9824364567,22,female,east,25-07-2022,FALSE,0.32
cust105520,Shannon Jackson,2530391842,69,male,east,3/10/2024,FALSE,0.09
cust105521,Victoria Holt,2672613830,41,female,south,29-11-2022,TRUE,0.2
cust105522,Christopher Bell,8804692934,23,female,west,7/3/2021,FALSE,0.21
cust105523,Melanie Rowland,595145870,30,male,west,18-07-2023,FALSE,0.36
cust105524,Vincent Chambers,5849919665,27,male,central,2/2/2022,FALSE,0.07
cust105525,Christopher Davenport,328755501,67,female,central,29-07-2022,TRUE,0.18
cust105526,Derek Gonzalez,5077529987,59,male,north,6/7/2025,FALSE,0.03
cust105527,Allen Myers,2858076655,57,male,north,11/1/2023,FALSE,0.35
cust105528,Jennifer Owens,8868378660,57,male,north,11/7/2021,FALSE,0.33
cust105529,Elizabeth Fischer,2255262486,35,male,east,16-02-2024,FALSE,0.29
cust105530,Thomas Smith,7050203424,22,female,central,17-02-2022,FALSE,0.06
cust105531,Stacie Jenkins,386184668,28,female,north,28-06-2022,FALSE,0.35
cust105532,Mr. Hayden Gonzalez,544708739,39,female,central,12/2/2023,FALSE,0.24
cust105533,Eric Hunt,8624894271,65,female,west,14-02-2021,FALSE,0.39
cust105534,Andrew Gallagher,9388391019,70,female,south,4/1/2024,TRUE,0.23
cust105535,Brenda Morton,4007392766,44,female,central,10/7/2021,FALSE,0.33
cust105536,Emily Taylor MD,8015861353,46,male,north,16-06-2023,FALSE,0.17
cust105537,Michael Leonard,8872882770,54,female,west,20-12-2023,FALSE,0.24
cust105538,Heidi Sullivan,5894462368,70,female,south,15-08-2021,FALSE,0.18
cust105539,Courtney Morgan,2285965078,27,female,west,20-11-2021,FALSE,0.11
cust105540,David Hernandez,7207137613,69,female,west,9/4/2022,TRUE,0.29
cust105541,James Morgan,6561963652,41,female,west,19-04-2022,FALSE,0.3
cust105542,Sandra Moore,3394429639,69,female,east,17-05-2025,FALSE,0
cust105543,Sabrina Gillespie,786246227,26,female,south,26-09-2023,TRUE,0
cust105544,Justin Williams,2889100639,40,male,north,25-10-2023,FALSE,0.42
cust105545,Brooke Brooks,2296579294,48,male,east,30-08-2022,FALSE,0.38
cust105546,Lisa Newton,8401408324,40,other,north,29-04-2023,FALSE,0.22
cust105547,Ashlee Williams,5098551082,66,male,east,29-06-2021,FALSE,0.2
cust105548,Chad Martin,3634161066,37,male,north,4/8/2022,TRUE,0.35
cust105549,Jesus Wright,8451675141,25,female,north,22-05-2023,FALSE,0.19
cust105550,Jennifer Pace,1309665037,53,female,south,18-02-2024,FALSE,0.4
cust105551,Charles Smith,4029813433,42,female,central,7/7/2025,FALSE,0.32
cust105552,Daniel Johnson,1383541865,18,female,central,3/5/2024,FALSE,0.29
cust105553,Robert Phelps,2046735551,32,female,north,30-09-2024,TRUE,0.14
cust105554,David Allen,361848013,19,male,east,15-06-2025,FALSE,0.29
cust105555,Alan Carpenter,4419978104,39,female,central,14-06-2025,FALSE,0.06
cust105556,Andrew Richard,7349832588,39,male,north,6/9/2021,FALSE,0.29
cust105557,Mr. James Spears II,6274485166,55,female,west,2/8/2022,FALSE,0.19
cust105558,Matthew Brown,5282962409,46,male,central,5/11/2020,FALSE,0.06
cust105559,Eric Powell,6678252042,25,male,west,14-12-2021,TRUE,0.06
cust105560,Connie Blair,8808882165,30,male,central,24-07-2025,TRUE,0.22
cust105561,Kenneth Black,7352519810,29,male,south,25-11-2021,FALSE,0.16
cust105562,Daniel Brown,556678975,26,male,east,3/6/2021,FALSE,0.26
cust105563,Emily Sellers,3271731400,23,female,north,17-05-2021,FALSE,0.23
cust105564,Adrian Allen,7081127811,34,female,north,16-05-2025,FALSE,0.09
cust105565,Brian Howe,1108585435,56,female,west,10/5/2023,FALSE,0.18
cust105566,Andrew Johnson,7287282553,18,male,east,27-05-2024,FALSE,0.28
cust105567,Michael Mitchell,2250851323,66,female,south,15-12-2020,TRUE,0.23
cust105568,Eric Cole,1629567765,47,male,west,24-07-2023,FALSE,0.19
cust105569,Natalie Carter,6731514150,27,male,west,19-06-2023,FALSE,0.32
cust105570,Shannon Avila,1162583680,46,male,central,30-10-2020,FALSE,0.34
cust105571,Jacob Cooper,3946565898,22,female,east,5/1/2022,FALSE,0.3
cust105572,Anthony Boyd,9144809287,66,female,east,25-09-2020,FALSE,0.06
cust105573,Rebecca Ayers,5544463831,27,male,south,26-10-2021,FALSE,0.17
cust105574,Christina Thomas,775717291,26,female,north,6/5/2022,FALSE,0.25
cust105575,Julie Johnson,8602278663,52,male,central,16-07-2025,FALSE,0
cust105576,Jimmy Kirk,6604673810,36,male,west,11/11/2020,FALSE,0.26
cust105577,David Bennett,9364261395,19,male,east,24-01-2022,FALSE,0.16
cust105578,Anthony Walker,3802263080,68,male,north,20-08-2023,FALSE,0.4
cust105579,Melissa Martinez,3789229577,19,male,west,12/3/2024,FALSE,0.27
cust105580,Richard Schmidt,342089805,69,female,east,23-01-2025,FALSE,0.21
cust105581,Joseph Bird,6213365740,34,male,north,25-09-2020,FALSE,0.25
cust105582,Roy Nicholson,6763643044,52,female,east,10/2/2022,FALSE,0.12
cust105583,Jennifer Jackson,6990587685,62,female,south,29-06-2023,FALSE,0.29
cust105584,Mark Higgins,4186915315,47,female,north,31-05-2022,FALSE,0.42
cust105585,Dwayne Graham,2850376972,62,female,south,12/1/2023,FALSE,0.44
cust105586,Mark Marquez,5391844088,57,male,central,8/9/2023,FALSE,0.22
cust105587,Matthew Johnson,4681697327,26,male,east,2/2/2022,FALSE,0.15
cust105588,Jason Calhoun,1003509079,57,female,east,29-07-2022,FALSE,0.37
cust105589,Michael Howard,9928158783,50,female,north,27-10-2024,FALSE,0.2
cust105590,Terry Smith,2241452967,44,male,east,11/8/2022,FALSE,0.21
cust105591,Kelly Ramos,1591124269,58,female,east,3/10/2022,FALSE,0.11
cust105592,Michael Mccann,3666221188,65,female,central,5/10/2024,FALSE,0.35
cust105593,Alexander Jacobs,873256138,68,male,north,27-12-2024,FALSE,0
cust105594,Erica Allen,37056627,43,female,south,22-05-2021,TRUE,0
cust105595,Jeffrey Schultz Jr.,5381727684,70,female,central,6/1/2023,FALSE,0.12
cust105596,Jesse Cunningham,1352073112,60,female,west,23-02-2023,FALSE,0.18
cust105597,Brittney Frank,7605970089,27,male,central,6/5/2024,FALSE,0.09
cust105598,Ryan Bowman,4101779727,58,male,south,15-05-2024,FALSE,0.1
cust105599,Stephen Bishop,7851539637,57,male,north,18-01-2022,FALSE,0.25
cust105600,Jennifer Murray,757560079,35,male,central,23-06-2025,FALSE,0.41
cust105601,Mindy Martinez,3467112185,61,female,west,14-03-2024,FALSE,0.01
cust105602,Robert Smith,8967635594,65,male,west,13-08-2022,FALSE,0.27
cust105603,Stacie Morris,2716804059,60,male,west,28-04-2025,FALSE,0.24
cust105604,Kevin Underwood,1425128188,23,female,east,5/3/2022,TRUE,0.36
cust105605,Veronica Howard,2044724160,63,male,central,22-08-2022,FALSE,0.08
cust105606,Eric Davis,9374736453,53,female,east,30-11-2022,FALSE,0.07
cust105607,Kara Soto,5619986165,59,male,south,19-04-2021,FALSE,0.12
cust105608,Nathan Hall,9378702131,32,male,south,12/8/2023,FALSE,0.1
cust105609,Jordan Reyes,8671188689,32,male,east,11/8/2020,TRUE,0.16
cust105610,Evan Woods,546590407,64,male,west,19-03-2025,FALSE,0.28
cust105611,Andrea Young,9388763544,53,male,north,30-10-2020,FALSE,0.14
cust105612,Kerry Wagner,4181382082,47,female,central,28-08-2024,FALSE,0.14
cust105613,Matthew Smith,6762886525,56,female,south,20-07-2025,FALSE,0.34
cust105614,Crystal Wade MD,1632819510,65,male,south,18-10-2022,FALSE,0.05
cust105615,Elizabeth Wagner,510793936,58,male,west,11/10/2024,FALSE,0.17
cust105616,Annette Rodriguez,5426240284,26,female,north,22-04-2025,FALSE,0.11
cust105617,Ronald Evans,2733663195,18,female,east,24-06-2023,FALSE,0
cust105618,Johnny Stewart,7954711417,36,female,north,13-12-2021,FALSE,0.18
cust105619,Tina Mcdaniel,9804183685,62,female,east,8/7/2021,FALSE,0.14
cust105620,George Lowe,226108343,31,female,north,8/7/2024,TRUE,0.17
cust105621,James Smith,3909819904,70,male,east,25-11-2020,FALSE,0.2
cust105622,Mary Knight,3748151735,65,female,south,20-08-2024,FALSE,0.03
cust105623,Heather Foster,6637177592,56,male,north,2/7/2022,FALSE,0.16
cust105624,Matthew Barr,2472497933,21,female,east,21-01-2023,FALSE,0.12
cust105625,Allison Pacheco,1657860815,53,male,west,12/6/2022,FALSE,0.11
cust105626,Allison Rowe,8174996024,63,male,east,26-05-2021,FALSE,0.23
cust105627,Cindy Glenn,1567826180,25,male,south,1/7/2021,FALSE,0.05
cust105628,Kathleen Horton,3213395302,29,male,west,24-01-2025,FALSE,0.14
cust105629,Aaron Brown,1347592228,22,female,central,12/4/2023,FALSE,0.11
cust105630,Brandy Rose MD,3345348853,39,female,central,6/3/2022,TRUE,0.2
cust105631,Carolyn Bell,6184781995,31,female,south,17-04-2025,FALSE,0.44
cust105632,Stephen Montoya,8182386071,58,male,south,24-10-2024,FALSE,0.16
cust105633,Julie Smith,4292995805,46,female,west,13-05-2024,FALSE,0.26
cust105634,Frank Alvarez,999501818,51,male,south,8/1/2023,FALSE,0.2
cust105635,Travis Woods,8919151628,49,male,west,16-02-2024,FALSE,0.05
cust105636,Heather Allison,9049391796,63,female,west,11/6/2025,FALSE,0.07
cust105637,Christopher Jordan,8870040009,67,male,east,5/7/2025,FALSE,0.31
cust105638,Joann King,1161121003,31,male,east,25-10-2022,FALSE,0.17
cust105639,Jessica Houston,5823331347,45,male,north,19-11-2020,FALSE,0.1
cust105640,Ruth Gonzales,4927157960,31,male,north,17-10-2024,FALSE,0.22
cust105641,Mindy Miller,6708147138,30,female,north,10/2/2023,FALSE,0.08
cust105642,Amanda Johnson,8055164931,20,male,central,14-04-2021,TRUE,0.24
cust105643,Melissa Townsend,7315041743,27,male,south,18-11-2022,FALSE,0.16
cust105644,Andrea Osborne PhD,4098960095,65,other,north,13-04-2021,FALSE,0.21
cust105645,Brooke Morales,2463560845,38,male,west,2/3/2024,FALSE,0
cust105646,James Williamson,3548575399,70,male,east,11/5/2024,FALSE,0.22
cust105647,Jennifer Green,5110738975,58,female,east,9/3/2025,FALSE,0.38
cust105648,Marie Haas,2983193455,60,female,east,7/9/2022,FALSE,0.34
cust105649,Patricia Barrett,4745761330,41,female,south,11/3/2021,FALSE,0.21
cust105650,Damon Stone,6791953951,54,female,north,14-08-2022,FALSE,0.14
cust105651,Jennifer Gonzalez,1819588539,54,female,north,25-05-2023,FALSE,0.16
cust105652,Sharon Wallace,877374816,31,other,east,26-05-2023,FALSE,0.07
cust105653,Robin Brown,5201089600,68,male,north,12/8/2021,FALSE,0.22
cust105654,Teresa Howell,1149099646,20,female,east,30-08-2021,FALSE,0.05
cust105655,Chad Vargas,2117252396,50,female,west,12/1/2024,FALSE,0.06
cust105656,Alicia Walter,2627494693,56,male,east,12/1/2025,FALSE,0.18
cust105657,Tabitha Gates,7924732490,29,male,west,28-04-2022,FALSE,0.26
cust105658,Joe Griffin,424647577,51,female,north,17-08-2023,FALSE,0.28
cust105659,Mark Black,2160318972,57,female,south,11/10/2023,FALSE,0.19
cust105660,Lynn Brown,1855584186,42,male,central,17-05-2024,FALSE,0.26
cust105661,Katherine Owens,8049418888,52,female,central,9/5/2023,FALSE,0.32
cust105662,Catherine Hodge,2737258478,58,male,east,9/4/2023,FALSE,0.12
cust105663,Kimberly Barron,7556692292,28,female,east,16-05-2023,TRUE,0.15
cust105664,Zachary Ortega,3735593904,62,female,central,9/11/2021,FALSE,0.09
cust105665,Brandon Gomez,8300256954,42,male,central,27-03-2022,FALSE,0.14
cust105666,Kimberly Giles,9673296519,43,female,central,29-06-2021,FALSE,0.33
cust105667,Desiree Kramer,9438149737,32,male,west,23-12-2020,FALSE,0.05
cust105668,David Stewart,7213098294,56,male,west,22-10-2021,FALSE,0.44
cust105669,Veronica Fowler,3219472656,29,female,north,3/12/2024,FALSE,0.03
cust105670,Jamie Jackson,1519932036,53,male,west,2/8/2024,FALSE,0.23
cust105671,Erica Morgan,9342770116,22,male,south,15-04-2021,FALSE,0.33
cust105672,Brandon Davis II,2569478285,23,male,north,17-07-2023,FALSE,0.35
cust105673,Amanda King,1943028752,27,male,west,4/4/2022,FALSE,0.2
cust105674,Jeremy Cox,7329719916,31,female,north,30-03-2021,FALSE,0.41
cust105675,Christopher Bass,9290949008,34,male,east,28-04-2025,FALSE,0.2
cust105676,Richard Cohen,4748562617,43,male,central,26-12-2021,FALSE,0.38
cust105677,Michael Harper,9071627842,54,male,south,26-08-2021,TRUE,0.28
cust105678,Tyler White,8109772171,54,male,south,18-09-2022,TRUE,0.29
cust105679,Shelby Lloyd,1516850386,25,female,west,7/10/2022,FALSE,0.17
cust105680,Joshua Lewis,9662195453,40,female,south,23-03-2023,FALSE,0.25
cust105681,Jeanette Savage,1446618614,32,female,central,7/2/2023,FALSE,0.28
cust105682,William Gonzalez,5755496221,46,female,west,3/12/2020,FALSE,0.2
cust105683,Stephanie Lucero,1897948065,29,male,south,27-06-2022,FALSE,0
cust105684,Lisa Davidson,4873594395,39,male,north,13-04-2024,FALSE,0.17
cust105685,Michael Rice,8441621393,24,male,central,14-08-2022,FALSE,0.18
cust105686,Walter Wilson,3218734193,70,female,west,16-06-2024,FALSE,0.12
cust105687,Elizabeth Finley,5187133123,63,female,west,14-10-2021,FALSE,0.51
cust105688,Kevin Wilson,3397419702,35,female,west,29-11-2020,FALSE,0.16
cust105689,Gary Craig,473777067,35,female,west,14-12-2022,FALSE,0.01
cust105690,Samantha Nguyen,5267440315,49,female,central,5/8/2023,TRUE,0.21
cust105691,Tracy King,5395111009,68,female,south,17-05-2022,FALSE,0.06
cust105692,Maria King,5127530966,41,female,south,24-03-2024,FALSE,0.2
cust105693,Darius Brown,6318415954,27,female,central,10/9/2023,FALSE,0.25
cust105694,Kayla Lewis,3244126486,44,male,central,7/11/2021,FALSE,0
cust105695,Douglas Pitts,6690839902,59,female,east,17-08-2023,TRUE,0
cust105696,Natalie Knight,3406713666,28,female,central,16-03-2024,FALSE,0.24
cust105697,Jay Snow,8897337730,49,male,central,1/11/2024,FALSE,0.35
cust105698,Meghan Powell,8475332726,59,male,west,31-08-2020,FALSE,0.18
cust105699,Taylor Delgado DVM,2637094914,34,male,central,1/6/2021,FALSE,0.08
cust105700,Kristy French,6960912816,52,female,central,26-10-2024,FALSE,0.25
cust105701,Joshua Nelson,6333421001,38,male,south,3/4/2022,FALSE,0.09
cust105702,Debra Torres,4891450004,43,female,west,9/4/2025,FALSE,0.11
cust105703,Christopher Gilmore,2406578017,25,female,north,2/12/2024,TRUE,0.4
cust105704,Mark Taylor,7486251172,59,female,west,19-11-2021,FALSE,0.2
cust105705,Edwin Taylor,3359279813,65,female,east,11/8/2024,FALSE,0.22
cust105706,Rhonda Spence,5948484727,57,female,central,23-11-2023,FALSE,0.25
cust105707,Kevin Lindsey DVM,1322617925,54,female,east,4/2/2025,FALSE,0.24
cust105708,Michael Duffy MD,9169486238,35,male,south,14-09-2020,FALSE,0.13
cust105709,Kelly Carter,4489468197,21,female,east,21-07-2023,FALSE,0.28
cust105710,Erik Lawson,3362730842,25,male,west,1/1/2025,FALSE,0.13
cust105711,Rodney Castaneda,9157821293,21,male,central,27-10-2021,FALSE,0.28
cust105712,Tonya Myers,7252616784,27,female,north,2/9/2023,FALSE,0.06
cust105713,Pamela Wilson,4188828279,43,female,central,14-02-2021,FALSE,0.23
cust105714,David Barnett,3675038879,67,male,east,16-08-2021,FALSE,0.12
cust105715,Jose Buck,4236439937,56,male,central,26-01-2022,TRUE,0.4
cust105716,Willie Wyatt,6672550011,62,female,central,11/1/2025,FALSE,0
cust105717,Austin Thompson,6386116616,49,male,east,12/12/2021,FALSE,0.16
cust105718,Don Atkins,8655795701,47,male,central,12/12/2021,FALSE,0.19
cust105719,Michael Moore,8857957966,62,male,north,1/10/2024,TRUE,0.33
cust105720,Lisa Miller,4242426444,20,male,east,6/9/2020,FALSE,0.26
cust105721,Timothy Flores,8701690385,64,female,north,3/9/2021,FALSE,0.26
cust105722,Marc Smith,6614264224,69,female,north,1/1/2025,FALSE,0
cust105723,Travis Kelly,3056288737,30,male,south,11/2/2024,FALSE,0.33
cust105724,Brenda Bowman,9248118265,38,male,east,28-02-2021,FALSE,0.33
cust105725,Terri Flores,3621812950,64,male,south,11/8/2020,FALSE,0.34
cust105726,Evan Lawrence,4669696699,19,female,central,24-09-2023,FALSE,0.27
cust105727,Tammy Lopez,3730122233,65,male,east,9/5/2024,FALSE,0.12
cust105728,Joseph Matthews,9503255010,62,female,west,14-12-2022,FALSE,0.14
cust105729,Connor Williams,6815203726,48,female,east,17-03-2022,TRUE,0.09
cust105730,Devin Moore,4034898425,44,male,central,17-12-2021,FALSE,0.22
cust105731,Kari Jackson,7861423139,40,female,east,13-02-2022,FALSE,0.33
cust105732,Gary Mayer,7857322838,24,female,south,12/4/2024,FALSE,0.23
cust105733,Dennis Wallace,1108318259,24,female,south,16-07-2022,TRUE,0.18
cust105734,Virginia Lee,2061890043,59,female,west,25-12-2020,FALSE,0.28
cust105735,Geoffrey Pollard,704319175,35,female,east,3/6/2025,FALSE,0.44
cust105736,Jack Weaver,5347855009,62,female,west,6/10/2024,FALSE,0.13
cust105737,Nathan Wright,1090830677,30,male,south,13-05-2023,FALSE,0.23
cust105738,Whitney Bishop,5052861712,59,male,central,30-07-2022,FALSE,0.2
cust105739,William Cantu,6459187004,31,female,west,31-12-2023,FALSE,0
cust105740,Travis Thomas,2333531831,68,female,central,3/6/2024,FALSE,0.38
cust105741,Adam Murphy,7800508426,45,female,west,6/7/2021,FALSE,0.35
cust105742,Julie Pennington,3696700886,25,male,east,2/3/2021,FALSE,0.25
cust105743,Jennifer Garrett,7644356789,38,male,central,27-11-2020,FALSE,0.23
cust105744,Katie Maldonado,7104867186,25,female,north,5/11/2024,FALSE,0.24
cust105745,Anthony Arellano,5213731408,36,male,west,6/1/2022,TRUE,0.21
cust105746,Priscilla Mcbride,4720821023,40,male,south,21-12-2021,FALSE,0.19
cust105747,Allen Crawford,2711183373,36,male,west,7/9/2023,FALSE,0.08
cust105748,John Zhang,5997028648,61,male,south,21-10-2020,FALSE,0.23
cust105749,Cole Case,9057251194,39,female,west,1/5/2025,FALSE,0.15
cust105750,James Phillips,8741475908,55,female,central,29-11-2022,FALSE,0.21
cust105751,Gregory Saunders,3298169920,51,female,east,29-03-2024,FALSE,0.37
cust105752,Eric Cohen,5631562472,57,male,central,14-01-2021,FALSE,0.11
cust105753,Ana Gill,727121500,33,female,south,7/4/2023,FALSE,0.19
cust105754,Steve Navarro,2529846130,66,other,west,11/10/2021,TRUE,0.01
cust105755,Ricky Watkins,3379723347,64,male,south,18-08-2020,FALSE,0.25
cust105756,Anthony Lopez,278376001,18,male,north,23-05-2024,FALSE,0.22
cust105757,Michael Lawrence,5266226398,52,male,central,12/4/2021,TRUE,0.16
cust105758,Kristin Gregory,6975491635,58,male,south,19-06-2023,FALSE,0.11
cust105759,Brittany Choi,2475345053,56,female,north,16-02-2025,FALSE,0.36
cust105760,Julian Williams,7994387756,29,female,north,5/6/2023,FALSE,0.21
cust105761,Karen Hicks,4598108388,37,female,south,31-03-2025,FALSE,0.04
cust105762,Ernest Myers,8512696180,56,male,central,21-10-2021,FALSE,0.22
cust105763,Dylan Lee,4055173015,37,male,south,30-05-2024,FALSE,0.18
cust105764,Herbert Nguyen,1976425794,65,male,central,11/4/2023,FALSE,0.27
cust105765,Amy Mcgee,3333579935,70,female,west,13-06-2021,FALSE,0.2
cust105766,Joseph Collier,9356183557,52,female,north,24-11-2022,FALSE,0.24
cust105767,Jose Wilcox,8896931870,31,female,central,15-08-2023,FALSE,0.12
cust105768,Robert Li,2527588334,29,male,east,1/1/2023,FALSE,0.28
cust105769,Katrina Sosa,784027198,39,male,north,20-09-2022,FALSE,0.3
cust105770,Brenda Williams,6359208905,45,female,north,9/9/2020,TRUE,0.47
cust105771,Monique Clark,9674332404,39,male,south,29-09-2021,FALSE,0
cust105772,Jennifer Tran,1352673712,25,male,east,25-03-2024,FALSE,0.13
cust105773,Kim Calderon,9639415116,30,male,central,27-01-2023,FALSE,0.22
cust105774,Kim Smith,5460597799,66,male,north,16-10-2022,FALSE,0.09
cust105775,Joyce Boyle,9524523699,42,male,west,26-04-2021,FALSE,0.24
cust105776,Brandon Young,6871993626,29,male,north,29-05-2021,FALSE,0.2
cust105777,Nicole Matthews,4205962281,28,female,west,9/12/2021,FALSE,0.05
cust105778,Gregory Sexton,1381299702,28,female,central,15-03-2025,FALSE,0.2
cust105779,Michael Gay,3791027268,22,female,east,6/4/2024,FALSE,0
cust105780,Michelle Norris,9728434591,35,male,central,13-07-2021,FALSE,0.18
cust105781,Amanda Howard,4482656571,35,male,north,26-09-2023,FALSE,0.09
cust105782,Abigail Matthews,1466965091,45,male,north,27-09-2022,FALSE,0.27
cust105783,Matthew Jones,9686429438,19,male,south,12/8/2021,FALSE,0.01
cust105784,Anthony Allen,7110459306,35,male,east,30-06-2024,FALSE,0.42
cust105785,Malik Ware,7638098607,26,female,north,10/11/2023,FALSE,0.25
cust105786,Rachael Cooper,9194066883,34,male,central,31-07-2025,FALSE,0.18
cust105787,Michelle Mcconnell,5190667492,34,male,south,1/6/2021,TRUE,0.27
cust105788,Patricia Patterson,1138822954,43,female,south,4/1/2021,FALSE,0.38
cust105789,Elizabeth Rodriguez,8763590753,59,male,north,27-04-2024,TRUE,0.21
cust105790,Adrian Martinez,971888629,27,male,west,5/4/2024,FALSE,0.2
cust105791,Robert Sanford,7029581831,55,male,west,20-05-2021,FALSE,0.19
cust105792,Mrs. Lindsey Brennan,2398357325,53,male,south,28-04-2022,FALSE,0.17
cust105793,Kimberly Vaughan,3098548997,33,female,east,10/9/2022,FALSE,0.09
cust105794,Bruce Thompson,7506281088,59,male,north,16-10-2024,FALSE,0.16
cust105795,Rachel Moore,1277219546,46,male,south,22-11-2024,FALSE,0.22
cust105796,Kevin Walls,8711982807,40,female,central,26-05-2021,FALSE,0.2
cust105797,Caleb Brown,7423466977,25,male,north,16-10-2022,FALSE,0.2
cust105798,Regina Edwards,3180954491,27,male,south,17-08-2023,FALSE,0.1
cust105799,Jason Holland,9756100897,67,female,east,22-02-2021,TRUE,0.1
cust105800,Amanda Brown,1039172452,37,female,north,24-08-2022,FALSE,0.31
cust105801,Tara Hunt,486798572,48,female,west,16-12-2021,FALSE,0.14
cust105802,James George,3841293358,38,male,west,5/5/2023,FALSE,0
cust105803,Rachael Cooper,8770074512,34,male,north,1/9/2023,FALSE,0.23
cust105804,Jennifer Johnson,1885425463,59,female,central,14-03-2025,FALSE,0.1
cust105805,Leslie Mcdaniel,7944918950,58,female,north,6/5/2023,FALSE,0.35
cust105806,Lisa Jones,4371184284,48,other,south,22-09-2021,FALSE,0.22
cust105807,Kiara Perez,3965127152,60,male,west,2/10/2022,FALSE,0.29
cust105808,Amanda Bowers,3673720396,41,male,north,6/6/2022,TRUE,0.18
cust105809,Robert Lawson,9054776759,63,female,north,20-09-2020,FALSE,0
cust105810,Kevin Dunn,5688257142,34,female,east,9/10/2022,FALSE,0
cust105811,Ronald Thompson,8346240262,43,female,west,31-12-2022,FALSE,0.13
cust105812,Dawn Perez,973316105,36,male,central,3/7/2025,FALSE,0.34
cust105813,Michelle Davis,6963800013,44,female,west,7/10/2021,FALSE,0.27
cust105814,Christopher Wallace,2094698005,51,female,north,3/12/2021,TRUE,0.1
cust105815,Aaron Mcdonald,2042705675,58,male,east,28-08-2022,FALSE,0
cust105816,Kimberly Smith,174657343,53,male,south,23-07-2025,FALSE,0.29
cust105817,Shelby Nelson,5562911446,28,other,south,28-02-2024,FALSE,0.26
cust105818,Benjamin Everett,9797358294,33,male,east,3/6/2023,FALSE,0.1
cust105819,Michael Gonzalez,3296500171,63,female,west,31-05-2025,FALSE,0.28
cust105820,Daniel Silva,3413825493,28,female,east,18-07-2024,TRUE,0.44
cust105821,Tonya Barron,9221756977,40,other,central,28-05-2021,FALSE,0.06
cust105822,Amanda Williams,2854364141,56,male,west,24-08-2021,FALSE,0.27
cust105823,Joseph Vargas,8617048768,59,female,south,3/3/2024,FALSE,0.21
cust105824,Lydia Hoffman,863843543,55,male,south,9/9/2021,FALSE,0.26
cust105825,Audrey Sloan,1837260298,52,male,north,13-02-2023,FALSE,0
cust105826,Jessica Walker,897612622,53,female,west,12/7/2025,TRUE,0.4
cust105827,Nicholas Foster,3488595137,23,male,west,24-07-2022,FALSE,0.03
cust105828,Joe Walton,5717894438,51,male,west,23-08-2023,FALSE,0.27
cust105829,James Grant,480730089,27,female,central,10/11/2021,FALSE,0.19
cust105830,Meagan Johnson,4074139665,33,female,south,10/3/2025,TRUE,0.2
cust105831,Jeffery Ray,4377323131,38,male,north,5/6/2022,TRUE,0.42
cust105832,Joseph Deleon,3771611368,21,female,south,18-12-2021,FALSE,0
cust105833,Sean Leonard,9722335065,37,male,central,17-01-2024,FALSE,0.19
cust105834,Ronald Hill,5150104148,18,female,central,27-09-2021,FALSE,0.14
cust105835,Mandy Hanson,4919405141,41,female,west,18-08-2023,FALSE,0.05
cust105836,Briana Dawson,7305754529,27,female,north,4/10/2021,TRUE,0.09
cust105837,Robert Morales,3887245873,51,male,south,14-05-2025,FALSE,0.07
cust105838,Amy Rodriguez,3360147104,21,female,north,5/7/2023,FALSE,0.16
cust105839,Patrick Green,8419359619,46,female,north,14-09-2020,FALSE,0.03
cust105840,Jacob Donaldson,2151401242,37,male,north,2/11/2022,FALSE,0.15
cust105841,Sara Smith,2720230711,36,male,north,1/4/2024,FALSE,0.02
cust105842,Renee Ruiz,890649495,30,female,south,15-03-2023,FALSE,0.11
cust105843,Mr. Thomas Johns,1147708770,56,male,central,2/2/2021,FALSE,0.27
cust105844,Stephanie Reyes,3686566437,44,female,east,25-04-2022,FALSE,0.23
cust105845,Chris Long,9727796475,36,male,south,3/6/2024,TRUE,0.12
cust105846,Rachel Novak,6191974932,48,female,south,1/4/2023,FALSE,0.19
cust105847,David Eaton,8967379901,62,male,west,4/6/2021,FALSE,0.07
cust105848,David Leonard,560052164,38,female,west,20-02-2022,FALSE,0.3
cust105849,Justin Barber,6580361482,47,male,west,7/1/2025,FALSE,0.21
cust105850,Christopher Montoya,1783488124,27,female,central,21-06-2024,TRUE,0.19
cust105851,Sherry Thomas,6296816303,70,female,west,2/7/2021,FALSE,0.35
cust105852,Brenda Gomez,6115708441,21,female,east,7/2/2024,FALSE,0.22
cust105853,Sara Shepherd,2364714886,27,female,east,22-06-2021,FALSE,0.22
cust105854,Jill Schultz,2128586500,64,female,south,16-05-2024,FALSE,0.27
cust105855,Sarah Ward,3403350237,37,female,central,9/2/2022,FALSE,0.08
cust105856,Diane Graves,4002100647,57,male,west,16-06-2022,FALSE,0.31
cust105857,Timothy Davenport,3375033232,62,male,north,10/6/2021,FALSE,0.36
cust105858,Misty Riggs,7664310489,50,female,east,7/5/2025,FALSE,0.14
cust105859,Jeffrey Phillips,8282655901,36,male,north,24-01-2022,FALSE,0.19
cust105860,Peter Young,1981673475,61,male,central,29-08-2024,FALSE,0.16
cust105861,Ronald Sullivan,9328362484,55,male,north,23-12-2022,FALSE,0.19
cust105862,Margaret Figueroa,8733108966,32,male,north,15-01-2021,FALSE,0.28
cust105863,Dr. Thomas Alvarado,1281082127,23,female,west,23-04-2025,FALSE,0.14
cust105864,Matthew Sweeney,5298259618,25,female,north,25-03-2022,FALSE,0.03
cust105865,Marissa Obrien,8349713123,59,female,east,6/10/2021,FALSE,0.19
cust105866,Joshua Valdez,6491330367,56,male,central,9/1/2022,TRUE,0.08
cust105867,Jennifer Thomas,7548514131,56,female,south,29-10-2020,FALSE,0.3
cust105868,Heidi Phillips,3738023486,70,female,south,2/8/2024,FALSE,0.18
cust105869,Alice Nicholson,7329225263,69,male,south,1/9/2022,FALSE,0.08
cust105870,Jeanette Johnson,9879444325,42,male,central,8/7/2022,FALSE,0.26
cust105871,Savannah Alvarado,8390154760,49,female,east,18-09-2020,FALSE,0
cust105872,Tiffany Willis,6664541016,29,female,north,4/9/2022,FALSE,0.07
cust105873,Megan Stewart,4128551712,50,male,north,25-09-2024,FALSE,0.12
cust105874,Michelle Stone,8040251635,57,female,west,8/10/2024,FALSE,0.11
cust105875,Paula Shelton,3517275167,66,female,south,27-03-2022,FALSE,0.28
cust105876,Phillip Duncan,5683783971,51,female,north,5/1/2023,FALSE,0.13
cust105877,Jessica Martin,864857422,63,male,north,27-04-2024,FALSE,0.18
cust105878,Evan Jackson,72209475,37,male,east,30-05-2024,FALSE,0.25
cust105879,Ryan Lewis,8167783735,67,male,central,29-07-2021,FALSE,0.24
cust105880,Tonya Haney,6642725395,66,male,west,17-10-2023,FALSE,0
cust105881,Reginald Hogan,3526535703,50,female,south,16-06-2023,FALSE,0.19
cust105882,Justin Daniels,3261545927,33,female,east,21-04-2021,FALSE,0.33
cust105883,Felicia Rios,1876172649,59,male,south,5/8/2025,FALSE,0.31
cust105884,Jeremy Rodriguez,4558149083,58,female,central,8/9/2023,FALSE,0.16
cust105885,Danielle Crawford,3818168042,23,male,south,27-08-2020,FALSE,0.25
cust105886,Mr. Jonathon Smith,6928346171,35,male,south,12/7/2022,FALSE,0.36
cust105887,Nicholas Gonzales,6680400015,47,male,west,1/11/2021,FALSE,0.14
cust105888,Brandi Martinez,2098526787,34,female,west,7/9/2024,FALSE,0.19
cust105889,Carl Jenkins,7365540964,51,male,north,27-01-2023,FALSE,0.02
cust105890,Troy Lopez,5501756054,39,other,east,12/4/2023,FALSE,0.26
cust105891,Robert Blair,2016370652,18,female,east,23-02-2022,FALSE,0.36
cust105892,Kristina Ford,2611716665,61,female,west,29-05-2025,FALSE,0.2
cust105893,Brian Baker,5844799347,41,female,north,5/7/2023,FALSE,0.03
cust105894,Sharon Le,7697728509,62,female,east,19-11-2023,FALSE,0.14
cust105895,Barbara Walter,5953735007,55,female,central,31-01-2023,FALSE,0.02
cust105896,Alexandra Vasquez,3019731505,38,female,north,29-01-2022,FALSE,0.25
cust105897,Brian Porter,9395442799,69,female,south,23-02-2021,FALSE,0.24
cust105898,Jesse Vance,8180375859,20,male,south,25-02-2024,FALSE,0.15
cust105899,Shannon Higgins,3365570624,42,female,south,28-06-2021,FALSE,0.38
cust105900,Robert Castillo,7573469502,45,female,west,27-02-2023,TRUE,0.27
cust105901,Morgan Travis,2967279631,60,female,east,18-07-2025,FALSE,0.02
cust105902,Kathryn Madden,366275578,18,female,north,16-02-2021,FALSE,0
cust105903,Sarah Williams,7444701854,24,female,south,20-09-2020,FALSE,0.27
cust105904,Brandon West,8517330161,52,female,central,29-05-2023,FALSE,0.28
cust105905,Anthony Butler,5117620454,21,female,east,19-07-2023,FALSE,0.04
cust105906,Shannon Cook,760480255,54,female,central,25-03-2025,FALSE,0.1
cust105907,Ronald Jones,8363247528,70,male,east,7/6/2023,FALSE,0
cust105908,Derek Williams,4939270615,26,male,central,20-05-2025,FALSE,0.43
cust105909,Mr. Matthew Moore,9865000141,32,female,west,30-04-2022,FALSE,0.04
cust105910,John Cox,3706510950,65,female,east,14-02-2025,FALSE,0.19
cust105911,Sally Coleman,9776298246,26,female,north,14-01-2022,FALSE,0.11
cust105912,Pamela Brooks,2370741571,42,female,north,16-03-2023,FALSE,0.18
cust105913,Cindy Fernandez,1690354053,59,female,north,11/5/2025,FALSE,0.23
cust105914,Stephanie Skinner,11802103,66,male,central,13-06-2022,FALSE,0
cust105915,Richard Baker Jr.,6176640758,67,male,south,15-05-2024,FALSE,0
cust105916,Brandon Boyer,1011968062,51,male,central,19-11-2023,FALSE,0.26
cust105917,Andrew Wilkins,7988395504,63,male,central,13-12-2020,FALSE,0.03
cust105918,Kent Phelps,3958609312,18,female,west,16-11-2023,FALSE,0.14
cust105919,Martha Howard,2479375518,63,other,south,11/4/2021,FALSE,0.28
cust105920,Ricky Harmon,3637126212,22,male,south,28-07-2023,FALSE,0
cust105921,Jennifer Peterson,7116376072,43,male,north,21-04-2022,FALSE,0.27
cust105922,Carol Ortega,3185637527,57,male,west,27-03-2023,TRUE,0.19
cust105923,Joseph Sanders,286168782,20,male,central,20-09-2020,FALSE,0.37
cust105924,Jennifer Ford,7696604641,27,female,north,30-10-2023,TRUE,0.19
cust105925,Tyler Brown,7959796763,31,male,north,4/1/2023,FALSE,0.18
cust105926,Megan Hudson,6352028461,64,male,east,21-09-2023,FALSE,0.24
cust105927,Jacqueline Anderson,5873268370,61,male,central,13-12-2023,FALSE,0.41
cust105928,Katrina Johnson,2348935719,21,female,north,6/1/2025,FALSE,0.27
cust105929,Andrew Ibarra,2777262701,70,male,central,25-12-2022,FALSE,0.24
cust105930,Colleen Guerra,6853310263,36,female,north,27-11-2022,FALSE,0.23
cust105931,Lisa Garcia,3609718730,33,male,east,13-07-2025,FALSE,0.03
cust105932,Jennifer Case,3214381951,52,female,north,9/11/2021,FALSE,0.07
cust105933,Brittany Thompson,1587398867,58,male,east,15-06-2021,TRUE,0.36
cust105934,Melanie Lane,939534745,54,female,south,17-01-2025,TRUE,0.22
cust105935,Steven Rogers,1503207607,52,female,south,27-07-2023,FALSE,0.04
cust105936,Tyler Roman,4065724771,65,female,north,22-12-2022,TRUE,0.18
cust105937,Rachel Fisher,5666521575,28,female,west,20-06-2024,FALSE,0.1
cust105938,William Ruiz,1717991561,27,male,west,22-10-2023,FALSE,0.16
cust105939,Brett Hess Jr.,8963574120,43,female,south,8/1/2021,FALSE,0.33
cust105940,Eric Allen,4228267608,23,female,north,12/3/2022,FALSE,0.11
cust105941,Robert Phillips,9030969412,36,female,central,8/5/2021,FALSE,0.14
cust105942,Sandra Dalton,4948965720,24,female,west,15-04-2023,FALSE,0.2
cust105943,Elizabeth Munoz,6228538602,22,male,east,19-05-2024,FALSE,0.18
cust105944,Michael Williams,1892311229,33,female,central,14-11-2020,FALSE,0.08
cust105945,Kimberly Owen,4231120496,62,female,west,31-05-2021,FALSE,0.22
cust105946,Thomas Ryan,3061799419,66,female,north,1/5/2024,TRUE,0.25
cust105947,Darius Clark,4140994249,33,male,central,21-09-2021,FALSE,0.16
cust105948,Nathaniel Brewer,7851932141,24,male,central,30-11-2020,FALSE,0.5
cust105949,Charles Webb,8213922997,63,male,north,30-08-2022,TRUE,0.02
cust105950,Roger White,1916010574,33,female,central,6/6/2025,FALSE,0.14
cust105951,Michael Hancock,1708534102,56,male,south,2/2/2022,FALSE,0.15
cust105952,Mark Simmons,2393779110,57,female,south,9/8/2023,TRUE,0.45
cust105953,Shelly Smith,1450711604,63,male,east,9/8/2021,FALSE,0.1
cust105954,Jeffrey Garner MD,8314578778,39,male,central,21-10-2023,FALSE,0.16
cust105955,Luke Torres,2633458085,43,female,south,24-05-2022,FALSE,0.41
cust105956,Paul Romero,1465371022,41,female,east,26-02-2021,FALSE,0.13
cust105957,Tiffany Huff,8613542615,64,male,south,27-08-2022,FALSE,0.18
cust105958,Robin Rodriguez,8671277003,18,male,east,4/5/2025,FALSE,0
cust105959,John Jacobs,6126628708,43,female,north,9/12/2024,FALSE,0.41
cust105960,Matthew Flores,335932177,42,male,south,3/9/2023,FALSE,0.11
cust105961,William Ibarra,3359884885,43,male,east,5/10/2021,FALSE,0.18
cust105962,Lucas Scott,6110529367,58,male,east,29-05-2024,FALSE,0.25
cust105963,Dr. Rebekah Moreno,1748207840,56,male,north,30-07-2025,FALSE,0.05
cust105964,Jonathan Vargas,4783280875,51,male,north,4/6/2024,FALSE,0.23
cust105965,Lisa Crawford,5761079887,37,male,west,31-01-2021,FALSE,0.29
cust105966,Hannah Spencer,1306079038,22,male,central,13-07-2021,FALSE,0
cust105967,John Alexander,17772154,21,female,central,13-09-2020,FALSE,0.31
cust105968,Cameron Kim Jr.,6285730567,22,female,east,24-08-2021,FALSE,0.2
cust105969,Barbara Jones,2633528024,63,male,east,18-08-2023,FALSE,0.07
cust105970,James Wolfe,8233214038,62,male,west,31-12-2022,FALSE,0.23
cust105971,Michael Khan,656705303,58,male,east,4/11/2020,FALSE,0.21
cust105972,Carlos Manning,2065586193,49,female,south,29-10-2020,FALSE,0.12
cust105973,Shawn Johnson,8275628741,45,female,central,1/3/2022,FALSE,0.27
cust105974,Tracey Williams,3424961233,68,male,south,5/3/2022,FALSE,0.11
cust105975,Marcus Mathis,2083894008,32,male,south,4/8/2021,FALSE,0.27
cust105976,Timothy Oconnor,1720104711,26,male,south,2/4/2022,FALSE,0.3
cust105977,Madeline Dawson,8407104888,23,male,south,1/4/2023,FALSE,0.26
cust105978,Robert Oliver,1698035424,32,male,central,24-03-2024,FALSE,0.18
cust105979,Cynthia Arellano,8919880465,65,male,central,3/9/2022,FALSE,0.2
cust105980,Alexandria Jones,9814182103,65,female,west,29-05-2021,FALSE,0.14
cust105981,Karen Swanson,8308284835,47,male,north,16-06-2024,FALSE,0.22
cust105982,Kayla Diaz,3755105508,20,other,east,10/11/2020,FALSE,0.16
cust105983,Cheryl Grant,4748881662,31,female,central,5/2/2023,FALSE,0.17
cust105984,Nathaniel Hernandez,1444369108,40,female,north,30-06-2021,FALSE,0.21
cust105985,James Marquez,6168923491,51,female,west,13-09-2021,FALSE,0.21
cust105986,James Harris,6307088051,53,female,west,24-06-2021,FALSE,0.29
cust105987,Elizabeth Hawkins,1012547443,34,male,west,16-06-2023,FALSE,0.1
cust105988,Michelle Bradley,2027041290,56,female,south,8/8/2024,FALSE,0
cust105989,Victoria Prince,9347593010,35,female,west,2/11/2021,FALSE,0.23
cust105990,Steven Mitchell,8011786571,70,female,central,2/4/2022,FALSE,0.12
cust105991,Hailey Ramirez,4842590498,18,female,central,3/1/2024,FALSE,0.12
cust105992,Jesus Kane,528321717,53,female,west,16-08-2020,FALSE,0.17
cust105993,Keith Escobar,1223814682,38,male,north,13-12-2020,FALSE,0.16
cust105994,Jo Hill,6258983848,69,male,north,1/4/2023,FALSE,0.31
cust105995,Amanda Jackson,4523457166,63,female,east,3/11/2023,FALSE,0.23
cust105996,Amanda Johnson,1414421099,59,male,south,10/12/2023,FALSE,0.14
cust105997,Matthew Diaz,814093542,56,male,west,30-04-2022,FALSE,0.12
cust105998,Steven Pratt,1542085246,53,male,north,20-09-2020,FALSE,0.11
cust105999,Steven Lopez,7492518253,18,other,central,1/10/2023,FALSE,0.23
cust106000,Michelle Davidson,2663914014,43,male,east,9/10/2024,FALSE,0
cust106001,Tammy Ayers,2676501707,60,female,south,2/12/2022,FALSE,0.3
cust106002,Donald Morales,1376165274,35,female,west,16-04-2024,FALSE,0.17
cust106003,Tanya James,35377761,35,male,central,29-09-2020,FALSE,0.12
cust106004,Charles Reynolds,9690356857,62,male,north,27-02-2022,FALSE,0.33
cust106005,James Olson,5898210230,45,female,central,24-05-2021,TRUE,0.23
cust106006,Levi Martinez,541164208,36,female,east,6/4/2025,TRUE,0.29
cust106007,Stacie Garcia,9800140442,34,female,east,15-05-2025,FALSE,0.13
cust106008,Michael Hernandez,1714535379,69,male,north,26-12-2024,FALSE,0.35
cust106009,Wendy Page,2494998142,27,female,south,5/8/2024,FALSE,0.17
cust106010,Shelly Warner,1184729750,66,female,west,7/11/2023,FALSE,0.19
cust106011,Ryan Castillo,1886389854,19,male,west,8/4/2021,FALSE,0.29
cust106012,Michelle Meyer,3863994823,54,male,west,11/6/2021,FALSE,0.17
cust106013,Bradley Thompson,8924971530,47,female,north,24-02-2023,FALSE,0
cust106014,Angela Owens,2367665866,59,female,east,20-03-2021,TRUE,0.23
cust106015,Jeffrey Hernandez PhD,3880638158,54,female,north,12/2/2023,FALSE,0.12
cust106016,Jenna Jackson,7215734757,57,male,central,27-11-2020,FALSE,0.19
cust106017,Erik Turner,1556323073,22,male,west,6/1/2023,TRUE,0.48
cust106018,Jennifer Nelson,2605924867,68,male,west,29-12-2024,FALSE,0.07
cust106019,Melinda Matthews,2512938684,38,male,central,13-03-2021,FALSE,0.19
cust106020,Douglas Farley,6826482423,20,female,south,14-09-2023,FALSE,0.05
cust106021,Rachel Massey,5483518157,29,male,north,10/7/2024,FALSE,0.1
cust106022,Melissa Branch,3168932282,50,female,south,26-01-2025,TRUE,0
cust106023,Amy Cunningham,7060638532,62,male,north,7/1/2025,FALSE,0.33
cust106024,Brett Dudley,4818370589,58,male,south,6/7/2025,FALSE,0.26
cust106025,Mark Duncan,5046763610,69,male,south,14-09-2024,FALSE,0.3
cust106026,Nicole Williams,9601432188,70,male,north,19-08-2024,FALSE,0.5
cust106027,Rachel Davidson,8522582705,47,male,north,1/9/2022,FALSE,0.19
cust106028,Sarah Flores MD,9847600949,61,male,west,9/8/2023,FALSE,0.04
cust106029,Jeffrey Reyes,8829134822,18,male,south,21-03-2021,FALSE,0.14
cust106030,Kyle Garcia,5683877376,68,male,west,17-01-2022,FALSE,0.23
cust106031,Kathleen Lopez,5155341706,25,male,south,26-08-2023,TRUE,0.22
cust106032,Kristen Phillips,2518950930,34,female,north,31-07-2024,FALSE,0.29
cust106033,Glenda Patel,5594037032,62,male,south,14-03-2022,FALSE,0.04
cust106034,Wendy Huynh,1732194663,23,male,north,10/8/2020,FALSE,0.32
cust106035,Benjamin Haas,4982545411,69,female,north,14-10-2021,FALSE,0.31
cust106036,Victoria Garrett,4496994218,42,male,north,17-01-2025,FALSE,0.14
cust106037,Rebecca Sanford,9441028852,50,male,east,11/8/2022,FALSE,0.16
cust106038,Sandra Fleming,4916875720,21,female,north,10/8/2021,FALSE,0.15
cust106039,Randy Ford,491562658,30,male,north,12/4/2025,FALSE,0.41
cust106040,Michael Thompson MD,6785825464,54,female,south,17-02-2023,FALSE,0.15
cust106041,Patrick Bell,3134979538,38,male,central,3/8/2022,TRUE,0.22
cust106042,Aaron Soto,1922408696,61,female,north,31-08-2024,FALSE,0.04
cust106043,Thomas Campbell,8641049806,32,male,south,1/5/2023,FALSE,0.31
cust106044,Christopher Thompson,4690198186,49,male,west,16-03-2025,TRUE,0.26
cust106045,Walter Mathews,5734339155,52,female,south,2/11/2023,FALSE,0.19
cust106046,Joseph Payne,2223569663,51,female,east,22-08-2022,FALSE,0.18
cust106047,Michael Miller,3694596991,30,female,west,11/11/2020,FALSE,0.11
cust106048,Alicia Mcdaniel,1862065696,30,other,east,18-06-2021,FALSE,0.15
cust106049,Lisa Mejia,6221189448,63,male,west,13-08-2023,FALSE,0.17
cust106050,Monique Cunningham DVM,6065900270,54,female,south,30-11-2024,TRUE,0.26
cust106051,Connie Ballard,6164720191,37,female,south,13-02-2022,FALSE,0.41
cust106052,Kimberly Stevens,185340210,36,female,north,26-03-2025,FALSE,0.19
cust106053,Brett Bolton,1233300546,34,female,central,14-07-2025,FALSE,0.08
cust106054,Kara Williams,5677569931,29,male,west,14-11-2021,FALSE,0.1
cust106055,Katie Sanchez,2077076072,53,male,east,22-07-2023,FALSE,0.28
cust106056,Monique Bailey,6136644750,43,male,south,17-06-2023,FALSE,0.36
cust106057,Justin Abbott,710714050,19,female,south,21-08-2021,FALSE,0.41
cust106058,Erica Bautista,2304796836,38,female,west,16-04-2022,FALSE,0.42
cust106059,Brittney Hebert,9519033464,44,male,west,27-01-2023,FALSE,0.16
cust106060,Aaron Larsen,9432889786,27,female,south,25-05-2025,FALSE,0.22
cust106061,Melissa Thomas,3982931536,38,female,south,22-12-2024,TRUE,0.14
cust106062,Scott Mendez,7765346157,43,male,north,16-12-2021,FALSE,0.16
cust106063,Virginia Reeves,5146751604,25,male,south,12/9/2023,FALSE,0.17
cust106064,Lindsey Velazquez,5854483626,41,male,central,6/10/2020,FALSE,0.24
cust106065,Reginald Rocha,6552821171,28,female,north,23-12-2021,FALSE,0.28
cust106066,Lisa Long,1857601399,34,other,west,23-06-2025,FALSE,0.13
cust106067,Antonio Smith,5784882548,61,female,central,21-12-2022,TRUE,0.22
cust106068,Jacob Potts,9182004194,70,male,central,7/4/2021,FALSE,0.18
cust106069,Desiree Valenzuela,4937217680,34,male,central,29-11-2023,FALSE,0.09
cust106070,Joseph Smith,7139624945,34,male,central,14-05-2024,TRUE,0.03
cust106071,Rebecca Pruitt,3279973068,63,female,east,8/3/2024,FALSE,0.18
cust106072,Jason Manning,4191819452,33,female,south,20-12-2021,FALSE,0.23
cust106073,Daniel Mayer,7120465148,38,male,central,25-08-2020,FALSE,0.31
cust106074,Kristen Carroll,2418029964,56,male,east,3/11/2023,FALSE,0.32
cust106075,Julia Griffith,3252582511,59,male,south,26-03-2025,FALSE,0.27
cust106076,Susan Wilson,5864709893,61,female,central,22-02-2023,FALSE,0.33
cust106077,Timothy Williams,7645992376,46,female,north,18-03-2023,FALSE,0.23
cust106078,Kathryn Molina DVM,9846464203,63,male,north,29-11-2023,FALSE,0.04
cust106079,Alisha Brooks,5769192327,41,female,south,16-06-2023,FALSE,0.19
cust106080,Jay Lee,4786167832,37,female,central,17-04-2022,FALSE,0.22
cust106081,James Garcia,5753026396,27,female,north,22-06-2023,FALSE,0.21
cust106082,Marvin Bennett,8245969435,27,male,east,9/9/2020,FALSE,0.33
cust106083,Mary Ward,6694281486,40,female,east,15-12-2022,FALSE,0.13
cust106084,Elizabeth Kelly,9829239181,35,male,east,6/11/2022,FALSE,0.23
cust106085,Angela Wilson,4114660168,48,female,west,24-05-2025,FALSE,0.44
cust106086,Thomas Miller,6818708038,29,female,north,18-03-2022,FALSE,0.22
cust106087,Alexander Lee,939259027,40,female,north,30-04-2021,FALSE,0.18
cust106088,Chelsea Rush,3001624963,34,male,central,13-03-2025,FALSE,0.37
cust106089,Kelsey Andrews,1416245632,31,male,west,1/11/2022,FALSE,0.16
cust106090,Andrew Watkins,7197018265,57,male,south,19-07-2025,FALSE,0.02
cust106091,Mr. Bryan Evans,9885301840,40,male,east,2/2/2023,FALSE,0.27
cust106092,Thomas Smith,633609289,44,male,north,6/12/2022,FALSE,0.27
cust106093,Michael Hernandez,2594741547,62,male,south,18-08-2021,FALSE,0.11
cust106094,Tracy Moore,3244674184,57,male,north,27-11-2024,TRUE,0.17
cust106095,Jeremy Boyle,177338779,65,female,east,27-01-2021,FALSE,0.16
cust106096,Sandra Coleman,4050363469,47,female,east,20-12-2021,FALSE,0.11
cust106097,Deanna Rodriguez,5986434373,44,female,east,12/4/2022,FALSE,0.15
cust106098,Philip Griffin,9260694000,43,male,east,19-10-2022,TRUE,0.2
cust106099,Amber Berry,4220745515,70,female,central,20-01-2022,FALSE,0
cust106100,Beverly Parker,3572699888,39,male,east,30-06-2023,FALSE,0.24
cust106101,Katelyn Anthony,7935435741,33,female,south,10/3/2023,FALSE,0.21
cust106102,Juan Allen,6773687735,69,male,east,10/7/2021,FALSE,0.42
cust106103,Donald Liu,4706322128,33,female,central,5/9/2023,FALSE,0.11
cust106104,Brenda Matthews,894405827,62,male,west,7/6/2022,FALSE,0.17
cust106105,Amy Weiss,8554303784,25,other,south,24-01-2021,FALSE,0.13
cust106106,Anna Carter,1145052371,68,female,west,4/4/2025,FALSE,0.04
cust106107,Nancy Griffin,7960678020,31,female,north,11/7/2021,FALSE,0.07
cust106108,Jason Lopez,5602877101,36,female,west,25-07-2025,FALSE,0.23
cust106109,Cory Jordan,8720968046,65,female,west,17-11-2023,FALSE,0.21
cust106110,Daniel Contreras,5599783776,58,male,south,10/12/2023,FALSE,0.3
cust106111,Heather Fuentes,6211661492,55,female,east,16-05-2024,FALSE,0.14
cust106112,Catherine Daniels,3201656361,37,female,west,16-07-2022,FALSE,0.05
cust106113,Kaitlyn Shelton,1012093331,27,male,south,21-09-2023,FALSE,0.24
cust106114,Malik Hayes,769739461,30,female,north,26-02-2021,FALSE,0.21
cust106115,Kelly Shaffer,4546998444,28,male,north,7/8/2023,FALSE,0.12
cust106116,Richard Henry,1141925271,49,male,south,6/2/2022,TRUE,0.25
cust106117,Benjamin Duran,5723730635,27,male,east,5/10/2022,FALSE,0.14
cust106118,Kevin Roberts,3518017654,40,female,north,9/4/2021,FALSE,0.02
cust106119,Lawrence Cole,7769644063,44,female,south,11/1/2023,FALSE,0.27
cust106120,Bruce Fuentes,7943289578,46,male,south,28-09-2023,TRUE,0.05
cust106121,Meghan Simmons,5466332150,27,other,central,21-10-2021,TRUE,0.25
cust106122,Jason Hill,92430944,69,female,north,30-10-2023,TRUE,0.12
cust106123,Tyler Weaver,2742557365,48,male,west,21-04-2022,FALSE,0.29
cust106124,Stephanie Savage,6066956406,62,male,east,5/5/2024,FALSE,0.31
cust106125,Ernest Wilson,4307231525,24,male,south,20-10-2022,TRUE,0.06
cust106126,Wendy Whitehead,4360130164,25,female,south,16-10-2020,FALSE,0.19
cust106127,Devon Mcdowell,6339134424,54,male,north,16-01-2021,TRUE,0.23
cust106128,Karen Tucker,251854171,22,male,north,1/4/2023,FALSE,0.48
cust106129,Kelly Carter,2060847432,38,female,central,25-05-2021,FALSE,0.06
cust106130,Benjamin Robbins,7717252586,44,female,east,15-05-2023,FALSE,0.45
cust106131,Julie Jones,8160845405,41,female,south,27-07-2021,FALSE,0.3
cust106132,Shane Brown,5499107263,59,male,north,4/8/2025,FALSE,0.1
cust106133,Caitlin Kim,8385195352,40,female,central,21-02-2021,FALSE,0.37
cust106134,Christine Rodriguez,4312321597,24,female,north,20-07-2025,FALSE,0.03
cust106135,James Horton,7140834487,37,female,west,3/4/2023,TRUE,0.33
cust106136,Randall Gross,366308333,64,female,central,15-04-2024,FALSE,0
cust106137,Matthew Hill DVM,3700171919,56,female,west,4/5/2023,FALSE,0.23
cust106138,Roy Estrada,3228828280,54,female,central,23-11-2024,FALSE,0.33
cust106139,Robin Miller,4011731768,40,female,south,16-08-2023,FALSE,0.06
cust106140,Donald Smith,124606128,21,male,east,29-08-2022,FALSE,0.18
cust106141,Aaron Rangel,8929743986,44,female,central,20-08-2024,FALSE,0
cust106142,Jennifer Cunningham,9594515998,41,male,west,16-12-2023,FALSE,0.23
cust106143,Christine Roberson,4524192451,67,female,west,22-07-2021,FALSE,0.21
cust106144,Jacob Reid,7028213419,51,female,east,14-01-2021,FALSE,0.22
cust106145,Kim Williams,7491435282,18,female,central,16-06-2023,FALSE,0.04
cust106146,Kari Davis,5339768125,23,female,east,15-07-2024,FALSE,0.23
cust106147,Paula Walsh,6729878254,28,male,central,3/7/2025,FALSE,0.4
cust106148,Jamie Obrien,9252547624,43,male,south,11/10/2020,FALSE,0.28
cust106149,Ryan Robertson,8677944036,44,female,west,30-07-2021,FALSE,0.3
cust106150,Melissa Perez,237461812,59,female,west,4/2/2022,FALSE,0.29
cust106151,Michael Smith,3155581572,69,female,north,5/11/2024,FALSE,0.29
cust106152,Carol Ortiz,2726448668,58,male,south,20-05-2023,FALSE,0.19
cust106153,Kevin Ingram,1086604040,46,male,west,11/5/2022,FALSE,0.32
cust106154,Lindsey Terrell,8445713892,44,male,south,19-05-2023,FALSE,0.06
cust106155,Tammy Butler,9870928465,30,male,west,30-03-2024,FALSE,0.18
cust106156,Todd West,8368116728,41,female,east,6/4/2023,FALSE,0.11
cust106157,Miranda Mitchell,1910462121,44,female,east,18-11-2024,TRUE,0.09
cust106158,Tiffany Griffin,1614880648,24,male,central,30-12-2024,FALSE,0.12
cust106159,Melinda Pratt,2995910473,58,female,central,19-08-2022,FALSE,0.26
cust106160,Robert Mckee,6125843893,40,female,central,13-09-2023,TRUE,0.28
cust106161,Jorge Sanders,4631059001,18,female,east,27-02-2024,FALSE,0.39
cust106162,Nicholas Anderson,7839085556,42,female,west,19-12-2023,FALSE,0.22
cust106163,Mark Flores,8018428692,53,female,east,22-10-2022,FALSE,0.24
cust106164,Christina Mueller,2325696134,20,female,south,27-04-2023,FALSE,0.14
cust106165,Jessica Cross,2996002401,51,male,central,28-03-2021,FALSE,0.23
cust106166,Jacqueline Ellis,8159625771,30,female,east,30-09-2023,FALSE,0.39
cust106167,Brittany Marshall,6947323405,38,male,north,7/11/2021,FALSE,0.2
cust106168,Kirsten Bowen,6121249472,18,male,west,30-11-2020,FALSE,0.2
cust106169,David Lucero,4130202520,51,male,east,29-07-2022,FALSE,0
cust106170,Mark Andrews,5877736086,67,male,west,30-07-2022,FALSE,0.14
cust106171,Casey Gibson,3201931937,43,female,central,7/9/2023,TRUE,0
cust106172,Theresa Bond,5294299285,69,female,north,31-10-2024,FALSE,0.25
cust106173,Kimberly Wade,3145536225,23,female,south,18-07-2021,FALSE,0.01
cust106174,Katherine Kelly,4420169829,58,male,north,28-08-2021,FALSE,0.38
cust106175,Jeremy Brown,3446951659,54,male,central,4/8/2022,FALSE,0.16
cust106176,Dr. Andrew Young PhD,9303964128,55,male,west,9/5/2022,FALSE,0.01
cust106177,Ann Mcfarland,7405922585,52,female,south,15-06-2025,FALSE,0.08
cust106178,Joseph Harrison,7868911239,22,male,east,5/2/2022,FALSE,0.02
cust106179,Jason Gonzalez MD,6747199630,42,female,south,23-12-2023,FALSE,0.26
cust106180,Crystal Scott,5823465045,48,female,north,7/4/2024,FALSE,0.22
cust106181,Kimberly Lewis,6437880442,38,male,south,26-01-2023,FALSE,0.22
cust106182,Gregory Rodriguez,1614772982,24,female,south,5/2/2021,FALSE,0.15
cust106183,Amy Perry,2103396426,53,male,north,3/5/2023,FALSE,0.32
cust106184,Tina Anderson,621987418,64,male,south,9/10/2023,FALSE,0.24
cust106185,David Walker,2583244676,53,male,east,24-09-2021,FALSE,0.07
cust106186,Gregory Cardenas,8520541278,25,female,central,28-11-2024,FALSE,0.12
cust106187,Cristina Davis,3829985274,64,male,central,29-10-2022,TRUE,0.37
cust106188,Kim Moore,5537246756,43,male,central,20-12-2024,FALSE,0.01
cust106189,Michael Petersen,1088035654,62,male,south,17-10-2021,FALSE,0.11
cust106190,Victoria Williams PhD,2899372216,67,female,south,4/5/2024,FALSE,0.32
cust106191,Rachel Hart,9360361477,27,male,west,28-02-2022,TRUE,0.04
cust106192,Garrett Pitts,9152684880,30,male,central,27-02-2023,FALSE,0.21
cust106193,James Davis,2601808144,66,male,east,28-02-2022,FALSE,0.14
cust106194,Jeremiah Tyler,3577913441,64,male,south,6/9/2020,FALSE,0
cust106195,Samuel Alvarez,4128387612,35,female,north,2/2/2025,FALSE,0.1
cust106196,Christopher Austin,2441414111,44,male,south,26-06-2023,FALSE,0.14
cust106197,Kelsey Rivera,7698059422,52,male,west,27-02-2024,FALSE,0.23
cust106198,David Green,6475890990,21,female,south,20-10-2023,FALSE,0.12
cust106199,Michelle Meyer,4799309416,28,male,east,20-05-2021,FALSE,0.14
cust106200,Kenneth Braun,8800379279,34,male,south,7/1/2021,FALSE,0.07
cust106201,Sierra Johnson,1079767715,37,female,south,7/12/2021,FALSE,0.27
cust106202,Gabriela Flores,9736593661,52,female,central,25-09-2020,FALSE,0.28
cust106203,Mallory Jenkins,4159895512,58,male,south,5/12/2020,FALSE,0.2
cust106204,Kara Middleton,5719267391,46,male,central,3/12/2024,FALSE,0.28
cust106205,Susan Ramirez,2156597663,37,male,east,2/6/2021,FALSE,0.33
cust106206,Amber Nielsen,207040867,50,male,east,20-06-2023,FALSE,0.15
cust106207,Michael Allen,9597771068,22,male,north,22-11-2021,FALSE,0.29
cust106208,Kimberly Martinez,3899036565,54,male,east,22-12-2021,FALSE,0.16
cust106209,Barry Calderon,2028170612,61,female,central,21-06-2024,FALSE,0.26
cust106210,Jon Mccullough,6811805193,28,female,central,23-12-2023,FALSE,0.31
cust106211,Jonathan Smith,3439370573,68,male,west,3/3/2021,FALSE,0.22
cust106212,Grant Ward,2895895392,21,female,south,21-07-2025,FALSE,0.2
cust106213,Maria Johnson,6868370541,27,male,south,23-07-2024,FALSE,0.09
cust106214,Darlene Mills,6147913198,33,male,central,16-05-2024,FALSE,0
cust106215,Randy Lewis,3710728964,22,male,east,9/6/2022,FALSE,0.36
cust106216,Alyssa Roberson,1751016972,63,male,central,11/9/2021,FALSE,0.25
cust106217,Patrick Lindsey,55673614,65,male,west,23-07-2021,FALSE,0.14
cust106218,Jacob Tate,4337288441,48,male,north,5/12/2020,FALSE,0.29
cust106219,Pam Clark,1794917640,63,female,west,20-11-2023,FALSE,0.08
cust106220,Christina Walsh,4466929265,22,female,north,13-01-2021,FALSE,0.13
cust106221,Justin Martinez,73012348,35,female,central,3/12/2022,FALSE,0.3
cust106222,Alexander Diaz,4121603171,36,female,south,17-07-2023,FALSE,0
cust106223,Melinda Hernandez,9532159160,34,female,central,24-01-2024,FALSE,0.24
cust106224,Jon Cohen,9508246420,33,male,central,13-07-2025,FALSE,0.22
cust106225,Mrs. Heather Potter,7593093613,69,female,north,13-01-2024,FALSE,0.36
cust106226,Luis Juarez,5365593031,57,male,south,1/4/2022,FALSE,0.23
cust106227,Donald Brooks,4494045735,57,male,north,11/10/2020,FALSE,0.05
cust106228,Jason Garcia,1886199658,18,female,north,11/6/2025,FALSE,0.35
cust106229,Amanda Thomas,3453180973,69,male,west,14-07-2021,TRUE,0.27
cust106230,Thomas Phillips,2895782312,68,male,east,9/7/2022,FALSE,0.35
cust106231,James Gonzalez,1660190170,50,female,east,10/9/2021,FALSE,0.45
cust106232,Pamela Young,1039654152,66,male,south,7/2/2023,FALSE,0.08
cust106233,James Johnson,9570984862,61,male,west,30-09-2020,FALSE,0.27
cust106234,Susan Mcbride,7831626701,69,female,south,24-09-2021,FALSE,0.15
cust106235,Nicole Wang,531235826,68,female,west,15-07-2022,FALSE,0.13
cust106236,David Wade,2558952535,38,female,central,29-10-2020,FALSE,0.23
cust106237,Mr. Troy Patterson DDS,355190220,32,male,south,9/1/2023,FALSE,0.3
cust106238,Chase Johnson,2247430974,44,female,central,9/4/2022,FALSE,0.04
cust106239,Jack Rojas,5226565356,23,male,central,7/5/2021,FALSE,0.33
cust106240,Pamela Foley,9446295248,45,female,central,10/12/2020,FALSE,0.27
cust106241,Andrew Rush,4459162560,69,female,north,25-01-2024,FALSE,0.02
cust106242,Diane Ball,4364676239,21,female,west,15-10-2023,FALSE,0.19
cust106243,Casey Gray,5514173727,27,female,north,14-07-2022,TRUE,0.04
cust106244,Marisa Summers,8317282775,24,female,central,13-01-2024,FALSE,0.09
cust106245,James Jackson,6113049555,67,female,east,7/5/2024,FALSE,0.08
cust106246,Marcus Kelley,8734826519,20,female,south,17-01-2025,FALSE,0.19
cust106247,Mrs. Barbara Taylor,3215849932,23,male,central,5/5/2024,FALSE,0.24
cust106248,Christine Mendoza,2278176184,63,female,central,29-01-2024,FALSE,0.14
cust106249,Mindy Maxwell,9021101156,54,male,central,1/10/2024,FALSE,0.32
cust106250,Robert Mendoza,4169853891,45,male,central,19-08-2021,FALSE,0.1
cust106251,Gregory Webster,7320143042,31,male,north,13-08-2023,FALSE,0.27
cust106252,Christina Osborne,4317893895,35,male,north,21-07-2023,FALSE,0.29
cust106253,Virginia Bailey,2574905307,49,male,south,15-03-2023,FALSE,0.41
cust106254,Lori Cruz,1789481030,38,female,south,18-05-2024,FALSE,0.14
cust106255,Michele Adams,7922722564,29,female,south,10/7/2023,FALSE,0.4
cust106256,Misty Roberts,9306478174,29,female,central,17-05-2022,TRUE,0.36
cust106257,Misty Briggs,9967990545,31,male,central,13-03-2022,FALSE,0.12
cust106258,Scott Jones,1384649033,70,female,south,12/1/2022,FALSE,0.18
cust106259,Catherine Smith,5993117844,55,female,south,2/9/2021,FALSE,0.26
cust106260,Brandon Ramsey,4716541482,64,male,north,25-06-2021,FALSE,0.19
cust106261,Jimmy Kelly,6066043741,47,male,west,16-06-2021,TRUE,0.27
cust106262,Kristin Cole,9893345115,36,male,south,5/6/2025,FALSE,0.24
cust106263,Anna Bell,7284812433,54,male,north,27-01-2021,TRUE,0.1
cust106264,Susan Lewis,3734691453,52,male,east,4/3/2025,FALSE,0.34
cust106265,Debra Christensen,5358748209,63,male,central,4/7/2024,FALSE,0.21
cust106266,Kimberly Richardson,5244391857,41,male,north,5/2/2024,FALSE,0.17
cust106267,Mr. James Romero,267125351,35,male,north,24-08-2021,FALSE,0.18
cust106268,Margaret Lambert,2511997778,68,male,north,9/11/2024,FALSE,0.31
cust106269,Mrs. Sarah Miller,648760579,68,male,central,9/2/2025,FALSE,0.27
cust106270,John Cruz,4643961976,55,male,north,23-01-2025,FALSE,0.35
cust106271,Timothy Fritz,1711595958,31,female,west,14-07-2023,FALSE,0.27
cust106272,Elizabeth Black,5188699095,57,male,central,4/8/2024,FALSE,0.3
cust106273,Adam Rodriguez,2441195093,70,female,west,30-07-2021,FALSE,0.23
cust106274,Dr. John Mullen DDS,5347763892,56,male,north,15-09-2020,FALSE,0.08
cust106275,Duane Thompson,6453078028,19,female,west,2/5/2023,TRUE,0.22
cust106276,Randall Roberts,7224350485,52,female,east,2/7/2024,FALSE,0.11
cust106277,William Morales,4944480754,31,male,west,24-10-2021,FALSE,0.29
cust106278,Tina Johnston,759092077,56,male,east,16-04-2023,FALSE,0.35
cust106279,Justin Le,7417177893,64,male,south,20-11-2022,FALSE,0.18
cust106280,Chelsea Day,7831755097,53,male,north,4/11/2022,FALSE,0.22
cust106281,Adam Young,5473382929,48,male,north,15-11-2020,FALSE,0.13
cust106282,Christian Randolph,2694068022,68,male,south,5/10/2022,FALSE,0.03
cust106283,Hannah Brown,1754728511,29,male,south,11/1/2024,TRUE,0.23
cust106284,Angel Thomas,9030513347,56,male,east,15-03-2024,FALSE,0.09
cust106285,Ashley Austin,453964675,66,male,west,16-06-2023,FALSE,0
cust106286,Antonio Martin,5822368279,47,female,south,18-10-2021,FALSE,0.2
cust106287,Mr. Daniel Reynolds,8274457870,57,male,central,12/2/2021,TRUE,0.17
cust106288,Jennifer Franco,1442139704,70,female,west,23-02-2025,FALSE,0.41
cust106289,Nicole Livingston,6180733132,54,male,central,1/6/2022,FALSE,0.14
cust106290,Michelle Barron,798386329,44,female,north,21-09-2021,FALSE,0.29
cust106291,Amy Jensen,7125597594,54,female,east,22-04-2021,FALSE,0.22
cust106292,Randall Sullivan,8775604700,25,other,central,3/6/2025,TRUE,0.08
cust106293,Chelsea Hughes,9435998313,30,female,central,20-09-2023,FALSE,0.28
cust106294,James Flores,850908621,44,male,west,27-03-2023,FALSE,0.18
cust106295,James Rodriguez,5820613041,55,male,west,18-06-2025,FALSE,0.1
cust106296,Joy Dixon MD,4336217782,56,male,west,8/1/2023,FALSE,0.23
cust106297,Jeremy Bruce,9921809288,64,female,east,10/5/2021,FALSE,0.25
cust106298,Robert Matthews,3084597100,50,male,north,1/9/2020,FALSE,0.25
cust106299,Lori Krueger,4664580139,54,male,north,12/2/2025,FALSE,0.44
cust106300,Sherry Gonzalez,6370687765,26,female,west,1/6/2025,FALSE,0.29
cust106301,Gregory King,4046945457,29,male,north,28-12-2023,FALSE,0.17
cust106302,Hunter Jackson,2811034278,58,female,south,16-08-2020,FALSE,0.03
cust106303,Brett Conrad,1239157273,57,female,north,18-11-2022,FALSE,0.14
cust106304,Kayla Lewis,5957578715,28,other,south,31-01-2021,FALSE,0.31
cust106305,Karen Perez,1125520690,47,male,east,7/8/2023,FALSE,0.33
cust106306,Frank Hall,2823975658,65,male,central,5/9/2024,FALSE,0.43
cust106307,Tammy Horton,5329365225,33,male,south,4/3/2024,FALSE,0.47
cust106308,Thomas Diaz,4947016980,38,female,east,22-09-2021,FALSE,0.26
cust106309,Laura Green,2740182763,25,female,north,8/7/2025,FALSE,0.27
cust106310,Jason Hayden,9615537666,67,male,south,4/9/2024,FALSE,0.16
cust106311,Billy Davis,2064513306,66,male,central,15-02-2024,FALSE,0.25
cust106312,Cynthia Ho,6531782012,23,female,central,11/6/2021,FALSE,0.27
cust106313,Johnathan Garcia DDS,3984797448,50,male,west,6/10/2023,FALSE,0.12
cust106314,Deborah Hancock,4936929282,59,female,south,8/2/2024,FALSE,0
cust106315,Alexander Johnston,7311970362,19,female,south,23-06-2022,FALSE,0.26
cust106316,Patricia Johnson,6101202463,57,female,central,25-08-2020,TRUE,0.44
cust106317,Zachary Peterson,9658226778,63,female,west,24-04-2024,FALSE,0.17
cust106318,Joshua Golden,4838454373,25,male,south,17-01-2021,FALSE,0.31
cust106319,Lisa Bird,8550763369,70,female,west,21-02-2021,TRUE,0.27
cust106320,Jonathan Baker,4149792963,68,male,north,6/11/2021,FALSE,0.37
cust106321,Tara Lewis,9828550860,23,female,west,18-06-2022,FALSE,0.07
cust106322,Courtney Harris,4522878001,34,female,central,9/3/2023,FALSE,0
cust106323,Sheila Kelley,7132475536,56,male,east,22-06-2025,FALSE,0.35
cust106324,Michael Rogers,8942891770,18,female,central,7/7/2022,TRUE,0.39
cust106325,Kristina Bradley,8236647077,21,male,east,18-09-2023,FALSE,0.02
cust106326,Carl Hill,2035330032,50,male,central,10/5/2021,FALSE,0.13
cust106327,Tasha Matthews,8921620113,23,female,east,25-01-2022,FALSE,0.14
cust106328,April Chavez,8936144064,33,male,central,22-02-2024,FALSE,0.08
cust106329,Mary Lane MD,2225705355,39,female,north,13-07-2021,FALSE,0
cust106330,Mrs. Amanda Smith,1031114763,65,female,central,22-02-2022,FALSE,0.09
cust106331,Vincent Callahan,563071084,28,female,west,4/5/2025,FALSE,0.07
cust106332,Brian Trevino,7477554521,54,female,west,6/12/2020,FALSE,0.24
cust106333,Jeanette Choi,5376106429,67,male,central,25-03-2021,TRUE,0.46
cust106334,Rachel Lara MD,3809354016,61,male,central,4/7/2023,FALSE,0.42
cust106335,Amber Johnson,8361067868,70,male,east,1/10/2024,FALSE,0.18
cust106336,William Long,2078878125,57,female,west,20-06-2022,FALSE,0.15
cust106337,Nicole Kelly,4310011889,58,female,west,31-03-2025,FALSE,0.22
cust106338,Nicholas Horton Jr.,1391170176,18,female,north,3/1/2021,FALSE,0.2
cust106339,Erik Bautista,728236199,34,male,central,6/3/2025,FALSE,0.14
cust106340,Jonathan Williams,3925939443,69,female,north,30-07-2024,FALSE,0.2
cust106341,Jesse Brown,7535893455,62,male,east,17-09-2022,FALSE,0.41
cust106342,Matthew Blanchard,8308254550,42,female,north,4/6/2024,FALSE,0.09
cust106343,Olivia Thomas,1108059509,36,female,north,24-12-2024,FALSE,0.13
cust106344,Megan Wright,9509280728,57,female,east,4/8/2022,FALSE,0.25
cust106345,Michael Stanley,4300664843,39,male,central,3/5/2024,TRUE,0.22
cust106346,William Stewart,8708450577,27,male,west,24-05-2025,FALSE,0.14
cust106347,Brent Lynch,5264930827,60,male,east,26-01-2022,TRUE,0.11
cust106348,Caroline Hatfield,1494234651,62,male,west,9/5/2022,FALSE,0.2
cust106349,Terrence Garcia,8236160990,67,female,north,3/1/2021,FALSE,0.14
cust106350,Jordan Paul,8993640068,22,female,south,2/9/2023,FALSE,0
cust106351,Shane Miller,7014682268,27,male,central,6/12/2023,FALSE,0.4
cust106352,Terry Norris,9015693294,18,female,east,5/6/2022,FALSE,0.12
cust106353,Amanda Miller,9755132429,39,male,west,30-12-2023,FALSE,0.3
cust106354,Aaron Cortez,1535076758,42,female,north,10/5/2024,FALSE,0.12
cust106355,Brian Harvey,6834096694,62,male,west,5/7/2021,FALSE,0.01
cust106356,Shawn Harvey Jr.,9005273006,59,female,north,11/12/2020,FALSE,0.38
cust106357,Ethan Wade,5525552432,68,female,west,24-02-2025,FALSE,0.13
cust106358,John Morgan,4838969797,31,female,east,6/8/2023,FALSE,0.25
cust106359,Mary Rubio,241426299,31,female,central,28-12-2023,FALSE,0.3
cust106360,Timothy Peters,5113597020,49,male,east,17-10-2021,FALSE,0.28
cust106361,Curtis Mckee,1372998291,27,male,south,12/11/2022,FALSE,0.27
cust106362,Ashley Hobbs,3927226964,39,male,central,20-03-2022,FALSE,0.04
cust106363,Laura Snyder,8544937781,44,female,central,6/4/2025,FALSE,0.45
cust106364,Jack Bailey,4323567679,32,male,west,12/9/2021,FALSE,0.26
cust106365,Daniel Schmidt,4222856684,25,male,east,11/3/2021,TRUE,0.13
cust106366,Nancy Clark,2537055747,33,male,north,6/3/2022,TRUE,0.17
cust106367,Matthew Sawyer,8883766415,57,female,north,11/3/2025,FALSE,0.2
cust106368,Joe Smith,4347117692,65,male,south,20-12-2023,FALSE,0.02
cust106369,Jay Harris,3277918451,24,female,east,28-12-2020,FALSE,0.14
cust106370,Natalie Wallace,8488895133,32,male,east,18-02-2024,FALSE,0.21
cust106371,Scott Mills,3012325545,34,male,central,5/7/2024,FALSE,0.18
cust106372,Kathleen Johnson,2635885273,39,male,west,25-11-2020,FALSE,0.31
cust106373,Johnny Miller,8282959418,23,male,central,25-08-2024,FALSE,0.13
cust106374,Mr. Michael Ewing,4169239313,64,male,south,9/6/2022,FALSE,0.09
cust106375,Kimberly Ho,4626826698,34,female,west,4/2/2021,FALSE,0.27
cust106376,Alyssa Mcguire,7081690500,46,male,east,4/5/2022,FALSE,0.11
cust106377,Robert Greene,1383715279,51,male,north,29-04-2022,FALSE,0.3
cust106378,Abigail Martinez,8310749208,33,female,central,21-06-2025,FALSE,0.31
cust106379,Emily Kramer DDS,7531777482,54,male,west,15-06-2024,FALSE,0.17
cust106380,Thomas Smith,770790705,28,female,west,29-04-2022,FALSE,0.12
cust106381,Nancy Monroe,2434778556,51,female,central,3/9/2023,FALSE,0.23
cust106382,Derek Crawford,3085838981,19,other,south,17-03-2024,FALSE,0.19
cust106383,Kelly Morris,5411718001,50,male,east,3/5/2024,FALSE,0.09
cust106384,Diane Jones,1134589919,43,male,west,8/4/2021,FALSE,0.19
cust106385,Martha Howard,1618430385,27,female,south,19-10-2023,FALSE,0.17
cust106386,Amanda Martinez,5804924182,37,male,central,7/1/2024,FALSE,0.16
cust106387,Heather Carpenter,8616135034,68,male,north,3/11/2021,TRUE,0.22
cust106388,Mrs. Kimberly Maddox DVM,9935448129,63,female,west,28-04-2025,FALSE,0.48
cust106389,Derrick Anderson,7428742451,51,male,south,10/2/2021,FALSE,0.04
cust106390,Brooke Campbell,1846521330,49,female,north,13-03-2024,FALSE,0.14
cust106391,Jacob Sullivan,209633813,51,male,central,2/12/2024,FALSE,0.14
cust106392,Christina Myers,3775321632,46,male,west,5/10/2023,FALSE,0.36
cust106393,Rachel Carson,9963042803,53,male,central,4/1/2022,FALSE,0.23
cust106394,Hayley Warner,9911408080,38,male,north,1/8/2025,FALSE,0.26
cust106395,Joshua Harmon,985866180,42,male,north,1/4/2023,FALSE,0.34
cust106396,Andrew Vincent,9876243813,40,female,east,10/6/2025,FALSE,0
cust106397,Ashley Warner,15893317,28,male,central,28-03-2021,FALSE,0.48
cust106398,Shawn Jones,2981635429,58,female,west,10/11/2021,FALSE,0.33
cust106399,Heather James,5521298952,60,female,central,13-07-2025,FALSE,0
cust106400,Patrick Anderson,9404275646,67,female,central,6/6/2022,FALSE,0.45
cust106401,Miranda Roberts,9067342275,29,male,north,24-12-2020,FALSE,0.22
cust106402,Sierra Simpson,1783452239,67,male,east,7/8/2020,FALSE,0.12
cust106403,Ashley Ortiz,6243733425,49,male,south,6/10/2021,FALSE,0.27
cust106404,Lisa George,6885016928,31,female,west,11/5/2025,FALSE,0.37
cust106405,Emily Fowler,1748428075,44,female,central,21-05-2022,FALSE,0.32
cust106406,Renee Bridges,8603188454,25,male,south,3/8/2024,FALSE,0.24
cust106407,Steven Martinez,2429716105,52,female,east,12/12/2023,FALSE,0.18
cust106408,Melissa Robinson,3229415903,61,male,south,4/7/2022,FALSE,0.35
cust106409,Tom Perez,6188814173,33,male,north,9/4/2023,FALSE,0.03
cust106410,Donald Phillips,6134402620,60,male,west,26-08-2021,FALSE,0.17
cust106411,Robert Clark,5464759782,22,female,west,24-04-2021,FALSE,0.24
cust106412,Christian Harris,7253004642,41,male,east,18-03-2022,FALSE,0.17
cust106413,David Pham,5207245497,70,female,west,16-06-2025,FALSE,0.11
cust106414,Monique Davis,8808467755,20,male,east,8/11/2024,FALSE,0.09
cust106415,Meagan Barnett,9542115294,55,male,west,29-05-2021,FALSE,0.09
cust106416,Dean Walsh,8812958515,41,female,west,30-08-2023,FALSE,0.14
cust106417,Kelly Gilbert,1906750181,28,female,west,6/6/2023,FALSE,0.17
cust106418,Sara Shea,1471896205,29,female,central,1/6/2023,FALSE,0.25
cust106419,David Fitzgerald,375372860,57,female,west,14-09-2022,FALSE,0.06
cust106420,Gary Levy,9840144439,60,male,east,14-11-2020,FALSE,0
cust106421,Robert Taylor,8148471247,65,male,south,10/4/2023,TRUE,0.17
cust106422,Lisa Osborne,3492126398,26,female,north,26-02-2025,FALSE,0.32
cust106423,Susan Evans,4145929790,44,other,north,26-02-2023,FALSE,0.2
cust106424,Kara Lyons,4401506679,44,male,south,4/6/2022,FALSE,0.11
cust106425,Valerie Solomon,8616469573,46,female,south,12/4/2024,FALSE,0.13
cust106426,Catherine Edwards,6549653958,57,female,north,6/4/2024,FALSE,0.08
cust106427,Shawn Johnson,1262618865,36,male,north,18-02-2024,FALSE,0.33
cust106428,Michael Wilson,9467247347,23,female,north,6/11/2023,FALSE,0.35
cust106429,David Perez,9582934358,61,other,east,6/1/2021,FALSE,0.27
cust106430,Holly Arroyo,4427385413,23,male,west,22-01-2021,FALSE,0.45
cust106431,William Clark,15357899,36,female,south,8/2/2023,FALSE,0.08
cust106432,Erica Torres,2550112005,61,female,east,20-03-2025,TRUE,0.31
cust106433,Michael Shelton,967392943,38,female,east,8/5/2024,FALSE,0.22
cust106434,Sarah Good,3372055273,63,female,east,17-07-2025,FALSE,0.1
cust106435,Katie Wyatt,2819972899,48,female,north,19-01-2021,TRUE,0.31
cust106436,Linda Duarte,2123961239,59,male,north,26-03-2022,FALSE,0.29
cust106437,John Richard,7838677346,47,male,central,26-01-2023,FALSE,0.08
cust106438,Marc Miller,5773340463,28,male,south,1/11/2024,FALSE,0.27
cust106439,Samantha Martinez,813636508,50,female,east,12/11/2024,FALSE,0.04
cust106440,Mrs. Margaret Cervantes MD,8001589773,23,male,east,25-03-2022,FALSE,0.23
cust106441,Daniel Bailey,1857024647,39,female,north,10/5/2023,FALSE,0.18
cust106442,James Mcclure,1433762534,64,male,north,6/2/2025,FALSE,0.3
cust106443,Cheryl Cohen,7754279220,20,female,south,7/4/2021,FALSE,0.14
cust106444,Michael Norton,9726222361,45,male,central,8/4/2022,TRUE,0.25
cust106445,Brenda Mcdowell,2036435363,66,female,east,4/11/2020,FALSE,0.02
cust106446,Craig Wood,5496437445,70,male,west,13-05-2022,FALSE,0.16
cust106447,David Ramirez,7963186562,39,female,north,14-09-2022,FALSE,0.05
cust106448,Samantha Evans,2240861957,52,female,east,10/4/2021,FALSE,0.15
cust106449,Joshua Butler,7176990530,24,female,north,15-05-2025,FALSE,0.19
cust106450,Crystal Sanchez,224898405,66,male,south,11/5/2021,TRUE,0.24
cust106451,Michael Anderson,5636151457,67,female,north,2/11/2021,TRUE,0.14
cust106452,John Lane,8062575129,26,male,north,2/2/2023,FALSE,0.36
cust106453,Kristina Lopez,7970559141,60,female,east,18-05-2025,FALSE,0.16
cust106454,Meredith Smith,2718225350,61,female,east,19-10-2020,FALSE,0.07
cust106455,Roger Lopez,7331850334,37,male,west,20-04-2025,FALSE,0.39
cust106456,Andrea Stevens,6572689313,50,female,central,30-08-2024,FALSE,0.28
cust106457,Samuel Carpenter,4616646891,31,female,east,25-10-2021,FALSE,0.2
cust106458,Melissa Hicks,3465791328,26,female,central,9/2/2024,FALSE,0.2
cust106459,Todd Clark,8096640387,70,male,central,23-03-2024,FALSE,0.28
cust106460,Travis Ford,7136459,44,female,west,3/7/2021,FALSE,0.32
cust106461,William Owens,9207185061,51,female,east,17-09-2023,FALSE,0.3
cust106462,Elizabeth Martin,6262070318,26,male,south,9/12/2024,FALSE,0
cust106463,Anthony Davidson,5718787719,69,female,west,2/12/2024,FALSE,0.27
cust106464,Wendy Thompson,7593045074,36,female,west,17-04-2023,FALSE,0.15
cust106465,Chelsea Mcdonald,5037555697,56,female,north,22-01-2025,FALSE,0.37
cust106466,Amanda Miller,7957676572,49,male,central,26-12-2022,FALSE,0.09
cust106467,Laura Gibson,7852032644,18,male,south,8/1/2022,FALSE,0.2
cust106468,Kirk Morgan,8609231355,20,male,south,16-05-2021,FALSE,0.19
cust106469,David Wood,5647285717,27,male,central,23-01-2021,FALSE,0.31
cust106470,Keith Walker,6486752121,67,male,central,4/8/2025,FALSE,0.12
cust106471,Sarah Atkinson,6862848688,46,female,north,17-07-2023,FALSE,0.22
cust106472,Jeremy Garcia,8084223937,29,male,central,21-11-2023,FALSE,0.02
cust106473,Jonathan Chavez,6757474669,46,male,south,26-02-2023,FALSE,0.22
cust106474,Valerie Wells,5913685844,30,male,west,6/2/2023,FALSE,0.33
cust106475,David Patterson,7330694648,32,female,west,26-06-2022,FALSE,0
cust106476,Jerome Garner,7768505257,42,female,central,19-01-2021,FALSE,0.13
cust106477,Eric Jackson,4265766319,63,male,north,1/8/2025,FALSE,0.29
cust106478,Ms. Heather Gutierrez MD,932654217,42,male,south,15-11-2024,FALSE,0.19
cust106479,Carol Robinson,671630296,65,male,north,30-05-2021,FALSE,0.41
cust106480,Tammy Contreras MD,5597215366,27,male,north,4/11/2021,FALSE,0.07
cust106481,Angela Hays,4701861299,61,female,north,23-11-2022,FALSE,0.08
cust106482,Peter Morton,109686522,50,male,central,20-05-2022,FALSE,0.19
cust106483,Justin Jones,2393702873,50,male,south,10/1/2022,FALSE,0.2
cust106484,Helen Hill,5780435101,20,female,east,20-09-2022,FALSE,0.42
cust106485,Jimmy Levy,5901914578,67,female,west,2/7/2023,FALSE,0.34
cust106486,Cameron Chambers,447283078,26,male,south,12/7/2022,FALSE,0.24
cust106487,Jody Rodriguez,8806617032,34,male,central,17-08-2020,FALSE,0.02
cust106488,Lawrence Ortega,2293574400,59,male,central,24-01-2023,FALSE,0.23
cust106489,Alvin Matthews,1231590252,38,female,central,15-04-2025,FALSE,0.23
cust106490,Karen Morse DDS,4374422550,60,male,west,3/6/2021,FALSE,0.19
cust106491,Chad Schmidt,6723482487,62,male,north,9/8/2023,FALSE,0
cust106492,Aaron Ramos,8807025020,36,male,east,18-04-2023,FALSE,0.28
cust106493,Christine Mcclain,6258141831,27,female,east,27-08-2022,FALSE,0.4
cust106494,Mario Bradley,5239827248,38,male,east,23-04-2024,FALSE,0.26
cust106495,Jacqueline Bennett,308831772,62,male,west,2/2/2024,FALSE,0.13
cust106496,Gwendolyn Dominguez,7811473793,64,female,south,12/7/2023,FALSE,0.29
cust106497,Danielle Foley,1785304156,60,male,west,24-06-2022,TRUE,0
cust106498,Jonathan Cook,996957583,26,female,west,28-01-2023,FALSE,0.28
cust106499,Dr. Nicholas Brady,5239145040,27,female,west,22-06-2021,FALSE,0.1
cust106500,Susan Chambers,9718101612,41,male,west,30-08-2020,FALSE,0.18
cust106501,Brittany Mann,5657381365,18,female,central,17-08-2022,FALSE,0.49
cust106502,Kevin Cantrell,5772941815,67,female,west,16-08-2022,FALSE,0.29
cust106503,Kristin Hogan,9511387644,53,male,north,3/5/2023,FALSE,0.2
cust106504,Rachel Morrow,6098200945,66,male,south,12/1/2025,FALSE,0.24
cust106505,Antonio Vazquez,9542290664,24,female,south,21-05-2024,FALSE,0.06
cust106506,Courtney Bennett,1758377265,61,male,south,5/9/2024,TRUE,0.29
cust106507,Carolyn King,727456493,37,male,north,24-10-2022,FALSE,0.23
cust106508,Julia Singleton,4700443786,19,female,west,13-02-2025,FALSE,0.31
cust106509,Dr. Taylor Baldwin MD,5882095587,32,male,east,23-04-2025,FALSE,0.08
cust106510,Ruben Lopez,1824399486,33,male,south,27-11-2021,FALSE,0.05
cust106511,Aaron Hampton,1629209259,26,female,central,11/3/2025,FALSE,0.03
cust106512,Alex Baker,3491201884,57,female,west,4/7/2025,FALSE,0.17
cust106513,Jeffrey Castaneda,7047171733,41,male,north,16-01-2022,FALSE,0.13
cust106514,Daniel Solomon,6182526241,67,male,south,22-05-2023,FALSE,0.42
cust106515,Karen Sanders MD,4732543035,51,male,east,22-04-2023,FALSE,0.25
cust106516,Casey Wallace,3060354264,70,male,south,8/6/2021,FALSE,0.61
cust106517,Tracy Silva,1031154941,36,male,east,27-07-2021,FALSE,0.18
cust106518,Mark Liu,6415641183,38,female,south,31-07-2021,FALSE,0.24
cust106519,Mary Gilbert MD,8964430377,52,male,central,1/7/2024,TRUE,0.12
cust106520,John Hoover,7018320811,45,female,east,7/3/2024,FALSE,0.01
cust106521,Jared Haynes,2513603941,53,female,north,18-05-2022,FALSE,0.18
cust106522,Danny Robinson,1530768453,35,male,east,27-08-2024,FALSE,0.22
cust106523,Jodi Choi,9301385118,35,other,north,26-10-2022,FALSE,0.33
cust106524,Stephen Rodriguez,6726484278,18,female,north,14-07-2024,FALSE,0
cust106525,Julie Burns,4714040152,35,female,west,16-10-2021,FALSE,0.22
cust106526,Diana Cruz,6682425695,28,female,central,5/8/2024,FALSE,0.18
cust106527,Garrett Griffith,3953160274,48,male,east,3/12/2021,FALSE,0.22
cust106528,Kristin Jones,7935690375,27,female,east,7/11/2024,FALSE,0.06
cust106529,Aaron Jones,2097092720,28,male,east,16-04-2022,TRUE,0.26
cust106530,Robert Johnson,2189858135,50,male,west,6/6/2023,FALSE,0.35
cust106531,Lisa Clark,8881146984,33,female,west,8/11/2021,FALSE,0.13
cust106532,Roger Bowman,2459954938,34,male,central,27-05-2021,FALSE,0.09
cust106533,Justin Elliott,425213573,70,female,north,24-06-2025,FALSE,0.14
cust106534,Sharon Rowland,4388236992,64,male,north,20-01-2021,FALSE,0.1
cust106535,Amanda Williams,4602974122,40,female,north,28-09-2020,FALSE,0.32
cust106536,Mary Hogan,932574487,61,male,east,20-06-2021,FALSE,0.27
cust106537,Angela Carpenter,3463790530,33,female,north,19-10-2020,FALSE,0.26
cust106538,Andrew Moore MD,2900246077,58,male,south,4/9/2024,TRUE,0.34
cust106539,Joy Lin DDS,6828538763,27,male,south,3/12/2024,FALSE,0.18
cust106540,Connie Trujillo,8268505582,38,female,east,17-02-2024,FALSE,0.25
cust106541,Karen Hernandez,6754563203,63,female,west,4/11/2023,FALSE,0.08
cust106542,Ashley Schmitt,65341544,70,female,north,7/8/2021,FALSE,0.11
cust106543,Nicholas Wang,9578862273,46,male,north,1/5/2022,FALSE,0.25
cust106544,Justin Paul,5630236823,69,female,west,23-03-2025,FALSE,0.06
cust106545,Eric Hall,4072199051,53,male,north,18-08-2020,FALSE,0.13
cust106546,Robert Marshall,4588995762,30,female,south,14-12-2023,FALSE,0.24
cust106547,Edward Smith,3083780084,52,male,north,13-08-2024,FALSE,0.33
cust106548,Stacey Robinson,2841157074,48,male,north,15-09-2021,TRUE,0.02
cust106549,Sherri Jones,3899997559,18,female,central,30-03-2021,TRUE,0.26
cust106550,Michael Greer,3517335672,68,female,east,15-03-2025,FALSE,0.38
cust106551,Bradley Nicholson,9270946782,49,female,central,27-05-2024,FALSE,0.28
cust106552,Mario Douglas,4346462245,43,female,west,20-01-2021,FALSE,0.09
cust106553,David Sanders,2055868045,27,female,west,19-10-2023,FALSE,0.18
cust106554,John Henry,3489228041,19,male,west,6/5/2022,FALSE,0.21
cust106555,Barbara Warren,8146062674,37,male,north,21-11-2022,TRUE,0.09
cust106556,Suzanne Hansen,7194494834,54,male,north,18-07-2024,FALSE,0.35
cust106557,Brooke Gilbert,3612957548,22,male,east,25-04-2022,FALSE,0.05
cust106558,Christopher Byrd,6029758417,39,male,south,14-11-2024,FALSE,0.23
cust106559,David Cooper,5741144370,39,male,central,3/10/2022,FALSE,0.09
cust106560,Gary Jensen,9516497449,39,male,east,29-05-2023,FALSE,0.33
cust106561,Joe Baker,5839873438,39,female,central,21-06-2021,FALSE,0.08
cust106562,Christopher Bonilla,1554776363,66,male,north,15-01-2025,FALSE,0.27
cust106563,Mary Martin,6962020531,66,female,south,16-04-2024,TRUE,0.2
cust106564,Christina Moran,8887623382,60,female,north,28-11-2023,FALSE,0.36
cust106565,Ethan Castillo,2718351563,27,female,south,24-05-2024,FALSE,0.1
cust106566,Sara Myers,6655468500,36,female,central,29-08-2020,FALSE,0.4
cust106567,Stephen Gonzalez,8193485035,27,male,east,16-11-2023,FALSE,0.29
cust106568,April Everett,5148577288,21,male,south,16-04-2024,TRUE,0.25
cust106569,Jonathan Winters,4173252174,52,other,central,19-02-2025,FALSE,0
cust106570,Stacy Moody,6827927403,48,female,north,11/6/2022,FALSE,0
cust106571,Tony King,2702073778,39,female,east,12/6/2022,FALSE,0.1
cust106572,Terry Dominguez,1629678884,39,female,north,7/5/2025,FALSE,0.17
cust106573,Debra Woods,9098443248,52,female,east,22-03-2021,FALSE,0.16
cust106574,Christine Holmes,5478623527,53,female,south,12/7/2025,FALSE,0.18
cust106575,Ian Hansen,6723518643,51,male,west,12/1/2023,FALSE,0
cust106576,Miguel Perez,6215155901,68,male,east,17-04-2022,TRUE,0.13
cust106577,Andrea Jackson,7991361860,28,female,north,9/5/2021,FALSE,0.19
cust106578,Derrick Gallagher,1796582190,35,female,south,7/1/2025,FALSE,0.12
cust106579,Kevin Simmons Jr.,5452418230,27,female,central,2/4/2021,FALSE,0.22
cust106580,Christina Wood,9652436187,47,other,south,29-06-2021,FALSE,0.24
cust106581,Daniel Hernandez,4769020319,70,female,south,5/10/2021,TRUE,0.18
cust106582,Alexander Harrison,1003237589,53,male,north,27-10-2023,FALSE,0.33
cust106583,Holly Moore,9536752132,70,female,east,18-02-2022,FALSE,0.34
cust106584,Michelle Banks,2830981047,62,female,north,20-10-2021,FALSE,0.34
cust106585,Courtney Rodriguez,9100817005,35,female,north,9/3/2023,TRUE,0
cust106586,Cheryl King,6671332440,43,female,north,20-08-2020,FALSE,0.26
cust106587,Robert Williams,4278281567,35,male,west,30-05-2025,TRUE,0.27
cust106588,Christopher Tran,2590816831,53,male,west,1/11/2021,FALSE,0.22
cust106589,Matthew Novak,7859992698,31,female,central,19-06-2023,FALSE,0.4
cust106590,Alicia Morris,4518192025,56,female,south,15-10-2020,FALSE,0.1
cust106591,Dominic Chang,2272634388,67,male,north,21-11-2022,FALSE,0.28
cust106592,Walter Schmidt,125592370,60,male,central,10/12/2023,FALSE,0.36
cust106593,Steven Jensen,4938080040,61,female,south,8/11/2024,FALSE,0.21
cust106594,Erin Alexander,1679081517,64,male,central,4/10/2023,FALSE,0.2
cust106595,Maria Anderson,6555820618,68,female,east,8/6/2022,FALSE,0
cust106596,Bryan Evans,205874340,49,female,central,11/3/2024,FALSE,0.12
cust106597,Leah Tanner,9906669915,60,female,south,24-06-2021,FALSE,0.23
cust106598,Andrew Nelson,969064537,36,female,central,7/6/2021,FALSE,0.23
cust106599,Alejandro Wagner,5513835256,29,male,north,16-12-2022,FALSE,0.07
cust106600,Tommy Wilson,817607215,51,female,south,20-06-2023,FALSE,0.08
cust106601,Andrea Porter,6375679409,58,male,north,12/10/2020,FALSE,0.17
cust106602,Elizabeth Pope,7318647724,62,female,central,15-09-2023,FALSE,0.27
cust106603,Keith Robinson,8522266645,51,male,central,4/5/2021,FALSE,0.3
cust106604,Christopher Lewis,5763495652,57,male,east,20-10-2020,FALSE,0.2
cust106605,Tammy Lester,3107188575,64,female,south,19-06-2025,FALSE,0.37
cust106606,Christopher Schmitt,2784340610,31,male,east,27-08-2020,FALSE,0.15
cust106607,Michelle Brown,3947825944,39,female,central,19-03-2021,FALSE,0.16
cust106608,Carrie Wang,7264436064,62,male,west,5/2/2022,FALSE,0.24
cust106609,Sarah Tucker,5577368301,39,female,east,21-07-2022,FALSE,0.11
cust106610,Reginald Doyle,8455597829,60,female,east,31-08-2022,FALSE,0.19
cust106611,Michael Horn,8804565656,47,male,south,24-01-2023,FALSE,0
cust106612,Sharon Logan,1386511124,58,female,west,29-01-2022,FALSE,0.21
cust106613,Jasmine Holt,9145483083,65,male,west,2/6/2021,FALSE,0.32
cust106614,Brandon Ayala,4086352937,19,female,west,11/4/2023,FALSE,0.11
cust106615,Edward Lewis,4651192711,22,male,north,26-03-2023,TRUE,0.26
cust106616,Joseph Cole,8414649154,55,female,west,19-03-2023,FALSE,0.31
cust106617,Dale Wilson,2895180313,63,male,central,6/6/2021,FALSE,0.18
cust106618,Rhonda Jones,8122150187,42,female,east,8/11/2023,FALSE,0.26
cust106619,Stacey Anderson,3242095806,51,female,central,28-02-2024,FALSE,0.03
cust106620,Steven Bush,2142203965,35,male,central,31-03-2022,FALSE,0.13
cust106621,Mrs. Samantha Aguilar,5674738606,23,female,east,28-12-2023,FALSE,0.41
cust106622,Gary Morrison,2695878138,67,male,north,1/7/2024,FALSE,0.1
cust106623,Chris Hardin,4671452780,54,male,east,18-01-2025,FALSE,0.19
cust106624,Stephanie Erickson MD,7179746093,25,male,south,3/3/2025,FALSE,0.02
cust106625,Daniel Perez,332561516,26,female,central,10/12/2024,FALSE,0.29
cust106626,Bryan Green,1872362150,26,female,west,15-07-2022,FALSE,0.19
cust106627,Linda Knox,7279276340,37,male,central,7/8/2021,FALSE,0.22
cust106628,Christina Garcia,9250220932,20,male,west,13-03-2024,FALSE,0.3
cust106629,Nancy Cooper,9771432886,70,male,west,29-01-2024,FALSE,0.32
cust106630,Janet Hernandez,732835056,50,male,east,25-09-2022,FALSE,0.17
cust106631,Keith Hall,588903852,68,female,north,28-12-2021,FALSE,0.16
cust106632,Kimberly Johnson,527117311,48,female,west,15-05-2022,FALSE,0.27
cust106633,Maria Hall,5342646819,50,male,north,7/5/2023,FALSE,0.12
cust106634,Caitlyn Le,7418416196,53,female,south,27-01-2023,FALSE,0.26
cust106635,Tara Stewart,8794611796,25,male,south,20-10-2020,FALSE,0.56
cust106636,Jordan Turner,8615053167,36,female,central,21-12-2023,FALSE,0.27
cust106637,Bryan Ramirez,97652074,62,female,north,29-12-2022,TRUE,0.24
cust106638,Susan Potter,7627525770,27,female,central,4/9/2022,FALSE,0.18
cust106639,Nicholas Baker,4119617225,32,male,north,1/7/2021,FALSE,0.12
cust106640,Ashley Williams,8630550830,64,male,east,15-05-2024,FALSE,0.31
cust106641,Sheryl Townsend,7563995355,54,female,east,15-06-2025,FALSE,0.15
cust106642,Sherry Potts,3090178689,39,male,west,19-03-2025,FALSE,0.22
cust106643,Alexandra Alvarez,9140280713,45,male,south,17-08-2022,FALSE,0.39
cust106644,Vanessa Cunningham,6113791307,33,male,east,26-06-2024,TRUE,0.15
cust106645,Ernest Burns,1779638590,52,male,central,21-12-2021,FALSE,0.21
cust106646,Linda Riley,3644906520,50,male,east,13-05-2024,FALSE,0.04
cust106647,Michele Joseph,3805172394,55,female,central,8/6/2023,TRUE,0.3
cust106648,Mary Cook,4286250026,47,female,east,5/10/2020,FALSE,0.31
cust106649,Christine Rogers,7280372515,65,male,south,2/7/2025,FALSE,0.19
cust106650,Michael Harrington,1663090878,36,male,south,8/9/2024,FALSE,0.17
cust106651,Danny Moody,465519475,55,female,south,7/8/2022,FALSE,0.18
cust106652,Rachel Thompson,5205326690,39,male,west,5/1/2023,FALSE,0.38
cust106653,Logan Coleman,3964321792,18,female,south,22-01-2025,TRUE,0.32
cust106654,Joshua Reyes,4079122536,65,male,central,13-02-2025,FALSE,0.22
cust106655,Victoria Mann,7868852683,54,female,north,15-05-2024,FALSE,0.3
cust106656,Noah Allen,8038512923,64,female,north,2/7/2024,FALSE,0.01
cust106657,Douglas Gray,1205439848,25,male,south,29-10-2022,FALSE,0.51
cust106658,Kimberly Williams,7482397116,61,male,east,6/10/2021,FALSE,0.39
cust106659,Michael Powell,4856027469,36,male,central,9/8/2021,FALSE,0.51
cust106660,Daniel Kerr,9013980533,66,female,north,29-11-2020,FALSE,0.35
cust106661,Ashley Bridges,621916841,37,female,central,22-07-2025,FALSE,0.36
cust106662,Barbara Barker,6543859022,60,female,south,4/10/2021,FALSE,0.2
cust106663,Joseph Haley,1393021784,31,female,south,12/7/2023,FALSE,0.04
cust106664,Donna Briggs,8524112513,27,female,north,2/5/2021,FALSE,0.18
cust106665,Darren Haley,8356426596,45,male,central,5/1/2025,FALSE,0.04
cust106666,Austin James,3785925559,27,female,east,21-09-2021,FALSE,0.15
cust106667,Cathy Moody,4642359682,62,male,central,4/12/2021,FALSE,0.26
cust106668,Becky Simpson,7757328265,31,female,west,28-11-2024,FALSE,0.24
cust106669,Catherine Jones,2917406461,42,female,east,9/10/2023,FALSE,0.03
cust106670,Frank Hudson,4330905137,43,female,west,25-04-2021,FALSE,0.04
cust106671,Brian Joseph,6678382857,45,male,south,3/7/2022,FALSE,0.08
cust106672,Abigail Williams,3707142515,42,male,south,25-11-2020,TRUE,0.19
cust106673,David Romero,1652784107,49,female,west,18-09-2023,FALSE,0.21
cust106674,Jared Wells,2453024803,50,female,south,8/5/2025,FALSE,0.05
cust106675,Michael Klein,8702909942,64,male,west,28-09-2022,FALSE,0.16
cust106676,Jennifer Ewing,720913860,22,male,east,18-01-2021,FALSE,0.31
cust106677,Mary Cooper,6484963089,20,male,north,16-07-2022,FALSE,0.11
cust106678,Steven Gray,6850958765,25,female,east,2/9/2021,FALSE,0.26
cust106679,Ryan Johnson,9455208555,35,female,central,27-07-2021,FALSE,0.09
cust106680,Thomas Cook,9663402917,61,female,south,28-04-2025,TRUE,0.31
cust106681,Melissa Morales,9978233665,66,male,north,19-04-2022,FALSE,0.09
cust106682,Joshua Martinez,5020007370,36,female,east,17-09-2023,FALSE,0.22
cust106683,Edward Lopez,9294279292,26,male,west,21-08-2024,TRUE,0.15
cust106684,Mandy Gonzalez,9570207789,21,female,west,22-07-2021,FALSE,0.22
cust106685,Mike Jones,9215363218,56,male,north,21-09-2023,FALSE,0.14
cust106686,Adrienne Pham,9189566733,33,other,north,19-04-2022,FALSE,0.35
cust106687,Megan Sanchez,9192314380,40,male,south,6/4/2022,FALSE,0.1
cust106688,Colton Wallace,5913821581,20,male,north,25-12-2020,FALSE,0.37
cust106689,Kyle Norris,5767861310,25,female,north,10/9/2023,FALSE,0
cust106690,Dustin Carr,8455254182,22,female,south,16-09-2023,FALSE,0.13
cust106691,Bradley Wilson,5275233483,59,male,east,23-04-2024,FALSE,0.1
cust106692,Dillon Baker,171667793,56,male,east,19-05-2021,FALSE,0.13
cust106693,Amanda Zimmerman,8561298407,50,female,west,1/12/2023,FALSE,0.2
cust106694,John Jackson,2047220990,52,female,east,18-05-2025,FALSE,0.18
cust106695,Olivia West,3728724008,68,female,central,20-11-2022,FALSE,0.34
cust106696,Alyssa Edwards,2804669675,39,female,east,1/3/2025,FALSE,0.15
cust106697,Joshua Wheeler,3776620541,65,male,east,10/12/2021,FALSE,0.16
cust106698,Jennifer Berry,6348753695,52,female,east,30-06-2023,FALSE,0.19
cust106699,Jessica Brown,4524758103,47,male,east,14-10-2023,FALSE,0.07
cust106700,Stephanie Ortega,9232526501,19,male,north,3/11/2023,FALSE,0.2
cust106701,Tina Mcdonald,7007476643,51,female,north,22-10-2020,FALSE,0.33
cust106702,Darren Miller,4314776005,68,female,south,12/7/2024,FALSE,0.2
cust106703,Gary Morales,5408500117,20,female,east,8/3/2023,TRUE,0.04
cust106704,Pamela Navarro,3264603085,65,female,west,8/8/2020,TRUE,0.26
cust106705,Desiree Adams,6067924625,38,male,north,14-04-2021,FALSE,0.19
cust106706,Tracy Newman,5641512209,20,male,central,25-01-2024,FALSE,0.32
cust106707,James Wilson,1953417715,29,male,central,9/3/2024,FALSE,0
cust106708,Diane Mason,9175486250,48,female,west,5/12/2021,FALSE,0.23
cust106709,Amanda Johnston,7190019088,66,female,west,20-01-2025,FALSE,0
cust106710,Karen Rivers,2046917512,29,female,south,9/1/2022,FALSE,0.17
cust106711,Diana Baker,9053227633,58,male,east,16-06-2025,FALSE,0.27
cust106712,Jack Gordon,9937389704,22,male,central,9/5/2024,FALSE,0.09
cust106713,Debbie Reeves,5965403958,26,female,south,23-07-2021,FALSE,0.31
cust106714,Paul Harris,3356864537,24,male,central,17-02-2025,FALSE,0.3
cust106715,Tyler Williams,2818410587,40,male,central,23-02-2022,TRUE,0.28
cust106716,Joshua Nguyen,5992081181,52,male,east,30-12-2021,FALSE,0.09
cust106717,Thomas Browning,9126793529,54,female,west,11/11/2020,FALSE,0.22
cust106718,Jennifer Dominguez,3240278316,50,male,west,10/11/2020,FALSE,0.22
cust106719,Travis Simon,5130798510,34,male,east,15-05-2024,FALSE,0.27
cust106720,Carla Brown,1450629865,51,male,west,17-10-2022,TRUE,0.27
cust106721,Alexis Nelson,2476670746,29,female,west,26-07-2025,TRUE,0.1
cust106722,James Smith,3501481530,54,female,east,16-09-2020,FALSE,0.29
cust106723,Mike Jacobs,5967016184,70,female,west,1/10/2023,FALSE,0.1
cust106724,Aaron Farrell,9835384480,55,female,west,30-09-2024,FALSE,0.48
cust106725,Tyler King,435442289,65,male,central,12/8/2023,FALSE,0.26
cust106726,Austin Wallace,6420226969,69,female,west,20-12-2022,FALSE,0.29
cust106727,Mark Duncan,5553326447,48,female,south,28-09-2022,FALSE,0.16
cust106728,Martha Hudson,3540611036,55,female,central,6/2/2021,FALSE,0
cust106729,Justin Fleming,783567087,50,female,east,19-03-2023,FALSE,0.31
cust106730,Jillian Rhodes,9583569775,48,female,south,9/12/2024,FALSE,0.04
cust106731,Marc Cohen,5902154392,31,female,east,1/3/2024,FALSE,0.23
cust106732,Jamie Chen,9839787721,37,female,north,12/11/2022,FALSE,0.16
cust106733,David Hernandez,3724835191,38,male,south,9/8/2022,FALSE,0.23
cust106734,Eric Fisher,2894701019,50,male,north,2/9/2024,FALSE,0.31
cust106735,Dennis Diaz,9093163400,31,female,west,8/11/2020,FALSE,0.19
cust106736,Keith Rivera,3396641968,27,male,east,30-12-2021,FALSE,0.44
cust106737,Daniel Chavez,1828673158,57,female,central,7/3/2023,FALSE,0.39
cust106738,Christina Taylor,8383573649,52,male,east,2/12/2021,FALSE,0.17
cust106739,Gwendolyn Shields,2493988866,52,female,south,10/2/2023,FALSE,0.22
cust106740,Theresa Richardson,3676423204,31,male,central,28-11-2023,TRUE,0.35
cust106741,John Duran,1033157888,41,female,central,9/4/2022,TRUE,0.16
cust106742,Ronald Ramirez,1595910529,62,female,central,19-07-2024,FALSE,0.27
cust106743,Eric Anderson,1608098308,41,male,south,3/2/2025,FALSE,0.25
cust106744,Paige Black,2748677139,26,female,central,7/8/2024,FALSE,0.36
cust106745,Austin Kerr,4934498467,18,male,central,12/1/2021,FALSE,0.17
cust106746,Ms. Sara Gross,5121571810,43,female,central,14-10-2020,TRUE,0.17
cust106747,Amanda Olsen,9118152213,58,male,north,17-11-2021,FALSE,0.17
cust106748,Kristy Miller,8791040629,48,female,central,19-03-2022,FALSE,0.14
cust106749,Beth Johnson,7467771917,51,male,east,23-05-2022,FALSE,0.13
cust106750,Paula Mcconnell,1072490610,63,male,north,26-12-2020,FALSE,0.14
cust106751,Tracy Kennedy,3357863781,56,male,west,25-06-2021,FALSE,0.18
cust106752,Olivia Kennedy,2479666684,50,male,north,9/1/2023,FALSE,0.02
cust106753,Mitchell Smith,8147207680,28,female,west,20-10-2021,FALSE,0.11
cust106754,Lisa Thomas,1043180677,48,male,west,20-11-2022,FALSE,0.14
cust106755,Joseph Santiago,2781181828,56,male,central,10/9/2020,FALSE,0.1
cust106756,Amy Porter,568552992,20,male,west,14-04-2021,FALSE,0.45
cust106757,Kimberly Branch,9887468347,27,male,east,22-10-2022,FALSE,0.2
cust106758,Kyle Hill,1451292440,53,male,north,31-08-2024,FALSE,0.19
cust106759,Elizabeth Ho,5386944345,65,female,south,1/5/2021,FALSE,0
cust106760,Craig Hughes,35738610,69,male,west,7/5/2023,FALSE,0.24
cust106761,Michael Anderson,7362273774,26,male,north,27-05-2025,FALSE,0.22
cust106762,Joshua Tran,1168735675,29,male,west,7/5/2024,FALSE,0.17
cust106763,Tina Mitchell,8449140953,40,male,west,28-01-2024,FALSE,0.1
cust106764,Damon Ferguson,7679352347,38,female,central,27-08-2024,FALSE,0.24
cust106765,James Barron,4161784816,27,female,central,12/2/2024,FALSE,0.26
cust106766,Stephen Cooper,2344524299,35,female,east,11/1/2024,FALSE,0.05
cust106767,James Gray,7901329334,34,female,west,14-02-2023,FALSE,0.12
cust106768,Kevin Taylor,7582124656,56,female,north,2/6/2025,FALSE,0.2
cust106769,Sarah Patel,7800109702,20,female,central,27-08-2020,TRUE,0.24
cust106770,Crystal Franklin,6509148123,26,female,south,2/6/2024,FALSE,0.13
cust106771,Hannah Harris,5731366874,61,male,west,27-10-2021,FALSE,0
cust106772,Mrs. Angela Castro,6627535202,33,male,central,6/10/2023,FALSE,0.24
cust106773,Mark Brown,2090037039,62,male,central,8/11/2020,FALSE,0.14
cust106774,Veronica Avery,309718006,20,female,north,20-01-2022,FALSE,0.27
cust106775,Jennifer Johnson,1272571796,53,male,north,10/3/2022,FALSE,0.18
cust106776,Jennifer Russo,1855420548,55,male,east,8/11/2021,FALSE,0.05
cust106777,Denise Summers,6738115573,64,male,east,21-01-2021,FALSE,0.23
cust106778,Shari Ball,5143112642,65,female,west,29-04-2025,FALSE,0.4
cust106779,Michael Morrison,4804785168,37,male,east,10/4/2024,FALSE,0.04
cust106780,Tammy Ortiz,2345187816,51,female,central,25-06-2025,FALSE,0.19
cust106781,Caitlin Hill,249495857,63,female,south,6/6/2024,FALSE,0.25
cust106782,Scott Hancock,654853639,29,female,south,3/11/2023,FALSE,0.23
cust106783,Ruth Barnett,8747311528,27,male,south,14-06-2022,FALSE,0.25
cust106784,Karen Stevens,471851309,46,female,north,1/5/2023,FALSE,0.23
cust106785,Roger James,5190228308,55,female,central,11/3/2025,TRUE,0.06
cust106786,Mark Mckee,9567171528,56,male,west,27-08-2024,FALSE,0.29
cust106787,Joseph Taylor,1803296399,55,male,east,1/1/2023,TRUE,0.21
cust106788,Zachary Arroyo,2059880690,24,female,north,23-04-2024,FALSE,0.25
cust106789,Mrs. Heidi Scott,62724060,69,female,north,27-05-2025,FALSE,0.43
cust106790,Brandon Leblanc,6081241970,36,male,east,17-10-2021,FALSE,0.08
cust106791,Darren Huynh,9454001717,31,female,north,24-01-2021,TRUE,0.03
cust106792,Debbie Palmer,1471911306,58,female,south,3/1/2025,TRUE,0.2
cust106793,Timothy Sanchez,4863284216,62,female,west,27-12-2022,FALSE,0.17
cust106794,Tony Williams,9152436631,53,male,west,26-03-2022,FALSE,0.12
cust106795,Joseph Yu,1868845127,64,female,south,13-10-2022,FALSE,0
cust106796,Lisa Grant,5614086627,38,male,central,13-07-2023,FALSE,0.16
cust106797,Sherri Murphy,6939433464,19,male,central,16-10-2020,FALSE,0.29
cust106798,Alicia Shannon,6157820446,36,male,east,8/9/2023,FALSE,0.16
cust106799,Eric Munoz,9732092266,28,female,north,20-07-2021,FALSE,0.12
cust106800,Jessica Huang,19888845,70,male,south,6/12/2022,FALSE,0.27
cust106801,Shane Ramsey,7782910216,31,male,central,2/1/2024,FALSE,0.25
cust106802,Teresa Bowers,8227766940,56,female,central,2/5/2021,FALSE,0.4
cust106803,Mary James MD,3992938582,22,female,west,18-04-2023,FALSE,0.16
cust106804,Kelly Norris,2486993679,64,male,north,20-09-2022,FALSE,0.13
cust106805,Dean Mayer,9139575243,39,female,east,7/1/2025,FALSE,0.14
cust106806,Mark Mccall,1761442252,20,male,east,10/10/2020,TRUE,0.03
cust106807,Tyler Camacho,9980909421,21,male,east,15-03-2021,FALSE,0.05
cust106808,Rachel Gill,3301125549,20,female,north,31-03-2025,FALSE,0.26
cust106809,Brianna Montgomery,5779923771,53,female,central,3/10/2023,FALSE,0
cust106810,Timothy Perez,805583460,63,other,south,12/5/2022,FALSE,0.08
cust106811,Rebecca Castro,7265726686,56,female,south,29-05-2025,FALSE,0.28
cust106812,Jessica Elliott,4746044228,32,female,east,20-10-2022,FALSE,0.13
cust106813,Ronald Wright,6994959378,62,female,central,11/5/2021,FALSE,0.09
cust106814,Patricia Mclaughlin,2589097960,38,female,east,20-01-2023,FALSE,0.19
cust106815,William Mercer,5491426844,57,male,west,12/1/2024,FALSE,0.16
cust106816,Amanda Ellis,951737482,63,female,north,13-01-2022,FALSE,0.37
cust106817,Mark Montgomery,9648063108,67,male,west,16-11-2021,FALSE,0.09
cust106818,Robert Benson,4194127929,35,male,central,22-01-2023,TRUE,0.05
cust106819,Steven Bates,3769024839,65,male,east,26-08-2024,TRUE,0.09
cust106820,Jaime Munoz,6247077518,67,male,east,8/9/2021,FALSE,0
cust106821,Michael Galvan,5234558784,48,female,north,3/9/2022,TRUE,0.34
cust106822,Jennifer Moody,2289790871,52,male,central,10/11/2024,FALSE,0.14
cust106823,John Anderson,2024876067,41,female,west,22-06-2022,TRUE,0.28
cust106824,William Hatfield,2110827787,64,female,east,7/6/2023,FALSE,0.03
cust106825,Anthony Mosley,1117052948,34,female,south,6/10/2021,FALSE,0.19
cust106826,Dawn Hughes,2095582865,37,male,north,3/11/2020,FALSE,0.18
cust106827,Amanda Peterson,2738462842,25,male,west,5/7/2022,TRUE,0.09
cust106828,Alexa Johnson,6894331101,30,male,east,12/10/2021,FALSE,0
cust106829,Gregory Ellison,2122406538,21,male,north,17-12-2024,TRUE,0.19
cust106830,James Pena,8811251712,70,female,west,11/5/2021,FALSE,0.3
cust106831,Angie Little,4851347567,23,male,east,20-06-2024,FALSE,0.14
cust106832,Mr. Kevin Glover,8324331266,40,male,central,9/10/2023,FALSE,0.12
cust106833,David Moore,4157465282,60,female,north,5/2/2021,FALSE,0.21
cust106834,Larry Diaz,5316693105,36,female,north,28-10-2021,FALSE,0
cust106835,Molly Perez,6929324849,56,female,west,12/10/2023,FALSE,0.21
cust106836,Jordan Gonzalez,1150635711,40,male,central,7/8/2023,FALSE,0.26
cust106837,Ann Ryan,7252092660,39,male,west,17-12-2023,FALSE,0.09
cust106838,Kevin Johnson,2591464519,37,male,south,14-04-2023,FALSE,0.15
cust106839,Nicole Edwards,1104900793,40,male,south,4/10/2020,FALSE,0.05
cust106840,Joseph Johnson,7388258701,64,male,west,20-02-2021,FALSE,0.3
cust106841,Michelle Hampton,5599957533,63,female,central,8/8/2024,FALSE,0.27
cust106842,Emily Willis,7457066662,49,female,east,8/8/2024,FALSE,0.08
cust106843,Meghan Willis,761161443,19,female,east,27-08-2023,FALSE,0.23
cust106844,Michele Gilbert,4253781060,53,female,central,23-04-2022,FALSE,0.1
cust106845,Jared Berger,2317337550,51,male,north,14-08-2022,FALSE,0.2
cust106846,Dr. Haley Page,1218100129,42,male,east,31-12-2022,FALSE,0.34
cust106847,Phillip Campbell,5232409081,61,female,south,3/3/2024,FALSE,0.25
cust106848,Allison Norman,1890660325,51,female,north,16-08-2020,FALSE,0.21
cust106849,Dana Tapia,2940102246,36,male,central,26-09-2021,FALSE,0.38
cust106850,David Mcguire,3998958193,63,male,south,23-06-2024,FALSE,0.02
cust106851,Mark Hubbard,8392081040,27,female,central,29-03-2023,FALSE,0.29
cust106852,Kelly Payne,9330831708,33,female,central,15-03-2025,FALSE,0.22
cust106853,Dylan Rodriguez Jr.,3996520127,36,male,central,18-09-2020,FALSE,0.27
cust106854,Richard Townsend,2955658433,19,female,east,27-11-2022,FALSE,0.13
cust106855,Jonathan Rivera,7489678358,62,male,south,30-10-2023,FALSE,0.19
cust106856,Craig Dunn,1729741674,60,female,east,21-10-2021,FALSE,0.18
cust106857,Amanda Soto,9916134477,42,female,east,22-08-2024,FALSE,0.09
cust106858,Heather Howard,3307575957,40,male,south,9/3/2022,FALSE,0.12
cust106859,Margaret Lewis,8734708145,52,female,central,1/1/2021,FALSE,0.12
cust106860,Gary Mendez,8176689149,66,male,north,30-06-2021,FALSE,0.25
cust106861,Christopher Mendoza,7546103558,58,male,central,24-08-2020,FALSE,0.15
cust106862,Stephanie Jones,2643519749,63,female,west,6/5/2025,FALSE,0.48
cust106863,Robert Green,6822973053,42,male,west,2/11/2023,TRUE,0
cust106864,Gary Jones,9078806909,33,female,north,21-03-2023,FALSE,0.1
cust106865,Erin Foster,9033933590,45,female,west,11/11/2020,FALSE,0.22
cust106866,Jerry Gardner,2985602241,61,female,west,7/1/2023,FALSE,0.11
cust106867,Tony Bennett,3172135397,38,female,west,19-10-2022,FALSE,0.15
cust106868,Renee Smith,6891380141,30,male,north,6/8/2020,TRUE,0.15
cust106869,Pamela Romero,9347435044,33,female,central,5/6/2021,FALSE,0.15
cust106870,Christian Robinson,5809655334,61,male,north,24-07-2021,FALSE,0.06
cust106871,Jason Torres,2766628371,36,female,east,16-04-2024,FALSE,0.14
cust106872,Stephanie Woodward,4082665680,40,female,south,11/3/2024,FALSE,0.44
cust106873,Joseph Thompson,2821609006,40,male,south,20-08-2020,FALSE,0.02
cust106874,Brandi Wilson,9423196156,67,female,south,26-10-2023,TRUE,0.24
cust106875,William Yang,2973988814,60,male,north,9/2/2025,FALSE,0.34
cust106876,Trevor Braun,1608430144,63,male,south,22-06-2021,FALSE,0.2
cust106877,Brittany Martin,5093213756,52,male,north,21-01-2021,FALSE,0.3
cust106878,David Miles,4226960507,31,male,central,3/4/2023,FALSE,0.08
cust106879,Alejandro Fowler,9391082523,37,male,south,12/3/2023,FALSE,0.45
cust106880,David Morgan,252519138,32,male,south,10/4/2025,FALSE,0.23
cust106881,Alexander Brooks,1386027714,50,female,central,28-04-2025,FALSE,0.26
cust106882,Sandra Simpson,9486291231,22,male,east,3/12/2022,FALSE,0.33
cust106883,Donna Thomas,4688682236,49,female,east,3/8/2025,FALSE,0.24
cust106884,Margaret Allison,9254223058,36,female,west,18-11-2021,FALSE,0.22
cust106885,Christina Chen,3205376776,61,female,south,25-01-2025,FALSE,0.3
cust106886,Peter Smith,3110741979,67,male,north,18-03-2022,FALSE,0.13
cust106887,Jon Stewart,8609656957,35,female,south,26-11-2023,FALSE,0.07
cust106888,Scott Smith,1171955133,40,male,central,27-06-2024,FALSE,0.2
cust106889,Miss Cassandra Sexton,4956268686,56,male,east,26-08-2023,TRUE,0.3
cust106890,Omar Smith,1591651218,70,male,west,11/3/2022,FALSE,0.2
cust106891,Connie Park,519002421,47,female,south,5/12/2022,FALSE,0.35
cust106892,Christopher Carey,960902410,27,male,west,10/2/2025,FALSE,0.21
cust106893,Lisa Brown,9311427559,61,female,east,21-02-2022,FALSE,0.13
cust106894,Laurie Mcclain,3423487796,36,female,east,21-02-2022,FALSE,0.38
cust106895,Nicole Briggs,6484547784,19,male,north,28-05-2024,FALSE,0.35
cust106896,Kimberly Dalton,4639388671,53,female,east,17-01-2023,FALSE,0.16
cust106897,Bernard Boyer,9282866195,45,male,north,14-08-2024,FALSE,0.13
cust106898,Vanessa Murray,83428748,62,female,central,14-10-2024,FALSE,0.26
cust106899,Nicole Lee,54435454,58,female,central,1/10/2022,TRUE,0.19
cust106900,Harold Knapp,6724779828,47,female,east,10/10/2023,FALSE,0.1
cust106901,Kyle Davis,5846397705,46,female,central,18-10-2021,FALSE,0.22
cust106902,Carla Miller,80039565,25,female,north,14-12-2022,FALSE,0.16
cust106903,Jamie Mccormick,984767160,53,male,west,10/8/2021,FALSE,0.36
cust106904,Shannon Brown,2143611910,48,male,east,31-12-2020,FALSE,0.07
cust106905,Manuel Dean,3300003718,67,male,central,7/4/2023,FALSE,0.28
cust106906,Vincent Pineda,4588279233,34,female,east,17-07-2023,FALSE,0.25
cust106907,Shannon Johnson,7799901254,42,male,central,30-04-2025,FALSE,0.2
cust106908,Jonathan Thomas,7711814837,22,male,east,18-10-2023,FALSE,0.14
cust106909,Katie Dalton,4069877582,67,female,south,9/2/2022,FALSE,0.27
cust106910,Bryan Pena,312279752,21,female,west,1/5/2022,TRUE,0.46
cust106911,Michelle Jenkins,55924458,57,male,west,15-03-2025,FALSE,0.02
cust106912,Michael Gonzalez,528804219,41,male,south,6/1/2022,TRUE,0.29
cust106913,Christian Stark,1719462345,22,female,north,21-03-2021,FALSE,0.21
cust106914,Catherine Gomez,4203324082,50,female,central,28-08-2022,FALSE,0.3
cust106915,Gregory Martin,1530250463,30,female,west,18-02-2025,FALSE,0.05
cust106916,Laura Bridges,8485855767,51,female,central,21-09-2021,FALSE,0.16
cust106917,Melissa Perez,6932960483,46,female,west,29-01-2021,FALSE,0.23
cust106918,Angel Brown,7601174162,57,male,north,22-07-2024,FALSE,0
cust106919,Chelsea Green,9216930361,55,female,west,13-05-2021,FALSE,0.29
cust106920,Gregory Richardson,9407133522,38,male,west,27-08-2020,FALSE,0.11
cust106921,William Moss,4340190236,62,female,west,2/8/2022,FALSE,0.2
cust106922,Mary Banks,3549781173,46,male,west,28-12-2023,FALSE,0.09
cust106923,Misty Schwartz,7673342607,63,male,west,31-03-2021,FALSE,0.1
cust106924,Dylan Matthews,4146608751,66,male,central,24-02-2024,FALSE,0.16
cust106925,Thomas Macdonald,6428350174,29,male,north,2/11/2020,TRUE,0.22
cust106926,Gerald Cruz,779698911,34,male,west,12/12/2023,FALSE,0.19
cust106927,Makayla Lewis,1056886954,33,male,east,21-03-2025,TRUE,0.23
cust106928,Shawn Randolph,3697003065,65,male,central,18-01-2025,FALSE,0.25
cust106929,Savannah Scott,4511113117,24,male,west,22-04-2021,FALSE,0.29
cust106930,Sharon Mata,4273255177,44,female,east,31-08-2024,FALSE,0.22
cust106931,Amy Chambers,7379505228,20,female,north,11/5/2025,FALSE,0.09
cust106932,Maria Lee,5695700970,58,female,central,11/9/2022,FALSE,0
cust106933,Christopher Jimenez,3851316985,21,male,north,16-04-2025,TRUE,0.28
cust106934,Tina Young,6012416887,67,female,south,19-11-2020,FALSE,0.23
cust106935,Stephanie White,9397574027,27,male,south,23-04-2021,FALSE,0.15
cust106936,Raymond Davidson,9233309533,31,male,east,21-07-2024,FALSE,0.23
cust106937,Dr. Cynthia Wade,9404666857,56,female,central,16-04-2023,FALSE,0.07
cust106938,Caitlyn Diaz,2807307698,22,male,central,8/11/2022,FALSE,0.55
cust106939,Susan Baker,2029314081,70,male,east,10/6/2023,FALSE,0.5
cust106940,Janet Chase,5379549960,18,male,north,25-04-2022,FALSE,0.14
cust106941,Michele Cabrera,2157729601,38,male,east,18-02-2025,FALSE,0.18
cust106942,Jennifer White,4303682374,31,male,south,25-09-2020,TRUE,0.25
cust106943,Cathy Rowe,699133995,60,male,north,7/12/2021,TRUE,0.18
cust106944,Christopher King,6979535558,68,female,east,7/3/2021,FALSE,0.19
cust106945,William Walker,3318531612,54,female,west,9/2/2025,FALSE,0.27
cust106946,Nicholas Phelps,374252282,54,female,central,4/4/2023,FALSE,0.25
cust106947,Wendy Nichols,1059798600,44,male,north,16-08-2024,FALSE,0.4
cust106948,Joshua Gardner,9067505463,70,male,east,2/9/2021,FALSE,0.23
cust106949,Steven Mcdaniel,8025022772,62,male,west,2/4/2023,FALSE,0.25
cust106950,Brendan Barrett,1586574669,33,male,west,10/11/2020,FALSE,0.13
cust106951,Sandra White,2939104445,52,female,central,6/3/2023,FALSE,0.18
cust106952,Loretta Cooper,3374784309,21,male,south,24-02-2022,FALSE,0.13
cust106953,Alexander Henderson,7349022704,21,female,east,16-11-2023,FALSE,0.32
cust106954,Sarah Velasquez,4411986926,28,male,west,28-07-2024,TRUE,0.57
cust106955,Sandra Graham,9142769179,34,female,south,19-01-2021,FALSE,0.15
cust106956,Devon Fox,3296902437,48,female,central,24-02-2022,FALSE,0.06
cust106957,Teresa Moore,2428371422,60,male,east,6/11/2021,FALSE,0.21
cust106958,Alan Kent,3224704068,35,male,west,11/6/2024,FALSE,0.04
cust106959,Donald Holloway,4160848981,27,female,west,29-04-2021,FALSE,0.04
cust106960,Beth Brown,7809010723,28,male,central,23-08-2021,FALSE,0.17
cust106961,April Valdez,967121733,66,female,central,18-01-2024,TRUE,0.27
cust106962,Christine Watkins,6680220589,67,female,central,21-12-2024,FALSE,0.24
cust106963,Natasha Douglas,235894184,52,male,south,15-08-2024,FALSE,0.16
cust106964,Mason Kennedy,7303256752,57,female,west,24-03-2022,FALSE,0.36
cust106965,Michelle Dunn,1713126295,40,male,south,3/11/2021,FALSE,0.2
cust106966,Erica Castro,4423361175,26,female,north,9/5/2025,FALSE,0.15
cust106967,Janice Abbott,7807284469,62,female,north,18-06-2021,FALSE,0.24
cust106968,Mr. Matthew Brady DDS,7779183718,40,female,south,8/1/2021,FALSE,0
cust106969,Jacqueline Zuniga,5502270657,35,female,south,12/7/2024,FALSE,0.22
cust106970,David Strong,1116815089,50,male,east,3/8/2025,FALSE,0.32
cust106971,Joseph Coleman,6165252663,54,female,central,1/9/2020,FALSE,0.28
cust106972,Tammy Sanchez,9786230193,35,male,west,12/7/2023,TRUE,0.13
cust106973,Kimberly Anderson,8529623559,34,male,east,3/6/2024,FALSE,0
cust106974,Sara Brown,5870166285,28,female,central,22-08-2022,FALSE,0.24
cust106975,Adrienne Banks,11452143,47,female,central,1/5/2022,FALSE,0.25
cust106976,Tina Martinez,5353255155,46,female,north,9/5/2023,FALSE,0.32
cust106977,Michael Craig,5742438809,58,female,central,5/11/2020,FALSE,0.09
cust106978,Anthony Anderson,39875715,64,female,north,16-03-2021,TRUE,0.21
cust106979,Shelley Ortega,9094249370,26,female,north,14-03-2021,FALSE,0.15
cust106980,Michelle Miller,6016808594,69,male,north,25-11-2024,FALSE,0.27
cust106981,Brent Hurst,3097380174,41,male,west,18-10-2021,FALSE,0.32
cust106982,David Sanders,1647488393,34,female,east,19-08-2024,FALSE,0
cust106983,Douglas Anderson,5622016795,38,male,north,30-05-2024,FALSE,0.06
cust106984,Steven Young,274887852,18,male,central,3/8/2025,TRUE,0.16
cust106985,Amber Martinez,1802833114,29,male,central,10/4/2023,FALSE,0.26
cust106986,Amanda Avila,420701325,61,female,west,26-09-2024,FALSE,0.07
cust106987,Michael Morales,5308984932,40,other,central,4/3/2025,FALSE,0.16
cust106988,Kristine Robles MD,3094825696,33,male,south,21-10-2024,FALSE,0.08
cust106989,Allen Davies,7488710455,56,male,north,15-03-2023,FALSE,0.26
cust106990,Zachary Lutz,3657725465,49,female,central,26-03-2021,FALSE,0.1
cust106991,Bryan Stanley,6577173639,20,female,north,3/2/2023,FALSE,0.07
cust106992,Jessica Taylor,3420959573,36,male,south,2/4/2022,FALSE,0.28
cust106993,Jason Phillips Jr.,8939740240,43,male,east,16-10-2020,FALSE,0.29
cust106994,Joseph Juarez,2671138347,31,female,west,18-06-2024,FALSE,0.27
cust106995,Jeffrey Lewis,8955247633,68,male,east,30-10-2024,FALSE,0.11
cust106996,Brian Carrillo,4727336837,60,female,east,5/10/2024,FALSE,0.02
cust106997,Angela Eaton,8441302541,67,female,west,23-11-2022,TRUE,0.08
cust106998,Evelyn Stephenson,2400848783,53,male,north,28-10-2022,FALSE,0.23
cust106999,Travis Logan,5806446261,57,male,north,30-04-2022,FALSE,0.03
cust107000,Troy Lindsey,155994766,23,male,north,26-05-2021,FALSE,0.31
cust107001,Mia Anderson,6696016656,40,female,central,24-02-2025,FALSE,0.2
cust107002,Shannon Sawyer,3950338868,65,male,east,14-02-2021,FALSE,0.38
cust107003,Matthew Skinner,483801210,43,male,north,18-11-2021,FALSE,0.24
cust107004,Cameron Riley,2057835599,56,female,north,5/11/2024,FALSE,0.36
cust107005,Teresa Moore,6124980009,18,female,central,3/2/2023,FALSE,0.24
cust107006,Mary Moyer,9608415709,63,female,central,5/2/2025,FALSE,0.19
cust107007,Angela Ramsey,2414239344,45,male,north,10/11/2022,FALSE,0.22
cust107008,Joshua Mcdonald,6921976799,51,male,west,27-01-2024,FALSE,0.41
cust107009,Robert Perry,7411145480,38,female,west,16-11-2023,TRUE,0.24
cust107010,Derrick Tyler,9604271250,21,male,south,5/4/2024,FALSE,0.22
cust107011,Jennifer West,1010196615,19,female,central,9/7/2022,FALSE,0.09
cust107012,Pamela Powell,2920042432,18,male,central,16-04-2022,FALSE,0.13
cust107013,George Murphy,7299694707,60,male,central,20-10-2023,FALSE,0.06
cust107014,Mary Thompson,7319417397,35,male,south,16-07-2025,FALSE,0.39
cust107015,Timothy Gutierrez,4538319218,32,male,central,17-02-2021,FALSE,0.16
cust107016,James Simpson,3871044368,42,male,west,2/7/2022,FALSE,0.03
cust107017,Autumn Welch,6002816451,35,female,south,2/1/2023,FALSE,0.12
cust107018,Lisa Turner,1047022060,49,male,central,7/1/2024,FALSE,0.31
cust107019,Dustin Salas,3839773649,65,female,east,6/1/2022,FALSE,0.11
cust107020,Megan Garner,3367676887,31,male,east,2/9/2021,TRUE,0.17
cust107021,Rebecca Shea,7316793442,64,male,west,21-09-2020,FALSE,0.24
cust107022,Andrew Harris,8709971185,23,female,central,19-03-2025,FALSE,0.21
cust107023,Anthony Schneider,2774881063,49,male,south,7/2/2023,FALSE,0.25
cust107024,Michael Gomez,8773575338,64,male,west,27-12-2021,TRUE,0
cust107025,Amanda Lawrence,4018104466,64,male,south,8/1/2023,FALSE,0.17
cust107026,Amanda Scott,6747606778,59,female,south,10/11/2022,TRUE,0.06
cust107027,Donald Ramirez,3199702578,33,male,south,13-05-2023,FALSE,0.39
cust107028,Margaret Turner,2595657079,45,female,north,13-06-2025,TRUE,0.44
cust107029,Latoya Castillo,3482346285,37,male,west,15-06-2025,FALSE,0.06
cust107030,Natalie Smith,4767025231,33,female,north,16-09-2022,FALSE,0.04
cust107031,Brian Young,8180594300,57,female,central,29-01-2022,FALSE,0
cust107032,Dr. Laura Browning,8506160745,21,male,west,4/8/2022,TRUE,0
cust107033,Kelly Jenkins,6234522724,31,female,south,31-12-2023,FALSE,0.32
cust107034,Yvette Simpson,8596272777,59,male,central,17-10-2022,FALSE,0.17
cust107035,John Hall,5107964188,39,male,central,16-12-2020,FALSE,0.36
cust107036,William Phillips,568022377,30,male,west,28-10-2021,FALSE,0.25
cust107037,Lisa Munoz,4967581750,59,female,north,22-06-2021,FALSE,0.21
cust107038,Valerie Smith,8973462636,18,female,east,15-02-2023,FALSE,0.06
cust107039,Stacey Lindsey,6086084089,61,male,east,28-01-2024,FALSE,0
cust107040,Michael Vincent,307028801,32,male,south,21-02-2022,FALSE,0.07
cust107041,Stephen Fisher,6849599750,65,male,east,7/9/2024,FALSE,0.08
cust107042,Shannon Kelley,2331868415,18,male,north,21-10-2020,FALSE,0.23
cust107043,Tasha Diaz,9419781783,22,female,north,20-05-2024,FALSE,0.18
cust107044,Joshua Spencer,4936980662,51,male,east,20-04-2023,FALSE,0.39
cust107045,Nicholas Cruz,9610302098,52,female,central,15-11-2024,FALSE,0.06
cust107046,Kimberly Owens,6622625061,41,female,west,4/3/2024,FALSE,0.23
cust107047,Mario May,2145142340,70,female,central,3/2/2023,FALSE,0.19
cust107048,Linda Cannon,7503357718,28,female,south,1/6/2023,FALSE,0.13
cust107049,Steven Escobar,3959099582,69,female,north,23-04-2023,FALSE,0.27
cust107050,Dr. David Huff,3000432042,62,female,south,9/1/2023,FALSE,0.24
cust107051,Elizabeth Mcgee,8250657395,27,male,north,15-01-2022,TRUE,0.21
cust107052,Jared Moran,2665900193,55,female,south,24-11-2020,FALSE,0.09
cust107053,Joe Scott,1414877012,55,male,east,20-10-2024,FALSE,0.03
cust107054,Ryan Giles,1266812703,69,other,central,16-03-2023,FALSE,0.27
cust107055,Lindsey Cobb,5866637256,47,female,south,10/2/2025,FALSE,0.06
cust107056,Gregory Dillon,6110897850,40,female,west,10/11/2022,FALSE,0.16
cust107057,Thomas Cook,8873958463,22,female,central,16-02-2025,FALSE,0.29
cust107058,Andrea Suarez,4992051486,61,female,north,25-02-2022,FALSE,0.16
cust107059,Brianna Simpson,5868270675,49,male,north,10/9/2023,FALSE,0.1
cust107060,Peter Clay,7736846924,56,male,south,20-12-2021,FALSE,0.37
cust107061,Luis Brown,709829727,59,male,east,29-08-2023,FALSE,0.29
cust107062,Steve Fisher,161592577,33,male,west,14-04-2022,FALSE,0.11
cust107063,Jordan Foley,9155453560,60,male,west,7/3/2022,TRUE,0.22
cust107064,Thomas Patterson,594470175,34,male,south,6/9/2022,FALSE,0.3
cust107065,Brianna Johnson,1380943041,47,female,north,30-05-2024,FALSE,0.22
cust107066,Lori Ashley,5466761028,36,male,north,5/7/2024,FALSE,0.3
cust107067,Aimee Robertson,8800885397,36,male,west,24-11-2022,FALSE,0
cust107068,Christopher Olson,1482676181,46,male,north,20-11-2024,FALSE,0.2
cust107069,Amy Powell,2641245353,19,female,east,16-12-2024,FALSE,0.06
cust107070,Tracey Thompson,285178536,26,other,east,1/12/2021,FALSE,0.18
cust107071,Seth Bates,9890268517,48,female,east,10/11/2021,FALSE,0.2
cust107072,Deanna Dunn,5872352566,51,male,north,17-08-2020,FALSE,0.11
cust107073,Casey Hall,5441616876,54,male,north,24-06-2025,FALSE,0.15
cust107074,Mary Turner,6151911877,62,male,south,21-04-2022,FALSE,0.04
cust107075,Sabrina Gibbs,2477802149,30,male,north,11/4/2023,FALSE,0.1
cust107076,Dr. Mary Patrick DVM,8959857360,32,male,east,15-03-2024,FALSE,0.39
cust107077,Joshua Robles,3707169179,65,female,north,24-02-2025,FALSE,0.18
cust107078,Zachary Smith,1852896812,35,other,west,24-05-2024,TRUE,0.13
cust107079,Christopher King,8809812863,24,male,west,19-12-2024,FALSE,0.22
cust107080,Angela Santos PhD,7360073588,59,female,east,30-10-2023,FALSE,0.22
cust107081,Tiffany Fernandez,285551191,60,female,west,2/3/2021,FALSE,0.33
cust107082,Thomas Delgado,6453545347,38,male,south,2/4/2025,FALSE,0.21
cust107083,Jeremy Armstrong,6824672676,21,female,west,16-11-2024,FALSE,0
cust107084,Stephanie Davis,9722962209,31,male,east,1/4/2022,FALSE,0.3
cust107085,Randy Long,2764488548,19,female,central,29-04-2022,TRUE,0.07
cust107086,Michael Walker,6993270230,39,female,west,4/1/2023,TRUE,0.36
cust107087,Christian Hopkins,6946389473,28,female,west,10/9/2021,FALSE,0.26
cust107088,Karina Vasquez,742724862,41,female,south,2/10/2022,FALSE,0.13
cust107089,Patricia Edwards,465774335,46,female,north,12/3/2021,FALSE,0.2
cust107090,Melissa Willis,4215390934,43,female,central,14-04-2021,FALSE,0.12
cust107091,Hailey Rogers,5375654039,68,female,east,27-01-2022,FALSE,0.28
cust107092,Sydney Farmer,1442709100,35,female,south,24-12-2024,FALSE,0.23
cust107093,David Graham,2123925973,60,male,north,4/5/2023,FALSE,0.02
cust107094,Cindy Jones,8622856499,39,female,central,14-01-2023,FALSE,0.25
cust107095,Brian Harper,276141807,28,female,central,7/12/2024,FALSE,0.17
cust107096,Maria Martin,4846225811,52,female,south,1/9/2020,TRUE,0.23
cust107097,Robert Goodman DDS,4123438751,28,male,south,1/1/2024,FALSE,0.24
cust107098,Angela Chavez,5093588253,40,female,west,4/10/2024,FALSE,0.3
cust107099,Benjamin Wilson,3808172178,21,male,west,4/7/2022,FALSE,0
cust107100,Michelle Smith,5215935330,32,female,east,7/1/2023,TRUE,0.23
cust107101,Donald Rogers,4428956337,44,female,north,27-05-2022,FALSE,0.07
cust107102,Lindsey King,3099203047,22,male,east,28-08-2021,FALSE,0.42
cust107103,Mr. Thomas Thompson,7247478783,47,female,central,15-06-2024,FALSE,0.4
cust107104,Kimberly Randall,9938751387,23,male,east,11/6/2021,FALSE,0.21
cust107105,Joseph Thomas,3983624050,56,female,north,17-12-2022,FALSE,0.3
cust107106,Jason Roach,8731972093,25,female,south,8/6/2022,FALSE,0.23
cust107107,Theresa Parker,4151620002,40,male,east,13-05-2021,FALSE,0.01
cust107108,Adam Marks,6071276703,42,male,north,2/10/2022,FALSE,0.26
cust107109,Michael Whitaker,7453608970,31,female,north,8/6/2021,FALSE,0.29
cust107110,Mackenzie Sanchez,1892928029,32,female,north,22-04-2024,FALSE,0.21
cust107111,Mary Walters,5983728677,31,female,north,2/5/2022,FALSE,0.1
cust107112,Alicia Dean,3025083804,66,female,east,25-04-2021,FALSE,0.32
cust107113,David Smith,572491716,60,male,central,8/12/2020,FALSE,0.6
cust107114,Samantha Lam,9217320295,43,female,west,21-01-2025,FALSE,0.07
cust107115,Harry Suarez,1757938102,28,other,central,16-12-2024,FALSE,0.21
cust107116,Ryan Jackson,3055315978,65,male,east,18-10-2024,FALSE,0.09
cust107117,David Russell,6181530175,56,male,south,25-02-2024,FALSE,0.08
cust107118,Sharon Adams,7072015057,22,female,central,12/1/2024,FALSE,0.06
cust107119,Matthew Doyle,6129472278,53,male,east,7/10/2021,FALSE,0.18
cust107120,Tina Watson,9830733964,40,female,north,31-10-2023,TRUE,0.01
cust107121,Jason Patterson,5623780301,62,male,south,26-03-2025,FALSE,0.46
cust107122,Brenda Salazar,5506506420,47,female,east,23-04-2022,FALSE,0.17
cust107123,Wanda Edwards,6280708969,27,female,east,15-08-2022,FALSE,0.24
cust107124,Erik Blackburn,3252506183,41,male,central,10/8/2022,FALSE,0.2
cust107125,James Mcknight,5199437281,33,female,central,23-05-2025,TRUE,0.05
cust107126,Billy Elliott,1241686759,38,female,west,28-02-2023,FALSE,0
cust107127,Casey Willis,217634700,20,female,south,18-03-2022,FALSE,0.25
cust107128,William Vargas,909495752,67,female,west,1/1/2023,FALSE,0.23
cust107129,Sabrina Mooney,3691446871,31,male,central,27-10-2020,FALSE,0.01
cust107130,Stefanie Diaz,5188516262,25,male,central,23-11-2024,FALSE,0.16
cust107131,Alexander Hernandez,8215232229,21,male,north,14-04-2021,FALSE,0.27
cust107132,Joseph Williams,3268243170,57,male,south,26-01-2025,FALSE,0.18
cust107133,Dustin Mclaughlin,6987338498,22,male,central,18-04-2021,FALSE,0.29
cust107134,Daniel Reynolds,5383254632,35,male,east,18-12-2023,TRUE,0.34
cust107135,Lori Jordan,8592508056,28,female,east,31-07-2024,TRUE,0.07
cust107136,Sarah White,6667918372,65,female,central,15-08-2022,FALSE,0.23
cust107137,James Campbell,4864147693,34,female,central,24-08-2021,FALSE,0.03
cust107138,Edward Peterson,5179935185,65,female,west,23-12-2020,FALSE,0.52
cust107139,Jesse Russell MD,5611363863,67,male,north,17-11-2020,FALSE,0.18
cust107140,Audrey Manning,425836507,65,male,central,12/7/2021,FALSE,0.26
cust107141,Laura Fields,8407310559,27,female,north,14-08-2022,FALSE,0.31
cust107142,Brett Mckee,9986837369,31,male,west,28-07-2025,FALSE,0.16
cust107143,Jamie Mckay,4830320070,65,female,west,25-10-2024,FALSE,0.27
cust107144,Tyler Rogers,9031062218,22,male,south,20-12-2020,TRUE,0.11
cust107145,Steven Glass PhD,9207355338,33,male,west,4/5/2023,TRUE,0.13
cust107146,Patricia Brewer,4956099109,30,male,west,13-01-2023,TRUE,0.07
cust107147,Elizabeth Pope,2099169428,18,male,central,7/1/2023,FALSE,0.15
cust107148,Donna Griffin,8022141756,60,female,central,7/11/2020,FALSE,0.11
cust107149,Michael Chandler,4974810503,61,female,north,27-12-2023,FALSE,0.13
cust107150,Margaret Schroeder,8231863510,40,male,central,26-09-2021,FALSE,0.14
cust107151,John Zuniga,8274389365,43,female,south,17-12-2023,FALSE,0.12
cust107152,Aaron Harris,4013815796,70,female,north,10/4/2022,FALSE,0.21
cust107153,Chelsea Hoffman,868290327,57,male,south,22-11-2023,TRUE,0.09
cust107154,Lauren Bell,1669563430,67,female,east,23-10-2022,FALSE,0.15
cust107155,Mr. Sergio Lawrence II,8867596723,54,female,north,10/8/2023,TRUE,0.32
cust107156,Melissa Peterson,3829949147,51,female,north,27-01-2024,FALSE,0.23
cust107157,Colleen Allison,6741953510,41,male,west,25-10-2020,FALSE,0.27
cust107158,Lisa Boyer,9322078658,19,female,south,26-08-2023,TRUE,0.31
cust107159,John Martin,3005751561,68,female,central,7/7/2021,FALSE,0.29
cust107160,Robert Gray,3044368897,38,male,central,11/4/2024,FALSE,0.07
cust107161,Marcus Foster,3954649811,38,female,south,5/5/2022,FALSE,0.05
cust107162,Antonio Moreno,2988866107,49,male,west,18-04-2021,FALSE,0.09
cust107163,Heather Rodriguez,7052208091,37,female,east,19-09-2020,TRUE,0.19
cust107164,Shannon Joyce,3319529699,59,male,east,19-07-2021,FALSE,0.13
cust107165,Emily Adams,639359588,20,female,south,17-06-2022,TRUE,0.17
cust107166,Joseph Foster,5374541719,44,female,north,13-06-2023,TRUE,0.34
cust107167,Desiree Fields,9551397806,70,male,east,18-07-2021,FALSE,0.05
cust107168,Derrick Manning,8030401604,52,female,south,10/7/2022,FALSE,0.22
cust107169,Steven Acosta,9085429584,27,male,west,15-10-2024,FALSE,0.15
cust107170,Sara Ingram,9887709143,21,female,central,20-04-2025,FALSE,0.04
cust107171,Daniel Miller,9868251068,46,female,east,19-07-2025,FALSE,0.27
cust107172,Mrs. Jade Maldonado,869222831,53,male,east,22-10-2021,FALSE,0.2
cust107173,Ana George,8925969215,70,female,east,18-01-2024,FALSE,0.01
cust107174,Lindsey Mccoy,345012086,40,male,east,30-07-2024,FALSE,0.22
cust107175,Tommy Alvarez,4708941132,70,female,south,1/4/2024,FALSE,0.27
cust107176,Mario Griffin,8104736295,51,male,north,11/11/2021,FALSE,0.21
cust107177,Misty Taylor,1187133339,41,male,south,10/3/2025,FALSE,0.04
cust107178,Karen Williams,1854095330,65,female,south,21-01-2025,FALSE,0.32
cust107179,Angela Herrera,4982200960,23,female,east,20-12-2022,FALSE,0.17
cust107180,Alexa Flores,9804900653,69,female,central,8/10/2022,FALSE,0.18
cust107181,Ryan Sweeney,6950539666,44,female,central,18-02-2024,FALSE,0.17
cust107182,Megan Bailey,6463510195,30,female,north,16-09-2022,FALSE,0.24
cust107183,Michael Cruz,8579246987,19,male,central,30-07-2025,FALSE,0.36
cust107184,Mary Walker,1311760778,40,female,west,6/10/2023,FALSE,0.14
cust107185,Tammy Jones,5710588326,68,female,east,25-05-2021,FALSE,0.34
cust107186,Kaitlyn Martin,5515060402,40,female,central,11/9/2024,FALSE,0.16
cust107187,Matthew Garcia,5631882614,53,female,east,13-10-2022,FALSE,0.01
cust107188,Phillip Wood,682096352,53,male,central,11/7/2025,TRUE,0.31
cust107189,Linda Smith,4499841828,57,male,central,29-03-2024,FALSE,0.04
cust107190,Andrea Henderson,8091018386,25,male,central,25-11-2023,FALSE,0.23
cust107191,Mark Wells,8675658411,32,female,north,19-05-2024,FALSE,0.27
cust107192,James Davis,3263548917,35,female,north,27-12-2021,FALSE,0.16
cust107193,Tracy Smith,1851003274,38,female,north,6/3/2021,FALSE,0.4
cust107194,Charles Fisher,5979183603,44,female,north,18-12-2020,TRUE,0.34
cust107195,Dr. Lisa Lester DDS,4361531121,21,male,west,12/10/2024,FALSE,0.31
cust107196,Debbie Newton,9655769521,31,male,south,4/2/2024,TRUE,0.23
cust107197,Janet Harper,3729056540,36,male,north,5/3/2024,FALSE,0.17
cust107198,Timothy Byrd,7011534248,29,female,west,4/4/2025,TRUE,0.21
cust107199,Joseph Barnes,2347669102,33,female,east,27-04-2025,FALSE,0.22
cust107200,Mary Morrow,3687451330,45,male,north,29-04-2022,FALSE,0.07
cust107201,Daniel Wallace,6158624123,53,male,east,8/3/2025,FALSE,0.23
cust107202,Billy Collins,337346662,59,male,south,27-02-2022,FALSE,0.24
cust107203,Sarah Gutierrez,7875790589,37,male,east,3/6/2021,FALSE,0.3
cust107204,Joshua Fowler,5208702786,69,female,central,23-05-2022,FALSE,0.26
cust107205,Lori Lam,3865841349,31,male,central,28-01-2021,FALSE,0.47
cust107206,Robert Peters,5603547828,20,female,west,17-09-2022,FALSE,0.11
cust107207,Jamie Vance,6478525291,59,male,central,1/6/2025,TRUE,0.01
cust107208,Amanda Williamson,1189106456,60,male,south,27-06-2023,FALSE,0.24
cust107209,Christopher Smith,9774946758,23,female,south,9/4/2024,FALSE,0.26
cust107210,Reginald Barron,6282736276,44,female,south,19-01-2024,FALSE,0.16
cust107211,Justin Tran,591986977,61,male,south,6/7/2021,FALSE,0.18
cust107212,Misty Taylor,2807125728,37,male,central,18-07-2022,TRUE,0.37
cust107213,Alan Schwartz,3786991864,36,female,west,10/7/2022,FALSE,0.27
cust107214,Robert Thompson,7478668959,22,male,north,20-01-2023,FALSE,0.2
cust107215,Emily Ford,9608120433,36,male,east,11/6/2022,FALSE,0.31
cust107216,Laura Brown,7550476420,59,male,north,25-09-2024,FALSE,0.13
cust107217,Scott Bauer,4810131607,18,female,central,5/12/2022,FALSE,0.17
cust107218,Harry Robinson,1886999751,37,female,east,10/2/2024,FALSE,0.05
cust107219,Michael Tapia,7611757433,59,male,south,8/11/2023,FALSE,0.15
cust107220,David Castro,1955949989,26,female,south,19-07-2023,TRUE,0
cust107221,Catherine Smith,552943589,53,female,north,20-06-2023,FALSE,0.2
cust107222,Jacqueline Payne,7648599231,19,female,north,13-06-2024,FALSE,0.25
cust107223,Michelle Webb,1072330381,46,female,south,24-01-2022,FALSE,0.05
cust107224,Kelly Walsh,7770999760,37,other,west,12/12/2022,FALSE,0
cust107225,Connie Wang,9722019224,25,male,west,8/4/2023,FALSE,0.15
cust107226,Joseph Sims,2658930152,38,female,central,2/5/2025,FALSE,0.27
cust107227,Michael Campbell MD,1496451262,48,male,south,9/3/2024,FALSE,0.19
cust107228,Tiffany Anderson,3608796418,28,male,north,26-10-2020,FALSE,0.05
cust107229,Steven Marsh,6938073078,37,male,east,9/1/2024,FALSE,0.26
cust107230,Desiree Ramirez,6166899171,45,male,west,23-06-2025,FALSE,0.09
cust107231,Amanda Garcia,7013832500,57,female,west,18-09-2023,FALSE,0.07
cust107232,Anthony Gordon,7318276668,34,male,north,16-03-2023,TRUE,0.21
cust107233,Roberta Robertson,3808388568,23,male,south,10/10/2023,TRUE,0.42
cust107234,Lisa Lee,6905653153,63,female,north,7/1/2021,FALSE,0.25
cust107235,Ryan Andrade,9966017709,29,male,central,5/3/2025,FALSE,0.03
cust107236,Brett Andrews,5113272520,64,male,central,14-02-2025,FALSE,0.2
cust107237,Danielle Stewart,1267557240,63,male,south,6/5/2022,FALSE,0.22
cust107238,Craig Hughes,2755709556,40,male,central,7/4/2022,FALSE,0.05
cust107239,Christina Daniel,94047632,56,female,north,22-05-2022,FALSE,0.3
cust107240,Stephanie Mullins DVM,9157886845,60,male,south,14-04-2024,FALSE,0.09
cust107241,Emily Schultz,3512152407,33,female,east,1/10/2023,FALSE,0.07
cust107242,Lisa Torres,1829516500,69,female,west,26-09-2020,FALSE,0.34
cust107243,Thomas Rodriguez,5634784784,54,female,south,16-01-2021,FALSE,0.17
cust107244,Tammy Jackson,796789581,37,female,central,22-10-2020,TRUE,0.38
cust107245,Richard Case,9568515770,60,male,north,23-08-2020,FALSE,0.07
cust107246,Jessica Douglas,2420780390,70,male,central,7/10/2022,FALSE,0.26
cust107247,Jonathon Farrell,3038514965,53,male,west,24-03-2021,FALSE,0.24
cust107248,James Hensley,4219100873,65,female,west,12/2/2023,FALSE,0.45
cust107249,Cody Jones,1796094635,58,female,central,11/8/2021,FALSE,0
cust107250,Frank Jimenez,8063682921,35,female,north,26-12-2023,FALSE,0.14
cust107251,Brandon Huerta,4396136715,52,male,north,13-12-2023,FALSE,0.52
cust107252,Samuel Bird,6529002746,53,female,west,3/5/2022,TRUE,0.13
cust107253,Terry Schneider,2498198747,18,female,central,29-12-2023,FALSE,0.1
cust107254,Connie Roth,3596742174,70,female,west,16-11-2020,FALSE,0.14
cust107255,Heather Russo,9319921125,30,male,north,1/2/2021,FALSE,0.12
cust107256,Kimberly Lynch,3944186186,37,female,east,3/12/2021,FALSE,0.23
cust107257,Shannon Frye,1721491296,37,female,east,12/5/2021,FALSE,0.19
cust107258,Kelly Cobb,6533573573,51,male,east,3/4/2022,FALSE,0.24
cust107259,Cynthia Thompson,7483417422,67,female,west,21-03-2023,FALSE,0.06
cust107260,Ryan Rodriguez,3415717596,62,male,north,21-01-2023,FALSE,0.46
cust107261,Wayne Hall,6428846497,56,female,west,12/10/2023,FALSE,0.04
cust107262,Monique Allen,1830313039,41,female,south,6/4/2025,FALSE,0.18
cust107263,Elizabeth Petty,530672086,27,male,north,22-12-2020,FALSE,0.16
cust107264,Kathleen Gross,1359687312,37,male,west,12/12/2024,FALSE,0.19
cust107265,Lindsay Barrera,3873905536,38,male,west,11/1/2021,FALSE,0.09
cust107266,Maria Hamilton,2694278547,70,male,central,22-08-2020,FALSE,0.17
cust107267,Jody Berry,1581709824,52,male,east,1/12/2022,FALSE,0.32
cust107268,William Williams,7077497656,22,male,east,14-01-2024,FALSE,0
cust107269,John Schroeder,9079899410,63,male,central,18-04-2025,FALSE,0.21
cust107270,Sandra Nelson,9820604903,60,male,central,8/5/2021,FALSE,0.07
cust107271,Jared Maldonado,2436905257,49,female,central,22-10-2020,TRUE,0.46
cust107272,Jacob Woodard,4716683332,62,male,south,12/1/2025,FALSE,0.58
cust107273,Dwayne Hart,5836666147,70,male,west,6/4/2023,FALSE,0.17
cust107274,Sandra Lopez,308209859,65,male,west,28-09-2024,FALSE,0.07
cust107275,Tracy Patel,1429655717,66,female,central,20-08-2024,FALSE,0.49
cust107276,Natasha Villarreal,3210983119,45,male,north,9/6/2024,FALSE,0.15
cust107277,Donna Mccoy,823453026,42,female,south,29-09-2020,FALSE,0.36
cust107278,Joseph Wagner,389007144,45,male,central,16-01-2022,FALSE,0
cust107279,Daniel Robles,5723692040,30,other,east,16-05-2022,FALSE,0
cust107280,Phillip Moody,875889472,29,male,central,24-02-2024,TRUE,0.17
cust107281,Cynthia Jacobson,5876432398,53,male,north,18-02-2022,FALSE,0.05
cust107282,Christopher Jones,7424767609,30,male,south,3/5/2021,FALSE,0.25
cust107283,Jermaine Rodriguez,5186357806,29,female,north,3/11/2023,FALSE,0.1
cust107284,Tonya Jones,2689678010,54,male,north,15-12-2024,FALSE,0.37
cust107285,Thomas Myers,5426628958,56,female,south,5/1/2023,FALSE,0.02
cust107286,Michael Harris,1394314663,36,female,west,6/6/2021,FALSE,0.32
cust107287,Lynn Rodgers,410840153,30,female,central,13-12-2024,FALSE,0.35
cust107288,Glenn Harris,48046244,57,female,central,15-02-2023,FALSE,0.28
cust107289,Ian Johnson,171035189,69,male,central,12/7/2021,TRUE,0.12
cust107290,Lawrence Burns,6949676278,18,female,north,19-04-2024,FALSE,0.16
cust107291,Jill Marshall,2651803372,35,female,central,15-02-2024,FALSE,0.06
cust107292,James Schaefer,9269093950,52,male,north,24-10-2023,FALSE,0.34
cust107293,Brenda Bell,3312951967,18,male,north,15-04-2023,TRUE,0.3
cust107294,Brandon Young,5562620942,70,female,central,24-05-2021,FALSE,0.18
cust107295,Cynthia Levy,6082940969,33,female,west,30-12-2020,FALSE,0.3
cust107296,Carol Douglas,8775155930,56,male,south,7/7/2025,FALSE,0.18
cust107297,Todd Peterson,171332085,41,male,east,14-11-2024,FALSE,0.49
cust107298,Angela Hart,5504389583,18,male,west,17-11-2023,FALSE,0.19
cust107299,Ryan Hernandez,3040074246,25,male,north,14-06-2023,FALSE,0.15
cust107300,Olivia Brooks,4084197576,40,female,central,3/9/2023,TRUE,0.33
cust107301,Nicole Woods,2345969260,36,male,north,23-11-2021,FALSE,0.34
cust107302,Victor Meadows,9260523344,46,female,central,12/11/2021,FALSE,0.28
cust107303,Stacy Davis,3858124398,36,female,west,2/8/2021,FALSE,0.16
cust107304,Misty Matthews,8221793002,69,other,east,7/10/2024,FALSE,0.26
cust107305,Andrew Lawrence,6795093667,39,male,east,30-06-2023,FALSE,0.25
cust107306,Linda Watson,673377373,48,female,east,29-07-2025,TRUE,0.18
cust107307,Tracy Thompson,5637257882,58,male,south,27-02-2022,FALSE,0
cust107308,Barbara Johnson,334508249,62,male,south,24-02-2024,FALSE,0.06
cust107309,Samuel Smith,8059322010,57,male,south,14-06-2022,FALSE,0.14
cust107310,Robin Fernandez,402718014,39,male,south,29-04-2024,FALSE,0.25
cust107311,Mrs. Shannon Howell,5203245625,23,male,central,6/1/2024,FALSE,0.23
cust107312,David Kirby,118375027,42,male,west,29-01-2022,FALSE,0.17
cust107313,Bianca Wright,5168529434,58,female,west,28-10-2021,FALSE,0.16
cust107314,Susan Miller,206859684,63,female,north,4/11/2022,FALSE,0.31
cust107315,Kayla Mccann,8560251841,22,female,south,22-05-2024,FALSE,0.05
cust107316,Juan Velazquez,4053315645,22,male,central,16-05-2021,FALSE,0.36
cust107317,Joan Martinez,2088071278,27,female,north,15-06-2025,FALSE,0.13
cust107318,Melissa Horton,2697614869,60,female,central,1/5/2021,FALSE,0.19
cust107319,Mary Solomon,873849217,40,female,north,9/1/2024,FALSE,0.09
cust107320,Nicole Nielsen,6250478345,22,male,south,18-04-2025,FALSE,0.21
cust107321,Jessica Miller,2024299723,61,female,west,20-09-2023,FALSE,0
cust107322,Emily Taylor,933491762,52,female,south,16-05-2023,FALSE,0.18
cust107323,Brandon Young,1419397123,21,male,north,4/1/2021,FALSE,0.07
cust107324,Jeffrey Arias,3236290130,64,other,central,3/4/2021,FALSE,0
cust107325,Thomas Knapp,9718005814,34,female,south,3/1/2024,FALSE,0.23
cust107326,Brandon Adams,1754241637,66,female,south,7/5/2021,FALSE,0.41
cust107327,Brandon Gregory,5569388724,18,female,west,25-09-2021,FALSE,0.25
cust107328,Theresa Smith,8616084361,39,female,central,30-12-2022,TRUE,0.06
cust107329,Katherine Zuniga,1574629311,19,female,west,5/2/2023,FALSE,0.36
cust107330,Karen Stewart,3041637857,45,male,north,18-08-2022,FALSE,0.2
cust107331,Mrs. Kayla Miller,3073151330,35,male,east,29-07-2023,FALSE,0.19
cust107332,Wendy Kidd,888804561,69,female,north,27-01-2021,FALSE,0.39
cust107333,Kayla Schroeder,3541995777,27,male,east,11/6/2024,FALSE,0.34
cust107334,Angela Erickson,4907092955,29,female,north,20-08-2023,FALSE,0.4
cust107335,Lindsay Burke,7213102517,41,male,north,8/12/2021,FALSE,0.31
cust107336,Aaron Martin MD,2938065450,50,female,south,15-06-2021,FALSE,0.29
cust107337,Maria Davis,1268562295,40,male,north,12/12/2024,FALSE,0.26
cust107338,Julie Lambert,2452254533,20,female,west,22-07-2022,FALSE,0.14
cust107339,Teresa Douglas,2242818949,64,male,north,3/10/2021,FALSE,0.21
cust107340,Thomas Martinez,1720418073,59,male,central,12/10/2023,FALSE,0.18
cust107341,Nicole Vang DDS,1164021626,58,male,central,9/1/2021,FALSE,0.28
cust107342,Jimmy Lee,1929152308,27,male,west,19-02-2021,FALSE,0.47
cust107343,Kathleen Mueller,3780853796,57,male,south,18-01-2022,FALSE,0.12
cust107344,Ashley Lee,4586060321,48,female,north,24-12-2022,FALSE,0.26
cust107345,Mary Watkins,1127370804,68,male,central,2/12/2022,FALSE,0.17
cust107346,Jessica Rodriguez,4368327288,54,male,east,10/3/2021,FALSE,0.1
cust107347,Michelle Powers,299141546,65,male,north,16-11-2024,FALSE,0.25
cust107348,Lydia Burnett,7413437758,21,male,west,31-07-2025,FALSE,0.05
cust107349,Lynn Dickerson,241434195,22,male,south,1/4/2025,FALSE,0.13
cust107350,Michael Barnett,1096730515,23,female,central,23-06-2021,FALSE,0.03
cust107351,Joseph Robinson,3592499838,25,female,central,22-08-2020,FALSE,0.17
cust107352,Brian Cunningham,4835395224,30,female,south,12/3/2025,FALSE,0.17
cust107353,Cassandra Moss,5738732175,38,female,east,15-12-2020,FALSE,0.12
cust107354,Suzanne Dixon,1923688203,57,male,east,2/2/2025,FALSE,0.5
cust107355,Mary Carpenter,6739219911,65,male,east,7/3/2023,FALSE,0.2
cust107356,Ms. Leah Ruiz MD,5549342253,59,female,central,6/8/2024,FALSE,0.13
cust107357,Tami Lopez DVM,3073677978,28,male,central,16-04-2024,FALSE,0.07
cust107358,Nicole Swanson,6230937836,66,female,east,6/1/2025,FALSE,0
cust107359,Kimberly Munoz,2414613503,52,female,central,4/4/2024,TRUE,0.16
cust107360,Brian Edwards,4102009439,34,female,south,18-04-2022,FALSE,0.05
cust107361,Melissa Rich,4777095790,22,female,central,12/6/2023,FALSE,0.1
cust107362,Amy Hernandez,6468210789,23,female,east,16-09-2021,FALSE,0.07
cust107363,Elizabeth King,1963769593,46,female,north,28-01-2022,FALSE,0.39
cust107364,Timothy Vega,5931087333,36,female,east,1/8/2024,FALSE,0
cust107365,Brian Carter,9019786963,40,female,south,7/2/2025,FALSE,0.17
cust107366,Christopher Peterson,9691467963,40,male,west,11/6/2025,FALSE,0
cust107367,Courtney Noble,8884247088,65,male,south,6/3/2022,FALSE,0.4
cust107368,Joel Scott,5556121177,37,female,north,1/2/2021,FALSE,0.03
cust107369,Suzanne Chung,9731222579,69,male,west,16-04-2025,FALSE,0.17
cust107370,Sheila Burton,1634240037,68,female,east,26-03-2025,FALSE,0
cust107371,William Nguyen,7585150958,48,female,east,2/2/2025,FALSE,0.25
cust107372,Bryan Everett,9326620031,25,female,east,9/2/2025,FALSE,0.34
cust107373,Jamie Lopez,4184704905,50,female,south,7/7/2022,FALSE,0.55
cust107374,Michele Murray,6094555320,28,male,south,4/10/2021,FALSE,0.09
cust107375,Carolyn Holmes,272797508,34,female,north,18-12-2024,FALSE,0.36
cust107376,Jacqueline Martinez,1444030076,29,male,central,30-05-2025,FALSE,0.21
cust107377,Dr. Linda Young,5391859996,68,male,south,6/11/2022,FALSE,0.19
cust107378,Daniel Gross,9230864555,46,male,south,31-10-2022,FALSE,0.35
cust107379,Valerie Wilson,4674194528,42,male,north,4/4/2024,FALSE,0.15
cust107380,Elizabeth Leach,8891608334,50,male,east,10/7/2023,FALSE,0.24
cust107381,Devon Ramos,9048736093,21,male,north,18-10-2022,FALSE,0.3
cust107382,Casey Jensen,6285391987,29,female,north,20-10-2022,FALSE,0.24
cust107383,Daniel Sanders,6116524459,62,male,west,30-06-2023,FALSE,0.23
cust107384,David Harding,6500614002,37,male,south,16-11-2022,FALSE,0
cust107385,Gilbert Foster,9862317160,21,female,central,5/1/2024,FALSE,0.19
cust107386,Dawn Hammond,4403867158,25,female,central,17-07-2022,FALSE,0.27
cust107387,Rebecca Harris,7969380236,38,female,west,25-11-2020,FALSE,0.39
cust107388,Tina Evans,8986002619,61,male,east,25-07-2021,FALSE,0.13
cust107389,Laura Fox DDS,5994287823,32,female,east,12/10/2020,FALSE,0.12
cust107390,John Torres,6972775752,45,female,south,28-07-2022,FALSE,0.23
cust107391,Brian Hancock,8884748898,50,male,south,23-02-2025,TRUE,0.23
cust107392,Mr. Bradley Gray,3258748520,38,male,east,20-05-2022,FALSE,0
cust107393,Michael Howe,1481340557,63,male,south,2/6/2021,FALSE,0.16
cust107394,James Mccall,3293087885,26,male,central,5/6/2025,FALSE,0
cust107395,Leslie Johnson,7085891672,21,male,central,24-07-2022,FALSE,0.26
cust107396,Christine Guerrero,5974588478,26,male,central,16-04-2022,FALSE,0.1
cust107397,Douglas Stone,7743134523,54,female,north,12/2/2022,FALSE,0.15
cust107398,James Fritz,8676247647,47,female,east,7/12/2023,FALSE,0.11
cust107399,Jenny Caldwell,3565187831,19,male,east,27-11-2021,FALSE,0.06
cust107400,Jonathan Gilmore MD,3769218578,61,female,east,5/4/2023,FALSE,0.21
cust107401,Leonard Stevens,7853845750,64,female,north,14-07-2022,FALSE,0.05
cust107402,Michelle Page,3980547098,32,female,east,14-10-2023,FALSE,0.21
cust107403,David Maxwell,4894126923,62,female,west,8/12/2022,FALSE,0.23
cust107404,Daniel Brown,5146843333,24,female,central,14-10-2022,FALSE,0.35
cust107405,Joe Smith,827023662,57,female,east,3/11/2020,FALSE,0.34
cust107406,Jared Tucker,8927789342,48,female,south,10/2/2022,FALSE,0.13
cust107407,Emily Robinson,7067627019,20,male,east,15-12-2021,FALSE,0.11
cust107408,Stacey Hamilton,5716396958,27,male,east,31-01-2021,FALSE,0
cust107409,Richard Garcia,4994515301,23,female,central,27-07-2021,FALSE,0.21
cust107410,Nicholas Underwood,7666881722,49,female,east,2/9/2023,FALSE,0.34
cust107411,Cynthia Webb,1238049393,29,female,south,27-12-2022,FALSE,0.09
cust107412,Charles Smith,1744633763,44,female,south,17-02-2023,FALSE,0.26
cust107413,Ralph Perez,8090426774,40,male,central,22-11-2020,FALSE,0.16
cust107414,Erik Perry,5053133870,54,male,central,30-11-2023,FALSE,0.32
cust107415,Ralph Hampton,2982704974,37,male,north,15-06-2023,FALSE,0.18
cust107416,Deanna Perez,7780333084,21,male,east,3/10/2024,TRUE,0.33
cust107417,James Roach,7953520955,29,female,east,6/10/2024,FALSE,0.04
cust107418,Anthony Patel,8957107147,54,female,north,21-02-2021,FALSE,0.04
cust107419,Raymond Buck,6628327937,69,female,south,17-06-2023,FALSE,0.28
cust107420,Chad Fischer,3057672784,38,male,south,24-07-2024,FALSE,0.26
cust107421,Cynthia Hernandez,6586076382,57,male,west,24-01-2022,FALSE,0.14
cust107422,Elizabeth Alexander,6465327589,55,male,east,6/3/2024,FALSE,0.35
cust107423,Zachary Jones,2953473,59,male,east,26-03-2023,FALSE,0.26
cust107424,Heidi Newman,2759014238,60,male,east,9/3/2022,FALSE,0.25
cust107425,Benjamin Rosales,6203180514,57,male,east,29-12-2021,FALSE,0.27
cust107426,Natalie Rogers,7895468016,51,male,west,30-09-2021,TRUE,0.12
cust107427,Tracy Wilcox,8943365282,57,male,east,1/7/2021,FALSE,0.05
cust107428,Christopher Boyd,5706492092,50,male,west,20-10-2020,FALSE,0.18
cust107429,Stephanie Jenkins,5142341805,29,male,south,8/12/2024,TRUE,0.01
cust107430,Shelley Carter,4098255938,46,male,central,18-08-2021,FALSE,0.35
cust107431,Jacob Graham,286649259,38,female,south,1/11/2021,FALSE,0
cust107432,Donna Miranda,4546500088,56,male,central,14-01-2022,FALSE,0.45
cust107433,Rita Escobar,1323834048,44,male,west,11/8/2020,FALSE,0.25
cust107434,Jamie Esparza,3776708154,43,male,north,24-02-2021,FALSE,0.44
cust107435,Julia Murillo,3351699240,58,female,north,21-02-2021,FALSE,0.2
cust107436,Michael Harper,9296570113,69,female,south,10/1/2022,FALSE,0.08
cust107437,Patrick Wood,873904766,70,male,central,11/1/2022,FALSE,0.12
cust107438,John Smith,8759935750,40,female,north,27-06-2024,FALSE,0.21
cust107439,Thomas Wiggins,2626144385,22,male,north,18-04-2023,FALSE,0.31
cust107440,Jennifer Li,4386909630,18,female,north,28-10-2022,FALSE,0.32
cust107441,Marie Reid,5674663164,29,female,south,17-10-2021,FALSE,0.27
cust107442,Alan Obrien,1542016795,57,female,north,17-03-2022,FALSE,0.17
cust107443,Ricardo Mccarthy,8139655119,37,male,west,17-11-2024,FALSE,0.35
cust107444,Jason Fuller,6641917873,32,female,south,10/7/2022,FALSE,0.36
cust107445,Linda Martin,1422052443,19,female,central,12/11/2022,FALSE,0.24
cust107446,Christopher Sanchez,3476455596,48,female,east,21-12-2023,FALSE,0.25
cust107447,Mrs. Ashley Arnold,2125453537,65,male,west,21-12-2021,FALSE,0.19
cust107448,Morgan Fisher,1941109146,24,female,south,7/7/2022,FALSE,0.42
cust107449,Claudia Schneider,3950426984,62,female,west,17-05-2021,FALSE,0.22
cust107450,Carlos Hall,3832155794,52,female,north,5/5/2021,FALSE,0.12
cust107451,Raymond Blake,6342394544,49,female,central,20-05-2025,FALSE,0.33
cust107452,Bryan Williams,6955845727,27,female,west,15-10-2023,FALSE,0.16
cust107453,Todd Marshall,126729174,46,female,north,3/9/2020,FALSE,0.27
cust107454,Mr. Michael Jackson Jr.,1396403560,53,male,south,20-12-2020,FALSE,0.22
cust107455,Sarah Golden,6852503028,49,male,south,9/8/2020,FALSE,0.17
cust107456,Robert Burgess MD,8979192454,53,male,west,22-08-2023,FALSE,0.02
cust107457,Billy Moore,6563992350,66,male,east,10/9/2022,FALSE,0.06
cust107458,Michael Ramirez,5587431342,68,male,central,1/7/2021,FALSE,0.18
cust107459,Cynthia Hines,8374492701,21,female,north,21-02-2022,TRUE,0
cust107460,Jessica Hughes,511641695,55,male,west,3/5/2023,FALSE,0.2
cust107461,Jasmine Lynn,3271292741,49,male,south,25-02-2025,FALSE,0.26
cust107462,Eric Rodriguez,5428377419,54,female,east,14-08-2024,FALSE,0.11
cust107463,Alexander Marsh,5698527602,37,male,east,15-10-2020,FALSE,0.12
cust107464,Lisa Montgomery,8383334668,43,female,north,2/7/2022,FALSE,0.23
cust107465,Steven Gonzalez,170718352,30,female,south,30-09-2020,TRUE,0.26
cust107466,Mark Floyd,6540546752,33,male,north,1/11/2024,FALSE,0.29
cust107467,Albert Wells,3939025022,35,female,east,6/2/2021,FALSE,0.4
cust107468,Mr. Ryan Friedman,810281382,48,male,west,21-05-2021,FALSE,0.14
cust107469,Dustin Patel,8374475822,29,male,central,21-07-2025,FALSE,0.22
cust107470,Sue Smith,8379736909,57,male,north,26-04-2021,FALSE,0.12
cust107471,Mr. Gregory Rush Jr.,3439350152,55,female,west,22-03-2022,FALSE,0.17
cust107472,Andrew Kerr,4170910180,27,female,west,6/11/2020,TRUE,0.34
cust107473,Douglas Gross,7497537680,56,female,south,8/1/2023,FALSE,0.08
cust107474,Dennis Newman,2509098371,18,male,east,5/12/2023,FALSE,0.12
cust107475,Joann Delacruz,7316790035,43,male,west,30-04-2023,FALSE,0.17
cust107476,Jeremy Shah,2836897341,51,female,west,11/7/2023,FALSE,0.23
cust107477,Sandra Kim,7675733451,26,other,central,17-10-2020,FALSE,0.22
cust107478,Lisa Barker,6303709456,29,male,north,19-10-2022,FALSE,0.13
cust107479,Kara Park,62478349,58,male,east,6/1/2023,FALSE,0.37
cust107480,Shannon Daniels,4955034539,62,male,south,27-01-2023,FALSE,0.27
cust107481,Nathan Swanson,9125612948,58,male,west,22-08-2021,FALSE,0.26
cust107482,Michael Gardner II,7861357992,44,male,west,24-11-2024,FALSE,0.18
cust107483,Stacey Grant,8661998131,69,female,west,27-09-2020,FALSE,0.15
cust107484,Dr. Jessica Phillips,9225859074,50,female,west,18-01-2023,FALSE,0.1
cust107485,Terrance Torres,9256007737,18,female,north,30-08-2020,FALSE,0.31
cust107486,Daniel Kelley,8206282267,46,female,north,31-10-2020,FALSE,0.18
cust107487,Tanya Watkins,3608829925,51,male,south,2/8/2021,TRUE,0.24
cust107488,Michael Knight,8714800140,42,female,north,7/5/2022,TRUE,0.14
cust107489,Brian Silva,8753099797,61,female,west,22-05-2025,TRUE,0.36
cust107490,Raymond Harris,6949213208,32,male,north,16-04-2021,FALSE,0.16
cust107491,Tiffany Keller,5719894786,27,male,south,23-12-2020,FALSE,0.27
cust107492,Jacob Hardy,4935839150,45,female,central,17-11-2024,FALSE,0.17
cust107493,Paul Morales,1056540678,65,male,west,12/7/2023,TRUE,0.21
cust107494,Shannon Roberts,4693939673,62,female,central,3/3/2021,FALSE,0.31
cust107495,Yolanda Garza,498326535,40,female,north,22-01-2023,FALSE,0.44
cust107496,Tonya Murphy,9304028047,39,female,central,23-12-2023,FALSE,0.1
cust107497,Jason Navarro,565834967,60,male,east,25-09-2021,FALSE,0.09
cust107498,Mark Harris,877556032,31,male,west,10/10/2021,FALSE,0.05
cust107499,Gregory Williams,6197535537,50,female,north,12/8/2021,TRUE,0.31
cust107500,Tammy Bennett,8161985473,28,female,east,20-10-2021,FALSE,0.15
cust107501,Sandra Ortiz,7540064630,32,female,south,13-11-2021,FALSE,0.15
cust107502,Joseph Harrison,9409826600,52,male,east,18-04-2024,FALSE,0.2
cust107503,Dustin Ramirez,6825574772,19,male,central,22-01-2022,FALSE,0.14
cust107504,Christine Webb,8026200206,53,male,central,24-06-2021,FALSE,0
cust107505,Hannah Rios,6728087858,52,female,central,26-01-2022,FALSE,0.15
cust107506,Thomas Washington,9212135103,69,male,east,15-10-2022,FALSE,0.1
cust107507,Keith Rosales,2620643042,27,female,north,9/6/2025,TRUE,0.22
cust107508,Elijah Brown,5036045442,43,female,east,19-11-2021,FALSE,0.11
cust107509,James Rodriguez,3039872596,66,female,west,18-10-2021,FALSE,0.19
cust107510,Kyle Garza,135282250,58,male,north,1/9/2023,FALSE,0.16
cust107511,Michelle Castillo,9300437016,55,male,west,9/12/2020,FALSE,0.2
cust107512,Angela Medina,7080522897,62,female,central,24-10-2021,FALSE,0.24
cust107513,Heather Carey,9358167090,33,male,east,25-02-2025,FALSE,0.08
cust107514,Dave Atkinson,6980947510,33,female,central,10/11/2022,FALSE,0.32
cust107515,John Price,9766831115,54,female,north,11/2/2021,FALSE,0.4
cust107516,Steven Johnson,8529405072,18,female,north,25-10-2024,FALSE,0.33
cust107517,Amber Flores,552100611,23,male,south,19-02-2023,FALSE,0.29
cust107518,Alex James,2800007514,22,male,east,20-01-2022,FALSE,0.24
cust107519,Kristopher Mills,8288957083,43,male,east,1/9/2021,FALSE,0.13
cust107520,Amber Jones,9639509480,32,female,east,23-06-2022,FALSE,0.16
cust107521,Heather Berg,3477799263,21,male,south,8/2/2021,FALSE,0.23
cust107522,Beverly Taylor,4676715636,19,male,south,3/5/2024,FALSE,0.17
cust107523,Dr. Denise Brown MD,9220611413,50,male,north,25-02-2022,FALSE,0.2
cust107524,Jason Horne,1830341680,27,male,west,22-05-2023,TRUE,0.32
cust107525,Nancy Smith,6933132580,50,female,west,14-05-2025,FALSE,0.24
cust107526,Jacob Hall,2910437978,69,male,central,13-08-2024,FALSE,0.16
cust107527,Anna George,6927390601,64,female,west,18-09-2020,FALSE,0.37
cust107528,Justin Gonzalez,2789111986,44,male,west,17-10-2022,FALSE,0.16
cust107529,Sydney Trujillo,5192662333,48,female,east,23-08-2022,FALSE,0.19
cust107530,Matthew Simmons Jr.,6794744812,59,female,north,6/2/2023,FALSE,0
cust107531,Brittany Russell,6599157939,53,male,east,31-10-2024,FALSE,0.21
cust107532,Sandra Brown,7593364726,70,other,central,6/3/2021,FALSE,0.24
cust107533,Cody Snyder,2965713628,44,female,central,17-08-2022,FALSE,0.1
cust107534,Jaime Kidd,2098235702,37,female,south,9/11/2022,FALSE,0.25
cust107535,Emma Whitehead,3298717098,43,male,north,18-09-2020,FALSE,0.14
cust107536,Charles Murphy,5021660543,22,female,central,3/12/2021,FALSE,0.3
cust107537,John Robinson,1991000498,60,male,north,4/10/2020,FALSE,0.07
cust107538,Jessica Spears,8698737199,32,male,east,29-12-2022,FALSE,0.37
cust107539,Christine Estes,8703152168,39,female,west,6/5/2025,FALSE,0.3
cust107540,Rebecca Wood,5898755718,45,male,east,20-09-2024,FALSE,0.2
cust107541,Lori Smith,5614662148,49,male,north,28-06-2022,FALSE,0
cust107542,Elizabeth Scott,4359390818,63,male,east,8/6/2022,FALSE,0.07
cust107543,Kevin Conner,7684059729,35,male,east,13-07-2022,FALSE,0.14
cust107544,Zachary Rodriguez,9146751590,34,female,south,10/8/2022,FALSE,0.3
cust107545,Connor Owens,1349023873,43,female,south,24-11-2020,FALSE,0.19
cust107546,David Grant,3119721414,20,female,central,5/12/2020,FALSE,0.44
cust107547,Elizabeth Spence,9239899031,48,female,south,12/2/2021,FALSE,0.32
cust107548,Taylor Smith,3747449425,39,male,south,9/2/2022,FALSE,0.13
cust107549,Matthew Cooper,5529871234,54,female,south,28-12-2022,FALSE,0.21
cust107550,Jennifer Myers,690117334,62,male,central,27-04-2025,FALSE,0.16
cust107551,Matthew Vincent,8361340812,25,female,south,20-07-2025,FALSE,0.4
cust107552,Valerie Smith,9584316744,59,female,central,24-09-2022,FALSE,0.29
cust107553,Dr. Nicholas Esparza DVM,3311217411,51,female,south,17-11-2022,FALSE,0.25
cust107554,John Douglas,6367161756,19,male,central,22-01-2021,FALSE,0.3
cust107555,Erin Pineda,4179726165,53,female,east,25-02-2024,FALSE,0.25
cust107556,Brianna Terry,4626834178,63,female,east,19-03-2022,TRUE,0.09
cust107557,Anna Lane,5151703477,25,male,north,23-09-2024,FALSE,0.2
cust107558,Natalie Flowers,1808697177,67,female,east,15-02-2024,FALSE,0.06
cust107559,Scott Castaneda,9784389845,67,male,south,6/3/2024,FALSE,0.14
cust107560,Andrea Holder,6727856357,18,female,south,15-03-2024,FALSE,0.29
cust107561,Michael Simmons,1238130971,30,female,north,28-02-2023,FALSE,0.33
cust107562,Kyle Woods,3283167207,39,female,central,14-03-2021,FALSE,0.38
cust107563,Lori Paul,784375672,36,male,north,6/9/2022,FALSE,0.25
cust107564,Daniel Wells PhD,4666385990,64,female,north,15-01-2025,FALSE,0.03
cust107565,William Clayton,6236804429,50,female,east,28-10-2020,FALSE,0.03
cust107566,Justin Frey,5206608006,69,male,north,14-11-2023,FALSE,0.15
cust107567,Mark Anderson,5643710728,49,female,east,6/12/2020,FALSE,0.42
cust107568,Carla Baxter,2390386542,52,male,west,30-04-2021,FALSE,0.15
cust107569,Joseph Clark,1435820726,20,female,east,7/12/2020,FALSE,0.24
cust107570,Kelsey Townsend,5264942447,28,female,north,21-03-2025,FALSE,0
cust107571,Matthew Nielsen,8129798969,22,female,south,14-09-2024,FALSE,0.35
cust107572,Rachel Colon,2776892642,53,female,central,9/5/2025,FALSE,0.1
cust107573,Stephanie Thornton,8920592749,65,male,south,24-10-2023,FALSE,0.1
cust107574,Laura Gilbert,6026324235,62,female,east,18-07-2024,FALSE,0.1
cust107575,Anthony Day,5980091443,34,male,west,30-09-2024,TRUE,0.34
cust107576,Edward Cox,7321926318,24,male,west,13-04-2024,FALSE,0.23
cust107577,Joseph Hunt,5632060387,70,male,east,5/2/2021,FALSE,0.18
cust107578,Kaitlyn Bryant,3581035687,62,male,west,10/4/2022,FALSE,0.32
cust107579,Wanda Oconnor,6556996605,35,male,east,7/7/2024,FALSE,0
cust107580,Anne Green,1571130115,25,female,south,15-09-2024,FALSE,0.04
cust107581,Christopher Hall,8805836436,21,male,east,13-03-2025,FALSE,0.12
cust107582,Tracy Ellison,2720505130,66,female,south,24-06-2023,FALSE,0.19
cust107583,Paige Garcia,9357244211,58,male,south,27-03-2021,FALSE,0.22
cust107584,Robert Brown,3214979561,39,male,west,3/12/2022,FALSE,0.25
cust107585,Wendy Lopez,8461025935,57,female,north,20-06-2025,FALSE,0.2
cust107586,Carrie Chapman,6892898711,55,male,south,6/5/2023,FALSE,0.24
cust107587,David Cole,7439923034,51,other,east,4/5/2025,FALSE,0.06
cust107588,Justin Fernandez IV,8265980314,20,female,north,19-02-2024,FALSE,0.17
cust107589,Erin Houston,6534740543,44,male,east,7/8/2020,FALSE,0.22
cust107590,Kimberly Beltran,1535894541,25,female,central,4/4/2025,FALSE,0.37
cust107591,Teresa Campbell,8462619408,38,female,central,2/2/2023,FALSE,0.17
cust107592,Timothy Hampton,9061326003,41,male,south,18-03-2024,FALSE,0.31
cust107593,Alison Coleman,4126840224,31,female,north,28-07-2021,FALSE,0.34
cust107594,Paul Graham,4959599662,19,female,south,16-06-2023,FALSE,0.25
cust107595,Daniel Fernandez,9028471743,42,female,south,11/5/2024,FALSE,0.38
cust107596,Travis Cruz,8064216566,31,female,central,10/12/2021,FALSE,0.09
cust107597,Stephanie Barrett,5290421202,43,male,east,11/12/2023,FALSE,0
cust107598,Hannah Reed,9688578743,51,male,west,13-11-2023,FALSE,0.09
cust107599,Gregory Hernandez,8063210182,48,male,north,31-12-2021,FALSE,0.05
cust107600,Kayla Johnson,127899836,48,male,west,28-07-2024,FALSE,0.21
cust107601,Jeffrey Faulkner,7490041366,54,female,west,3/1/2025,FALSE,0.32
cust107602,Michael Kelly DDS,2613721030,41,male,central,19-02-2023,FALSE,0.23
cust107603,Elizabeth Flores,3051270085,47,female,north,27-04-2022,FALSE,0.14
cust107604,Brenda Freeman,9078068407,70,male,south,17-08-2021,FALSE,0.12
cust107605,Timothy Price,25676853,41,male,west,21-02-2021,FALSE,0.38
cust107606,Connie Lee,7511528789,33,male,south,29-05-2021,FALSE,0.11
cust107607,Michael Rojas,1807570254,31,female,south,9/4/2024,FALSE,0.16
cust107608,Shelly Griffin,8931345015,35,male,north,31-07-2024,FALSE,0
cust107609,Lisa Russell,9541498783,41,male,south,4/3/2023,FALSE,0.24
cust107610,Terri Moore,3477455062,29,female,central,18-11-2024,FALSE,0.3
cust107611,Tiffany Lester,6430406280,67,male,east,19-04-2023,TRUE,0.24
cust107612,Samuel Evans,7204097694,58,male,west,8/9/2020,FALSE,0.21
cust107613,Stacy Whitehead,2118884176,59,female,central,14-05-2024,FALSE,0.25
cust107614,Diane Stone,2858798277,25,female,west,10/2/2022,FALSE,0.2
cust107615,Jacob Brewer,8106626105,45,male,central,24-09-2020,FALSE,0.24
cust107616,Nancy Galloway,1355745765,37,female,east,9/1/2024,FALSE,0.19
cust107617,Stephen Ramirez,2975785665,35,female,east,7/1/2021,FALSE,0
cust107618,Laura Richardson,3312458587,54,male,central,11/5/2024,FALSE,0.4
cust107619,Meagan Jimenez,6883244198,26,male,central,7/12/2024,FALSE,0.01
cust107620,Dr. Brent Jenkins,9964982869,52,other,south,9/10/2023,FALSE,0
cust107621,Dr. Hannah Miller,4163508015,70,male,south,16-11-2020,FALSE,0.18
cust107622,Gary Mckee,251625138,24,other,west,17-10-2022,FALSE,0.34
cust107623,Nathan Montgomery,3263806146,64,female,central,24-05-2024,FALSE,0.26
cust107624,Johnny Riddle,174018,31,female,west,17-04-2024,FALSE,0.18
cust107625,Kevin Singleton,451122188,19,female,south,8/6/2025,TRUE,0.11
cust107626,Derek Marshall,4968285752,45,female,east,2/10/2022,FALSE,0.25
cust107627,Bobby Brown,9683168786,25,female,central,26-12-2022,FALSE,0.29
cust107628,Jeremy Curtis,5113321980,18,female,east,4/3/2024,FALSE,0.22
cust107629,Jennifer Thomas,1888239699,18,male,north,20-10-2024,FALSE,0.4
cust107630,Laura Skinner,5762356523,50,male,west,18-08-2020,FALSE,0.17
cust107631,Mrs. Maria Stafford,2928441672,36,female,south,28-08-2023,FALSE,0.13
cust107632,Michele Warren,770320618,29,female,west,12/5/2022,FALSE,0.2
cust107633,Stephanie Davenport,3775422930,31,male,north,7/2/2024,FALSE,0.21
cust107634,Sherri Hall,7877029894,24,female,south,19-01-2025,FALSE,0.13
cust107635,Megan Lopez,9292572402,65,female,east,27-01-2025,FALSE,0.3
cust107636,Richard Ayala,3580220474,65,female,west,5/11/2023,FALSE,0
cust107637,Mark Dunn,4308698936,18,female,east,9/5/2023,FALSE,0.33
cust107638,Mitchell Bell,6509442009,53,male,north,1/8/2024,FALSE,0.24
cust107639,Nicholas Townsend,4815882062,37,female,central,24-08-2020,TRUE,0
cust107640,Timothy Atkins,8706501248,59,male,south,30-05-2023,FALSE,0.22
cust107641,Ashley Baker,2882121902,21,male,east,22-07-2023,FALSE,0.19
cust107642,Laura Russell,914534394,55,male,south,15-03-2022,FALSE,0.26
cust107643,Taylor Rodriguez,1235151143,60,male,north,29-07-2024,FALSE,0.19
cust107644,Keith Garcia,532712895,19,male,west,18-01-2022,FALSE,0.13
cust107645,Maureen Gibson,3255505166,46,male,central,6/4/2022,FALSE,0.21
cust107646,Andrea Evans MD,4205295014,68,female,north,13-02-2023,FALSE,0.14
cust107647,Robert Beck,7184930881,52,male,north,16-02-2022,FALSE,0.39
cust107648,Jesus Erickson,9928167001,43,female,west,21-04-2025,FALSE,0.38
cust107649,Todd Hoffman,9317501470,39,male,east,27-12-2021,FALSE,0.22
cust107650,Sarah Martinez,6158214585,47,male,central,11/2/2022,FALSE,0.01
cust107651,Ronald Haley,5768671318,55,male,west,11/4/2025,FALSE,0.29
cust107652,Kathy Dixon,992061863,49,male,central,20-02-2025,FALSE,0.08
cust107653,Mary Brown,2179523796,69,male,west,17-05-2023,FALSE,0.33
cust107654,Jason Mooney,6164040754,18,female,central,5/9/2023,FALSE,0.3
cust107655,Nathan Russell,1885062046,57,male,east,10/3/2023,FALSE,0.21
cust107656,Katherine Wright,2881445848,24,female,west,4/5/2024,FALSE,0.14
cust107657,Brandy Elliott,2956374965,24,female,west,8/10/2024,FALSE,0.16
cust107658,Cindy Barnes,4734196795,54,male,east,8/8/2021,FALSE,0.3
cust107659,Miss Heather Higgins DDS,6956383734,60,male,north,3/8/2023,FALSE,0.2
cust107660,Carla Schmidt,1323802607,20,male,north,2/6/2024,FALSE,0.13
cust107661,Ivan Benson,4581006916,26,female,south,6/5/2023,FALSE,0.11
cust107662,Deborah Miller,7836808900,50,female,west,18-09-2020,FALSE,0.34
cust107663,Joseph Thomas,5291324560,36,male,south,12/3/2022,FALSE,0.22
cust107664,Dr. Joseph Perkins DDS,1438781511,67,male,central,30-07-2024,FALSE,0.02
cust107665,Ronald Johnson,8741527831,29,male,east,22-09-2021,TRUE,0.16
cust107666,Kayla Wood,6395772110,45,female,west,4/6/2025,FALSE,0.22
cust107667,Justin Cook,3844345601,70,male,west,25-12-2023,FALSE,0.27
cust107668,Susan Hernandez,4397688757,39,female,south,7/5/2024,FALSE,0.33
cust107669,Andrew Mueller,8794143878,48,female,south,27-12-2021,FALSE,0.18
cust107670,Madison Wolf,1183296406,56,male,north,23-04-2024,FALSE,0.36
cust107671,Samuel Duncan DDS,1697688194,33,male,west,23-10-2022,FALSE,0.28
cust107672,Chelsea Floyd,9864423244,35,male,south,13-06-2023,FALSE,0.31
cust107673,Danielle Tucker,7529949842,51,male,east,19-08-2021,FALSE,0.25
cust107674,Jack Galvan,5431876807,60,female,north,16-06-2024,TRUE,0.07
cust107675,Sandy Davis,6137804975,69,female,south,27-12-2021,TRUE,0.25
cust107676,Rachel Miller,4387310668,62,male,north,12/10/2021,TRUE,0.13
cust107677,Carl King,6115123476,38,male,east,22-03-2025,FALSE,0.45
cust107678,Timothy Robinson,2972860647,37,female,east,29-11-2021,TRUE,0.21
cust107679,Lori Mathews,2127057479,54,male,central,17-01-2021,FALSE,0.12
cust107680,James Griffin,4131111996,36,female,north,20-10-2021,FALSE,0.32
cust107681,Brianna Wilkerson,6951612058,64,female,east,12/10/2020,TRUE,0.18
cust107682,Mindy Hill,7057907517,69,male,north,23-04-2023,FALSE,0.05
cust107683,Phyllis Peterson,1095520761,58,female,west,27-11-2021,FALSE,0.3
cust107684,Michele Gonzalez,5700193482,44,male,central,11/9/2020,FALSE,0.18
cust107685,Randy Brown,6136628047,59,female,east,28-07-2025,FALSE,0.18
cust107686,Richard Moreno,8352887007,33,male,south,15-03-2025,FALSE,0
cust107687,Michael Fritz,6852167427,59,female,west,17-10-2022,FALSE,0.15
cust107688,William Davis,4598307145,48,female,west,20-04-2025,FALSE,0.12
cust107689,Courtney Ford,6642167017,33,female,north,27-12-2022,FALSE,0.21
cust107690,Robert Williams,1431815113,30,female,east,3/3/2024,TRUE,0.21
cust107691,Virginia Webster,4620511055,67,female,west,25-10-2023,FALSE,0
cust107692,Robert Ward,3209956206,26,male,south,13-04-2025,FALSE,0.37
cust107693,Alexandra Morris,7840652871,20,male,central,16-05-2021,FALSE,0.03
cust107694,Tara Diaz,6813037966,69,female,north,9/4/2024,FALSE,0.12
cust107695,Samuel Warren,4577998973,65,female,south,20-07-2025,FALSE,0
cust107696,Richard Mcclain,6067125252,34,male,north,30-04-2023,FALSE,0.11
cust107697,Michelle Leach,1604077658,69,male,central,19-12-2024,FALSE,0.08
cust107698,Luis Boyle,4846352943,56,male,central,24-03-2022,FALSE,0.23
cust107699,Michael Osborne,1099932373,48,female,west,16-09-2022,FALSE,0.15
cust107700,Karen Marquez MD,6098962004,57,male,south,12/11/2022,FALSE,0.25
cust107701,Michael Simpson,8624871759,27,female,west,7/1/2024,FALSE,0.14
cust107702,Karen Willis,4726298130,32,male,central,26-04-2025,TRUE,0.17
cust107703,Justin Edwards,1972678357,25,female,central,25-05-2022,FALSE,0.29
cust107704,Charles Shea,1794631909,64,male,central,2/12/2024,FALSE,0.08
cust107705,Carlos Gutierrez,1104689809,35,male,north,26-03-2023,FALSE,0.27
cust107706,Joshua Rich,9807844094,27,other,west,30-04-2024,FALSE,0.22
cust107707,Renee Gonzalez,8900512886,34,male,north,7/8/2022,FALSE,0.22
cust107708,Emily Wright,7921540653,37,female,west,2/10/2023,FALSE,0.27
cust107709,Kathy Brooks,5763489528,53,male,west,27-09-2020,FALSE,0.02
cust107710,Seth Joyce,6456499528,20,female,south,29-03-2022,FALSE,0.27
cust107711,Joshua Anderson,8264583170,66,female,north,4/12/2021,FALSE,0.24
cust107712,Angela Griffin,8814182067,69,female,west,2/3/2021,TRUE,0.07
cust107713,James Cruz,2877291725,26,female,central,23-10-2020,FALSE,0.19
cust107714,Laura Hardin,1730717411,56,female,south,4/4/2021,FALSE,0.21
cust107715,Mitchell King,508767469,70,male,east,20-12-2022,FALSE,0.08
cust107716,Adriana Harris,1366264547,28,male,south,3/12/2022,FALSE,0.22
cust107717,Nicole Rogers,7026778314,32,female,east,8/9/2021,FALSE,0.14
cust107718,Cynthia Mueller,2976612902,51,female,east,23-04-2021,FALSE,0.18
cust107719,Christina Nelson,1313673950,68,female,north,10/8/2021,FALSE,0.12
cust107720,Madison Jones,7911954373,51,female,west,16-11-2023,FALSE,0.36
cust107721,Destiny Valdez,7688678731,34,other,east,4/4/2021,FALSE,0.13
cust107722,Jacob Delgado,1540805709,24,female,north,24-06-2024,FALSE,0.26
cust107723,Maurice Gardner,4366875292,46,female,south,18-05-2021,FALSE,0.29
cust107724,Jeffery Coleman,4667715564,18,female,south,25-04-2022,FALSE,0.22
cust107725,Brandon White,5831223074,65,male,north,11/7/2025,FALSE,0.32
cust107726,Alyssa Jones,9218324873,34,female,west,30-11-2024,FALSE,0.07
cust107727,Chris Hicks,3746711998,40,female,central,15-09-2023,FALSE,0
cust107728,Christopher Parks,9741860021,26,male,south,1/1/2024,FALSE,0.16
cust107729,Jacqueline Brown,9878387714,35,female,north,3/11/2022,FALSE,0.33
cust107730,Mark Horn Jr.,6784371619,27,female,central,15-11-2021,FALSE,0.18
cust107731,David Bush,7675931104,26,male,west,15-11-2021,FALSE,0.23
cust107732,Jade Ayala,2536500835,34,female,east,26-08-2024,FALSE,0.14
cust107733,William Anderson,6998340833,35,female,central,27-11-2024,FALSE,0.16
cust107734,Mr. Bradley Sanford Jr.,9687929733,41,male,north,25-12-2023,FALSE,0.23
cust107735,Elizabeth Bryant,3544572223,19,female,north,20-02-2025,FALSE,0.01
cust107736,Lydia Carroll,5397942543,23,male,south,5/11/2022,FALSE,0.32
cust107737,Andrea Diaz,3713977232,47,male,north,15-11-2021,TRUE,0.22
cust107738,Regina Lam,48402799,62,female,central,18-08-2023,FALSE,0.34
cust107739,Brian Griffin,6123400072,36,male,south,19-06-2022,FALSE,0.24
cust107740,Jessica Fisher,9309032288,52,male,east,2/11/2024,FALSE,0.27
cust107741,Russell Schmitt,7314372219,32,female,south,25-04-2023,FALSE,0.33
cust107742,Brian Durham,7432318943,18,female,south,26-09-2024,FALSE,0.24
cust107743,Charles Martin,6243976417,33,female,south,9/8/2024,FALSE,0.31
cust107744,Jessica Maldonado,3826606762,47,male,east,14-01-2022,FALSE,0.25
cust107745,Megan Carter,432459841,60,male,west,15-07-2024,FALSE,0.18
cust107746,Patricia Solis,5595246682,29,female,north,1/12/2020,FALSE,0.29
cust107747,Andrew Thompson,2099017878,27,male,west,4/1/2023,FALSE,0.24
cust107748,Martin Bennett,5396517075,26,other,central,2/2/2021,TRUE,0.16
cust107749,Barbara Scott,8716767137,38,female,west,27-08-2020,FALSE,0.23
cust107750,Roger Anderson,3752229457,49,female,south,3/8/2024,TRUE,0.33
cust107751,Sharon Thomas,3833295807,59,male,west,23-12-2023,FALSE,0.34
cust107752,Timothy Collier,5119831554,26,male,south,31-05-2023,FALSE,0.29
cust107753,Carl Moore,8270004722,38,male,east,29-07-2024,FALSE,0.28
cust107754,Alexander White,8269858718,39,female,west,27-02-2023,FALSE,0.18
cust107755,Sean James,671735339,41,male,central,24-02-2024,FALSE,0.68
cust107756,Jennifer Wolfe,6169829642,51,male,west,25-12-2024,FALSE,0.17
cust107757,Mitchell Avery,6337697911,55,male,west,5/5/2022,FALSE,0.27
cust107758,Dawn Williams,3252115719,48,male,central,26-05-2021,FALSE,0.32
cust107759,Matthew Meyer,5920312909,33,female,south,11/1/2024,FALSE,0.14
cust107760,Timothy Becker,9431585318,59,male,west,19-12-2020,FALSE,0.03
cust107761,Rebecca Bright,1856642648,50,male,south,8/4/2023,FALSE,0.07
cust107762,Gerald Frey,7129683495,57,male,south,25-02-2025,TRUE,0
cust107763,Anthony Bates,5504097130,22,female,south,7/5/2021,FALSE,0.15
cust107764,Terry Anthony,4353893431,57,male,east,1/5/2021,FALSE,0.16
cust107765,Kenneth Cohen,2734640510,41,male,south,27-11-2021,FALSE,0.39
cust107766,Benjamin Coleman,3815265839,40,male,central,11/1/2024,TRUE,0.05
cust107767,Angie Malone MD,5598523044,34,male,north,6/3/2024,FALSE,0.08
cust107768,Kelsey Jenkins,4593450185,70,female,central,16-10-2022,FALSE,0.15
cust107769,Amy Henderson,1909725391,51,male,central,3/10/2023,FALSE,0.03
cust107770,Ann Robbins,5978539224,24,male,west,5/5/2021,FALSE,0.3
cust107771,Walter Diaz,1773581283,54,female,east,13-04-2024,FALSE,0.39
cust107772,Denise Fuentes,8335336241,50,male,west,6/8/2020,FALSE,0.13
cust107773,Destiny Johnson,3003224920,49,male,east,18-05-2022,FALSE,0.11
cust107774,Peter Chapman,5400768374,59,female,south,31-10-2022,FALSE,0.33
cust107775,Kevin Campbell,5780934254,28,male,west,30-12-2020,FALSE,0.23
cust107776,Patrick Cervantes,7322633864,41,female,central,1/1/2023,FALSE,0.03
cust107777,Bruce Calhoun,2625084386,36,female,central,18-03-2021,FALSE,0.15
cust107778,Leah Hawkins,6353730833,64,male,north,7/11/2024,FALSE,0.34
cust107779,Dominique Barber,8631676154,39,female,east,30-07-2024,TRUE,0.07
cust107780,Ryan Martinez,4365489555,58,male,north,19-12-2023,FALSE,0.08
cust107781,Joshua Ramirez,7531656441,43,female,north,9/7/2025,FALSE,0.29
cust107782,Alex Smith,8280215759,28,male,south,8/11/2021,TRUE,0.39
cust107783,Mary Welch,8163684878,34,female,north,18-08-2020,FALSE,0.1
cust107784,Jessica Edwards,7074353793,24,female,east,31-01-2023,TRUE,0.12
cust107785,Gregory Caldwell,2539736280,40,male,north,7/1/2021,FALSE,0.25
cust107786,Crystal Tran,85243038,44,female,central,24-10-2020,FALSE,0.31
cust107787,Sheila Rivas,9405290295,37,female,central,8/6/2023,FALSE,0.23
cust107788,Danielle Williams,6418794230,30,female,north,13-05-2025,FALSE,0
cust107789,Michelle Andrews,5973424489,23,male,west,31-05-2023,FALSE,0.29
cust107790,Tammy Hunt,4745678373,22,female,central,8/9/2021,FALSE,0.29
cust107791,Thomas Rodriguez,2080366489,51,male,north,9/7/2025,FALSE,0.13
cust107792,Tracy Diaz,560923346,50,male,north,13-08-2024,FALSE,0.32
cust107793,Mr. John Evans MD,7118383020,25,female,north,30-10-2023,FALSE,0.21
cust107794,Austin Roberts,4226319448,66,female,south,6/9/2022,FALSE,0.32
cust107795,Gary Rodriguez,1565778700,35,female,central,11/9/2021,FALSE,0.21
cust107796,Daniel Thornton,5520504289,28,male,west,28-06-2024,FALSE,0.45
cust107797,Michael Mueller,577078007,51,female,central,20-10-2024,FALSE,0
cust107798,Stephanie Sosa,4661110991,61,male,east,15-02-2022,FALSE,0.15
cust107799,Brandon Richardson,2393671252,45,other,central,24-01-2022,FALSE,0.35
cust107800,Scott Bernard,4831399699,52,male,north,11/11/2024,FALSE,0.31
cust107801,Margaret Tucker,639652903,61,male,south,10/1/2023,FALSE,0.22
cust107802,Juan Harmon,6657248243,43,male,north,17-03-2021,FALSE,0.51
cust107803,Jacob Mendez III,2845728730,38,female,west,7/7/2023,FALSE,0.15
cust107804,Samantha Cardenas,1775163690,52,female,south,24-11-2020,FALSE,0.3
cust107805,Chad Fernandez,3388986071,34,male,east,24-07-2025,FALSE,0.32
cust107806,Mrs. Emily Adams,8462820581,25,male,west,29-07-2023,FALSE,0.3
cust107807,Lauren Wood,7048641173,19,male,west,28-12-2022,FALSE,0
cust107808,Gloria Warren,8377025816,25,female,central,7/3/2024,FALSE,0.28
cust107809,Brandy Figueroa,2741243992,46,other,east,24-12-2021,FALSE,0.39
cust107810,Keith Ashley,1736724303,68,male,east,22-10-2020,TRUE,0.01
cust107811,Daniel Miller,5528363248,33,male,east,2/6/2025,FALSE,0.36
cust107812,Stephanie Miller,3674479355,63,male,west,2/9/2022,FALSE,0.23
cust107813,Todd Rodgers,6492587991,23,male,west,3/7/2024,FALSE,0.26
cust107814,Ronald Bryant,2207198541,31,female,west,24-03-2023,FALSE,0.07
cust107815,Steven Odonnell,1217140196,66,female,north,1/10/2024,FALSE,0.28
cust107816,Veronica Cummings,8468709967,49,male,south,5/10/2021,FALSE,0.2
cust107817,Douglas Price,55639683,51,male,central,21-04-2023,FALSE,0.36
cust107818,Kristina Medina,5893631121,42,male,east,13-09-2020,FALSE,0.1
cust107819,Michael Miller,423638312,53,female,north,9/6/2021,FALSE,0.2
cust107820,Stephanie Chaney,9591038110,38,female,west,22-03-2022,FALSE,0.33
cust107821,Barbara Fleming,2063229405,22,male,west,27-05-2024,FALSE,0.18
cust107822,Elizabeth Willis,4167395774,70,female,west,21-09-2022,FALSE,0.08
cust107823,Gavin Mcclain,2556143152,22,male,west,21-06-2021,TRUE,0.27
cust107824,Christopher Long,4910788924,37,female,west,24-02-2024,FALSE,0.27
cust107825,Mark Torres,4398877082,53,male,central,16-12-2023,FALSE,0.21
cust107826,Mary Cruz,9858749575,59,female,west,13-11-2024,TRUE,0.26
cust107827,Todd Carter,9408361365,30,male,north,18-02-2022,FALSE,0.2
cust107828,Jennifer Baird,4429711893,31,female,west,10/5/2023,TRUE,0.03
cust107829,Eric Roberts,2281116090,55,male,east,17-08-2021,FALSE,0.09
cust107830,Timothy Anderson,1636382221,46,female,north,5/1/2025,FALSE,0.28
cust107831,John Hebert,8048397998,44,female,north,6/12/2021,TRUE,0.09
cust107832,Joseph Nolan,9046250396,62,male,north,9/9/2023,FALSE,0.31
cust107833,Joseph Duran,8281426309,57,female,central,7/1/2022,FALSE,0.23
cust107834,Christine Cruz,2832588285,61,male,central,21-08-2023,FALSE,0.25
cust107835,Peter Manning,7129216053,30,other,west,22-09-2024,FALSE,0.13
cust107836,Casey Taylor,6948246509,53,male,east,23-04-2025,TRUE,0.32
cust107837,Brittany Kelly,7305845642,36,male,east,3/5/2023,FALSE,0.28
cust107838,Lisa Berry,3730082338,33,male,north,22-05-2021,FALSE,0.02
cust107839,Luis Jimenez MD,2587241579,34,female,north,9/7/2025,FALSE,0.17
cust107840,Joy Kidd,2678778449,69,male,south,21-01-2025,FALSE,0.08
cust107841,Amy Snyder,1987931198,57,female,south,26-03-2024,FALSE,0.07
cust107842,Johnny Schneider Jr.,2594151913,67,male,west,26-09-2022,FALSE,0.22
cust107843,Ryan Farley,4705411918,50,female,east,5/7/2024,FALSE,0.35
cust107844,Daniel Gonzalez,2933651355,20,male,south,3/7/2022,FALSE,0
cust107845,David Buchanan,1090824636,34,male,west,30-05-2022,FALSE,0.26
cust107846,Phyllis Hawkins,445856411,45,female,central,18-04-2021,TRUE,0.26
cust107847,David Sellers PhD,2754555400,23,female,south,24-08-2024,FALSE,0.3
cust107848,Jeffrey Gilbert,3191021006,69,male,north,7/4/2022,FALSE,0.16
cust107849,Raymond Adams,6809113330,32,female,north,7/11/2020,FALSE,0.26
cust107850,Jane Villa,3755945127,56,female,north,13-05-2025,FALSE,0.17
cust107851,John Morales,7466143864,47,female,north,5/2/2023,FALSE,0.31
cust107852,Kendra Rodriguez,3924147796,43,female,east,7/10/2022,FALSE,0.22
cust107853,Valerie Buckley,8774205017,49,male,south,2/1/2021,FALSE,0.35
cust107854,Kelly Blankenship,1894152524,50,male,east,24-02-2021,FALSE,0.24
cust107855,Diana Schaefer,8345241480,39,female,east,17-02-2022,FALSE,0.2
cust107856,Charles Moyer,3605666410,18,female,east,13-10-2024,FALSE,0.04
cust107857,Michelle Lutz,1818048167,39,female,north,17-09-2023,FALSE,0.11
cust107858,Ricardo Wells,9927283499,53,female,central,21-09-2020,FALSE,0.07
cust107859,Megan Morris,2293015042,68,female,east,20-12-2024,FALSE,0.18
cust107860,Carl Bautista,9292800944,30,female,south,16-07-2022,FALSE,0.33
cust107861,Vincent Hall,9651855039,34,male,north,17-01-2022,FALSE,0.2
cust107862,Philip Madden,8200526993,33,female,south,20-11-2023,FALSE,0.08
cust107863,David Green,9985472915,59,male,east,3/12/2022,FALSE,0.15
cust107864,Michael Webb,9326225393,70,male,south,20-04-2024,FALSE,0.33
cust107865,Jacob Martin,2405010364,19,female,west,14-11-2022,TRUE,0.1
cust107866,William Miranda,5959547425,68,female,north,19-09-2020,FALSE,0.23
cust107867,Jason Martinez,9088852582,39,male,east,15-04-2025,FALSE,0.15
cust107868,Brendan Williams,775186382,64,other,south,24-01-2022,FALSE,0.37
cust107869,Michael Oconnell,1826606793,28,male,east,7/3/2021,FALSE,0.28
cust107870,Christian Richardson,2377364108,60,male,west,4/5/2022,FALSE,0.33
cust107871,Tyler Martinez,4787178847,19,female,central,11/10/2024,FALSE,0.03
cust107872,Sonya Cruz,982650001,42,female,west,19-09-2020,FALSE,0.21
cust107873,Taylor Aguilar,8738168740,51,male,south,17-10-2024,TRUE,0.12
cust107874,John Mccann,6724241246,26,female,west,4/9/2021,FALSE,0.18
cust107875,Paige Murray,4880097056,68,male,east,27-08-2020,TRUE,0.25
cust107876,Michelle Castillo,7122462999,45,male,central,9/1/2024,FALSE,0
cust107877,Lisa Obrien,9281376499,39,male,north,23-10-2022,FALSE,0.27
cust107878,Bryan Melton,4709251708,61,male,east,14-07-2024,FALSE,0.11
cust107879,Jennifer Anderson,4282426631,35,female,central,31-08-2023,FALSE,0.21
cust107880,Thomas Brown,1431753688,62,female,east,1/12/2023,TRUE,0.24
cust107881,Danielle Gonzalez,1664537874,49,male,south,1/2/2021,FALSE,0
cust107882,Jacob Crawford,8333912330,40,female,south,20-10-2021,TRUE,0.19
cust107883,Corey Simmons,5389260493,48,female,west,30-11-2020,FALSE,0.1
cust107884,Corey Adkins,3873805220,58,female,east,20-08-2021,FALSE,0.16
cust107885,Philip Davis MD,9695082984,35,female,central,7/3/2023,FALSE,0.38
cust107886,Tracy Reid,4593651539,40,female,east,4/8/2024,FALSE,0.02
cust107887,Paige Snyder,8097209485,51,male,south,3/12/2020,FALSE,0.11
cust107888,Cindy James,8426850020,67,female,east,20-03-2024,FALSE,0.05
cust107889,Amanda Durham,5713908328,56,female,west,23-02-2024,FALSE,0.19
cust107890,Christy Phillips,6954373349,50,male,north,25-05-2021,FALSE,0.37
cust107891,Denise Reed,2948748309,35,male,central,4/10/2024,FALSE,0.45
cust107892,Michael Morales,5172350293,21,male,south,27-12-2024,FALSE,0.25
cust107893,Kelly Williams,9603875581,51,female,central,26-08-2020,FALSE,0.04
cust107894,Amy Campbell,1744405449,36,female,north,3/10/2021,FALSE,0.22
cust107895,Diane Jenkins,8313918475,44,male,south,11/1/2021,FALSE,0.23
cust107896,Carol Guzman,3490854323,19,male,west,4/2/2025,FALSE,0.33
cust107897,Mr. Julian Smith Jr.,8548483628,26,female,north,20-01-2024,FALSE,0.23
cust107898,Anthony Chambers,2290204021,21,male,west,2/6/2023,FALSE,0.27
cust107899,Angela King,1272367052,26,male,central,29-03-2025,FALSE,0.09
cust107900,Roger Higgins,2464613741,21,male,north,29-09-2024,FALSE,0.16
cust107901,Jeffrey Garcia,727479332,30,male,west,1/12/2022,FALSE,0.18
cust107902,Sarah Bishop,3192861898,60,male,south,19-02-2022,FALSE,0.23
cust107903,Lori Wallace,1465941712,34,male,north,25-09-2024,FALSE,0.15
cust107904,Nancy Hill,246106746,19,female,west,21-06-2021,TRUE,0.11
cust107905,Theresa Maldonado,5646768723,70,male,west,10/11/2022,FALSE,0.33
cust107906,Kathleen Sherman,7476175359,62,male,south,9/5/2025,FALSE,0.3
cust107907,Christine Mercado,8527250862,35,female,west,26-12-2023,FALSE,0.27
cust107908,Todd Ortiz,9477223518,40,male,west,22-02-2024,TRUE,0.27
cust107909,Brandon Schultz,2488378236,68,male,central,4/3/2023,FALSE,0.22
cust107910,Jeffrey Ramirez,6561869695,70,male,north,5/4/2023,FALSE,0.1
cust107911,Scott Rodriguez,3076344969,62,female,east,23-11-2023,FALSE,0
cust107912,Katrina Adams,5560823328,56,female,east,25-07-2022,FALSE,0.31
cust107913,Casey Elliott,2839570300,22,female,central,8/1/2021,FALSE,0.07
cust107914,Andre Elliott,8746378364,61,male,east,14-12-2024,FALSE,0.27
cust107915,Bradley Ryan,2250300531,63,female,west,16-10-2020,FALSE,0.1
cust107916,Vanessa Finley,355860865,32,male,south,20-10-2023,FALSE,0.17
cust107917,Anthony Butler,4761234576,24,male,central,12/4/2024,FALSE,0.39
cust107918,David Hogan,304504679,24,male,central,16-03-2021,FALSE,0.12
cust107919,Kristin Ford,3747289779,47,female,west,2/2/2023,FALSE,0.26
cust107920,Ashley Payne,6757556078,54,other,west,5/11/2023,FALSE,0.05
cust107921,Dwayne Thompson,8107493115,31,male,north,8/3/2025,FALSE,0.32
cust107922,Michelle Padilla,9594441926,66,male,central,24-06-2025,FALSE,0.35
cust107923,David Bush,5128927915,53,male,central,23-12-2020,FALSE,0.18
cust107924,April Tapia,3188068106,44,female,south,13-03-2021,FALSE,0.16
cust107925,Kimberly Hobbs,472773907,65,female,west,2/7/2023,FALSE,0.28
cust107926,Matthew Perry,9754165433,40,female,south,14-07-2023,TRUE,0.18
cust107927,Douglas Bentley,1098894521,55,female,south,5/2/2024,FALSE,0.04
cust107928,Dr. Bryan Butler,8089728160,23,male,south,1/12/2022,FALSE,0.1
cust107929,Alejandro Reed,4482119121,37,male,south,19-01-2025,FALSE,0.41
cust107930,Charles Snyder,5514855156,50,male,north,16-02-2025,TRUE,0.38
cust107931,Kevin Gilmore,1136023158,57,female,east,19-06-2022,FALSE,0.19
cust107932,Allison Lee,7012669891,65,male,west,11/5/2023,FALSE,0.02
cust107933,Joan Hammond,1022758515,69,female,east,9/6/2025,FALSE,0.12
cust107934,Thomas Turner Jr.,4211843297,31,male,north,11/9/2024,FALSE,0.3
cust107935,Robert Eaton,5313762759,60,female,east,21-01-2022,FALSE,0.04
cust107936,Randall Ramirez,4368153806,53,male,east,21-11-2023,FALSE,0.19
cust107937,Cindy Hall,776134414,53,male,central,31-10-2022,FALSE,0.15
cust107938,Andrew Frank,2776838991,27,male,north,22-01-2021,TRUE,0.34
cust107939,Robert Brown,809045951,46,female,north,19-09-2024,TRUE,0.33
cust107940,Taylor Russell,6662050288,36,male,south,26-01-2022,FALSE,0.24
cust107941,Haley Parks,8483143530,42,female,east,17-09-2022,FALSE,0.25
cust107942,Christina Dean,2916136929,49,female,central,22-11-2022,FALSE,0.14
cust107943,Andrea Norman MD,3383466238,55,female,north,17-06-2023,FALSE,0.12
cust107944,Deborah Branch,7251406140,29,female,west,5/5/2023,FALSE,0.22
cust107945,Melissa Brown,6662367679,32,male,south,21-05-2025,FALSE,0.25
cust107946,Justin Young,7282932791,60,male,east,9/10/2022,FALSE,0.11
cust107947,Kyle Campbell,4969269808,65,male,east,5/12/2024,FALSE,0.14
cust107948,Blake Lane,3472757569,19,male,central,19-09-2022,FALSE,0.11
cust107949,Emily Rodriguez,9513898728,19,male,east,11/11/2022,FALSE,0.31
cust107950,Matthew Wilson,3904149563,62,female,south,22-08-2023,FALSE,0.27
cust107951,Leah Morgan,5550775521,22,female,west,22-05-2025,FALSE,0.25
cust107952,George Cox Jr.,4869309085,18,male,north,20-02-2021,FALSE,0.27
cust107953,Kyle Allen,696236871,61,female,north,29-11-2021,FALSE,0.22
cust107954,Roger Barber,4108749458,57,male,south,22-08-2022,TRUE,0.1
cust107955,Ronald Swanson,4156510895,50,male,east,31-03-2025,FALSE,0.23
cust107956,Michelle Farrell PhD,6347127708,55,female,west,27-03-2025,FALSE,0.23
cust107957,Timothy Shepherd,3149353206,26,male,central,26-05-2024,FALSE,0.26
cust107958,Daniel Mcdonald,7275701734,31,female,central,6/8/2020,FALSE,0.35
cust107959,Jonathan Rocha,6271286020,27,male,central,23-02-2021,FALSE,0.18
cust107960,Mary Cruz,6242025600,69,female,east,24-04-2023,FALSE,0.33
cust107961,Sheila West,709269202,41,male,north,7/3/2024,FALSE,0.33
cust107962,Eric Boyd,8964488977,34,female,west,29-09-2024,FALSE,0.1
cust107963,Vicki Fox,1675969517,36,female,central,20-06-2025,FALSE,0.22
cust107964,Phillip Farrell,3399770805,31,female,west,15-05-2022,FALSE,0.31
cust107965,Charlotte Gamble,3597636681,54,female,south,1/2/2023,FALSE,0.11
cust107966,Keith Meza,5411544420,29,female,north,24-03-2022,FALSE,0.2
cust107967,Joshua Johnston,2303509363,44,male,central,8/11/2020,FALSE,0.33
cust107968,Julia Harrison,536482435,21,male,central,1/9/2020,FALSE,0.42
cust107969,Steven Ochoa,575664134,22,female,south,19-05-2023,FALSE,0.34
cust107970,Kendra Carson,8801554727,62,male,north,24-03-2022,FALSE,0.25
cust107971,Gwendolyn Scott PhD,996707740,39,female,east,29-08-2024,FALSE,0
cust107972,Michael Gregory,4385259553,64,female,west,12/1/2025,FALSE,0.03
cust107973,Larry Heath,6615687650,35,female,south,12/7/2021,FALSE,0.12
cust107974,Mia Cruz,2580927841,66,female,west,31-03-2022,FALSE,0.29
cust107975,John Mcguire,8157569860,60,male,north,24-05-2025,TRUE,0.21
cust107976,Philip Johnson,33593592,44,female,north,2/12/2021,FALSE,0.26
cust107977,Bradley Espinoza,7407517115,62,female,south,18-10-2024,FALSE,0.12
cust107978,Carl Brown,4555364537,46,female,south,2/5/2023,FALSE,0.42
cust107979,Tonya Thomas,8795843285,52,female,central,6/2/2024,FALSE,0.01
cust107980,Eugene Gonzalez,9099204887,35,male,west,15-08-2024,FALSE,0.17
cust107981,Tim Ramos,9242104518,27,male,north,22-05-2021,FALSE,0.21
cust107982,Chelsea Michael DDS,625495524,44,male,central,24-04-2021,FALSE,0.19
cust107983,Daniel Black,2200536451,39,female,south,25-08-2020,FALSE,0.11
cust107984,Lisa Cline,4723643573,44,male,south,29-03-2023,FALSE,0.26
cust107985,Eric Johnson,7169312002,22,male,west,3/7/2025,FALSE,0.25
cust107986,Carrie Smith,554806331,40,female,north,18-01-2023,FALSE,0.22
cust107987,Ashley Blackburn,732200102,18,female,west,14-10-2023,FALSE,0.21
cust107988,Veronica Padilla,6050096751,44,female,north,15-05-2024,FALSE,0.21
cust107989,Todd Combs,7805753808,24,male,east,7/6/2022,FALSE,0.36
cust107990,Scott Nunez,113436473,40,female,west,17-06-2024,FALSE,0.25
cust107991,Roy Griffin,368686513,24,male,south,12/10/2021,FALSE,0.46
cust107992,Marilyn Perry,8185910137,50,male,south,20-04-2025,FALSE,0.16
cust107993,Mark Schneider,7863129570,44,female,central,12/12/2022,FALSE,0.38
cust107994,Tyler Walker PhD,6576625085,31,female,north,22-02-2025,FALSE,0.23
cust107995,Patrick Espinoza,8321575663,55,male,south,29-10-2020,FALSE,0.15
cust107996,Tracy Bender,6479332668,22,male,north,7/2/2024,FALSE,0.32
cust107997,Shawn Smith,9293469811,56,male,east,6/12/2022,FALSE,0.28
cust107998,Caitlin Wiggins,3780318460,23,other,east,18-01-2025,TRUE,0.26
cust107999,Andrew Blankenship,6440131703,65,male,east,17-04-2021,FALSE,0.32
cust108000,James Washington,4228124189,65,female,central,16-10-2022,FALSE,0
cust108001,Brooke Graham,3591537360,70,female,central,6/10/2020,FALSE,0.05
cust108002,Mark Garza,2582432892,53,male,west,22-11-2024,FALSE,0.42
cust108003,Daniel Harrington,2389195425,48,female,south,22-05-2022,FALSE,0.04
cust108004,Valerie Roy,5862066534,51,female,central,28-11-2022,FALSE,0.27
cust108005,Brent Jones,7176166636,23,female,central,22-10-2024,FALSE,0.16
cust108006,Sean Aguirre,3660700769,54,male,west,16-04-2023,FALSE,0.12
cust108007,Marcus Browning,9644081483,61,male,south,27-06-2022,TRUE,0.41
cust108008,Kevin Parrish,4295076329,27,male,west,2/9/2021,FALSE,0.14
cust108009,Amber Rodriguez,1672463587,28,female,north,12/8/2022,FALSE,0
cust108010,Ebony Walton,2058695940,39,male,north,25-02-2022,FALSE,0.19
cust108011,Scott Gutierrez,982657509,54,female,south,5/1/2022,FALSE,0.19
cust108012,Audrey Villa,8414272211,36,male,south,24-07-2023,FALSE,0.18
cust108013,Jeanne Leonard,3524048483,43,female,east,21-11-2021,FALSE,0.1
cust108014,Amber Bishop,85010211,67,male,south,10/1/2023,FALSE,0
cust108015,Grant Weaver,9136126148,52,male,central,1/9/2020,FALSE,0.27
cust108016,Trevor Hodges,8128454626,44,female,north,22-05-2023,FALSE,0.02
cust108017,Alyssa Murphy,9247739997,63,female,east,27-07-2021,FALSE,0.2
cust108018,Pamela Mcfarland,5267374000,30,male,central,10/6/2021,FALSE,0.07
cust108019,Jorge Allen,5289486340,30,male,west,30-01-2022,FALSE,0.23
cust108020,Courtney Singh,1314311383,18,male,west,21-03-2025,FALSE,0.27
cust108021,Daniel Sherman,6891813233,40,female,east,5/12/2023,FALSE,0.33
cust108022,Ricky Davenport,5488318377,68,male,east,14-10-2022,FALSE,0.28
cust108023,Steven Smith,7902933659,70,male,east,14-11-2024,FALSE,0.34
cust108024,Dawn Monroe,3566901538,46,female,east,12/12/2020,FALSE,0.18
cust108025,Brooke Martin,2673865678,39,female,east,20-09-2022,FALSE,0.12
cust108026,Charles Herring,864132800,61,male,east,13-06-2024,FALSE,0.08
cust108027,Brandon Johnson,603561030,62,male,south,5/1/2024,FALSE,0.07
cust108028,Sergio Alexander,291634230,38,female,east,13-03-2023,FALSE,0.31
cust108029,Roger Garcia,578006206,67,male,east,11/3/2022,FALSE,0.24
cust108030,Sean Mason,9509879323,28,male,south,22-02-2022,FALSE,0.08
cust108031,Andrea Lloyd,4543000528,35,female,east,5/2/2021,FALSE,0.31
cust108032,Ashley Nelson,7941719449,36,female,south,17-09-2021,FALSE,0.37
cust108033,Jeffrey Wolfe,9133926076,42,female,east,24-10-2021,FALSE,0.2
cust108034,Christina Graves,461368438,70,male,central,19-11-2024,FALSE,0.01
cust108035,Patricia Garcia,8713756735,35,female,central,5/5/2021,FALSE,0.38
cust108036,Henry Sanchez,5279866802,49,other,north,19-04-2021,FALSE,0.13
cust108037,Donna Herman,8390588051,33,male,central,15-03-2024,FALSE,0.25
cust108038,James Hanson,9918763529,69,female,east,7/1/2022,FALSE,0.12
cust108039,Kyle Moore,3479500276,50,male,east,11/4/2025,FALSE,0.28
cust108040,Daniel Smith,5172140000,42,male,west,15-12-2024,FALSE,0.08
cust108041,Richard Winters,1422741352,41,female,north,7/12/2023,FALSE,0.16
cust108042,Lisa Young,1698232447,34,female,west,9/5/2023,FALSE,0.17
cust108043,Valerie Rice,6695032405,68,female,central,29-04-2021,FALSE,0.19
cust108044,Linda White,5427308461,30,male,south,20-05-2025,FALSE,0.12
cust108045,Amanda Hayes,7233934138,50,female,central,24-02-2021,FALSE,0.34
cust108046,Michael Roy,1885798391,39,male,central,6/2/2025,TRUE,0.36
cust108047,Kevin Smith,6588130501,61,male,west,27-01-2021,FALSE,0.05
cust108048,Angela Williams,9455411345,64,female,east,26-08-2023,FALSE,0.2
cust108049,Emily Cordova,1780800952,23,female,central,7/3/2025,TRUE,0.25
cust108050,Erik Villanueva,785870742,50,female,north,18-05-2022,FALSE,0.09
cust108051,Lisa Schaefer,9859933436,55,female,south,9/2/2025,FALSE,0.17
cust108052,Maria Parrish,2239580626,37,female,east,5/6/2022,FALSE,0.12
cust108053,Amy Morrison,4105538351,18,male,south,17-11-2022,FALSE,0.07
cust108054,Sarah Nguyen,8429748616,66,female,east,13-03-2021,FALSE,0.28
cust108055,Spencer Williams,7347923968,39,female,east,28-01-2025,FALSE,0.28
cust108056,Elizabeth Jimenez,9253322942,40,male,west,30-05-2023,FALSE,0.28
cust108057,Courtney Bradley,4957195555,30,female,south,25-01-2021,FALSE,0.33
cust108058,Robert Stone,3598486240,20,female,north,10/1/2025,TRUE,0.13
cust108059,Tiffany Tyler,6123118558,69,female,west,22-10-2020,FALSE,0.19
cust108060,Mr. Edward Cooper,6398605026,55,male,east,1/11/2024,FALSE,0.13
cust108061,Joe Quinn,8774131840,55,female,north,16-05-2022,FALSE,0.32
cust108062,Jeffery Davidson,8784524530,35,male,north,30-07-2025,FALSE,0.1
cust108063,Ashley Fitzgerald,3199201505,23,female,central,6/4/2023,FALSE,0.19
cust108064,Veronica Carter,5276607111,25,female,west,17-02-2024,FALSE,0.41
cust108065,Brittany Olson,6478556302,19,male,north,12/12/2023,FALSE,0.29
cust108066,Olivia Johnson,2856364616,70,male,central,5/7/2025,FALSE,0.25
cust108067,Dean Thomas,7949203412,49,male,central,26-04-2025,FALSE,0.05
cust108068,Ms. Lori Proctor,499280657,66,male,central,9/4/2025,FALSE,0.11
cust108069,John Davis,3967699580,34,female,west,23-02-2025,FALSE,0.29
cust108070,Debra Mendoza,9631702760,48,male,south,7/11/2023,FALSE,0.54
cust108071,Michael Mendoza,2088597357,39,female,east,6/2/2021,FALSE,0.16
cust108072,Tracy Watson,9926539193,61,female,central,22-02-2021,FALSE,0.02
cust108073,Glenda Sanchez,9698947136,52,male,east,14-06-2025,FALSE,0.11
cust108074,Helen Smith,5347802269,30,male,east,11/4/2024,FALSE,0.23
cust108075,Patrick Huber,3227045973,55,male,south,4/3/2023,FALSE,0.04
cust108076,Raymond Williams,2915286066,42,male,south,28-08-2020,FALSE,0.24
cust108077,Austin Brown,1990366640,19,female,south,15-09-2021,TRUE,0.23
cust108078,Yolanda Gilbert,6960726464,44,male,east,8/4/2025,FALSE,0.19
cust108079,Luis Lucas,5464834826,29,male,south,18-11-2023,FALSE,0.14
cust108080,Charles Washington,5327278215,58,male,west,17-10-2021,FALSE,0.25
cust108081,Christopher Kennedy DDS,5557279244,48,male,north,8/1/2021,FALSE,0.2
cust108082,Caroline Hernandez,2669168146,35,female,west,23-08-2020,FALSE,0.29
cust108083,Jaime Martinez,2968333386,45,female,east,8/9/2023,FALSE,0.14
cust108084,Benjamin Pope,6083043919,33,female,east,5/8/2024,FALSE,0.16
cust108085,Amanda Short,7337938136,42,male,central,24-09-2020,TRUE,0.33
cust108086,Sharon Brown,3366688348,35,male,north,21-05-2023,FALSE,0.06
cust108087,Paige Hall,819149996,65,female,north,14-08-2021,FALSE,0.42
cust108088,Janice Miller,4745086961,25,male,north,7/3/2023,FALSE,0.35
cust108089,Todd Alvarez,5546450174,21,male,west,14-12-2022,FALSE,0.24
cust108090,Kayla Smith,1059978430,30,female,central,11/10/2022,FALSE,0.23
cust108091,Gregory Pena,1903347671,56,male,south,17-10-2021,TRUE,0.49
cust108092,Sheryl Mcintosh,7429588823,54,female,east,11/3/2024,FALSE,0.08
cust108093,Kevin Reeves,6018217614,46,female,south,20-02-2021,FALSE,0.35
cust108094,Joshua Lane,5360491055,68,male,west,6/10/2021,FALSE,0.12
cust108095,Frank Jackson,8822763152,26,female,west,13-04-2023,FALSE,0.26
cust108096,Bob Williams DDS,1812122808,57,female,central,19-09-2021,FALSE,0.11
cust108097,Cynthia Taylor,9204852246,39,male,central,15-11-2020,FALSE,0.26
cust108098,Jennifer Fuentes,3318526832,50,male,south,23-02-2025,FALSE,0.33
cust108099,Philip Waller,6670898300,54,male,north,5/8/2022,FALSE,0.02
cust108100,Stephanie Spencer,3545593868,64,female,south,7/10/2023,FALSE,0.24
cust108101,Chloe Frye,16924448,52,male,south,18-04-2025,FALSE,0.33
cust108102,Emily Garcia,8128982362,21,male,south,18-08-2022,FALSE,0.06
cust108103,Ryan Rivera,2092337882,35,male,west,3/3/2024,TRUE,0.26
cust108104,Hannah Sloan,5554668274,39,male,west,29-10-2020,FALSE,0.22
cust108105,Sarah Brewer,7193950665,37,female,east,9/10/2021,FALSE,0.26
cust108106,Chelsea Poole,6722848906,53,male,south,7/2/2023,FALSE,0.22
cust108107,Brian Ferrell,694566103,49,female,south,13-12-2021,FALSE,0.09
cust108108,Michael Stewart,3687447702,32,female,west,2/4/2022,FALSE,0.25
cust108109,Steven Freeman,8976337233,30,female,north,21-08-2024,FALSE,0.09
cust108110,Scott Caldwell,6435163474,63,female,central,28-05-2024,FALSE,0.33
cust108111,Kimberly Moore,4528630189,31,female,central,5/8/2022,FALSE,0.4
cust108112,Lindsey Fowler,6560603755,49,female,central,21-05-2021,FALSE,0.28
cust108113,Kelsey Allen,6810264615,65,female,north,17-07-2023,FALSE,0.23
cust108114,Elizabeth Holland,1664182742,49,other,east,29-03-2025,FALSE,0.24
cust108115,Alexandria Gonzalez,2069176727,35,female,east,12/11/2023,FALSE,0.18
cust108116,Natasha Sims,7216102356,70,female,west,29-06-2022,FALSE,0.22
cust108117,David Franklin,9122056143,47,male,south,10/5/2023,FALSE,0
cust108118,Michelle Mcclain,2101934530,67,male,west,24-11-2024,FALSE,0.43
cust108119,Kimberly Rodriguez,3100592321,53,male,west,24-03-2023,FALSE,0.28
cust108120,Lawrence Nelson,6621749788,36,female,east,19-10-2021,FALSE,0.28
cust108121,Tammie Mccoy,8533954378,47,female,west,26-05-2025,FALSE,0.08
cust108122,Bill Walker,5445515270,34,female,south,13-09-2022,FALSE,0.24
cust108123,Jason Johnston,4056159333,32,female,west,16-11-2024,FALSE,0.28
cust108124,Jessica Byrd,4099454815,70,male,west,21-01-2021,FALSE,0.29
cust108125,Richard Smith,582684403,43,male,central,14-04-2023,FALSE,0.42
cust108126,Trevor Ryan,5379077011,38,female,south,21-04-2022,FALSE,0.22
cust108127,Kevin Pham,8082417482,30,female,west,23-03-2024,FALSE,0.3
cust108128,Jackson Blair,3772623799,33,female,central,25-09-2023,TRUE,0
cust108129,Dylan Rodriguez,1519728485,55,male,north,26-11-2021,FALSE,0.06
cust108130,Jeremy Carpenter,4345867186,23,male,south,16-07-2023,FALSE,0.23
cust108131,Anthony Smith,88827649,38,female,east,7/12/2021,FALSE,0.13
cust108132,Jose Smith,4541066109,49,female,north,18-02-2022,FALSE,0.06
cust108133,Adam Mccarty,4674024358,56,female,south,23-02-2021,FALSE,0.1
cust108134,James Cole,3961929833,29,male,east,9/5/2022,TRUE,0.14
cust108135,Terry Molina,2289178983,54,female,west,7/9/2023,FALSE,0.31
cust108136,Ricardo Davis,1038514114,63,male,north,29-03-2023,FALSE,0.36
cust108137,Tina Turner,852889530,40,male,south,21-06-2022,FALSE,0.25
cust108138,Joseph Gonzalez,8724566461,35,female,north,1/2/2021,FALSE,0.17
cust108139,Cory Rios,9303165762,70,male,north,10/4/2021,FALSE,0.25
cust108140,Adam Martinez,9148708058,48,male,west,21-08-2022,FALSE,0.3
cust108141,Jay Mcconnell,3852719886,22,female,north,6/12/2020,FALSE,0.3
cust108142,Dominique Jensen,2312091131,37,female,west,16-02-2023,FALSE,0.06
cust108143,Felicia Johnson,1199196074,46,female,east,21-03-2025,FALSE,0.2
cust108144,Joshua Levy,5077394361,32,male,north,4/11/2021,FALSE,0.08
cust108145,Pamela Nelson,3355951705,46,female,south,12/12/2020,FALSE,0.16
cust108146,Matthew Watson,6759251524,46,male,east,11/3/2021,FALSE,0.03
cust108147,Mrs. Molly Thompson,4847508545,32,female,west,18-01-2022,FALSE,0.25
cust108148,Kim Clark,404550278,42,male,north,8/12/2022,FALSE,0.16
cust108149,Wendy Jordan,4787675750,70,female,west,31-08-2022,FALSE,0.44
cust108150,Sara Stephens,2058969485,64,female,north,12/2/2025,FALSE,0.33
cust108151,Laura Porter,2687846912,67,male,central,23-10-2021,FALSE,0.21
cust108152,Joe Adams,571810847,47,male,west,8/11/2020,FALSE,0.11
cust108153,Janet White,1550308063,23,male,north,20-07-2023,FALSE,0.05
cust108154,Edward Fowler,6669782749,61,female,central,11/10/2024,FALSE,0.42
cust108155,Teresa Golden,8312469909,62,female,south,18-12-2021,FALSE,0.06
cust108156,Laura Robertson,4690393374,62,female,central,27-04-2025,FALSE,0.02
cust108157,Robin Hernandez,3313125509,61,male,west,11/10/2022,FALSE,0.18
cust108158,Cody Gardner,2261565099,67,female,central,16-06-2025,FALSE,0.12
cust108159,Mallory Dean,8846769821,24,female,west,24-04-2021,FALSE,0.24
cust108160,Barbara Zimmerman,5350919158,62,female,west,6/10/2020,FALSE,0.15
cust108161,Dustin Branch,6999314217,25,male,north,30-01-2025,FALSE,0.12
cust108162,April Watson,5201693663,34,male,east,29-01-2025,FALSE,0.17
cust108163,Jane Mcdaniel,430814292,43,male,central,1/1/2023,TRUE,0
cust108164,Michele Wilson,8952079718,52,female,north,20-09-2022,FALSE,0.41
cust108165,Lisa Key,9446857313,24,female,north,22-05-2025,FALSE,0
cust108166,Danielle Ward,465668707,63,male,central,6/6/2022,FALSE,0.07
cust108167,Jesse Brown,4338278754,41,female,east,13-09-2021,FALSE,0.27
cust108168,Taylor Smith,6012192256,33,male,south,15-09-2023,FALSE,0.54
cust108169,Sarah Armstrong,7460341626,43,male,central,30-12-2022,FALSE,0.25
cust108170,Joshua Lee,1981504874,25,female,south,25-07-2024,FALSE,0.33
cust108171,Bryan Johnson,2510987044,23,male,central,6/1/2025,FALSE,0.16
cust108172,Sarah Vega,7670293654,27,male,central,13-03-2021,TRUE,0.26
cust108173,Connie Baird,1225189712,66,male,north,16-04-2021,FALSE,0.49
cust108174,Michael Simpson,8548234058,33,female,south,25-02-2024,TRUE,0.15
cust108175,Cody Buck,128287605,20,male,central,2/12/2022,FALSE,0.4
cust108176,Nathaniel Murray,3874293670,68,male,central,26-01-2022,FALSE,0.02
cust108177,Rebecca Olsen,1619833774,66,other,south,12/8/2023,FALSE,0.35
cust108178,Kevin Contreras,8866375581,40,female,east,16-12-2022,FALSE,0.24
cust108179,Kyle Kennedy,9907999823,18,female,west,29-05-2021,FALSE,0.07
cust108180,Timothy Curry,6207734680,56,female,west,2/7/2025,FALSE,0.1
cust108181,Casey Schroeder,2320905890,57,female,north,8/7/2023,FALSE,0.21
cust108182,Heather Kim,6264519037,46,female,north,29-07-2025,FALSE,0.2
cust108183,Jason Thomas,6984819078,68,female,east,25-08-2024,FALSE,0.27
cust108184,Julie Howard,8134539760,20,male,north,24-07-2021,FALSE,0.57
cust108185,Dale Rojas,5289249848,52,male,west,20-06-2022,TRUE,0.2
cust108186,Aaron Walker,8132214998,70,male,central,10/10/2023,FALSE,0.33
cust108187,Samantha Stephens,3107384801,47,female,east,25-04-2023,FALSE,0.34
cust108188,Mrs. Tammy Gutierrez,25322078,57,female,central,19-11-2020,FALSE,0.06
cust108189,Patricia Williams,6471657091,49,female,south,4/12/2021,FALSE,0.13
cust108190,Troy Rosales,7145721120,44,male,west,7/8/2023,TRUE,0.36
cust108191,Heather Ross,9076960216,25,male,central,15-05-2022,FALSE,0.26
cust108192,Michael Yu,4829607186,52,male,east,7/4/2025,FALSE,0.12
cust108193,Michelle Ward,375549233,64,female,south,7/11/2023,FALSE,0.47
cust108194,Rachel Evans,7311446852,32,female,central,30-06-2021,FALSE,0.14
cust108195,Michele Lowery,5902647020,26,female,central,7/2/2021,FALSE,0.16
cust108196,Michelle Wheeler DVM,1720362674,31,female,north,8/6/2021,FALSE,0.39
cust108197,Erika Moreno,890697621,28,female,north,15-01-2022,FALSE,0.09
cust108198,Jose Sherman,7591023293,19,male,south,25-09-2023,FALSE,0.21
cust108199,Samuel Wood,4972762032,54,male,central,25-01-2024,FALSE,0.13
cust108200,Mary Moreno,9181688826,50,male,south,2/1/2021,FALSE,0.28
cust108201,Caroline Robinson,7851468105,46,male,east,16-12-2024,FALSE,0.2
cust108202,Steven Wright,8743994879,30,male,central,1/12/2023,FALSE,0.37
cust108203,Valerie Manning,7372872657,29,male,central,21-11-2023,TRUE,0.1
cust108204,Stacie Williams DVM,531991090,68,male,west,29-09-2023,FALSE,0
cust108205,Mitchell Mendoza,1878243598,47,female,north,2/3/2021,FALSE,0.37
cust108206,Daniel Spencer,6944093128,36,female,south,17-09-2024,FALSE,0.26
cust108207,Heather Lucas,1930227545,30,male,south,16-02-2022,FALSE,0.12
cust108208,Cynthia Cruz,2380481522,30,female,west,14-08-2023,FALSE,0.12
cust108209,Travis Holt,5576155774,54,female,east,9/3/2023,TRUE,0.46
cust108210,Zachary Burns,9373447327,49,female,east,23-01-2025,FALSE,0.19
cust108211,Denise Taylor,7902359366,63,male,central,30-01-2025,FALSE,0.17
cust108212,Manuel Arroyo,4272705575,51,male,south,26-03-2024,TRUE,0
cust108213,James Larson,8623713992,46,female,central,11/5/2024,FALSE,0.46
cust108214,Ronald Martin,5270267145,18,male,east,29-10-2023,TRUE,0.02
cust108215,Jacob Stuart,7322505137,34,male,north,17-01-2025,FALSE,0.32
cust108216,Amanda Robinson,9618165769,41,male,central,1/7/2023,FALSE,0.4
cust108217,Melissa Mason,9566327260,60,male,south,29-11-2022,FALSE,0.12
cust108218,Travis Fuller,8757580028,30,male,south,16-12-2023,FALSE,0.41
cust108219,Charles Jimenez,9878959695,69,male,east,25-05-2024,FALSE,0.42
cust108220,Caitlin Parker,5849167695,58,female,east,1/2/2022,FALSE,0.3
cust108221,Lisa Howe,5360460829,36,female,west,26-10-2024,FALSE,0.08
cust108222,Luis Marshall,5766939433,38,female,south,27-09-2023,FALSE,0.28
cust108223,Janice Thomas,9672655467,47,male,west,8/5/2024,FALSE,0.17
cust108224,Matthew Marshall,8776517778,33,female,central,12/8/2023,FALSE,0.02
cust108225,Crystal Aguirre,221282249,34,female,west,27-01-2023,FALSE,0.28
cust108226,Ronald Adams,1467813198,63,male,north,24-08-2024,FALSE,0
cust108227,Justin Buckley,769407079,55,female,north,30-04-2024,FALSE,0.14
cust108228,Kimberly Kelley,3377709850,21,female,west,30-01-2024,FALSE,0.18
cust108229,Amanda Miller,1779631229,47,female,south,17-08-2020,FALSE,0.23
cust108230,Vickie Bowen,6022420273,66,female,north,11/2/2023,FALSE,0.01
cust108231,Cathy Rogers,7674782886,63,female,west,17-11-2023,FALSE,0.21
cust108232,Robert Davidson,1258737184,35,male,east,26-03-2023,FALSE,0.1
cust108233,Karen Sullivan,1894916191,64,male,east,2/7/2021,FALSE,0
cust108234,Nicholas Conner,1904732391,38,male,east,25-08-2023,TRUE,0.23
cust108235,Julia Gibson,196294041,60,male,west,20-12-2023,FALSE,0.19
cust108236,Matthew Dixon,2583825258,40,male,central,8/12/2023,FALSE,0.07
cust108237,Aaron Robinson,7223576913,27,male,south,16-09-2020,FALSE,0.14
cust108238,Laura Simpson,5430689899,38,male,west,7/2/2023,FALSE,0.11
cust108239,Felicia Morris,5482370797,52,female,north,22-08-2021,FALSE,0.04
cust108240,William Glover,9440664142,23,female,west,4/6/2021,FALSE,0.25
cust108241,Trevor Martinez,7502511573,67,male,east,9/9/2023,FALSE,0.12
cust108242,Samantha Carson,2288967654,59,female,west,11/7/2024,FALSE,0.01
cust108243,Dana Jones,551157852,26,male,north,17-03-2025,TRUE,0.04
cust108244,Robert Hutchinson,8664643650,29,female,south,15-09-2020,TRUE,0.11
cust108245,Ronald George,1041578886,53,female,central,3/9/2020,FALSE,0.1
cust108246,Heidi Walsh,333384229,24,female,east,13-09-2021,FALSE,0
cust108247,Tammy Li,6485942782,70,female,west,30-12-2024,FALSE,0.28
cust108248,Jeremy Chen,9404613776,44,female,north,13-11-2020,FALSE,0.3
cust108249,Brandon Hodge,2918802922,55,female,east,12/12/2022,TRUE,0.34
cust108250,Christopher Allen,8987679203,48,male,central,26-05-2024,TRUE,0.06
cust108251,Jonathan Mccann,9081283727,51,male,south,1/10/2022,FALSE,0.25
cust108252,Ryan Allen,9881786769,52,male,south,8/6/2023,TRUE,0.13
cust108253,Paul Gardner,8477472309,41,male,east,1/7/2022,FALSE,0.24
cust108254,Erika Pearson,8065851485,56,male,central,18-08-2021,FALSE,0.24
cust108255,Adam Russell,3083452905,66,male,south,8/12/2021,FALSE,0.24
cust108256,Daniel Flores,1965073486,49,male,west,16-09-2023,FALSE,0.09
cust108257,Kenneth Hill,4182918509,67,female,south,22-04-2021,FALSE,0
cust108258,Justin Davis,3081061234,54,male,central,9/10/2020,FALSE,0.19
cust108259,Heidi Melton,9492965323,38,male,south,14-09-2022,FALSE,0.31
cust108260,James Flores,2586412706,63,female,south,28-02-2022,FALSE,0.38
cust108261,Cameron Marquez,2078793755,38,male,north,10/6/2022,FALSE,0.13
cust108262,Nicole Hill,409350032,39,male,north,15-03-2025,FALSE,0.25
cust108263,Brandi Smith,533496778,54,male,east,7/7/2021,FALSE,0.3
cust108264,Kevin Saunders,4359997913,68,male,north,5/12/2023,FALSE,0.25
cust108265,Kaitlyn Walker,5600588752,58,female,south,4/10/2024,FALSE,0.14
cust108266,Jennifer Garcia,9175331661,58,male,south,24-10-2021,FALSE,0.25
cust108267,Andrea Jensen,890520939,66,male,west,7/1/2022,FALSE,0.12
cust108268,Katherine Escobar,9931836170,31,female,central,22-07-2021,FALSE,0.24
cust108269,Joan Weeks,4292116582,25,male,south,10/8/2023,FALSE,0
cust108270,Benjamin Lam,6926653841,43,male,north,27-07-2021,FALSE,0.24
cust108271,Justin Mccormick,2952231097,36,female,south,17-09-2023,FALSE,0.19
cust108272,Jennifer Deleon,5809373600,62,female,west,23-02-2021,FALSE,0
cust108273,Mark Drake,7220941856,26,male,north,16-07-2025,FALSE,0.32
cust108274,David Tran,6996102669,67,male,west,13-01-2022,FALSE,0.1
cust108275,Kimberly Schwartz,639509437,60,female,central,18-08-2022,FALSE,0.36
cust108276,Jonathan Rogers,7214892627,62,male,north,14-09-2022,FALSE,0.3
cust108277,Ashley Strong,2545663234,27,female,west,3/1/2023,TRUE,0.15
cust108278,Lindsey Lambert,7220459101,24,male,east,26-01-2025,FALSE,0.24
cust108279,Darren Marks Jr.,2723259921,34,female,east,26-10-2023,FALSE,0.18
cust108280,Kristen Vaughn,1964285337,41,male,west,20-06-2023,FALSE,0.05
cust108281,George Mcintyre,2118481193,30,male,central,17-01-2022,FALSE,0.1
cust108282,Ryan Guzman,4864107838,40,male,central,26-08-2022,FALSE,0.29
cust108283,Michelle Wells,1054112864,27,female,north,26-10-2020,FALSE,0.25
cust108284,Elizabeth Evans,1978987027,47,male,north,21-10-2021,FALSE,0.19
cust108285,Anthony Erickson,9516932082,52,female,central,26-06-2023,FALSE,0.2
cust108286,Glenda Hicks,7676272342,18,male,north,3/3/2025,FALSE,0.12
cust108287,Jody Cooper,1414992016,21,female,west,13-08-2021,FALSE,0.09
cust108288,Rachel Lee,7852493435,69,male,west,1/2/2022,FALSE,0.24
cust108289,Timothy Kelley,1246038962,51,male,south,13-01-2021,FALSE,0.18
cust108290,Dustin Holmes,2813275158,45,female,west,28-06-2022,FALSE,0.26
cust108291,Dylan Higgins,3579896663,63,male,south,16-04-2023,TRUE,0.31
cust108292,Richard Tran,7400178431,53,male,south,9/8/2021,FALSE,0.12
cust108293,Raymond Hamilton,4973916753,18,female,central,14-05-2025,FALSE,0.18
cust108294,Justin Perry,6300458005,48,female,east,11/8/2021,FALSE,0.25
cust108295,Kathy Dickerson,9778406211,40,female,north,29-11-2024,FALSE,0.13
cust108296,Laura Wallace,2225746405,49,male,north,14-01-2023,FALSE,0.14
cust108297,Kyle Bryant,8416218697,68,male,north,8/1/2024,FALSE,0.24
cust108298,Samantha Gonzalez,1298041926,56,male,south,7/5/2025,FALSE,0.15
cust108299,Brianna Scott,1506836217,46,female,north,12/11/2023,FALSE,0.13
cust108300,Rebecca Jones,2453598501,68,male,north,26-12-2022,FALSE,0.13
cust108301,Melody Zuniga,5769374470,59,female,central,11/5/2023,FALSE,0.28
cust108302,Marissa Pruitt,9006836985,45,female,east,30-09-2020,FALSE,0.2
cust108303,Rodney Williams,7683379939,63,female,north,25-05-2022,FALSE,0.23
cust108304,Chris Perry,7600222574,28,female,west,31-08-2023,FALSE,0.05
cust108305,Becky Johnson,4877342192,35,male,west,11/7/2023,FALSE,0.31
cust108306,Ryan Chambers,209428821,65,male,south,10/5/2022,FALSE,0
cust108307,Brian Walter,9538090152,41,female,central,11/7/2022,FALSE,0
cust108308,Greg Williams,694242180,53,female,north,20-03-2022,FALSE,0.32
cust108309,Valerie Wilson,136479130,38,male,west,17-06-2023,FALSE,0.13
cust108310,Matthew Ramos,8949872994,34,other,north,5/7/2024,FALSE,0.2
cust108311,Manuel Mckay,4058645313,64,male,east,1/11/2021,FALSE,0.29
cust108312,Logan Crawford,3678098749,66,female,south,10/1/2024,FALSE,0.39
cust108313,Lindsey Foster,5700376361,43,female,north,27-09-2023,TRUE,0
cust108314,Keith Ho,8912025152,45,male,east,3/2/2024,FALSE,0.23
cust108315,Catherine Wilson,5772707837,56,male,east,25-12-2021,FALSE,0.39
cust108316,Amy Jordan,2877556014,40,male,central,2/12/2022,FALSE,0.05
cust108317,Jeffrey Mullen,7894106451,33,female,central,11/8/2024,FALSE,0.19
cust108318,Shannon Anderson,5734441399,46,female,central,17-02-2024,FALSE,0.28
cust108319,Alexis Kane,3561449780,48,female,south,8/3/2025,FALSE,0.15
cust108320,Eric Little,538564494,24,male,north,23-07-2023,FALSE,0.2
cust108321,Jennifer Torres,7271701467,61,female,north,1/4/2023,FALSE,0.15
cust108322,Vicki Mccarty,5938858781,69,female,south,18-08-2023,TRUE,0.14
cust108323,Lawrence Bass,4977862993,35,male,south,28-12-2023,TRUE,0.2
cust108324,Allen Andrews,236338912,20,female,south,17-10-2022,FALSE,0.31
cust108325,Richard Thompson,1759169591,20,female,north,24-08-2021,FALSE,0.33
cust108326,Todd Solomon,7330608694,67,female,west,9/1/2022,TRUE,0.29
cust108327,Cynthia Mills,9513183352,64,male,north,4/7/2022,FALSE,0.23
cust108328,Michael Brown,6876398769,25,male,south,3/9/2024,FALSE,0.33
cust108329,Debra Thompson,6264211546,49,female,north,6/7/2023,FALSE,0.22
cust108330,Carlos Edwards,6577019066,56,female,north,6/8/2021,FALSE,0.26
cust108331,Amber Griffin,6186277449,31,male,central,5/5/2025,FALSE,0.15
cust108332,Gabrielle Brown,1209155531,35,male,west,14-10-2020,FALSE,0.36
cust108333,Taylor Ingram,9282153782,54,male,south,8/5/2025,FALSE,0.11
cust108334,Timothy Knight,2576771216,55,female,north,4/7/2025,FALSE,0.28
cust108335,Robert Winters,7448020686,27,female,south,13-02-2021,FALSE,0.19
cust108336,Jesse Jordan,8163809546,51,female,south,15-05-2024,FALSE,0.34
cust108337,James Gonzales,9263050704,19,male,central,24-08-2023,FALSE,0.19
cust108338,Bryan Hatfield,4250737767,58,male,west,25-01-2025,FALSE,0.31
cust108339,Chelsea Jimenez,7388568546,35,male,west,4/2/2023,FALSE,0.07
cust108340,Tiffany Williams,352338337,61,female,central,1/5/2023,FALSE,0.22
cust108341,Cassandra Carlson,3252102703,29,female,central,28-02-2025,FALSE,0.22
cust108342,Omar Hughes,4410869145,26,male,south,27-05-2023,FALSE,0.12
cust108343,Ann Smith,8069648283,22,female,central,4/3/2023,TRUE,0
cust108344,Ashley Price,7511185239,64,female,central,26-09-2021,FALSE,0.49
cust108345,Donald Brown,492927100,48,female,east,14-03-2022,FALSE,0.22
cust108346,Jill Harris,9429251896,29,male,south,15-10-2024,FALSE,0.08
cust108347,Matthew Dennis,6382419347,36,female,north,23-08-2022,FALSE,0.07
cust108348,Cynthia Reed,3168912951,51,male,south,7/12/2023,FALSE,0
cust108349,Brenda Davis,9533127172,54,male,west,1/3/2021,FALSE,0.23
cust108350,Mitchell Pruitt,7493563876,29,female,east,19-10-2023,FALSE,0.04
cust108351,Theresa Mann,4425586678,62,male,south,16-11-2024,TRUE,0.22
cust108352,Jose Carlson,5099012666,28,male,south,3/2/2025,FALSE,0.2
cust108353,Ms. Kimberly Hanson,5631484647,44,female,central,16-02-2025,TRUE,0.15
cust108354,Samantha Clements,1799575338,18,male,east,6/10/2021,FALSE,0.19
cust108355,Deborah Hickman,6349611866,64,female,north,10/7/2022,FALSE,0.12
cust108356,Joshua Vaughn,423849313,43,female,north,5/4/2023,FALSE,0.09
cust108357,Anita Garrison,8367278930,35,male,north,13-09-2021,FALSE,0.12
cust108358,Amanda Garcia,1796455216,64,female,central,21-02-2025,FALSE,0.04
cust108359,Rhonda Turner,5917857697,55,male,central,27-07-2021,FALSE,0.16
cust108360,Thomas Espinoza,7589622226,49,male,west,19-06-2025,FALSE,0.07
cust108361,James Thomas,3820492268,51,female,west,21-04-2022,FALSE,0.23
cust108362,Mario Keller,2389969509,57,female,north,4/5/2025,FALSE,0.03
cust108363,Mrs. Kathleen Hoffman,2078992873,47,male,east,20-06-2024,FALSE,0.13
cust108364,Jill Morgan,3199529992,39,female,west,22-12-2020,FALSE,0.27
cust108365,Roger Carter,9994146583,60,female,central,11/6/2025,FALSE,0.31
cust108366,Amy Young,4273841414,67,male,east,4/7/2025,FALSE,0.02
cust108367,Lauren Shaw,438402287,66,male,central,26-01-2021,FALSE,0.34
cust108368,Ray Wade,8376112786,27,female,central,30-05-2022,FALSE,0.23
cust108369,Lisa Taylor,8141978435,65,female,south,30-01-2024,FALSE,0.46
cust108370,Ashley Good,8635785310,70,male,central,15-06-2023,FALSE,0.16
cust108371,James Jones,872167389,29,female,west,8/2/2023,FALSE,0.31
cust108372,Timothy Jackson,2633029286,25,female,north,14-10-2024,FALSE,0.25
cust108373,Dr. Keith Hall,5018232351,63,male,north,3/11/2023,FALSE,0.05
cust108374,Taylor Olson,2035176840,37,male,south,15-01-2025,TRUE,0.23
cust108375,Lisa Ford,2018668688,24,female,central,26-04-2025,FALSE,0.29
cust108376,David Hudson,4255190670,54,other,north,10/1/2022,FALSE,0.26
cust108377,Daniel Banks,9055895000,24,male,south,26-03-2025,FALSE,0.26
cust108378,Christopher Sanchez,1317808861,57,female,east,23-04-2022,FALSE,0.14
cust108379,Colin Walter,8391337870,45,female,south,26-09-2021,FALSE,0.15
cust108380,Anthony Shepherd,6504076985,35,female,west,13-10-2023,TRUE,0.2
cust108381,Jasmin Thompson,1238270944,69,male,north,21-12-2023,FALSE,0.35
cust108382,Robert Daniels,1678324251,31,female,east,23-02-2022,FALSE,0.28
cust108383,Whitney Gonzalez,6407367106,20,female,north,7/4/2021,FALSE,0.31
cust108384,Ashley Rice,8547865022,31,male,south,9/4/2024,FALSE,0.14
cust108385,Michael Owen,272430265,46,male,central,11/8/2021,FALSE,0.28
cust108386,Jeffrey Allen,2250275589,18,female,east,8/4/2025,FALSE,0.41
cust108387,David Campbell,3162002102,19,male,south,3/9/2021,FALSE,0.41
cust108388,Bill Reyes,1825914697,70,male,north,30-11-2021,FALSE,0.3
cust108389,Jason Baxter,1735038227,52,female,west,15-01-2024,FALSE,0.39
cust108390,Steven Espinoza,1046042332,32,female,north,13-09-2022,FALSE,0.23
cust108391,Ethan Page,5526439672,47,male,south,10/12/2022,FALSE,0.19
cust108392,Martha Coleman,4407483070,36,female,west,9/7/2021,TRUE,0.12
cust108393,Stacy Simmons,9423636580,48,male,central,25-04-2024,TRUE,0.03
cust108394,Jennifer Vasquez,7366059716,23,male,north,9/10/2021,FALSE,0.37
cust108395,Christopher Shepard,7325109203,19,female,west,4/8/2025,FALSE,0.22
cust108396,Keith Mejia,5418722443,42,female,east,22-01-2025,FALSE,0.36
cust108397,Tina Perez,8351456787,48,male,west,1/1/2023,FALSE,0.25
cust108398,Sheila Wheeler,4255104710,23,male,south,21-03-2023,FALSE,0.19
cust108399,Kimberly Parsons,8577460237,25,female,central,26-05-2022,FALSE,0.18
cust108400,Donald Allen,2042774480,47,male,south,2/4/2023,FALSE,0
cust108401,Mr. Gregory Manning,3451931138,36,female,south,13-01-2021,FALSE,0.19
cust108402,Victoria Beltran,5965753797,26,male,central,28-03-2024,FALSE,0
cust108403,Sharon Holmes,8164840806,67,male,north,30-09-2023,FALSE,0.24
cust108404,Mr. Christopher Campos,9088869508,69,male,north,22-04-2022,FALSE,0.21
cust108405,David Martinez,4722262506,35,male,west,17-12-2020,FALSE,0.29
cust108406,Preston Mccall,4941184435,61,female,north,17-07-2023,FALSE,0.46
cust108407,Janet Norman,6700955768,70,male,west,31-05-2024,FALSE,0.05
cust108408,Kristin Cox,8336353599,42,female,east,9/7/2024,TRUE,0.35
cust108409,Sarah Willis,1497022074,46,female,central,11/11/2021,FALSE,0.25
cust108410,Gabriel Moore,8258269326,70,male,west,16-05-2024,FALSE,0.5
cust108411,Jose Graham,3972219728,21,male,west,26-12-2021,FALSE,0.37
cust108412,William Chapman,691059146,38,other,central,23-04-2021,FALSE,0.3
cust108413,Jessica Hall,5007857887,36,female,west,1/6/2021,FALSE,0.19
cust108414,Karen Vega,3969653806,53,male,north,1/4/2025,FALSE,0.3
cust108415,Christina Blake,6975635676,58,male,west,11/4/2023,FALSE,0.24
cust108416,Sheila Williams,6243468979,67,female,central,12/2/2022,FALSE,0.13
cust108417,Anthony Gregory,3341660112,66,male,central,15-06-2023,FALSE,0.42
cust108418,Justin Garcia,3000441737,29,male,central,28-10-2020,FALSE,0.08
cust108419,Danielle Owens,6470875633,33,female,south,10/9/2023,FALSE,0.25
cust108420,Jeffery Buchanan,3034263739,20,male,west,22-07-2023,FALSE,0.27
cust108421,Robert Carrillo,9693871562,40,female,central,18-12-2023,FALSE,0.08
cust108422,Jillian Higgins,4059248051,47,female,west,24-05-2021,FALSE,0.06
cust108423,Erika Schultz,4484006877,21,male,central,26-01-2024,TRUE,0.31
cust108424,Jonathan Thomas,3199892717,31,female,south,17-10-2023,FALSE,0.17
cust108425,Brian Walker DDS,2218943371,47,male,central,5/12/2022,FALSE,0.16
cust108426,Brian Myers,8537269854,25,female,central,12/2/2021,TRUE,0.31
cust108427,Victoria Gonzales,2691043122,22,female,east,24-05-2021,FALSE,0.25
cust108428,Mark Davis,9612430510,36,male,west,12/12/2021,TRUE,0.34
cust108429,Alex Kaufman,1676610861,52,female,south,11/7/2024,FALSE,0
cust108430,Jamie Crawford,7641574223,19,female,central,1/1/2024,FALSE,0.06
cust108431,Melissa Santos,110067494,31,female,central,24-12-2021,FALSE,0.26
cust108432,Danny Jones,3282827963,36,male,south,15-03-2023,FALSE,0.25
cust108433,Marie Gonzales,1331884750,66,female,north,3/11/2023,FALSE,0.39
cust108434,William Chambers,7550663451,29,male,north,3/11/2020,FALSE,0
cust108435,Debra Martinez,8473459099,43,male,north,23-05-2025,FALSE,0.13
cust108436,Brandon Patterson,3633201125,28,female,east,17-04-2021,TRUE,0
cust108437,Taylor Perez,3723332238,47,male,central,25-07-2023,FALSE,0.25
cust108438,Cole Collins,5632883283,62,male,west,23-01-2023,FALSE,0.08
cust108439,Erica Meyer,7814542042,64,male,west,8/11/2023,FALSE,0.47
cust108440,Kaitlin Nguyen,8839277745,61,female,west,31-07-2022,FALSE,0.09
cust108441,Andrew Sutton,6461163222,31,male,north,14-07-2021,FALSE,0.3
cust108442,Christopher Hobbs,2738123211,64,female,north,4/12/2022,FALSE,0.23
cust108443,Patrick Beck,4470099348,31,female,east,15-06-2024,FALSE,0.3
cust108444,Brian Martin,1533222545,52,male,west,10/5/2023,TRUE,0.29
cust108445,Kimberly Crawford,3416887889,41,female,central,27-03-2023,FALSE,0.21
cust108446,Nancy Garcia,2672464816,26,male,north,16-10-2021,FALSE,0.24
cust108447,Pamela Sanders,6004070983,47,male,south,29-01-2024,TRUE,0.27
cust108448,Anthony Martin,2773612170,23,male,central,9/10/2020,FALSE,0.28
cust108449,Carrie Farrell,670760970,41,male,west,29-09-2021,FALSE,0.02
cust108450,Jose Ball,4972492306,49,male,north,30-09-2020,FALSE,0.26
cust108451,Rachel Dickerson,6480296768,22,male,west,18-11-2024,TRUE,0.2
cust108452,Ashley Bolton,2873794153,18,other,central,23-06-2021,FALSE,0.21
cust108453,Catherine Gibson,4306726523,55,male,east,1/8/2022,TRUE,0.17
cust108454,Susan Glenn,6823804574,41,female,west,6/9/2024,TRUE,0.23
cust108455,Mary Guerra,9598056464,55,female,north,26-11-2020,FALSE,0.27
cust108456,Brian Thomas,7567563126,69,male,east,17-12-2023,FALSE,0.19
cust108457,Kristopher Ramos,1859718594,25,male,north,10/8/2020,FALSE,0.29
cust108458,Troy Ross DDS,4132584536,65,male,west,24-02-2025,FALSE,0.06
cust108459,Mark Mcclain,6795220371,62,male,east,13-01-2025,FALSE,0.18
cust108460,Michael Owens,5174976557,40,male,west,18-12-2024,FALSE,0.31
cust108461,Andrew Weaver MD,4004276438,32,female,central,5/3/2024,FALSE,0.06
cust108462,Stephen Parks,5441872839,70,male,east,15-01-2024,FALSE,0.15
cust108463,Kimberly Hughes,3952626889,34,female,east,10/10/2022,FALSE,0.32
cust108464,Jay Calhoun,7109731671,40,male,south,4/12/2024,FALSE,0.12
cust108465,Danny Skinner,2462602081,51,female,north,23-09-2024,FALSE,0
cust108466,Cory Humphrey,4149658545,56,male,south,16-10-2022,FALSE,0.11
cust108467,Rebecca Potts,5859834575,65,male,north,18-08-2021,FALSE,0.14
cust108468,John Tucker,4464814398,29,male,central,30-12-2024,FALSE,0.23
cust108469,Jennifer Stone,2955983375,66,female,east,11/1/2025,FALSE,0.33
cust108470,Sarah Watkins,1883246642,41,male,north,22-01-2024,FALSE,0.3
cust108471,Tammy Edwards,8105382530,18,female,west,14-11-2024,FALSE,0
cust108472,Debbie Hughes,5433195342,22,male,north,24-07-2024,FALSE,0
cust108473,William Johnson,731178003,21,female,west,5/5/2021,FALSE,0.24
cust108474,Alexander Stephens,6461996954,59,female,north,28-05-2025,FALSE,0.2
cust108475,James Alexander,8899735771,61,male,central,13-03-2022,FALSE,0.24
cust108476,Kaitlyn Wood,1701427560,47,female,east,23-07-2025,FALSE,0.32
cust108477,Edward Knapp,9886464786,44,male,north,28-12-2024,FALSE,0.07
cust108478,Justin Henderson,6503290264,44,male,east,19-01-2022,FALSE,0.21
cust108479,Matthew Potts,6781301309,28,female,south,27-08-2020,FALSE,0.39
cust108480,Jennifer Hood,9936160873,63,female,north,3/7/2023,TRUE,0.26
cust108481,Ann Barajas,6491781770,39,male,west,13-03-2021,FALSE,0.15
cust108482,Sarah Clark,43963216,19,male,west,12/6/2021,FALSE,0.25
cust108483,Tricia Smith,1622585642,51,female,east,30-09-2024,FALSE,0.3
cust108484,Joseph Moore,6246378207,37,male,south,4/2/2023,TRUE,0.16
cust108485,Crystal Williams,2342084115,61,female,central,4/7/2021,FALSE,0.17
cust108486,Melissa Soto,920595905,44,male,east,15-10-2022,FALSE,0.26
cust108487,Monica Vaughan,2217240135,42,female,north,20-02-2021,FALSE,0.1
cust108488,Edward Hayes,3645176213,21,female,east,24-04-2023,FALSE,0.29
cust108489,Angela Thomas,2645114432,69,male,west,22-11-2024,FALSE,0.36
cust108490,Sarah Watson,8171737261,52,male,south,25-01-2022,FALSE,0.22
cust108491,Sue Nolan,7105709662,23,male,west,22-08-2020,FALSE,0.11
cust108492,Erica Cole,9484359597,46,male,east,7/6/2022,FALSE,0.12
cust108493,Courtney Mcdaniel,494193775,32,female,north,19-11-2023,FALSE,0.29
cust108494,Marissa Cruz,3176853428,43,female,central,8/8/2020,FALSE,0.12
cust108495,Carolyn Smith,4685486314,33,male,east,14-02-2025,FALSE,0.15
cust108496,Joshua Silva,1979438066,66,male,east,18-09-2024,FALSE,0.06
cust108497,Daniel Mills,4626336254,41,male,south,20-03-2022,FALSE,0.02
cust108498,Gregory Burke,9901876622,63,female,north,5/7/2022,FALSE,0.29
cust108499,Thomas Hood,5844501759,29,male,north,3/1/2023,FALSE,0.17
cust108500,James Mcgee,2582717686,36,female,north,26-03-2024,FALSE,0
cust108501,Marie Sullivan,570682904,53,female,east,25-02-2023,FALSE,0.23
cust108502,Sharon Cook,6109272269,69,female,central,30-10-2024,FALSE,0.09
cust108503,Aaron Santana,1277094427,66,female,east,21-10-2024,FALSE,0.32
cust108504,Vanessa Schultz,6156738438,42,male,west,10/7/2022,FALSE,0.11
cust108505,Cassandra Christensen,3244108241,19,male,south,25-03-2023,FALSE,0.23
cust108506,Mark Williams,1193793701,65,male,north,21-07-2025,FALSE,0.18
cust108507,Danielle Freeman,6642523299,54,female,west,30-07-2022,FALSE,0.27
cust108508,Christopher Whitney,540861427,35,female,south,28-01-2025,FALSE,0.2
cust108509,Richard Frost,3633553828,69,female,west,5/12/2023,FALSE,0.15
cust108510,Mario Diaz,1479315612,18,female,central,9/11/2020,TRUE,0.17
cust108511,Lori Holmes,2481239111,61,female,east,31-05-2025,FALSE,0.26
cust108512,Stacy Ramirez,7263018611,57,female,west,21-09-2023,FALSE,0.3
cust108513,Patricia Blackwell,5542455537,41,female,south,20-09-2024,FALSE,0.47
cust108514,Joel Hernandez,8099184788,39,female,central,12/3/2024,TRUE,0.08
cust108515,William Jackson,1919059159,26,female,west,20-02-2024,TRUE,0.2
cust108516,Timothy Moses,4999489584,70,male,south,1/6/2024,FALSE,0.28
cust108517,Tyler Jones,4418242120,36,male,south,11/3/2022,FALSE,0.3
cust108518,Karen Smith,3233177409,56,female,north,21-08-2020,FALSE,0.42
cust108519,Jessica Crosby,1736588559,26,female,west,8/3/2021,FALSE,0.1
cust108520,Joseph Roach,7887387918,63,female,east,8/7/2024,FALSE,0.12
cust108521,Mary Willis,1237083950,66,female,west,11/1/2024,TRUE,0.31
cust108522,Mark Rivas,8073395914,19,female,east,22-02-2022,FALSE,0.28
cust108523,Michelle Jordan,3400648901,50,male,north,30-07-2021,FALSE,0.25
cust108524,Mike Hood,5433961762,45,male,south,20-05-2021,FALSE,0
cust108525,Stephen Jones,9709027920,30,male,south,6/4/2021,FALSE,0.01
cust108526,Nichole Neal,8624802680,49,male,west,19-04-2024,TRUE,0.21
cust108527,Angel Hernandez,1623046286,47,female,west,23-12-2020,FALSE,0
cust108528,Luke Adams,440972123,58,male,south,27-03-2023,FALSE,0.2
cust108529,Robin Odom,3822085798,67,female,west,4/10/2023,FALSE,0.13
cust108530,Gregory Nash,5858616313,69,female,north,29-03-2021,FALSE,0.22
cust108531,Emily Sanchez,3920790847,45,female,north,29-05-2025,FALSE,0.41
cust108532,Jason Smith,64980793,18,female,west,10/6/2023,FALSE,0.21
cust108533,Frank Lewis,1422435138,26,female,east,14-10-2024,TRUE,0.42
cust108534,Misty Carlson,3074495787,41,female,central,13-02-2024,FALSE,0.08
cust108535,Michelle Harmon,8988737870,46,male,south,18-04-2021,FALSE,0.03
cust108536,James Miller,8504069897,34,female,south,23-08-2020,FALSE,0.12
cust108537,Rachel Johnson,7573995863,36,female,south,19-12-2023,FALSE,0.08
cust108538,Michele Andrews,1114609000,58,male,east,9/6/2022,FALSE,0.19
cust108539,Jonathan Wright,9498953811,22,female,central,3/2/2022,TRUE,0.23
cust108540,Adam Hubbard,6652439926,69,male,central,25-02-2023,FALSE,0.05
cust108541,Michelle Gutierrez,5585723752,43,female,central,16-09-2022,TRUE,0.15
cust108542,Jessica Owens,7058716792,40,female,south,6/1/2024,TRUE,0.34
cust108543,Jay Kerr,821997649,39,female,west,10/9/2023,FALSE,0.05
cust108544,Cynthia Graves,9446515986,52,female,west,7/2/2023,TRUE,0
cust108545,Dennis Watson,771743846,63,male,central,24-06-2022,FALSE,0.06
cust108546,Julia Lowe,8028902451,48,male,north,22-06-2025,TRUE,0
cust108547,Christine Walton,54643339,18,female,central,29-12-2021,FALSE,0.2
cust108548,Laura Bradford,3714304715,35,female,west,13-03-2024,FALSE,0.19
cust108549,Teresa Williams,1332833929,25,female,central,7/1/2024,FALSE,0
cust108550,Stephen Guerra,6424693978,31,male,south,5/4/2024,FALSE,0.01
cust108551,Christopher Norris,9323849421,20,female,west,1/10/2024,TRUE,0.34
cust108552,Michael Goodwin,3824587529,44,female,central,16-09-2024,FALSE,0.26
cust108553,Lisa Watts,9266185952,19,female,north,1/4/2024,FALSE,0.25
cust108554,Andrew Barton,2991481781,65,female,north,11/12/2020,FALSE,0.16
cust108555,Larry Quinn DVM,2664193380,57,male,north,26-11-2021,TRUE,0.31
cust108556,Steven Miller,7220066654,31,female,south,30-10-2021,FALSE,0.06
cust108557,Eric Robinson,7476270686,28,male,south,13-05-2021,FALSE,0.42
cust108558,Cynthia Smith,5190867629,49,female,south,27-12-2021,FALSE,0.39
cust108559,Stephanie Green,1141884530,47,female,north,31-12-2020,FALSE,0.33
cust108560,Robert Miller,9924249986,43,female,east,1/1/2024,FALSE,0.12
cust108561,William Vasquez,9732323070,21,female,west,3/3/2025,FALSE,0.28
cust108562,Randy Franco,645099585,31,male,north,16-02-2025,FALSE,0.11
cust108563,Caleb Smith,3443141249,48,male,central,12/1/2022,FALSE,0.27
cust108564,Angela Owen,6429613343,63,female,east,5/6/2022,FALSE,0.36
cust108565,Don Stewart,7457834052,50,female,east,23-11-2022,FALSE,0.36
cust108566,David Schwartz,115633452,28,male,east,12/3/2022,FALSE,0.19
cust108567,Valerie Mcmahon,4608756568,35,female,east,28-12-2020,FALSE,0.11
cust108568,Carly Moore,982464161,20,female,central,29-08-2021,FALSE,0.24
cust108569,Elizabeth Martinez,4895164218,38,male,north,6/11/2023,FALSE,0.24
cust108570,Joseph Austin,9879479935,69,female,west,4/2/2025,TRUE,0.3
cust108571,Deborah Ortega,300223890,20,male,south,2/12/2020,FALSE,0.06
cust108572,Matthew Roberson,4739455625,20,male,central,25-05-2023,FALSE,0.4
cust108573,Sarah Haynes,3187551118,62,female,north,13-12-2023,TRUE,0
cust108574,Donna Nguyen,8012407419,52,female,south,4/6/2024,FALSE,0.25
cust108575,Gary Martin,2650286556,25,male,west,24-01-2025,FALSE,0
cust108576,Lauren Williams,7763857695,25,male,east,9/10/2021,FALSE,0.38
cust108577,Dr. Brittney Drake MD,9226216162,54,female,north,27-06-2022,FALSE,0.18
cust108578,Lisa Vaughn,8789051229,68,female,south,29-12-2022,FALSE,0.29
cust108579,Brandon Cox,34419354,63,male,north,28-03-2023,FALSE,0.25
cust108580,William Warner,519194336,50,female,central,28-01-2025,FALSE,0.41
cust108581,Crystal Cobb,4654652796,26,male,central,20-01-2025,FALSE,0.14
cust108582,Jennifer Mendez,509589050,27,male,central,5/4/2023,FALSE,0.14
cust108583,Melissa Garcia,345231123,63,female,central,20-08-2020,FALSE,0.42
cust108584,Morgan Horn,1627321379,31,female,central,15-02-2025,FALSE,0.2
cust108585,Melissa King,2657333908,20,male,central,16-12-2022,FALSE,0.23
cust108586,Rhonda Zimmerman,9508656709,49,female,west,12/4/2025,FALSE,0.2
cust108587,Dylan Allen,1187205104,49,female,central,23-01-2021,FALSE,0.17
cust108588,Phyllis Johnson,9413795385,44,male,west,16-06-2025,FALSE,0.02
cust108589,Russell Andrews,908158183,32,female,central,14-07-2021,FALSE,0.43
cust108590,Nicholas Adams,5551247050,61,male,west,27-07-2021,FALSE,0.1
cust108591,Samuel Warner,9336759696,25,female,east,2/1/2025,FALSE,0
cust108592,Sean Calhoun,4699962234,62,female,central,13-11-2024,FALSE,0.18
cust108593,Sandra Nguyen,3704644252,60,female,south,25-07-2025,FALSE,0.06
cust108594,Joseph Perez,2604989900,19,male,south,10/2/2023,FALSE,0.34
cust108595,Mariah Wright,502469546,21,female,north,24-06-2024,FALSE,0.09
cust108596,Sabrina Peterson,3866671657,36,female,east,24-06-2024,FALSE,0.31
cust108597,Angela Reynolds,3529787589,31,male,north,30-06-2025,FALSE,0.17
cust108598,Carolyn Kelly,5753862393,21,female,south,4/5/2021,FALSE,0.25
cust108599,John Marks,8172575647,33,female,east,18-06-2023,FALSE,0.27
cust108600,Melissa Valdez,9301254014,36,female,central,5/5/2024,FALSE,0.21
cust108601,Preston Phillips,4911536304,33,male,east,30-12-2023,FALSE,0.24
cust108602,Karen Whitaker,9566165725,30,female,south,15-11-2021,FALSE,0.24
cust108603,Dr. Trevor Marshall,4836434959,62,male,central,18-03-2022,TRUE,0.53
cust108604,Colleen Avila,1422423042,37,female,west,1/9/2021,FALSE,0
cust108605,Amy Miles,4393988949,42,female,south,16-11-2023,FALSE,0.22
cust108606,Melinda Patterson,7081463822,27,male,north,21-03-2025,FALSE,0.43
cust108607,Patrick Barnes,2018287520,46,male,west,26-06-2023,FALSE,0.43
cust108608,Michael Harmon,6289992496,49,female,west,7/6/2022,FALSE,0.22
cust108609,Jodi Jackson,7356246968,39,male,east,17-03-2024,FALSE,0.11
cust108610,Katherine Johnson,5617638937,48,male,central,18-10-2023,FALSE,0.05
cust108611,Karl Daniels,2007215145,23,other,north,18-02-2023,FALSE,0.19
cust108612,Amanda Baker,7267039659,51,female,east,31-05-2025,FALSE,0.16
cust108613,Ms. Lisa Brennan,8398963677,52,male,east,4/1/2022,FALSE,0.18
cust108614,Melissa Campos,2144460889,18,male,north,17-11-2023,FALSE,0.3
cust108615,Wendy Duran,7479801949,38,female,north,4/6/2021,FALSE,0.5
cust108616,Jose King,618692933,54,female,south,16-05-2023,FALSE,0.27
cust108617,Jeremy Kennedy,93216190,64,female,south,5/1/2022,FALSE,0.41
cust108618,Victoria Combs,4809246427,31,male,north,1/5/2021,FALSE,0.37
cust108619,Justin Wolf,7719629944,50,male,south,13-09-2024,FALSE,0.2
cust108620,Rita Gonzalez,3447617668,67,male,central,27-01-2023,FALSE,0.52
cust108621,Bridget Graham,9211778151,42,female,north,3/8/2025,FALSE,0.32
cust108622,Dale Tucker,2602406989,53,female,central,14-09-2022,FALSE,0.21
cust108623,Kendra Williams,1492448828,43,other,south,24-05-2025,FALSE,0.25
cust108624,Gabriel Jensen,9698261466,49,female,north,14-04-2022,FALSE,0.09
cust108625,Corey Copeland,2902801940,50,female,west,6/11/2020,FALSE,0.41
cust108626,Brittany Hale,1437471485,44,male,central,16-08-2024,FALSE,0.08
cust108627,Kendra Patel,9753641294,37,female,west,9/7/2025,FALSE,0
cust108628,Gregory Roy,5194562766,61,female,east,10/4/2025,FALSE,0.19
cust108629,Michelle Davidson,5670040217,34,male,north,28-03-2025,FALSE,0.29
cust108630,Samuel Brown,7979413417,47,male,north,11/6/2022,FALSE,0.26
cust108631,Tyler Fischer,9935126330,67,male,north,16-04-2021,FALSE,0.29
cust108632,Pamela Kline,1107312656,68,male,south,1/3/2024,FALSE,0.2
cust108633,Michael Andrade,2353788637,52,female,east,25-11-2021,FALSE,0.07
cust108634,Natalie Nguyen,5943482112,38,female,south,5/2/2021,FALSE,0.35
cust108635,Nancy Hughes,5284314056,61,female,north,4/6/2022,FALSE,0.32
cust108636,Patricia Smith,1288229885,19,female,east,25-01-2025,FALSE,0.5
cust108637,Amanda Russell,83296610,29,female,west,1/7/2021,FALSE,0.21
cust108638,Christine Perez,8700577334,35,male,west,20-11-2022,FALSE,0.2
cust108639,Melanie Torres,8774181628,36,female,east,8/9/2022,FALSE,0.32
cust108640,Jason Lynch,62971888,38,male,east,2/12/2022,FALSE,0.27
cust108641,Emily Boyd,51815908,35,female,south,1/12/2022,FALSE,0.29
cust108642,Tracey Ellison,3097164431,29,male,south,4/2/2024,FALSE,0.36
cust108643,Patricia Whitaker,2475607635,70,male,west,24-08-2024,FALSE,0.13
cust108644,Shane White,544722402,53,male,south,22-09-2020,TRUE,0.14
cust108645,Nicholas Shah,4922386834,49,male,west,24-09-2020,FALSE,0.04
cust108646,Mark Parker,4438057680,55,male,north,1/11/2020,FALSE,0.12
cust108647,Christopher Sanchez,7851672338,32,male,west,28-12-2023,FALSE,0.33
cust108648,Savannah Banks,6016792259,49,female,east,2/9/2022,TRUE,0.36
cust108649,Kayla Frederick,3889474036,42,male,central,27-12-2022,FALSE,0.18
cust108650,Stanley Cox,6336696434,65,male,east,18-06-2023,FALSE,0.37
cust108651,Jeremy Evans,1532195370,18,female,north,26-04-2022,FALSE,0.22
cust108652,Sara Shaw,8058129169,40,female,east,26-07-2021,FALSE,0.2
cust108653,Joel Fuller,8289178690,31,female,south,19-08-2021,FALSE,0.08
cust108654,Mark Cole,8202011979,21,male,west,9/7/2025,FALSE,0.06
cust108655,Deborah Murphy,1767919179,32,female,north,18-12-2020,FALSE,0.13
cust108656,Whitney Campbell,6316557667,59,male,west,22-11-2023,FALSE,0.16
cust108657,Amanda Gordon,5942032307,29,male,north,4/7/2021,FALSE,0.17
cust108658,Lauren Smith,5505828468,40,female,south,21-05-2021,FALSE,0.3
cust108659,Tiffany Mclean,8331025359,59,male,central,9/5/2022,FALSE,0.52
cust108660,Nancy Sims,9134011215,39,female,north,26-10-2024,FALSE,0.28
cust108661,Kenneth Morgan,3607628508,18,male,central,7/2/2021,TRUE,0.19
cust108662,Devin Liu,6310359289,41,male,central,4/3/2023,FALSE,0.46
cust108663,Edward Acevedo,5512930887,33,male,west,7/11/2022,FALSE,0.24
cust108664,Jennifer Kramer,7063503176,22,male,north,4/1/2023,FALSE,0.31
cust108665,Lisa Lee,5607233327,28,male,west,2/4/2024,FALSE,0.06
cust108666,Joseph Anderson,5460183530,55,male,east,10/1/2022,FALSE,0.27
cust108667,Michelle Stevens,291630612,53,male,south,21-06-2023,FALSE,0.2
cust108668,Robert Reese,3837872534,34,male,north,29-12-2020,FALSE,0.06
cust108669,Tara Gross,7317595248,53,female,south,3/1/2024,FALSE,0.05
cust108670,Heather Smith,6949636314,70,female,south,8/8/2024,FALSE,0.31
cust108671,Javier Serrano,9517998617,70,female,east,18-01-2023,FALSE,0.05
cust108672,Linda Ray,2658954635,62,male,north,20-06-2022,FALSE,0.02
cust108673,Benjamin Martin,9324954596,63,female,central,2/3/2023,FALSE,0.14
cust108674,Edward Smith,2237863959,57,female,west,28-11-2023,FALSE,0.27
cust108675,Monique Knight,4947270713,23,male,central,14-03-2022,FALSE,0.31
cust108676,Maria Kemp,7676336408,50,male,west,10/11/2023,FALSE,0.28
cust108677,Darren Welch,5093129400,62,female,south,27-09-2020,FALSE,0.18
cust108678,Jocelyn Marshall,6681249749,41,male,east,16-10-2021,FALSE,0.29
cust108679,Samantha Calhoun,1527263086,60,female,north,13-03-2022,FALSE,0.04
cust108680,Carol Bauer,3302032418,55,male,south,27-12-2022,FALSE,0
cust108681,Alex Morales,4710358155,53,female,central,5/2/2025,FALSE,0.01
cust108682,Melanie Pena,6104462696,60,female,east,1/11/2024,FALSE,0.01
cust108683,Patrick Collins,7198395993,26,male,south,9/7/2024,FALSE,0.43
cust108684,Kevin Wagner,8670153343,34,male,central,22-09-2024,TRUE,0.11
cust108685,Eric Martin,7576964911,23,female,east,2/7/2023,FALSE,0.38
cust108686,Caleb Moore,5803482645,19,male,east,22-06-2024,TRUE,0.31
cust108687,Calvin Jones,2679873284,42,female,north,2/2/2022,TRUE,0.3
cust108688,John Joseph,3398594257,29,male,south,13-08-2023,FALSE,0.19
cust108689,Jason Hicks,8395541236,61,male,north,21-10-2020,FALSE,0.26
cust108690,Sarah Johnson,4430623146,39,female,north,15-04-2024,FALSE,0.29
cust108691,Katherine Jones,8096440616,67,male,central,26-02-2021,TRUE,0.2
cust108692,Samuel Richardson,9895966097,38,male,central,1/4/2022,FALSE,0
cust108693,Micheal Johnson,1237341415,51,female,west,31-07-2025,FALSE,0.26
cust108694,Kim Morales,259416581,62,male,north,7/6/2021,FALSE,0.12
cust108695,Michael Johnson,2758209519,44,female,south,23-12-2024,FALSE,0.11
cust108696,Danielle Bryant,1245127244,66,female,west,30-03-2023,FALSE,0.37
cust108697,Lisa Barton,1608571941,55,female,east,22-04-2022,FALSE,0.3
cust108698,Anthony George,487891510,55,female,west,15-12-2021,FALSE,0.19
cust108699,David Martin,7171838187,27,female,south,2/8/2021,FALSE,0.06
cust108700,Wayne Smith,8046030272,47,male,east,2/1/2021,FALSE,0.17
cust108701,Kelly Meyer,1046531441,58,female,east,19-10-2024,TRUE,0.21
cust108702,Billy Gill,4243992274,43,female,east,20-01-2024,FALSE,0.25
cust108703,Sabrina Gross,3752276991,29,male,central,5/5/2023,FALSE,0.17
cust108704,Charles Holland,1727269882,45,male,south,20-06-2021,FALSE,0.35
cust108705,Donna Tate,2864192185,45,male,west,6/4/2023,FALSE,0.12
cust108706,Linda Moran,2656562286,45,male,north,9/12/2020,FALSE,0.06
cust108707,Paul Allen,5092095326,38,female,north,16-09-2020,FALSE,0.26
cust108708,Monica Warner,1329766722,61,male,central,3/9/2021,FALSE,0.43
cust108709,Steven Bennett,408917224,39,male,east,13-12-2024,FALSE,0.25
cust108710,Teresa Hurley,577589510,39,male,south,3/6/2024,FALSE,0.29
cust108711,Linda Jones,786409948,31,female,east,13-03-2025,FALSE,0.25
cust108712,Steven Palmer,3350682856,52,male,south,11/12/2022,FALSE,0.16
cust108713,James Horton,4654775611,46,female,south,28-09-2023,FALSE,0.3
cust108714,Michelle Smith,8231913439,69,male,north,13-05-2022,FALSE,0.13
cust108715,Lori Walker,8294289822,23,female,north,9/10/2020,FALSE,0.06
cust108716,Jacob Davis,2456996913,34,female,east,11/10/2021,FALSE,0.03
cust108717,Mr. Brian Sims,597046371,58,male,east,17-11-2020,TRUE,0.05
cust108718,Katelyn Thompson,3982466049,46,male,central,2/9/2021,FALSE,0.12
cust108719,Tanya Henry,4108832905,67,male,east,12/11/2022,FALSE,0.45
cust108720,Jeffrey Russell DDS,2857017257,37,male,west,16-12-2023,FALSE,0.38
cust108721,Jenny Callahan,9871213396,18,female,north,10/4/2025,FALSE,0.19
cust108722,Alexander Williamson,9563360132,70,male,north,7/5/2023,TRUE,0.25
cust108723,William Ross,2167934442,38,male,north,1/4/2025,FALSE,0.34
cust108724,Thomas Mccoy,2934515798,54,other,west,28-04-2022,FALSE,0.26
cust108725,Steven Huff,4810862955,69,male,west,9/11/2023,FALSE,0.05
cust108726,Robert Price,1660703256,26,male,south,8/1/2022,FALSE,0.63
cust108727,Bianca Holmes,9490791347,59,female,south,11/5/2025,FALSE,0.31
cust108728,Reginald Mcclain,6030042591,30,female,central,24-09-2022,FALSE,0.31
cust108729,Diana Burton,6432476802,39,female,south,23-04-2023,FALSE,0.07
cust108730,Stephanie Patel,5581282322,47,female,west,23-08-2022,TRUE,0.22
cust108731,Matthew Davis,7233339993,40,male,north,1/7/2025,FALSE,0.18
cust108732,Stacey Griffin,4091037503,68,female,central,19-11-2020,FALSE,0.03
cust108733,Rachel Reid,1837998931,49,male,east,26-02-2023,FALSE,0.2
cust108734,Eric Davis,718429273,26,male,west,23-09-2021,FALSE,0.21
cust108735,Emily Smith,549905416,39,female,west,28-08-2023,FALSE,0.02
cust108736,Daniel Christian Jr.,5047699887,70,male,south,12/8/2023,FALSE,0.17
cust108737,Tiffany Roberts,2889106600,58,female,north,24-08-2022,FALSE,0.22
cust108738,Jonathan Rodriguez,4554152778,70,female,central,8/10/2021,TRUE,0.16
cust108739,Mary Hendricks,2785853698,49,female,west,10/11/2020,FALSE,0.38
cust108740,William Rios,7740298100,55,male,north,29-03-2025,FALSE,0.02
cust108741,Crystal Tanner,1105322035,44,male,west,29-09-2022,TRUE,0.2
cust108742,Brian Haynes,1642448777,69,female,north,21-02-2021,FALSE,0.29
cust108743,Matthew Alvarez,6878181407,25,female,south,9/11/2020,FALSE,0.21
cust108744,Courtney Keller,5595711910,66,female,west,3/11/2021,FALSE,0.1
cust108745,Michael Thompson,5286558407,21,male,west,11/12/2020,FALSE,0.19
cust108746,Tyler Cook,2820719373,59,male,north,28-05-2025,FALSE,0.38
cust108747,Lynn Peterson,6482182735,32,female,central,1/11/2022,FALSE,0.36
cust108748,Breanna Becker,894417857,64,male,south,30-11-2020,FALSE,0.11
cust108749,Brandon Rich,812896014,38,female,central,28-02-2024,FALSE,0.35
cust108750,Thomas Rodriguez,754196477,60,female,central,27-11-2024,FALSE,0.12
cust108751,Sierra Saunders,3180153235,67,male,north,19-02-2022,FALSE,0.19
cust108752,Edward Owen,2451215335,36,male,east,3/9/2021,FALSE,0.12
cust108753,Michael Welch,7821069664,31,male,west,9/7/2023,FALSE,0
cust108754,Melissa Hall,4223720729,56,female,south,19-05-2023,FALSE,0.13
cust108755,Leslie Jones,2739029720,40,female,central,21-09-2024,TRUE,0.23
cust108756,Angela Byrd,3661104330,49,male,north,27-06-2025,FALSE,0.33
cust108757,Karen Diaz,4827628786,42,female,east,18-01-2023,FALSE,0.09
cust108758,Bryan Macias,9025097844,70,male,north,15-12-2023,FALSE,0.32
cust108759,Sydney Scott,8085322585,44,female,west,26-03-2022,FALSE,0.02
cust108760,Justin Zamora,8740182875,33,male,east,16-09-2020,FALSE,0.05
cust108761,Lisa Guerrero,6106593746,38,female,west,30-10-2020,FALSE,0.11
cust108762,Marcus Yu,6422831981,57,female,north,10/12/2020,FALSE,0.23
cust108763,Michael Clark,7353473360,32,female,south,11/4/2024,FALSE,0.37
cust108764,Rebecca Smith,3590744509,32,male,north,7/4/2024,FALSE,0.34
cust108765,Amy Crawford,7992292690,50,female,east,30-05-2024,FALSE,0.42
cust108766,Jonathan Marks,2520663340,51,female,central,9/1/2023,FALSE,0.34
cust108767,Jordan Burke Jr.,1493100016,67,male,west,23-10-2023,FALSE,0.38
cust108768,Jonathan Leblanc,6003756486,51,male,central,17-08-2024,FALSE,0.12
cust108769,Cheryl Walker,1314322623,31,male,north,12/11/2020,FALSE,0.08
cust108770,Audrey Perez,5326645885,25,female,west,21-06-2023,FALSE,0.32
cust108771,Robert Sullivan,1533216851,31,female,north,11/1/2023,TRUE,0.35
cust108772,Richard Perkins MD,8534087133,64,male,south,31-03-2025,FALSE,0.19
cust108773,Christina Gutierrez,995167012,46,female,east,13-04-2024,FALSE,0.36
cust108774,Regina Taylor,3994989531,56,male,north,30-08-2023,FALSE,0.29
cust108775,Brendan Mejia,4777765784,61,female,south,28-09-2021,FALSE,0.3
cust108776,Thomas Woods,4320642769,28,female,east,22-11-2021,FALSE,0.34
cust108777,Kimberly Lowe,8697996913,44,female,north,7/6/2025,FALSE,0.2
cust108778,Bobby Reynolds,4835652620,41,male,west,6/4/2025,FALSE,0.13
cust108779,James Huff,5070603220,53,male,central,29-12-2023,FALSE,0.15
cust108780,Brandon Guerrero,4476286217,28,other,west,10/7/2021,FALSE,0.12
cust108781,Stacey Lam,1442440011,21,female,central,25-07-2024,FALSE,0.31
cust108782,Barbara Singh,2990811126,22,female,east,1/1/2025,FALSE,0.18
cust108783,Dr. Melanie Oliver MD,5248768702,34,male,north,1/11/2023,FALSE,0.06
cust108784,Yvonne Vargas,2718330189,45,female,central,14-06-2024,FALSE,0.25
cust108785,Jennifer Jones,7465588196,20,male,west,21-03-2024,FALSE,0.37
cust108786,Daniel Gillespie,4577165489,39,female,west,10/4/2021,FALSE,0.46
cust108787,Laura Reynolds,1950968687,61,female,central,8/7/2022,FALSE,0
cust108788,Tami Wallace,759518349,56,female,north,16-05-2024,FALSE,0.14
cust108789,Donna Osborne,2246221911,43,male,central,16-05-2025,FALSE,0.16
cust108790,John Thomas,672700969,31,female,west,12/12/2020,FALSE,0.15
cust108791,James Walker,9052887547,58,male,west,22-07-2023,FALSE,0.09
cust108792,Frank Cook,7875774412,61,female,east,22-07-2025,FALSE,0.12
cust108793,Peter Giles,7797207193,38,female,east,17-10-2020,FALSE,0.17
cust108794,Richard Rice,8839881717,26,male,north,16-01-2023,FALSE,0.21
cust108795,Helen Brown,9622397269,50,female,central,2/1/2023,TRUE,0.03
cust108796,Brian Baird,3558871525,26,female,north,14-02-2025,FALSE,0.16
cust108797,Richard Pearson,3335845315,47,male,east,10/9/2024,FALSE,0.13
cust108798,Rebecca Baker,4580196312,56,female,north,14-06-2023,FALSE,0.19
cust108799,Dr. Brittany Chung,6902380222,67,male,south,2/6/2025,FALSE,0.21
cust108800,Matthew Thompson,4375271800,51,female,west,30-09-2022,FALSE,0.06
cust108801,Lance Johnson,8824296031,68,male,west,5/10/2021,FALSE,0.19
cust108802,Joel Reed,4699118874,51,female,north,7/6/2024,FALSE,0.1
cust108803,Steven Arias,4955067901,58,male,south,7/6/2021,TRUE,0.21
cust108804,Curtis Hughes,1236472629,35,female,west,22-04-2023,FALSE,0.34
cust108805,Tammie Walker,365666857,24,female,west,21-02-2023,FALSE,0.16
cust108806,Eric Caldwell,1020486531,22,female,north,15-12-2020,FALSE,0.11
cust108807,Dorothy Lee,5617493579,59,male,east,4/7/2021,FALSE,0.29
cust108808,Jacob Hicks,7234290141,51,male,north,13-08-2022,FALSE,0.08
cust108809,Leslie Hanson,4638025834,27,male,central,11/5/2025,FALSE,0.24
cust108810,Christopher Sanchez,8924422057,52,female,north,8/8/2023,FALSE,0.15
cust108811,Chad Dougherty,4130809002,30,male,east,12/6/2021,FALSE,0.35
cust108812,John Ware,5378723118,18,female,north,6/7/2021,FALSE,0.07
cust108813,Brandon Phillips MD,735912064,70,male,west,29-11-2023,FALSE,0
cust108814,Shannon Stone,6659756936,59,female,east,21-05-2023,FALSE,0.19
cust108815,Alicia Lutz,2113553887,20,male,west,16-04-2024,FALSE,0.17
cust108816,Trevor Waters,8621812008,43,male,west,1/6/2023,TRUE,0.17
cust108817,Joshua Edwards,4975458160,30,male,east,11/4/2024,FALSE,0.3
cust108818,Jonathan Roberts,1871444403,59,female,south,26-07-2025,FALSE,0.31
cust108819,Olivia Guerra,8066084404,35,female,central,16-08-2024,FALSE,0.01
cust108820,David Phillips,8863857262,26,male,north,27-11-2020,TRUE,0.15
cust108821,Eric Roberts,5006369573,57,female,north,2/8/2023,TRUE,0.23
cust108822,Garrett Olson,7108784036,27,female,south,5/5/2024,FALSE,0.11
cust108823,Scott Flores,8657034524,23,male,west,19-10-2020,FALSE,0.3
cust108824,Erica Zavala,4786184736,53,female,north,30-05-2025,FALSE,0.17
cust108825,Ryan Smith,933999276,20,female,east,15-08-2020,FALSE,0.18
cust108826,David Finley,7608163084,67,male,north,27-11-2022,FALSE,0.16
cust108827,Michael Baker,3689962611,29,female,central,25-01-2021,FALSE,0.11
cust108828,Jessica Griffin,6621889914,39,male,south,2/4/2021,FALSE,0.27
cust108829,Ricky Good,8508702247,18,female,west,22-07-2025,FALSE,0.19
cust108830,Charles Oconnor,6143556328,35,female,west,10/12/2023,FALSE,0.31
cust108831,Joseph Weber,7256998900,53,female,west,17-04-2021,FALSE,0
cust108832,Danielle Gonzalez,4215095615,61,male,west,7/11/2020,FALSE,0.18
cust108833,Sharon Watson,8073588476,68,female,west,18-12-2021,TRUE,0.13
cust108834,Michael Taylor,9461684966,41,female,east,19-05-2023,FALSE,0.4
cust108835,Bethany Hill,3892366851,46,female,north,28-08-2022,FALSE,0.18
cust108836,Jessica Maddox,6743792906,68,male,north,16-09-2021,FALSE,0.25
cust108837,Dawn Mcgee,9700004587,42,female,east,1/4/2022,FALSE,0.11
cust108838,Steven Levine,8983762736,57,female,east,13-08-2020,FALSE,0.1
cust108839,Kelly Nichols,9499086896,26,male,west,13-01-2021,FALSE,0.21
cust108840,Vincent Brock,3527168195,28,other,south,8/12/2024,FALSE,0.27
cust108841,Luis Suarez,6953947212,42,female,south,28-03-2025,FALSE,0.19
cust108842,Diana Fernandez,988270640,68,male,central,9/2/2024,FALSE,0.19
cust108843,Dawn Wells,8918206258,39,male,north,22-03-2024,FALSE,0.39
cust108844,Paul Lawson,3680379322,18,male,central,24-10-2022,FALSE,0.03
cust108845,Steven Anderson,494703832,56,female,north,18-09-2021,FALSE,0.1
cust108846,Michael Holmes,3371609891,35,female,south,24-11-2022,FALSE,0.1
cust108847,Nicholas Foster,8005539466,31,female,central,1/5/2025,TRUE,0.18
cust108848,Valerie Williams,5326255861,22,male,west,6/5/2024,FALSE,0.26
cust108849,Matthew Levine,1606738565,53,male,south,10/1/2022,FALSE,0.21
cust108850,Alexandra Martinez,268009552,65,male,north,6/9/2024,FALSE,0.12
cust108851,Terry Sullivan,3009939374,49,female,north,2/12/2021,FALSE,0.34
cust108852,Dana Wallace,4915317021,54,female,west,16-12-2021,FALSE,0.25
cust108853,Wayne Summers,9279432754,22,female,south,9/6/2023,FALSE,0
cust108854,Alejandro David,5023285864,22,female,central,4/10/2021,FALSE,0.15
cust108855,Roger Ward,1829141094,19,male,north,16-10-2021,FALSE,0.23
cust108856,Kimberly Ramos,813899043,38,male,south,3/12/2024,FALSE,0.07
cust108857,Sarah Pruitt,4725898688,20,female,north,3/9/2022,FALSE,0.18
cust108858,Erin Kennedy,5402056239,41,other,central,12/6/2022,FALSE,0.02
cust108859,Wesley Hill,9005397861,55,female,north,12/4/2024,FALSE,0.39
cust108860,Ashley Mendoza,6023336269,64,male,south,21-09-2020,FALSE,0.08
cust108861,Kayla Elliott,2867142746,28,male,central,7/1/2023,FALSE,0.16
cust108862,Joseph Alexander,1231052469,48,female,south,25-06-2022,FALSE,0
cust108863,Christina Butler,2945126230,46,male,central,26-12-2023,TRUE,0.22
cust108864,Angela Guerrero,3983823210,36,male,north,3/3/2022,TRUE,0.06
cust108865,Michael Kidd,2203552456,21,male,north,19-10-2022,FALSE,0.08
cust108866,Philip Hunter,8947563263,26,male,north,25-04-2021,FALSE,0.35
cust108867,Caitlin Prince,4996698595,18,female,west,12/12/2020,FALSE,0.24
cust108868,Erin Sheppard,6996676539,59,male,central,25-03-2022,FALSE,0.14
cust108869,Paul Donovan,8990326485,26,female,north,11/12/2022,FALSE,0.22
cust108870,Rose Mcgee,3556766342,37,male,west,18-06-2021,FALSE,0.06
cust108871,Erica Anderson,9314958975,62,female,west,31-07-2023,FALSE,0.24
cust108872,John Mejia,8328304227,29,male,central,7/8/2021,FALSE,0.1
cust108873,Mrs. Christina Miller MD,7126619528,63,male,north,30-11-2020,FALSE,0.17
cust108874,James Flowers,339627154,63,female,north,5/11/2024,FALSE,0.3
cust108875,Jill Taylor,7644980026,70,female,east,21-11-2022,TRUE,0.2
cust108876,William Skinner,936340159,59,male,north,29-07-2021,FALSE,0.03
cust108877,Robert Mendez,4427842245,39,female,north,15-01-2025,FALSE,0.16
cust108878,Michelle Butler,5983730928,25,female,west,3/9/2021,FALSE,0.12
cust108879,Jack Singleton,6987972688,36,male,west,3/6/2025,FALSE,0
cust108880,Emily Kennedy,9940795334,20,female,north,7/10/2021,FALSE,0.4
cust108881,Cynthia Russell,1375458033,38,male,east,26-08-2024,FALSE,0.1
cust108882,Jennifer Hernandez,8717834728,67,male,east,13-10-2022,FALSE,0.41
cust108883,Joe Osborne,2710197140,47,male,north,16-07-2021,FALSE,0.19
cust108884,Megan Reed,1659838459,34,male,central,3/4/2023,FALSE,0.15
cust108885,Heather Roth,7339901334,21,male,east,9/8/2021,FALSE,0.38
cust108886,Marie Jones,4193965164,68,male,north,7/10/2023,FALSE,0.03
cust108887,Michael Chavez,3091691419,60,female,east,18-09-2024,FALSE,0.28
cust108888,Alexis Simmons,5634980392,21,other,west,23-05-2021,FALSE,0.21
cust108889,Mary Hernandez,9820376935,22,male,north,3/8/2022,FALSE,0.32
cust108890,Jeffrey Garcia,4240778552,23,male,east,12/10/2020,FALSE,0.12
cust108891,Mary Ramsey,9511748022,48,male,west,12/12/2023,FALSE,0
cust108892,Emily Harrington,6942457416,27,female,north,27-09-2023,FALSE,0.34
cust108893,John Weaver,5299165258,61,male,central,27-12-2021,FALSE,0.38
cust108894,Joseph Brown,3300643678,25,male,north,8/1/2022,TRUE,0.19
cust108895,Larry Oconnell,2056459030,60,female,south,13-03-2024,FALSE,0.17
cust108896,Stephanie Gonzalez,808952221,47,male,south,7/4/2021,FALSE,0.25
cust108897,Leon Williams,4453625633,24,female,south,26-03-2022,FALSE,0.22
cust108898,Jeanne Simpson,740312229,65,female,east,22-05-2025,FALSE,0.29
cust108899,Lisa Taylor,3766303846,57,female,south,14-08-2021,TRUE,0.12
cust108900,Justin Robbins,4779695890,33,female,west,5/3/2021,FALSE,0.16
cust108901,Ruth Jones,3365718471,28,male,central,25-07-2024,FALSE,0.34
cust108902,Jackie Swanson,2462677546,40,female,west,21-03-2025,FALSE,0.34
cust108903,John Skinner,8364960688,56,female,west,16-02-2025,FALSE,0.07
cust108904,Crystal Neal,3541835110,29,male,west,25-09-2022,FALSE,0.24
cust108905,Thomas Wright,5143936659,29,male,west,7/11/2022,FALSE,0.19
cust108906,Joseph Blair,5679063471,58,male,west,24-08-2023,FALSE,0.29
cust108907,Louis Klein,3784639119,47,female,north,20-10-2021,FALSE,0
cust108908,Holly Smith,5431339087,25,male,central,23-02-2025,FALSE,0.21
cust108909,Johnathan Noble,3299061198,53,female,north,26-02-2021,FALSE,0.17
cust108910,Sandra Steele,5602264338,60,male,north,28-11-2022,FALSE,0.21
cust108911,Jennifer Hart,6457919428,29,male,north,30-06-2023,FALSE,0.37
cust108912,Erica Cole,3021791305,59,male,north,23-10-2024,FALSE,0
cust108913,Lindsay Jensen,532575513,56,female,north,10/11/2024,FALSE,0.05
cust108914,Danny Herring,4821723874,49,female,east,15-10-2020,FALSE,0.18
cust108915,Phillip Chandler,6004534840,60,female,south,4/12/2024,FALSE,0.09
cust108916,Scott Bowen,8737907224,39,female,north,24-06-2025,FALSE,0.2
cust108917,Curtis Mitchell,9225287642,55,male,central,9/5/2025,FALSE,0.27
cust108918,Elaine Bryant,8262456309,38,male,south,4/2/2023,FALSE,0.17
cust108919,Jose Chung,1327208555,66,female,south,8/2/2022,FALSE,0.23
cust108920,Angel Bennett,4675985883,47,female,north,13-08-2024,FALSE,0.37
cust108921,Brad Ross,5434741362,34,female,east,20-05-2025,FALSE,0.36
cust108922,Tyler Bell,7106970002,32,female,south,29-10-2023,FALSE,0.02
cust108923,Ann Benitez,5867454953,60,female,east,28-08-2023,FALSE,0.13
cust108924,Derrick Simmons,5845321622,30,female,west,21-09-2021,FALSE,0.45
cust108925,Barbara Williams,3461454192,66,female,north,15-12-2020,FALSE,0.15
cust108926,Cynthia Sanchez,5561901554,31,female,central,2/3/2021,FALSE,0.16
cust108927,Jay Parsons,5457710730,45,female,east,30-08-2020,FALSE,0.24
cust108928,Susan Bryant,456690885,53,male,central,23-04-2021,FALSE,0.12
cust108929,Brent Long,6860533274,36,female,central,1/5/2025,FALSE,0.18
cust108930,Matthew Dougherty,3147676649,21,female,east,6/6/2024,FALSE,0.42
cust108931,Amy Adams,6420833491,34,male,east,21-09-2020,FALSE,0.34
cust108932,Anthony Ross,6846069421,70,female,central,10/11/2024,FALSE,0.36
cust108933,Brandy Bolton,2694503170,45,female,west,22-01-2021,FALSE,0.21
cust108934,Cathy Duncan,6979984244,60,female,east,16-09-2021,FALSE,0.06
cust108935,James Cooper,3965039964,28,male,west,9/7/2023,FALSE,0.18
cust108936,Michael Browning,1101708502,42,male,east,8/11/2021,FALSE,0.03
cust108937,Jeremy Stewart,5543901908,30,male,east,15-05-2021,FALSE,0.22
cust108938,Heather Blevins,3083513029,53,male,south,20-06-2024,FALSE,0.2
cust108939,Jaclyn Jordan,5370707023,50,female,west,14-03-2024,FALSE,0
cust108940,Lisa Martin,5665505743,32,male,north,9/1/2023,FALSE,0.31
cust108941,Zachary Reyes,7779054512,29,female,east,20-02-2022,FALSE,0.29
cust108942,Shannon Stanley,1846532346,66,female,north,2/5/2025,TRUE,0.13
cust108943,Daniel Williams,1672767131,46,male,central,29-10-2024,FALSE,0.24
cust108944,Elizabeth Stewart,4291580379,18,male,north,4/8/2025,FALSE,0.22
cust108945,Austin Liu,2702096136,27,male,west,25-02-2023,FALSE,0.22
cust108946,Nicholas Ayers,2575709240,22,male,south,6/12/2021,FALSE,0.11
cust108947,Colton Fisher,1823558941,24,female,south,3/12/2020,FALSE,0.26
cust108948,Diane Gonzalez,2686823920,59,male,east,18-11-2023,FALSE,0.06
cust108949,Joshua Oliver,1983258601,29,male,west,29-10-2022,FALSE,0.1
cust108950,Miss Tammy Gonzales,5835887762,35,female,central,20-03-2022,FALSE,0.12
cust108951,Stacey Meyer,2722201286,49,female,north,9/5/2025,FALSE,0.2
cust108952,Wanda Smith,8389898919,28,female,west,5/11/2022,FALSE,0.16
cust108953,Christina Evans,1797768419,43,male,south,22-06-2024,FALSE,0.07
cust108954,Eric Williams,9251176540,69,male,south,14-10-2021,FALSE,0.06
cust108955,Phillip Gallegos,3613846828,62,female,south,4/7/2024,FALSE,0.29
cust108956,Jessica Stephens,5704700319,47,female,south,17-06-2023,FALSE,0.26
cust108957,Lawrence Jones,9956304085,48,female,north,30-05-2022,FALSE,0.61
cust108958,Bill Mendoza,3307823721,53,female,east,12/6/2021,FALSE,0.32
cust108959,Tiffany Smith,7952300209,39,female,west,24-03-2022,FALSE,0.11
cust108960,James White,9279126870,39,male,north,18-07-2025,FALSE,0.14
cust108961,Kevin Kim,9494067080,26,male,east,5/10/2024,FALSE,0.21
cust108962,Morgan Leonard,5146460632,68,female,west,24-05-2023,FALSE,0.2
cust108963,Heather Walker,1289557673,63,male,east,25-01-2023,TRUE,0.3
cust108964,Dustin Lewis,5093400499,38,female,east,30-07-2024,FALSE,0.25
cust108965,Stacy Leonard,3732376412,33,male,east,15-03-2025,TRUE,0.24
cust108966,Andrew Riley,4071743470,21,female,east,2/6/2021,FALSE,0.04
cust108967,Jordan Santos,3857904081,42,male,east,24-04-2023,FALSE,0.32
cust108968,Caitlin Lopez,5546031738,67,female,north,24-09-2023,FALSE,0.45
cust108969,Craig Serrano,1239747238,20,female,north,5/11/2022,FALSE,0.1
cust108970,Todd Mata,8472414057,59,female,west,27-12-2024,FALSE,0.11
cust108971,Anthony Perez,5344795336,21,female,north,29-04-2021,FALSE,0.39
cust108972,Kenneth Hendricks,4441117156,56,male,east,24-05-2024,TRUE,0.14
cust108973,Brian Costa,1069149398,59,female,west,18-03-2021,FALSE,0.12
cust108974,Evan Li,7669567468,42,female,west,15-10-2021,FALSE,0.32
cust108975,Antonio Luna Jr.,7323546678,41,female,west,22-01-2025,FALSE,0.26
cust108976,Jose Wolfe,2425435278,24,male,south,17-01-2022,FALSE,0.17
cust108977,James Carter,916503404,26,male,east,11/1/2022,FALSE,0.51
cust108978,Christine Mann,3761431335,40,male,central,29-12-2021,FALSE,0.18
cust108979,Adam Hamilton,3538854153,40,female,west,19-07-2025,FALSE,0.19
cust108980,Tyler Davis,6480030505,65,male,west,26-04-2022,FALSE,0.08
cust108981,Brooke Anderson,4705746294,59,female,east,2/5/2025,FALSE,0.09
cust108982,Amy Gomez,5569872154,65,male,east,12/3/2024,FALSE,0.28
cust108983,Martin Baxter,3074844580,18,male,north,8/6/2023,TRUE,0.05
cust108984,Phillip Olson,8100866721,27,male,east,27-10-2021,FALSE,0.14
cust108985,Abigail Schwartz,867894744,43,male,east,7/6/2024,FALSE,0.18
cust108986,Rebecca Hale,3814838483,36,male,east,12/9/2022,FALSE,0.31
cust108987,Pamela Foster,6611537063,53,female,east,1/5/2024,FALSE,0.43
cust108988,Taylor Bowman,1421935659,41,female,north,1/5/2023,FALSE,0.28
cust108989,Amber Bell,9894375390,34,female,south,16-04-2025,FALSE,0.24
cust108990,David Johnson,8954492446,18,male,central,17-07-2025,FALSE,0.27
cust108991,Caitlyn Mcfarland,6650669559,43,female,north,12/3/2024,FALSE,0.38
cust108992,Lisa Clayton,9930669831,66,female,east,23-02-2022,FALSE,0.17
cust108993,Tiffany Wallace MD,2922055589,68,male,south,27-11-2024,FALSE,0.23
cust108994,Allison Gray,7581332883,69,female,west,4/7/2025,FALSE,0.31
cust108995,Heather Clayton,8096170627,69,male,west,2/8/2022,FALSE,0.36
cust108996,Julie Grimes,9893968950,33,male,south,14-10-2023,TRUE,0.14
cust108997,James Martinez,1737484085,42,female,south,21-09-2021,FALSE,0.32
cust108998,Albert Long,1113363592,21,male,north,3/6/2021,FALSE,0.16
cust108999,Briana Jordan,6908211643,50,female,east,4/5/2021,FALSE,0.24
cust109000,Laura Wilkinson,4524913356,56,male,central,14-03-2022,FALSE,0.28
cust109001,Martin Carter,8920254701,64,female,east,29-11-2022,FALSE,0.29
cust109002,Brian Weaver,3863202704,45,male,south,11/9/2021,FALSE,0.14
cust109003,Christopher Miller,4438537585,21,female,east,28-03-2024,FALSE,0
cust109004,April Hubbard,3447755487,22,other,central,30-12-2020,FALSE,0.11
cust109005,Tammy Martin,2539131768,32,male,west,27-12-2024,FALSE,0.26
cust109006,Jennifer Bishop,459675159,27,male,central,29-04-2025,FALSE,0.36
cust109007,Sean Meyers,838607467,28,female,east,25-05-2024,FALSE,0.28
cust109008,Larry Ortiz,334290501,45,male,north,11/4/2022,FALSE,0.13
cust109009,Elizabeth Taylor,8304268396,65,female,north,24-07-2024,FALSE,0.32
cust109010,Jason Brock,6176683320,70,female,west,13-02-2025,TRUE,0.42
cust109011,Ashley Harmon,4300264706,23,male,north,13-04-2024,FALSE,0
cust109012,Michael Villarreal,5041838929,46,other,central,24-11-2021,FALSE,0.12
cust109013,Matthew Wall,3987090633,41,female,central,25-03-2025,FALSE,0.15
cust109014,Patricia Hicks,5812369157,26,female,east,27-04-2023,FALSE,0.24
cust109015,Gavin Crane,9030681251,38,female,central,20-08-2020,FALSE,0.41
cust109016,Eric Lee,1598515043,41,female,south,4/3/2023,FALSE,0.15
cust109017,Abigail Stone,6494039210,27,male,north,3/7/2025,FALSE,0.06
cust109018,Ryan Flores,5564980704,67,male,west,15-11-2024,FALSE,0.12
cust109019,Victoria Adams,1704997975,22,male,west,28-01-2021,FALSE,0.23
cust109020,Julie Gaines,7423379171,30,female,west,24-07-2025,FALSE,0.38
cust109021,Jason Brown,7540370745,42,male,central,20-10-2024,FALSE,0.24
cust109022,John Meyers,625706760,36,female,west,5/11/2024,FALSE,0.22
cust109023,Austin Carter,4585223537,51,female,north,18-05-2021,FALSE,0.33
cust109024,Daniel Wilson,3827436090,47,male,west,21-10-2021,FALSE,0.23
cust109025,Mark Reed,8240220982,45,male,south,12/7/2025,FALSE,0.18
cust109026,David Steele,5090875632,58,male,west,31-08-2024,FALSE,0.31
cust109027,Gregory Williams,1457559225,64,male,west,11/1/2021,FALSE,0.42
cust109028,Renee Wilcox,2195512327,21,female,west,22-11-2022,FALSE,0.22
cust109029,Jason Guzman,2145108943,26,female,north,3/11/2020,FALSE,0.17
cust109030,John Rodriguez,3381623775,22,female,west,26-03-2022,TRUE,0.06
cust109031,Brenda Sherman,2650742221,47,female,central,27-06-2025,FALSE,0.37
cust109032,Vanessa Rojas,5826156410,34,male,west,2/7/2021,FALSE,0.13
cust109033,Sean Neal,2850931690,69,male,central,27-06-2023,FALSE,0.45
cust109034,Christina Chavez,6947402859,68,female,south,7/11/2023,FALSE,0.21
cust109035,Amy Perkins,537680098,66,male,central,12/2/2025,FALSE,0.35
cust109036,Kayla Mays,3946611366,47,female,central,4/12/2021,FALSE,0.19
cust109037,Paul Lopez,9913085175,54,male,south,28-08-2020,FALSE,0.32
cust109038,Amanda Hodges,2303732608,45,male,south,30-08-2020,FALSE,0.33
cust109039,Austin Wang,4692308487,24,male,south,10/1/2025,FALSE,0.22
cust109040,Nathaniel Chan,1694914700,33,male,south,16-03-2025,TRUE,0.07
cust109041,Derrick Berry,7784954570,35,male,east,28-02-2024,FALSE,0.1
cust109042,Jason Ramos,9757811380,47,female,north,30-11-2024,FALSE,0.34
cust109043,Christopher Jones,5911548769,28,male,south,2/8/2022,TRUE,0.44
cust109044,Bianca Vance,9436280304,39,female,west,22-11-2022,FALSE,0.18
cust109045,Ryan Miranda,7947093786,32,female,central,17-07-2021,FALSE,0.41
cust109046,Jeffrey Williamson,9016025632,42,female,south,31-01-2021,FALSE,0
cust109047,Daniel Rodriguez,1341688069,64,male,east,18-07-2024,FALSE,0.15
cust109048,Kelly Mosley,9247334533,58,male,central,21-04-2024,FALSE,0.14
cust109049,Teresa Price,2039589906,23,female,north,8/1/2025,FALSE,0.19
cust109050,Kevin Jennings,143484118,53,female,north,9/11/2021,FALSE,0.18
cust109051,Leah Rodriguez,7025146308,68,male,central,16-09-2023,FALSE,0.19
cust109052,Michael Guzman MD,2111390853,63,male,north,25-07-2021,FALSE,0.2
cust109053,Ashley Greer,3395067475,62,female,east,16-11-2023,FALSE,0.3
cust109054,Amanda Mack,8413042748,38,male,central,31-12-2022,FALSE,0.29
cust109055,Dawn Mathis,9757672301,21,male,north,9/6/2023,FALSE,0.1
cust109056,Rachel Davis,1938620537,63,male,south,13-07-2023,FALSE,0
cust109057,Tara Reyes,6299677630,44,female,south,4/4/2024,TRUE,0.12
cust109058,Antonio Curry,5144173872,27,female,central,19-10-2024,FALSE,0.2
cust109059,Cynthia Collier,4992779159,50,male,east,14-03-2025,FALSE,0.23
cust109060,Laura French,5517294973,36,female,north,31-01-2025,FALSE,0.21
cust109061,Kevin Olson,2486029283,40,female,west,18-01-2021,FALSE,0.18
cust109062,Peter Aguilar,5667197311,41,male,central,17-04-2025,FALSE,0.04
cust109063,Ashley Hughes,1257715373,45,male,central,22-11-2021,FALSE,0.38
cust109064,Sheryl Livingston,3420249242,34,male,north,24-06-2025,FALSE,0.15
cust109065,Monique Rodriguez,6325125286,22,female,south,4/2/2024,FALSE,0.09
cust109066,Kevin Cameron,2962488425,34,male,central,11/3/2024,FALSE,0.21
cust109067,Kristen Rosales,4388412908,37,female,central,10/7/2025,FALSE,0.21
cust109068,Joshua Wilson,133067496,21,male,south,12/1/2022,FALSE,0.27
cust109069,Norman Beck,1143639115,33,male,south,30-07-2023,FALSE,0.15
cust109070,Terry Roberts II,8441642127,31,male,south,12/7/2021,FALSE,0.27
cust109071,Kelsey Baker,1312081677,56,male,west,6/5/2024,TRUE,0.17
cust109072,Emily Lopez,2321987490,53,female,central,19-10-2020,FALSE,0.11
cust109073,Travis Warren,8676971683,57,male,south,31-07-2025,FALSE,0.44
cust109074,Cole Daniel,6239614989,68,male,central,8/5/2024,FALSE,0.04
cust109075,Eugene Marquez,383206756,46,male,central,26-09-2021,FALSE,0.19
cust109076,Patty Wilson,5553920504,45,female,west,3/4/2021,FALSE,0.15
cust109077,Ryan Davis,4285647414,42,female,east,27-12-2023,FALSE,0.27
cust109078,Scott Williams,2688832654,46,male,east,25-08-2024,FALSE,0.21
cust109079,Timothy Leon,9419099188,29,female,central,17-06-2024,FALSE,0.15
cust109080,Nicole Stephenson,1911954191,28,male,west,9/1/2022,FALSE,0.13
cust109081,Mr. Joseph Garcia,7876352903,26,male,east,16-10-2021,TRUE,0.19
cust109082,Ryan Williams,9956872701,34,male,north,7/12/2022,TRUE,0.12
cust109083,Zachary Garrison,224110776,25,female,east,6/11/2021,FALSE,0.11
cust109084,Thomas Walters,9388004377,52,female,south,12/2/2024,FALSE,0.12
cust109085,Gary Powell,2924480742,44,male,south,24-04-2024,FALSE,0.18
cust109086,Allen Franco,4902489295,53,other,central,24-05-2024,FALSE,0.26
cust109087,Aaron Young,723616412,52,male,central,23-02-2021,FALSE,0.14
cust109088,Amber Bailey,9384132581,70,male,north,5/8/2022,FALSE,0.16
cust109089,Angela Williams,4992605314,31,female,east,3/10/2023,FALSE,0.25
cust109090,Kenneth Pham,2246839982,27,male,central,3/5/2021,FALSE,0.34
cust109091,Amanda Harris,4128962150,44,female,east,17-12-2024,TRUE,0.2
cust109092,Michael Nelson,7576633552,68,female,east,4/10/2022,FALSE,0.22
cust109093,Andrew Cox,9660819456,53,female,central,12/2/2021,FALSE,0.08
cust109094,Rebecca Hopkins,9773168104,20,female,west,3/9/2020,FALSE,0.02
cust109095,Ashley Brown,6312698705,41,male,south,10/8/2020,FALSE,0.45
cust109096,Jessica Hughes,152335169,31,male,north,31-12-2024,FALSE,0.19
cust109097,Jimmy Robles MD,3112015977,43,female,west,18-09-2023,FALSE,0.39
cust109098,Dana Smith,2354301323,31,male,south,27-08-2021,FALSE,0.18
cust109099,Ryan Brown,989710023,28,female,north,24-04-2025,FALSE,0.1
cust109100,Tanya Clark,7190647244,68,male,east,22-01-2025,FALSE,0.32
cust109101,Tony Scott,5338821714,59,male,central,16-01-2022,FALSE,0.18
cust109102,Tara Buchanan,7598712305,27,male,east,24-03-2024,FALSE,0.21
cust109103,Jessica Stone,2455786329,59,male,east,16-10-2022,FALSE,0.2
cust109104,Andre Mann,7838491860,46,female,east,13-09-2024,FALSE,0.39
cust109105,Michael Fischer,7067858517,28,female,south,20-08-2020,FALSE,0.07
cust109106,Sierra Stevens,912583748,66,female,north,13-05-2023,FALSE,0.19
cust109107,Richard Robinson DDS,1435990993,36,female,south,12/11/2020,FALSE,0.02
cust109108,Thomas Miller,6439962460,29,female,west,24-01-2024,FALSE,0.3
cust109109,Tyler Davis,7392259184,25,male,east,4/1/2024,FALSE,0.26
cust109110,Brian Hall,6897180539,63,female,east,21-01-2021,FALSE,0.24
cust109111,Laura Werner,1657924008,18,male,north,19-10-2023,FALSE,0.25
cust109112,Christine Chambers,2675605383,53,female,east,10/9/2024,TRUE,0.3
cust109113,Joseph Chavez,8927618376,41,male,east,22-02-2025,FALSE,0.33
cust109114,Kelli Berry,9177106662,70,male,west,27-07-2021,FALSE,0.07
cust109115,Jamie Martin,346689654,69,female,east,13-06-2022,FALSE,0.19
cust109116,Joseph Montgomery,1477253835,68,male,east,21-02-2022,FALSE,0.3
cust109117,Tina Haynes,9710323217,42,male,north,7/8/2020,FALSE,0.18
cust109118,Matthew Lopez,1083726249,30,male,west,12/2/2024,FALSE,0.23
cust109119,Charles Sosa,6060216179,42,female,west,16-07-2022,FALSE,0.23
cust109120,Douglas Coleman,3531886872,19,female,west,14-09-2020,FALSE,0.24
cust109121,Amy Valencia,2864660391,34,male,north,28-02-2022,FALSE,0.35
cust109122,Ariana Wolf,5529064054,29,male,central,16-10-2023,FALSE,0.29
cust109123,Amber Sanchez,4110222706,18,male,north,8/11/2022,TRUE,0.13
cust109124,Ms. Savannah Gonzales,7205801509,67,male,west,16-10-2023,FALSE,0.37
cust109125,Robert Lee,6784892099,32,female,west,24-09-2022,FALSE,0.21
cust109126,Frank Yoder,3999864398,52,female,south,21-10-2022,FALSE,0.11
cust109127,Douglas Taylor,1222941490,47,male,north,3/1/2022,FALSE,0.47
cust109128,Joseph Gill,9324015019,44,female,north,22-03-2021,FALSE,0.07
cust109129,Tina Torres,3588386812,53,female,north,7/11/2023,FALSE,0.19
cust109130,Courtney Jordan,7018495675,62,female,east,17-12-2022,TRUE,0.36
cust109131,Annette Johnson,3126527614,52,male,south,24-04-2025,FALSE,0.29
cust109132,Matthew Adams,8019892604,51,male,south,3/9/2021,FALSE,0.45
cust109133,Joseph Richards,6112441906,68,male,west,3/6/2022,FALSE,0.41
cust109134,Daniel Meyer,6667449877,18,male,north,26-06-2022,FALSE,0.24
cust109135,Mrs. Tanya Curtis,1141728407,36,female,north,18-06-2025,FALSE,0.17
cust109136,Emily Stewart,875577066,58,female,north,17-12-2024,FALSE,0.2
cust109137,Robin Manning,1154188443,41,female,central,28-10-2022,FALSE,0.23
cust109138,Michael Eaton,7103219047,43,male,south,21-05-2025,TRUE,0.09
cust109139,Mary Williams,1006446334,30,male,south,22-02-2024,FALSE,0.24
cust109140,Jennifer Hampton,9064154945,24,female,north,30-04-2025,FALSE,0.23
cust109141,Alexandra Pearson,2067075993,38,male,east,15-03-2025,FALSE,0.47
cust109142,Suzanne Turner,2931259987,48,male,south,23-08-2021,FALSE,0.08
cust109143,Donald Johnson,3236193922,49,male,central,22-01-2025,FALSE,0.23
cust109144,Robert Gregory,373900442,45,male,central,6/1/2021,FALSE,0.07
cust109145,Jordan Jefferson,1124173489,30,male,central,19-03-2024,FALSE,0.17
cust109146,Kristen Scott,7717815176,43,male,north,12/11/2020,FALSE,0.13
cust109147,Vicki Hogan,8842955534,68,male,north,1/8/2022,FALSE,0.1
cust109148,Stephanie Watson,994440311,33,male,south,6/12/2021,TRUE,0.1
cust109149,Amanda Rodriguez,8289697005,25,male,north,15-02-2024,FALSE,0.33
cust109150,Megan Sullivan,9543482704,47,female,north,26-08-2020,FALSE,0.2
cust109151,Bruce Cole,1138324009,46,male,east,20-10-2024,FALSE,0.1
cust109152,Gabriela Lewis,5710895457,21,female,south,8/6/2022,TRUE,0.18
cust109153,Melissa Johnson,192399512,54,male,north,3/3/2024,FALSE,0.2
cust109154,Christopher Bell,8580089516,57,male,north,19-07-2021,TRUE,0.39
cust109155,Richard Washington,14921772,37,male,south,22-07-2021,FALSE,0.09
cust109156,Alexis Holmes,5849084054,44,male,central,6/3/2025,FALSE,0.05
cust109157,Charles Watkins,7473863619,57,male,central,1/8/2023,TRUE,0.13
cust109158,Amanda Wagner,5129329538,62,male,west,6/5/2023,FALSE,0.32
cust109159,John Johnson,4359155898,21,male,west,18-10-2022,FALSE,0.12
cust109160,Stephen Norman,8459218530,54,male,east,4/3/2024,FALSE,0.3
cust109161,Troy Lawson,2680375505,59,male,west,8/1/2022,FALSE,0.2
cust109162,Steven Oconnor,6675129075,27,male,south,15-10-2021,FALSE,0.23
cust109163,Tim Blake,9755381448,33,male,east,14-01-2021,FALSE,0.25
cust109164,Jonathan Oliver,1265099125,43,female,west,7/5/2025,FALSE,0.28
cust109165,Charles Santos,5114635932,40,female,east,30-12-2022,FALSE,0.04
cust109166,Carrie Williams,2320889792,69,female,north,1/4/2022,FALSE,0.16
cust109167,Meagan Hudson,8173092263,64,female,north,25-11-2021,TRUE,0.21
cust109168,Bryan Peck,3663853297,32,male,east,11/9/2021,FALSE,0
cust109169,Jacob Henry,1355927499,24,male,north,16-05-2022,FALSE,0
cust109170,Juan Jones,8547720650,27,male,south,18-03-2021,FALSE,0.17
cust109171,Anna Gonzalez,5513000700,42,female,north,4/8/2025,FALSE,0.24
cust109172,Paul Chavez,7012236502,27,male,central,26-09-2024,FALSE,0.16
cust109173,Robert Lewis,578242033,31,female,north,4/6/2021,TRUE,0.15
cust109174,Diana Olson,4887028796,25,male,north,24-10-2020,FALSE,0.4
cust109175,Karla Aguilar,3492207685,29,male,south,12/12/2024,FALSE,0.31
cust109176,Michael Allen,977874081,27,male,east,19-02-2025,FALSE,0.12
cust109177,Angela Warren,8158657790,45,male,north,30-01-2025,FALSE,0.26
cust109178,Alex Harper,8390681493,48,female,central,17-07-2021,FALSE,0.17
cust109179,Ashley Hansen,3902338343,33,female,east,26-09-2024,FALSE,0.45
cust109180,Paul Middleton,390362423,34,other,west,17-03-2025,FALSE,0.48
cust109181,Carrie Gilbert,4542082710,40,female,west,19-10-2021,FALSE,0.17
cust109182,Adrian Torres,4483582804,69,male,east,30-09-2023,TRUE,0
cust109183,Christopher Craig,3475940174,41,male,east,20-01-2024,FALSE,0.31
cust109184,Sean Moore,7317008122,59,female,north,16-10-2024,TRUE,0.27
cust109185,David Boyd,1029147086,48,male,south,22-05-2021,FALSE,0.14
cust109186,Jessica Brown,9809491191,66,male,north,4/2/2023,FALSE,0.2
cust109187,Mary Kelly,2050948905,24,female,west,12/3/2021,FALSE,0.18
cust109188,Ian Dixon,2311480094,52,female,north,24-02-2021,FALSE,0.29
cust109189,Brooke Ross,4752871495,38,male,west,1/5/2022,TRUE,0.28
cust109190,Brandon Lewis,883182697,42,male,north,20-11-2020,FALSE,0.13
cust109191,Jennifer Allen,7248058888,25,female,south,24-01-2022,TRUE,0.25
cust109192,Nicholas Marshall,9855474801,54,female,east,16-02-2024,FALSE,0.23
cust109193,Jennifer Kelley,143143181,34,female,south,3/6/2021,FALSE,0.4
cust109194,Dr. Leonard Johnson DVM,3500885464,48,other,central,7/2/2021,FALSE,0.15
cust109195,Whitney Schmidt,5331974602,54,male,south,16-10-2020,FALSE,0.15
cust109196,Michael Parker,8333919356,55,male,west,16-01-2021,TRUE,0.16
cust109197,David Acevedo,4161488851,19,female,east,18-09-2022,TRUE,0.12
cust109198,Misty Hill,2734624115,20,female,east,7/6/2024,TRUE,0.03
cust109199,Lisa Allen,7819431657,27,female,west,1/5/2021,FALSE,0.37
cust109200,Amanda Ortiz,998949547,36,male,west,21-03-2024,FALSE,0.22
cust109201,Derek Ho,2303446299,19,female,east,3/12/2022,FALSE,0.11
cust109202,Bradley Powell,7396790721,28,male,north,30-09-2021,FALSE,0.28
cust109203,Maria Frank,5392724520,26,other,west,3/11/2021,FALSE,0.3
cust109204,Melody Stewart,6192967913,39,female,west,8/9/2022,TRUE,0.25
cust109205,Michael Austin,7543681687,31,male,north,17-01-2024,FALSE,0.1
cust109206,Kevin Barron,3489920176,46,male,north,26-12-2020,FALSE,0.21
cust109207,Mary Baldwin,5269349809,60,male,central,8/1/2022,FALSE,0.12
cust109208,Janice Scott,4659164056,48,male,east,8/4/2021,FALSE,0.13
cust109209,Abigail Savage,9747804075,53,male,west,15-05-2025,FALSE,0.02
cust109210,Jack Harris,8675784617,22,male,east,7/1/2021,FALSE,0.26
cust109211,Todd Schmidt,5800440529,56,female,central,13-02-2025,FALSE,0.12
cust109212,Casey Lopez,5986797314,35,male,east,26-09-2024,FALSE,0.2
cust109213,Connor Valdez,3315021618,53,female,west,10/7/2022,FALSE,0.12
cust109214,Jason Landry,2109031275,26,male,west,28-09-2023,FALSE,0.06
cust109215,Wesley Hutchinson,8875516180,46,female,central,20-01-2024,FALSE,0.21
cust109216,Travis Garrison,5903020155,68,female,central,20-05-2025,FALSE,0.11
cust109217,Victoria Padilla,8092736704,51,female,south,14-01-2021,FALSE,0.16
cust109218,Terri Brown,1369903791,65,female,west,16-07-2024,FALSE,0.31
cust109219,Alan Santana,1936030539,50,female,west,2/8/2025,FALSE,0.31
cust109220,Tyler Williams,6371760832,69,male,east,9/10/2023,FALSE,0.02
cust109221,Kendra Saunders,6782316581,64,female,north,23-09-2020,FALSE,0.07
cust109222,Andrea Nguyen,8067785884,29,male,north,31-12-2022,FALSE,0.13
cust109223,Julie Ray,5929077895,35,female,east,4/12/2022,FALSE,0.23
cust109224,Mrs. Lori Bowman PhD,2600383215,39,male,north,22-06-2023,FALSE,0.29
cust109225,Kimberly Rogers,8986974055,67,female,west,28-03-2025,FALSE,0.08
cust109226,John Johnson,4280290135,22,female,north,22-05-2025,FALSE,0.15
cust109227,Marie Daniels DDS,9929951636,61,female,south,22-11-2021,FALSE,0.2
cust109228,Robert Paul,1645688135,23,male,west,17-12-2020,TRUE,0.2
cust109229,Daniel Flores,1368530681,34,female,east,8/5/2021,FALSE,0.29
cust109230,Sarah Mckee,1438717688,63,female,west,9/12/2021,FALSE,0.33
cust109231,Amy Brooks,4297785998,26,female,north,5/6/2021,FALSE,0.26
cust109232,Rebecca Schneider,5500275989,30,female,central,29-08-2023,FALSE,0.16
cust109233,Jeremy Valdez,4601446656,62,female,west,1/12/2020,FALSE,0.11
cust109234,Jody Carter,1135592803,42,female,south,14-09-2023,FALSE,0.27
cust109235,Miguel Garcia,5907710575,66,male,north,20-12-2023,FALSE,0.06
cust109236,Tamara Frey,7644606851,18,male,south,15-05-2023,TRUE,0.63
cust109237,Tina Myers,3267155714,47,male,west,19-01-2024,FALSE,0.17
cust109238,Christian Kent,7657411927,33,female,south,11/7/2022,FALSE,0.01
cust109239,Donald Fisher,562068275,44,male,east,23-03-2024,FALSE,0.22
cust109240,Shane Rich,6728373343,27,male,north,20-09-2023,FALSE,0.3
cust109241,Robin Fox,8084241795,52,female,south,17-05-2025,FALSE,0.06
cust109242,James Carpenter,784339812,32,male,north,11/1/2023,FALSE,0.16
cust109243,Douglas Andrews,354178773,45,female,south,28-11-2020,FALSE,0.17
cust109244,Karen Patel,4757579083,38,female,south,20-11-2020,FALSE,0
cust109245,Lance Diaz,6959735930,62,male,south,18-10-2023,FALSE,0.43
cust109246,Brianna Parker,5455964022,67,male,south,12/7/2021,FALSE,0.28
cust109247,Valerie Ashley,9633478704,22,female,east,14-11-2021,FALSE,0.15
cust109248,Christy Alvarez,7001916379,68,female,north,31-08-2020,FALSE,0.06
cust109249,Bryan Berry,4598542181,42,female,central,24-04-2024,TRUE,0.31
cust109250,Stephanie Fisher,6285345042,66,male,east,29-06-2025,FALSE,0.15
cust109251,Cameron Carson,5952389866,55,male,south,10/9/2024,FALSE,0.21
cust109252,Aaron Herrera,2395155645,39,male,west,16-04-2022,FALSE,0.24
cust109253,Lori Baker,4744707478,38,male,west,1/7/2021,FALSE,0.34
cust109254,Megan Smith,5594909622,45,female,central,12/3/2025,FALSE,0.15
cust109255,Cheryl Luna,9898144891,19,male,west,28-05-2023,TRUE,0
cust109256,Patricia Rios,4268784235,55,male,south,29-09-2023,FALSE,0.26
cust109257,Nicholas Mitchell,8329003310,51,female,east,8/10/2021,FALSE,0.12
cust109258,Tracey Fields,1215144425,25,other,west,22-03-2023,FALSE,0.26
cust109259,Michael Sanchez,7263449298,40,female,central,18-12-2021,FALSE,0
cust109260,Sarah Willis,3129395807,37,female,north,7/7/2024,FALSE,0.02
cust109261,Stephanie Conner,1446685674,56,female,central,3/1/2022,FALSE,0.01
cust109262,Jose Miller,1414861496,44,male,north,18-06-2024,TRUE,0.2
cust109263,David Williams,1588088988,30,male,central,12/8/2020,FALSE,0.11
cust109264,Donald Parsons,7183408181,22,male,central,28-08-2023,FALSE,0.17
cust109265,Lauren Hess,3265652941,38,female,north,20-12-2024,FALSE,0.23
cust109266,Joanna Jones,377829442,41,female,east,13-11-2020,FALSE,0.27
cust109267,Holly Montgomery,7088407727,46,female,central,26-12-2023,FALSE,0.23
cust109268,Holly Newman,3310716229,64,female,east,2/12/2021,FALSE,0.07
cust109269,Carly Wolf,4572939072,64,female,north,27-09-2022,FALSE,0.14
cust109270,Samantha Watkins,9194177051,60,male,north,20-04-2024,TRUE,0.14
cust109271,Dr. Nicholas Gutierrez DDS,5438327482,55,female,west,24-01-2025,FALSE,0.16
cust109272,Michael Simpson,2981926360,54,male,north,29-06-2024,FALSE,0.38
cust109273,Cody Mcdonald,7079980097,23,male,west,19-07-2023,FALSE,0.35
cust109274,Andres Ruiz,6793660751,39,female,north,3/1/2024,FALSE,0.27
cust109275,Megan Barber,256717456,49,female,south,15-11-2020,FALSE,0.02
cust109276,Cindy Mccann,2385343028,46,female,east,5/6/2021,FALSE,0.16
cust109277,Caroline Rodriguez,8854607094,47,male,north,3/6/2021,FALSE,0.13
cust109278,Danny Caldwell,2845941486,66,male,west,22-01-2022,FALSE,0.34
cust109279,Marcus Romero,2487428870,33,female,east,5/8/2021,FALSE,0.17
cust109280,Thomas Bautista,9339930274,62,male,east,21-11-2021,FALSE,0.3
cust109281,Jonathan Schneider,7126482982,28,male,north,22-11-2020,FALSE,0.2
cust109282,Bonnie Schmidt,7234457419,24,female,east,23-09-2023,FALSE,0.02
cust109283,Angel Rodriguez,1756253289,36,female,south,10/4/2024,FALSE,0.13
cust109284,Thomas Ford,3190876214,43,female,south,21-06-2025,FALSE,0.34
cust109285,David Long,2000796494,22,female,central,21-01-2023,TRUE,0.2
cust109286,Tyler Stewart,1405472703,61,female,east,27-07-2024,FALSE,0.3
cust109287,Ashley Wallace,2368176494,31,male,east,12/2/2022,FALSE,0.31
cust109288,Eric Brown,3892500050,64,male,east,28-08-2024,FALSE,0.33
cust109289,Gabriel Mason,3139302033,70,male,north,28-02-2021,FALSE,0.24
cust109290,Wayne Sanders,3140056484,35,male,south,3/4/2022,FALSE,0.35
cust109291,Melvin Johnson,5818929333,67,male,central,1/5/2023,TRUE,0.2
cust109292,Miguel Moreno,3900679750,54,female,north,5/4/2023,FALSE,0.39
cust109293,Nancy Bates,3010086944,32,female,east,24-09-2024,FALSE,0.22
cust109294,Nathan Russo,1501900645,56,female,east,19-04-2023,FALSE,0.34
cust109295,Julie Smith,1053191089,25,female,south,15-08-2024,TRUE,0.2
cust109296,Kara Cruz,702020914,47,female,central,19-08-2023,FALSE,0.1
cust109297,Tracy Carroll,9400689583,18,female,north,17-02-2023,FALSE,0.16
cust109298,Stacy Williams,8606305061,48,male,central,10/2/2023,FALSE,0.37
cust109299,Jessica Underwood,355610559,45,male,east,31-03-2025,FALSE,0.2
cust109300,Shane Franco,1406468229,34,male,west,19-04-2021,FALSE,0.13
cust109301,Stephen Brown,891797,55,male,west,26-04-2022,FALSE,0.33
cust109302,Yvette Richards,2141772390,31,female,central,19-09-2020,FALSE,0.34
cust109303,Janice Green,9625147020,69,female,north,4/11/2023,FALSE,0.4
cust109304,Claire Anderson,5389148999,65,female,west,12/5/2025,FALSE,0.22
cust109305,Cathy Hancock,6427251666,34,female,central,11/5/2022,FALSE,0.14
cust109306,Tara Munoz,4695118679,24,male,east,27-06-2024,FALSE,0.14
cust109307,Kelly Kelly,8392069381,49,female,central,24-11-2020,FALSE,0.22
cust109308,Melanie Garcia,9029191205,35,male,west,14-06-2025,FALSE,0.06
cust109309,Gabrielle Bright,7233573312,61,male,central,29-09-2022,FALSE,0
cust109310,Elizabeth Parrish,2252395021,36,female,west,6/12/2020,FALSE,0.21
cust109311,Kaitlyn Barnett,955891400,33,female,east,4/1/2022,FALSE,0.39
cust109312,Lisa Richardson,2867649407,19,male,central,22-10-2020,FALSE,0.28
cust109313,Raven Curtis,2114998340,43,male,west,11/12/2022,FALSE,0.26
cust109314,Judy Stokes,5058606574,43,male,south,16-04-2023,TRUE,0.07
cust109315,James Brown,1622706707,65,female,north,13-08-2022,FALSE,0.4
cust109316,Margaret Baldwin,8470052073,68,male,east,8/10/2021,FALSE,0.4
cust109317,Yolanda Fritz,5755816673,41,female,west,25-10-2022,TRUE,0.02
cust109318,Caroline Bush,6261261421,28,female,west,25-12-2024,FALSE,0.33
cust109319,Ann Taylor,7944372936,20,male,west,3/6/2021,FALSE,0.21
cust109320,Monica Jacobs,8932030471,64,female,north,4/3/2024,FALSE,0.04
cust109321,Victor Adams,6418520806,22,female,north,15-04-2025,FALSE,0.22
cust109322,Jonathan Allen,3524404360,48,male,north,9/10/2024,FALSE,0.31
cust109323,Xavier Graham,1045709496,52,female,west,25-02-2021,FALSE,0
cust109324,Michelle Ruiz,3416726652,30,male,central,30-03-2022,FALSE,0.1
cust109325,Juan Salazar,9954908216,45,male,east,23-05-2023,FALSE,0.52
cust109326,Beth Sutton DDS,2647603075,48,male,north,1/8/2021,FALSE,0.29
cust109327,Angel Ellis,7843973247,52,male,south,22-11-2023,FALSE,0.2
cust109328,Alex Vasquez,8839806461,70,female,east,9/10/2024,FALSE,0.15
cust109329,Christopher Flores,5202603322,68,female,south,24-05-2022,FALSE,0.22
cust109330,Matthew Estrada,9423172484,23,female,north,26-05-2021,TRUE,0.06
cust109331,Ryan Dixon,9551707751,47,male,south,20-12-2024,FALSE,0.32
cust109332,Kimberly Mcmillan,96475173,68,male,north,25-10-2024,FALSE,0.11
cust109333,Charles Medina,3448683400,28,male,north,8/4/2022,FALSE,0.11
cust109334,Jason Foster,7901669352,19,female,west,1/2/2021,FALSE,0.2
cust109335,Courtney Stephens,215280505,37,male,west,21-05-2025,FALSE,0.22
cust109336,Jacob Lee,6913314770,53,male,east,22-04-2023,FALSE,0.03
cust109337,Mark Garcia,7024868996,59,female,west,17-05-2022,FALSE,0.28
cust109338,Carl Farmer,882853849,31,male,east,5/3/2021,FALSE,0.29
cust109339,Kimberly Powers,7243629853,58,male,central,28-08-2020,FALSE,0.38
cust109340,Jacqueline Hunt,9847620487,48,male,west,28-03-2025,FALSE,0.15
cust109341,Jeremiah Estrada,91993238,26,female,west,16-02-2021,FALSE,0.19
cust109342,Kathleen Mendoza,6894203009,62,male,west,26-02-2023,FALSE,0.41
cust109343,Cristian Lester,1079512708,36,male,central,17-12-2023,FALSE,0.17
cust109344,Vanessa Pitts,5364913666,22,male,north,18-10-2021,FALSE,0.22
cust109345,Bob Christensen,9670504115,50,female,east,22-04-2024,TRUE,0.28
cust109346,Andrea Garrison,5042777403,19,other,east,28-05-2025,FALSE,0.14
cust109347,Wendy Gonzalez,4208830691,32,male,east,11/10/2024,FALSE,0.39
cust109348,Lacey Santos,734114810,33,female,west,28-06-2024,TRUE,0.29
cust109349,Robert Gomez,1802716216,54,female,east,4/9/2023,FALSE,0.09
cust109350,Chad Rodriguez MD,2698177310,66,female,east,23-02-2024,TRUE,0.29
cust109351,Joseph Thornton MD,4614670090,34,male,west,19-03-2023,FALSE,0.31
cust109352,Christopher Weiss,5056124911,55,female,west,27-06-2023,FALSE,0.4
cust109353,Laura Wilson,7787166435,54,male,west,9/11/2023,FALSE,0.18
cust109354,Tabitha Wilkerson,616653923,66,male,north,10/5/2025,FALSE,0.16
cust109355,Wendy Hall,9639560388,55,female,south,13-03-2021,TRUE,0.21
cust109356,William Sanchez,5578291840,24,male,east,22-08-2020,FALSE,0.09
cust109357,Patricia Baker,7097163050,26,male,east,6/3/2025,FALSE,0
cust109358,Justin Curtis,2339992910,27,male,west,22-12-2022,FALSE,0.23
cust109359,Ashley Kelly,1638096003,21,male,west,19-12-2021,FALSE,0.36
cust109360,Mr. Jesus Maldonado,7231305266,49,female,south,15-06-2023,FALSE,0.12
cust109361,Brenda Carson,8766333163,53,male,central,20-10-2021,FALSE,0.28
cust109362,Jay Heath,1081000482,59,male,north,4/9/2021,FALSE,0.32
cust109363,Heidi Mills,1439726337,23,female,east,4/1/2022,FALSE,0.23
cust109364,Kelli Green,2283447045,28,female,north,12/2/2024,FALSE,0.19
cust109365,Morgan George,6824528180,27,male,west,26-07-2023,FALSE,0.16
cust109366,Thomas Chavez,7221604979,37,male,west,30-04-2025,FALSE,0.31
cust109367,Michelle Cook,8177635964,47,male,central,7/6/2021,TRUE,0.05
cust109368,Amy Deleon,1913929377,33,male,south,5/3/2021,FALSE,0.22
cust109369,Norma Smith,456155570,54,female,north,15-12-2023,FALSE,0.07
cust109370,Keith Bass Jr.,4185243812,58,female,east,2/3/2023,FALSE,0.2
cust109371,Kimberly Buck,2816765793,31,female,north,18-04-2023,FALSE,0.16
cust109372,Michael Wolfe,2089120925,51,female,west,23-12-2020,FALSE,0.15
cust109373,Michelle Chaney,864616039,48,male,south,20-06-2021,FALSE,0.21
cust109374,Susan Smith,9681550900,65,male,south,23-07-2021,FALSE,0.37
cust109375,Kim Nunez,9670417354,61,male,north,15-09-2023,FALSE,0.11
cust109376,Paula Espinoza,8549835042,43,male,east,13-04-2022,FALSE,0.23
cust109377,Mr. Ivan Cox,2267544393,53,male,west,22-09-2021,FALSE,0.17
cust109378,Kimberly Henry,8803505812,35,male,south,2/6/2024,FALSE,0.11
cust109379,Pamela Pearson,9385203954,38,female,west,29-12-2021,FALSE,0.23
cust109380,Paul Palmer,2626722515,28,male,north,13-05-2023,FALSE,0.5
cust109381,Richard Brown,3678555869,65,other,north,15-01-2022,FALSE,0.38
cust109382,Jennifer Smith,1423980713,57,male,north,13-04-2025,TRUE,0.26
cust109383,Samuel Torres,2839482952,50,female,north,12/1/2024,FALSE,0.21
cust109384,Diane Graham,2359785261,48,male,north,24-04-2024,FALSE,0.25
cust109385,Anna Davila,2299873200,32,male,central,21-09-2022,FALSE,0.12
cust109386,Joseph Wells,3853386782,40,male,north,19-02-2025,FALSE,0.17
cust109387,Wendy Johnson,5056131511,67,male,south,17-04-2021,FALSE,0.19
cust109388,Pamela Shaw,1425456588,33,female,north,5/9/2023,FALSE,0.26
cust109389,Randy Osborn,2885066722,36,male,central,24-07-2024,FALSE,0.11
cust109390,Jeffrey Berry,5722939426,31,female,west,24-04-2023,FALSE,0.21
cust109391,Laura House,4681861386,54,female,south,1/2/2021,FALSE,0.3
cust109392,Cassandra Robinson,4719826661,34,male,north,27-02-2022,FALSE,0.4
cust109393,Danielle Lee,1154264187,24,male,north,11/8/2022,FALSE,0.15
cust109394,Michelle Wilkerson,8777473244,67,male,south,6/3/2025,FALSE,0.07
cust109395,Nathan Kennedy,3779657223,46,female,east,27-09-2021,FALSE,0.21
cust109396,Charles Peterson,7849484947,34,male,north,27-03-2021,FALSE,0.14
cust109397,Andrew Turner,9955480369,21,female,south,4/10/2021,FALSE,0.37
cust109398,Jennifer Huff,5624502217,51,male,south,12/2/2021,FALSE,0.26
cust109399,Leah Brown,5705346688,66,male,south,29-05-2024,FALSE,0.25
cust109400,Eric Anderson,7073676883,36,male,south,11/8/2024,FALSE,0.2
cust109401,Ryan Estrada,1668203378,31,female,east,11/10/2024,FALSE,0.22
cust109402,Nicholas Miller,6724189863,44,female,east,15-11-2024,FALSE,0.28
cust109403,Kimberly Gallagher,3554484386,57,female,west,6/4/2021,FALSE,0.17
cust109404,Julia Perez,1853630166,24,male,north,10/8/2024,FALSE,0.33
cust109405,Joy Martinez,3671924325,19,male,south,27-11-2024,FALSE,0.13
cust109406,Judith Green,6166682376,32,female,south,18-05-2021,FALSE,0.34
cust109407,Barry Jones,2131889908,61,male,central,8/6/2023,FALSE,0.36
cust109408,Ruth Kelly DDS,7486512776,59,female,west,6/2/2025,FALSE,0.14
cust109409,Matthew Mack,5283598894,67,male,north,15-10-2022,FALSE,0.1
cust109410,Vickie Parker,3918778843,37,female,central,23-12-2024,FALSE,0.1
cust109411,Gavin Huerta,6340623609,26,male,north,1/9/2021,FALSE,0.27
cust109412,Christopher Gomez,6206701699,27,female,central,19-02-2024,TRUE,0.33
cust109413,Kathy Long,422417718,55,female,south,26-01-2024,FALSE,0.24
cust109414,Charlotte Curtis,1784410323,63,female,north,27-03-2022,FALSE,0.08
cust109415,Kelly Jones,5093997,23,male,central,26-07-2022,FALSE,0.29
cust109416,Lauren Reed,1849519832,24,male,west,22-04-2021,FALSE,0.28
cust109417,Alexis Smith,1128345457,53,female,south,17-05-2024,FALSE,0.14
cust109418,Samuel Wolf,5744380131,57,male,west,8/1/2021,FALSE,0.19
cust109419,Michael Flores,624778522,35,female,east,18-08-2021,FALSE,0.36
cust109420,Alex Cook,9028225357,35,male,south,1/1/2023,FALSE,0.44
cust109421,Andrea Werner,5995452135,41,male,central,17-07-2021,FALSE,0.28
cust109422,Jessica Whitney,6486040733,34,female,south,29-07-2024,TRUE,0.2
cust109423,Adrian Cantrell,8253374442,28,male,central,6/8/2022,FALSE,0.18
cust109424,Jonathan Duncan,9603980590,32,female,central,10/1/2023,FALSE,0.11
cust109425,Nicole Nguyen,3984377062,50,female,south,11/3/2022,FALSE,0.15
cust109426,Rebecca Jimenez,4344559837,56,male,central,3/12/2023,FALSE,0.35
cust109427,Karen Johnston,463575372,40,male,north,6/2/2025,FALSE,0.17
cust109428,Deborah Rice,1997765490,25,male,west,14-06-2021,FALSE,0.18
cust109429,Ashley Martin,7132140075,60,female,south,2/3/2022,FALSE,0.25
cust109430,Donna Knox,5709704817,46,male,south,9/5/2025,FALSE,0.19
cust109431,Hailey Hernandez,7189790940,41,male,north,2/8/2025,FALSE,0.14
cust109432,Crystal Jones,9596168951,28,male,west,13-06-2023,FALSE,0.22
cust109433,Albert Burke,4332761736,70,male,central,4/7/2021,FALSE,0.36
cust109434,Ms. Sarah Solis,4768487931,68,male,north,12/7/2024,FALSE,0.26
cust109435,Andrea Rubio,3353071428,57,male,north,30-03-2022,FALSE,0.14
cust109436,Barbara Moore,9443289229,27,female,north,3/6/2021,FALSE,0.14
cust109437,Jonathan Norton,9080771445,45,female,central,6/8/2023,FALSE,0.21
cust109438,Stephanie Hughes,9454005536,37,female,north,10/7/2025,FALSE,0.32
cust109439,Carrie Thomas,4765264807,65,male,east,7/2/2023,FALSE,0.24
cust109440,Melissa Camacho,3734491869,31,male,central,15-01-2024,FALSE,0.21
cust109441,Jason Murray,6221251201,29,male,south,10/11/2023,FALSE,0.21
cust109442,Stephanie Gutierrez,7010513547,18,male,central,22-12-2020,FALSE,0.21
cust109443,Eric Ferguson,943413476,66,male,west,26-04-2025,FALSE,0.24
cust109444,Christopher Griffin,4117428822,29,female,south,16-04-2025,FALSE,0.06
cust109445,Christine Burns,9253764194,23,male,central,14-09-2022,FALSE,0.29
cust109446,Shane Shaffer,8053630283,45,female,west,11/12/2021,TRUE,0.25
cust109447,Jill Sharp,2284639580,26,male,south,22-04-2021,FALSE,0.13
cust109448,Shelly Walsh,7244677719,25,female,north,12/1/2024,FALSE,0.11
cust109449,Kimberly Walters,6215025641,60,male,west,5/8/2020,FALSE,0.19
cust109450,Mackenzie Harvey,8168631290,27,female,central,22-11-2020,FALSE,0.32
cust109451,Michael Reese,5510241321,50,male,north,13-05-2021,TRUE,0.24
cust109452,Michael Glover,2459086322,56,male,central,12/7/2022,FALSE,0.28
cust109453,Brent Webb,9546515783,63,female,central,23-06-2023,FALSE,0.24
cust109454,Brent Church,3213285319,57,male,east,25-10-2021,FALSE,0.2
cust109455,Heather Oconnell,3151471577,62,female,south,18-10-2024,FALSE,0.4
cust109456,Christopher Chavez,1401059965,50,female,north,28-04-2025,FALSE,0.27
cust109457,Hailey Garcia,5147796757,52,female,east,10/2/2022,FALSE,0.26
cust109458,Willie Ashley,3308448806,69,female,east,28-01-2024,FALSE,0
cust109459,Samuel Wise,5662941076,19,female,north,23-12-2020,FALSE,0.2
cust109460,Jessica Schroeder,4889512539,49,female,north,13-02-2025,FALSE,0.13
cust109461,Anne Neal,3987249481,59,female,central,28-12-2021,FALSE,0
cust109462,Kimberly Smith,7748655067,60,female,central,21-09-2022,TRUE,0.43
cust109463,Brian Garcia,2557772534,61,male,north,31-10-2024,TRUE,0.18
cust109464,George Newman,9970900550,24,female,central,1/4/2024,FALSE,0.34
cust109465,Adam Roberts,2725371161,18,female,west,14-02-2024,FALSE,0.07
cust109466,Lisa Mcdonald,3538743644,37,female,north,28-11-2022,TRUE,0.21
cust109467,Stephen Garcia,3234316336,32,other,east,20-09-2021,TRUE,0.14
cust109468,Veronica Rios,3779655551,36,female,central,4/8/2025,FALSE,0.15
cust109469,Jaime Chambers,1563655134,40,male,west,16-03-2024,FALSE,0.13
cust109470,Emily Ellis,1596172821,33,male,central,13-03-2023,TRUE,0.15
cust109471,Devin Silva,4652326108,61,male,north,18-04-2021,FALSE,0.22
cust109472,Jessica Padilla,2274791133,20,male,east,31-01-2022,FALSE,0.07
cust109473,Nathan Orozco,3893727396,47,female,north,23-02-2024,TRUE,0.14
cust109474,Christina Miller,8312084912,61,male,central,27-11-2020,FALSE,0.11
cust109475,Anna Johnson,3753641667,61,female,west,2/3/2021,FALSE,0.3
cust109476,Carrie Schneider,5135420912,33,female,south,11/11/2020,FALSE,0
cust109477,Alexandria Alexander,6463098489,64,male,south,27-07-2021,FALSE,0.37
cust109478,Deanna Ross,6058928863,70,female,north,30-09-2024,FALSE,0.09
cust109479,David Johnson,8933004661,24,male,south,21-03-2022,FALSE,0.29
cust109480,Samantha Williams,9263873189,66,male,north,23-04-2025,FALSE,0.14
cust109481,Alexander Navarro,811100874,68,male,west,21-04-2023,FALSE,0.37
cust109482,Brian Smith,1775259053,45,male,north,24-05-2025,FALSE,0.17
cust109483,Margaret Hinton,8131906176,45,male,west,16-09-2021,FALSE,0.2
cust109484,Dustin Allen,5353206616,25,male,west,2/9/2022,FALSE,0.18
cust109485,Zachary Smith,444324221,61,female,east,20-04-2024,FALSE,0.25
cust109486,Jenna Maldonado DVM,219996234,27,female,central,31-07-2021,FALSE,0.27
cust109487,Bailey Cameron,4636415962,31,female,south,20-01-2023,FALSE,0.07
cust109488,Rachel Smith,4144320066,44,male,central,24-10-2024,FALSE,0.13
cust109489,Anita King,6688642926,54,male,west,28-06-2024,FALSE,0.16
cust109490,Jonathan Wells,9047543495,69,male,south,12/3/2023,FALSE,0.14
cust109491,Sandra Hampton,9206439090,53,male,west,4/4/2021,FALSE,0.25
cust109492,Samantha Rose,5958606981,58,male,north,5/12/2020,FALSE,0.38
cust109493,Julia Pearson,6227377647,32,female,north,16-02-2024,FALSE,0.2
cust109494,Breanna Miller,3269315100,19,male,south,8/4/2021,FALSE,0.29
cust109495,Teresa Smith,47426052,47,male,central,20-02-2023,FALSE,0.11
cust109496,Brian Sims,8744436860,24,female,west,1/9/2024,FALSE,0.18
cust109497,Wesley Diaz,1010295145,44,male,south,9/10/2022,FALSE,0.33
cust109498,Stacy Young,3979952083,52,female,west,14-06-2023,FALSE,0.37
cust109499,Bridget Henderson,8728741094,38,male,north,28-09-2021,FALSE,0.28
cust109500,Daniel Aguilar,8417053385,31,female,east,7/6/2025,FALSE,0.36
cust109501,Mrs. Melissa Castro,5673444723,32,female,north,28-04-2023,FALSE,0.13
cust109502,Carla Gallegos,5189425754,25,male,south,24-02-2025,TRUE,0
cust109503,Tonya Dean MD,6200716297,55,male,north,23-10-2024,FALSE,0.3
cust109504,Jennifer Dunlap,4214804394,25,female,west,16-12-2024,FALSE,0.07
cust109505,Kristi Owens,6275443780,61,male,north,29-09-2024,FALSE,0.32
cust109506,Christopher Jackson,5206127301,21,female,west,27-04-2021,FALSE,0.35
cust109507,Jeffrey Brown,2927111673,70,female,east,27-11-2022,FALSE,0.17
cust109508,Angelica Roach,346164028,20,female,central,9/1/2021,FALSE,0.19
cust109509,Elizabeth Jones,5041369633,69,female,central,23-01-2021,FALSE,0.17
cust109510,Ashley Smith,4771841545,47,male,north,18-12-2022,FALSE,0
cust109511,Alexander Chambers,1181201304,41,female,east,10/5/2021,FALSE,0.14
cust109512,Jeffrey Hughes,8481822461,35,male,central,3/7/2022,FALSE,0.18
cust109513,Lance Dominguez,4444884468,53,male,east,17-05-2022,FALSE,0.27
cust109514,Richard Patton,8822065754,18,male,north,17-03-2023,FALSE,0
cust109515,Christine Rodriguez,5337291736,35,female,west,19-04-2025,FALSE,0.11
cust109516,Corey Quinn,5081145838,40,male,south,2/8/2024,TRUE,0.21
cust109517,Jerry Reyes,9674274631,23,female,central,17-09-2020,FALSE,0.21
cust109518,Brandon Jones,8964005788,59,male,central,17-12-2024,FALSE,0.39
cust109519,Sherry Mullins,5491157913,25,male,central,15-09-2022,FALSE,0.11
cust109520,Maria Sanchez,4638729287,66,female,east,8/5/2025,TRUE,0.28
cust109521,Jose Brown,8008108146,67,male,central,22-03-2024,TRUE,0.31
cust109522,Mandy Richardson,7582703284,44,female,east,16-03-2025,FALSE,0.13
cust109523,Stephanie Miller,8430859340,67,male,east,23-11-2023,FALSE,0.44
cust109524,Daniel Williams,2112664435,20,male,west,6/5/2022,FALSE,0.42
cust109525,Mr. Adam Horne,2012344592,70,female,west,30-10-2023,FALSE,0.33
cust109526,Kelly Buck,3965788908,22,female,west,1/12/2024,FALSE,0.33
cust109527,Michael Matthews,665377667,40,male,central,2/5/2022,FALSE,0.14
cust109528,Melissa Tucker,1561841927,23,male,south,5/5/2022,TRUE,0.25
cust109529,Mathew White,6848089118,38,female,south,2/2/2022,TRUE,0.39
cust109530,Valerie Martinez,6437524574,45,female,west,17-01-2022,TRUE,0.39
cust109531,James Lyons,1072959495,36,male,west,23-06-2025,FALSE,0.12
cust109532,David Porter,3864966402,18,female,south,2/5/2023,TRUE,0.16
cust109533,Laurie Reed,6306025682,69,male,east,23-01-2022,FALSE,0.15
cust109534,Lori Martin,3398489341,35,female,east,17-08-2020,FALSE,0.22
cust109535,Justin Massey,4116139250,70,female,east,3/2/2022,FALSE,0.26
cust109536,Martha Crawford,8057605990,60,male,north,27-09-2022,TRUE,0.17
cust109537,James Taylor,495593775,59,male,north,4/6/2024,TRUE,0.12
cust109538,Charles Davis,2947161174,61,female,central,1/11/2020,FALSE,0.2
cust109539,Theresa Mclaughlin,3668123237,45,male,central,11/12/2020,TRUE,0.37
cust109540,Charles Meyer,6443020649,40,male,north,22-04-2021,FALSE,0.21
cust109541,John Ellis,9759724934,35,male,north,4/2/2021,FALSE,0.09
cust109542,Kara Molina,7470377838,24,female,west,15-04-2023,FALSE,0.29
cust109543,Dr. John Hale,9746958024,24,female,west,2/5/2024,FALSE,0.11
cust109544,Timothy Flores,6921202732,50,female,west,22-09-2022,TRUE,0
cust109545,Jesse Hicks,7210425435,47,female,north,3/7/2025,FALSE,0.11
cust109546,Marie Whitney,3230463784,69,male,east,11/12/2021,FALSE,0.28
cust109547,Mark Weeks,932267682,20,female,central,18-04-2024,TRUE,0.14
cust109548,Dylan Jones,895749794,40,male,north,23-10-2024,FALSE,0.08
cust109549,Stephanie Snow,5642537328,51,male,west,28-09-2020,FALSE,0.21
cust109550,Daniel Snyder,1791772526,56,male,west,14-06-2023,FALSE,0
cust109551,Andre Hernandez,6023989745,19,male,east,29-08-2023,FALSE,0.05
cust109552,Christopher Dillon,3280067440,30,male,south,30-07-2021,FALSE,0.32
cust109553,Susan Bauer,2037216536,48,male,east,3/7/2022,TRUE,0.21
cust109554,Jonathan Martin,9472386942,45,female,east,31-07-2025,TRUE,0.08
cust109555,Michael Valdez,5369728453,43,female,south,17-07-2023,TRUE,0.21
cust109556,Margaret Jimenez,5844015569,43,female,north,31-08-2023,TRUE,0.03
cust109557,Amber Henry,1293430532,52,female,west,19-12-2021,FALSE,0.07
cust109558,Monica Jenkins,4982629462,54,female,east,22-12-2022,FALSE,0.12
cust109559,Gail Wolf,9458188293,33,female,central,9/8/2022,FALSE,0.18
cust109560,Tracy Robinson,9924918305,21,male,west,2/8/2023,TRUE,0.14
cust109561,Laura Sanders,3092234494,69,female,north,29-09-2024,FALSE,0.24
cust109562,Ashley Jones,4459112784,20,female,east,20-01-2023,FALSE,0.17
cust109563,Kimberly Peterson,8817989476,20,female,central,13-09-2023,TRUE,0.32
cust109564,Kristi Farrell,6187797997,43,male,south,14-05-2025,FALSE,0.2
cust109565,Ryan Bryant,7200267232,22,female,south,8/2/2024,TRUE,0.3
cust109566,Elizabeth Silva,1750512849,49,male,south,17-06-2023,FALSE,0.15
cust109567,Hector Lopez,4545373127,47,male,west,6/11/2020,FALSE,0.01
cust109568,Tiffany Brown,2824672552,53,female,east,8/11/2024,FALSE,0.26
cust109569,Mary Wilson,2600857160,34,male,central,13-03-2021,FALSE,0.18
cust109570,Michael West,7234661781,28,male,north,30-12-2023,FALSE,0.18
cust109571,Kelly Cook,9169987248,40,male,north,26-03-2025,FALSE,0.19
cust109572,Joseph Miller,8926415619,59,male,south,22-07-2021,FALSE,0.23
cust109573,James Roberts,8903299088,50,male,east,28-02-2024,FALSE,0.2
cust109574,Mary Morton,8499921653,19,male,west,19-07-2021,FALSE,0.47
cust109575,John Santiago,3315930798,65,female,central,12/7/2022,FALSE,0.15
cust109576,Carlos Gonzalez,8465839449,31,male,south,3/12/2020,FALSE,0.33
cust109577,Elizabeth Frank,5397607940,53,male,east,7/3/2025,FALSE,0.28
cust109578,Bill Jones,1403191091,30,female,west,23-11-2020,FALSE,0.29
cust109579,Francisco Thompson,3928417658,23,male,west,19-08-2023,FALSE,0.16
cust109580,Michael Douglas,3032807381,18,male,west,18-06-2022,FALSE,0.16
cust109581,Tracy Mullins,7185315341,59,female,central,1/8/2022,FALSE,0.21
cust109582,Lisa Daniels,5788252372,46,female,central,15-05-2021,FALSE,0.39
cust109583,Patrick Dodson,2211859390,45,female,south,21-12-2024,FALSE,0.27
cust109584,Andrew Roberts,615282362,36,female,east,15-07-2021,FALSE,0.22
cust109585,Michael Chang,5406499655,48,female,south,14-06-2024,FALSE,0.21
cust109586,Philip Thomas,5269682210,20,male,south,21-08-2020,FALSE,0.25
cust109587,Nancy Cox,573362741,18,female,south,2/7/2022,FALSE,0.12
cust109588,Richard Smith,7730838715,20,male,central,29-04-2025,FALSE,0.19
cust109589,Madeline Bean,2919178943,58,male,central,25-03-2021,FALSE,0.37
cust109590,Daniel Howard,2137089707,19,female,north,22-12-2022,FALSE,0.11
cust109591,Kenneth Torres,3168189894,40,male,central,7/1/2024,FALSE,0.05
cust109592,Rita Miller,6147994586,64,female,central,21-02-2024,FALSE,0.11
cust109593,Amy Rodriguez,8219505088,29,female,north,1/2/2022,FALSE,0.18
cust109594,Brent Turner,5079524801,35,male,central,13-01-2023,FALSE,0.33
cust109595,Jennifer Klein,6510344364,18,male,south,13-11-2021,FALSE,0.22
cust109596,Phillip Matthews,4030627718,19,male,west,14-04-2021,FALSE,0.04
cust109597,Susan Robertson DDS,9501967878,41,female,central,3/4/2023,FALSE,0.25
cust109598,Dr. Matthew Simmons II,1708675157,67,female,south,30-05-2024,FALSE,0.22
cust109599,Mark Harris,518736579,61,female,central,30-05-2022,FALSE,0.14
cust109600,Jordan Williams,3463323066,69,female,west,22-03-2023,FALSE,0.1
cust109601,Rebecca Cunningham,7536021034,65,female,south,6/7/2023,TRUE,0.22
cust109602,Destiny Harrell,6033450273,44,female,west,1/2/2022,FALSE,0.21
cust109603,Jose Hill,2553882351,50,male,east,2/1/2022,FALSE,0.32
cust109604,Makayla Blankenship,3790387020,20,male,east,5/10/2021,FALSE,0.13
cust109605,Richard Nielsen,335653478,24,female,north,23-07-2025,FALSE,0.05
cust109606,Mark Mcbride,4170777472,46,female,west,2/8/2023,FALSE,0.08
cust109607,Nicole Murphy,8353930905,41,male,north,5/11/2020,FALSE,0.24
cust109608,Vanessa Cook,1366073362,65,male,west,15-09-2022,FALSE,0.14
cust109609,Stephanie Jackson,3783057300,61,male,central,19-12-2024,FALSE,0.13
cust109610,Kevin Flores,2957399970,41,male,west,1/10/2020,FALSE,0.25
cust109611,Emily Glenn,7582784672,18,male,south,10/8/2021,FALSE,0.13
cust109612,Jessica Scott,6598726259,42,female,north,15-11-2020,FALSE,0.23
cust109613,Jorge Rogers,7814428203,24,female,south,25-12-2023,FALSE,0.37
cust109614,Ian Tate,8966655669,52,female,south,17-06-2021,FALSE,0.14
cust109615,Michelle Byrd,9369198872,26,female,south,31-05-2021,FALSE,0.12
cust109616,Sonya Garza,6826565819,60,male,south,28-03-2025,FALSE,0.35
cust109617,Kimberly Miller,8896585356,44,female,central,3/2/2025,FALSE,0.11
cust109618,April Hoover,8218979372,53,female,west,29-05-2022,FALSE,0.24
cust109619,Edward Beasley,8407102856,40,female,north,8/5/2022,FALSE,0.16
cust109620,Stephen Cabrera,31199623,48,female,south,8/1/2022,TRUE,0.37
cust109621,David Harris,6464173015,31,female,east,11/4/2022,FALSE,0.12
cust109622,Summer Johnston,6225551814,58,female,north,26-05-2023,FALSE,0.05
cust109623,Anna Ruiz,280635145,58,male,north,7/3/2022,FALSE,0.27
cust109624,Ray Larson,5189972457,50,female,west,23-02-2022,FALSE,0.23
cust109625,Katherine Kelly,3688250711,35,male,central,8/11/2023,FALSE,0.29
cust109626,Brandi Montgomery,2275940090,38,male,east,18-11-2022,FALSE,0.25
cust109627,Janice Snyder,9895020394,18,male,east,18-06-2024,TRUE,0.39
cust109628,Robert Bryant,1660098225,20,female,central,20-02-2024,FALSE,0.12
cust109629,Richard Wright,6417797693,27,male,east,23-09-2024,FALSE,0.22
cust109630,Kristopher Fischer,603859581,22,female,west,31-05-2021,TRUE,0.05
cust109631,Carolyn Reyes,3281708884,19,female,west,26-02-2021,FALSE,0.24
cust109632,Shelby Molina,9770442181,20,female,south,30-08-2024,TRUE,0.26
cust109633,Ashley Hall,6856925002,44,female,central,27-04-2025,FALSE,0.22
cust109634,Marcus Leon,4069704728,48,male,west,11/3/2023,FALSE,0.05
cust109635,Casey Brown,8704671501,39,female,north,22-04-2023,FALSE,0.15
cust109636,Adam Brown,7522641627,64,male,north,8/7/2022,FALSE,0.45
cust109637,Jason Mclean,6859179954,64,female,south,31-01-2021,FALSE,0.17
cust109638,Eric Allen,9851903449,52,male,south,23-02-2021,FALSE,0.04
cust109639,James Gallagher,1615885082,58,male,south,24-12-2023,FALSE,0.32
cust109640,Eric Haley,3356700556,55,male,west,16-08-2024,FALSE,0.28
cust109641,Deborah Jackson,2921646076,55,female,central,31-01-2024,FALSE,0.2
cust109642,Ryan Lopez MD,5539680413,24,female,central,6/5/2024,FALSE,0
cust109643,Lisa Harris,6363907339,54,female,north,30-11-2020,FALSE,0.4
cust109644,Donald Brown,2854103542,18,male,west,15-10-2023,FALSE,0.12
cust109645,Jeffrey Berry,5169103255,26,male,west,17-04-2021,FALSE,0.12
cust109646,Brian Mills,4261101421,54,male,central,10/9/2020,FALSE,0.25
cust109647,Garrett Hill,9140061888,66,male,east,2/2/2025,TRUE,0.08
cust109648,Craig Rose,7884813132,59,female,east,6/10/2024,FALSE,0.36
cust109649,Robert Todd,4864755098,23,female,west,21-09-2023,FALSE,0
cust109650,Justin Whitaker,5296045374,40,female,west,3/1/2023,FALSE,0.11
cust109651,Rick Parker,8941135549,35,female,central,31-07-2022,FALSE,0.51
cust109652,Jessica Kelley,4959393753,68,male,south,12/9/2021,TRUE,0
cust109653,Carl Sawyer,4767519443,44,female,north,21-10-2022,FALSE,0.29
cust109654,Andrew Sexton,9300859200,37,male,east,10/4/2024,FALSE,0.21
cust109655,Martha Hill,1909158196,30,female,north,20-08-2022,FALSE,0.16
cust109656,April Harris,7224572411,26,male,north,13-10-2023,TRUE,0.19
cust109657,Justin Olson,9286792534,45,male,west,18-05-2021,FALSE,0.21
cust109658,Clifford Robertson,6351306082,26,male,west,30-01-2022,TRUE,0.37
cust109659,Joshua Ferguson,4397179594,36,female,west,11/8/2020,FALSE,0.25
cust109660,Jacob Garza,2322900947,22,male,central,12/10/2022,FALSE,0.12
cust109661,Bryan Chavez,5083969106,34,female,west,16-09-2020,FALSE,0.18
cust109662,Brittany Graves,2216725718,26,male,north,15-07-2023,FALSE,0.35
cust109663,Robert Williams,6729664263,48,male,east,19-10-2022,FALSE,0.09
cust109664,Mitchell Gonzalez,1429696196,52,female,north,3/5/2025,FALSE,0.36
cust109665,Megan Shaw,6617769192,64,male,north,23-04-2024,FALSE,0.29
cust109666,Michael Berry,9508622040,31,female,west,22-03-2025,TRUE,0.28
cust109667,Samantha Wong,6952762046,20,male,south,11/12/2022,TRUE,0.15
cust109668,Veronica Powell,6429694600,29,male,west,29-08-2021,FALSE,0.4
cust109669,Samantha Harris,2897964074,55,female,central,27-02-2025,FALSE,0.13
cust109670,Charles White,7517399989,33,male,east,16-08-2020,FALSE,0.24
cust109671,Catherine Moore,4101867156,24,female,east,23-04-2022,FALSE,0.11
cust109672,Holly Moses,6277245481,51,female,west,27-12-2020,FALSE,0.04
cust109673,Mark Harris,3656081280,49,male,east,6/9/2022,FALSE,0
cust109674,Cody Jackson,8631887395,37,male,north,5/1/2024,FALSE,0.27
cust109675,Stacy Hall,4037668242,53,female,east,16-02-2024,FALSE,0.07
cust109676,Julia Sosa,7677835027,18,female,north,15-01-2023,FALSE,0.18
cust109677,Donna Braun,3899158402,38,female,east,27-06-2023,FALSE,0.23
cust109678,William Powers,4871053851,70,male,north,17-05-2025,FALSE,0.18
cust109679,Stephen Rogers,4458051597,52,female,north,10/5/2023,FALSE,0.34
cust109680,Emily Wallace,3261651549,41,male,north,11/5/2023,FALSE,0.06
cust109681,Donald Thomas,7670852360,51,female,central,1/11/2021,FALSE,0.17
cust109682,Donna Copeland,7636895089,25,female,west,7/6/2024,FALSE,0.25
cust109683,William Kane,5878816793,49,female,south,25-06-2024,FALSE,0.23
cust109684,Lucas Castillo,5019514693,42,male,west,18-05-2024,FALSE,0.17
cust109685,Margaret Bell,2725366212,64,female,east,28-03-2025,FALSE,0
cust109686,Phillip Ford,1056399993,70,female,north,4/5/2022,FALSE,0.09
cust109687,Lynn Foster,7852225161,63,female,central,22-07-2021,FALSE,0.35
cust109688,Corey Walker,6239091161,22,male,south,28-01-2023,FALSE,0.21
cust109689,Jill Roberts,2085887743,37,female,north,4/3/2024,FALSE,0.08
cust109690,Zachary Martinez,5099071853,35,male,north,15-08-2020,FALSE,0.08
cust109691,Richard Terry,5652395624,51,female,central,29-03-2024,FALSE,0.35
cust109692,Nina Jackson,5987268951,65,male,central,5/3/2021,FALSE,0.09
cust109693,Molly Simon,1112391684,68,male,central,21-11-2021,FALSE,0.27
cust109694,Maureen Woods,6237220511,34,female,central,1/6/2024,FALSE,0.22
cust109695,Cindy Merritt,1873435082,39,female,central,13-09-2020,FALSE,0.15
cust109696,Amanda Baker,5422839408,68,female,central,16-07-2022,FALSE,0.27
cust109697,Tanner Hicks,7753769713,54,male,west,24-07-2025,FALSE,0.37
cust109698,Desiree Carlson,515280600,62,male,east,10/5/2023,FALSE,0.22
cust109699,Sarah Lyons,7274212129,22,female,central,20-05-2024,TRUE,0.23
cust109700,Morgan Schultz,4040588187,64,male,west,9/3/2023,FALSE,0.37
cust109701,Kevin Griffin,9123740300,65,female,east,30-08-2020,FALSE,0.22
cust109702,Alexis Jones,5820975895,57,female,west,26-01-2023,FALSE,0.35
cust109703,Jared Green,3451667238,53,male,east,7/3/2025,FALSE,0.31
cust109704,Kathleen Henderson,8449158678,29,other,east,19-06-2023,FALSE,0.21
cust109705,Patricia Arnold,8204376868,54,male,south,22-01-2022,FALSE,0.22
cust109706,Patrick Wright,7670768140,43,male,north,1/7/2023,FALSE,0.28
cust109707,Valerie King,7190811124,49,male,central,6/6/2022,FALSE,0.42
cust109708,Michael Case,5273343763,42,female,central,20-04-2021,TRUE,0.2
cust109709,Rose White,8631220322,43,female,north,25-09-2022,FALSE,0.42
cust109710,Carrie James,8091089314,28,female,east,7/8/2023,FALSE,0.25
cust109711,Isaac Brown IV,2723157089,57,male,central,31-12-2023,FALSE,0
cust109712,Crystal Walker,2511289237,49,female,south,2/1/2021,FALSE,0.33
cust109713,Casey Brown,8026652433,20,female,south,19-08-2024,FALSE,0.13
cust109714,Danielle Lee,7862326108,57,female,central,7/6/2022,FALSE,0.09
cust109715,Melissa Wolfe,9967168371,60,female,east,10/3/2024,TRUE,0.2
cust109716,Daniel Crane,9879226284,55,male,central,19-09-2020,FALSE,0.25
cust109717,Kelly Hill,2676386860,20,male,central,4/10/2020,FALSE,0.22
cust109718,Danielle Robertson,3667751827,63,male,west,17-02-2021,FALSE,0.29
cust109719,Deborah Pearson,8521432991,40,male,east,6/8/2024,FALSE,0.07
cust109720,Hannah Barnett,264776473,47,female,south,15-01-2022,FALSE,0.14
cust109721,Stephanie Garcia DDS,6593042542,52,male,south,10/7/2023,TRUE,0.14
cust109722,Kevin Torres,4673039895,43,male,south,18-01-2021,TRUE,0.13
cust109723,Kayla Rangel,4492929939,36,female,north,7/1/2024,FALSE,0.24
cust109724,Bryan Vance,2846559675,29,male,west,17-08-2023,FALSE,0.09
cust109725,Eric Ross,6883803143,38,male,central,5/4/2023,FALSE,0.2
cust109726,Lauren Contreras,5103528962,63,female,west,13-02-2025,FALSE,0.12
cust109727,Blake Booker,3038666204,35,male,north,8/8/2024,FALSE,0.21
cust109728,Veronica Williams,9198179598,34,female,north,13-11-2022,FALSE,0.13
cust109729,Shannon Kelley,6634723100,40,male,central,10/1/2021,FALSE,0.2
cust109730,Holly Fletcher,2723099022,52,female,north,1/1/2021,FALSE,0
cust109731,Billy Smith,2591047266,67,male,west,14-05-2023,FALSE,0.14
cust109732,Jeffrey Bell,3544473915,37,male,east,21-11-2020,FALSE,0.14
cust109733,Shawn Walker,4361023470,67,other,west,30-11-2021,FALSE,0.36
cust109734,Terry Goodwin,2058550631,31,female,south,18-02-2023,FALSE,0.06
cust109735,Dale Woodard,8426415755,33,female,west,13-07-2023,TRUE,0.13
cust109736,Katherine Quinn,1083795925,29,female,south,3/9/2021,FALSE,0.26
cust109737,Dawn Saunders,8865934160,46,female,south,29-04-2023,FALSE,0.03
cust109738,Brian Callahan,2054226653,51,female,south,12/10/2024,FALSE,0.05
cust109739,Janice Meyers,5800600369,44,female,east,23-10-2022,FALSE,0.2
cust109740,Joseph Barr,796771708,28,male,south,9/6/2024,TRUE,0.15
cust109741,Timothy Reyes,8343405398,35,female,south,9/6/2022,FALSE,0.26
cust109742,Brian Beck,4763207308,59,female,west,18-01-2023,FALSE,0.21
cust109743,Isaac Bowen,3308076030,45,male,east,7/4/2022,FALSE,0.38
cust109744,Donna Johnson,9098108021,29,female,east,4/7/2025,FALSE,0.47
cust109745,Aimee Alexander,6202157639,68,male,central,9/6/2024,FALSE,0.1
cust109746,Christina Pham,9710972304,43,male,south,9/6/2021,TRUE,0.18
cust109747,Joseph Hill,5287652744,20,female,east,16-09-2021,FALSE,0.2
cust109748,Daniel Hoover,6512006522,69,male,central,3/7/2022,FALSE,0.12
cust109749,Michael Hendricks,7071237757,70,male,west,17-02-2022,FALSE,0.14
cust109750,Darius Hernandez,4122910790,21,male,central,3/7/2022,FALSE,0.21
cust109751,Miranda Haynes,2847257958,20,female,south,26-03-2023,FALSE,0.21
cust109752,Deanna Klein,1764551009,64,other,central,8/10/2022,FALSE,0
cust109753,Michael Fisher,668334528,58,male,central,26-05-2022,FALSE,0.02
cust109754,Jennifer Powell,2310322442,27,male,south,9/5/2021,FALSE,0.19
cust109755,Michael Gonzalez,564110055,44,female,west,16-01-2021,FALSE,0.29
cust109756,Craig Fowler,1680682635,59,female,north,17-06-2025,FALSE,0.48
cust109757,Shawn Sellers,3714115534,27,female,east,9/9/2021,FALSE,0.07
cust109758,Nicole Hurley,8266334583,63,female,west,3/8/2024,FALSE,0.25
cust109759,Madison Donovan,7605742152,48,female,central,10/2/2021,TRUE,0.08
cust109760,Shawn Dominguez,2221342495,61,female,west,23-05-2022,FALSE,0.3
cust109761,Michael Davidson,1426377435,43,female,west,19-04-2024,FALSE,0.18
cust109762,Jacob Hull,6209740807,24,female,north,15-11-2020,FALSE,0.17
cust109763,Laura Thompson,4728167150,44,female,north,1/8/2024,FALSE,0.27
cust109764,Steve Garcia,5016740708,26,male,south,31-10-2022,FALSE,0.09
cust109765,Vanessa Ramirez,1435495589,26,female,north,13-06-2022,FALSE,0.19
cust109766,Stephanie Valentine,8793973216,19,female,east,25-09-2023,FALSE,0.05
cust109767,Diana Bauer,6702388519,41,male,west,1/11/2021,FALSE,0.25
cust109768,Katie Hall,3855032950,25,female,south,6/7/2025,FALSE,0.17
cust109769,Travis Mayo,9932128634,45,female,south,3/4/2025,TRUE,0.01
cust109770,Lisa Best,1303073685,22,male,east,16-12-2023,FALSE,0.02
cust109771,Richard Nelson,9938053873,29,other,east,30-09-2022,FALSE,0.18
cust109772,Jamie Cole,8710850288,54,male,south,3/7/2021,FALSE,0.23
cust109773,Tammy Coleman,6124395694,41,male,west,22-10-2020,FALSE,0.08
cust109774,Steven Mitchell,341979473,54,female,east,23-08-2024,FALSE,0.1
cust109775,Amber Mccullough,3531690754,50,female,east,19-05-2022,FALSE,0
cust109776,Kaitlin Anderson,9267434393,44,female,north,2/3/2024,FALSE,0.44
cust109777,Crystal Winters,6156737223,24,male,south,13-06-2023,FALSE,0.23
cust109778,Mary Robbins,1980153414,18,female,south,22-09-2020,FALSE,0.32
cust109779,Jessica Scott,6423148541,39,male,east,29-04-2023,FALSE,0.02
cust109780,Kayla Khan,4501350954,43,female,north,28-01-2022,FALSE,0.16
cust109781,Mr. Francisco Vance,286451543,47,male,east,22-05-2024,FALSE,0.35
cust109782,Stacey Zhang,8481837316,24,female,west,7/4/2025,FALSE,0.21
cust109783,Rhonda Watson,6770929150,64,female,north,17-07-2024,FALSE,0.22
cust109784,Kathleen Sanford,3790166682,57,female,west,30-05-2022,FALSE,0.25
cust109785,Michael Howard,5920723324,58,male,central,2/10/2022,FALSE,0.03
cust109786,Jason Nguyen,6816482555,50,male,north,11/3/2023,FALSE,0.2
cust109787,Melanie Hall,5613226602,60,male,north,31-05-2023,FALSE,0.26
cust109788,Melanie Gutierrez,7374544371,68,male,central,26-09-2020,FALSE,0.15
cust109789,Stephen May,5763661464,64,male,south,10/12/2022,FALSE,0
cust109790,Marcus Morgan,396109299,51,female,east,27-12-2020,FALSE,0.08
cust109791,Natasha Stanley,2746961806,63,male,east,23-04-2024,FALSE,0.28
cust109792,James Castillo,8788554343,53,male,west,15-07-2022,FALSE,0.15
cust109793,Shane Glenn,4373737718,61,female,west,24-10-2022,FALSE,0.12
cust109794,Kimberly Mitchell,3440495606,61,male,west,8/6/2024,FALSE,0.18
cust109795,Hannah Collins,3441867306,25,female,east,19-06-2022,FALSE,0.09
cust109796,Brandon Pope,4078203140,26,male,east,26-01-2021,FALSE,0.13
cust109797,Brian Brown,938936931,40,male,central,25-06-2023,TRUE,0.42
cust109798,Sandy Erickson,745240285,34,female,central,3/7/2024,FALSE,0.24
cust109799,Toni Nelson,9155114359,32,male,central,5/2/2024,FALSE,0.22
cust109800,Nicole Clark,393023419,20,male,north,9/10/2024,FALSE,0.29
cust109801,Nancy Sparks,6589036001,48,male,central,28-04-2025,FALSE,0.11
cust109802,Jacob Rose,7460735816,34,female,east,16-12-2022,FALSE,0.19
cust109803,Jessica Howard,1185007237,40,female,east,15-01-2022,FALSE,0.43
cust109804,Matthew Gibson DDS,1073105823,43,male,central,6/2/2021,FALSE,0.08
cust109805,Regina Mcguire,6490634759,22,male,north,25-04-2025,FALSE,0.15
cust109806,Christina Bass,6652765347,36,male,west,31-05-2025,FALSE,0.37
cust109807,James Garrett,740403023,25,female,south,15-01-2021,FALSE,0.32
cust109808,Jessica Oconnor,3876946257,34,male,west,23-10-2022,FALSE,0.19
cust109809,Linda Walker,2029377903,30,female,south,1/12/2023,FALSE,0.19
cust109810,Michael Johnson,4761206218,69,male,east,10/12/2024,TRUE,0.32
cust109811,Dennis Woods,2110106378,27,female,west,24-10-2022,FALSE,0.3
cust109812,Marie Taylor,6511883291,35,other,west,2/10/2021,FALSE,0.07
cust109813,Jay Friedman,2133855840,58,male,west,1/10/2022,FALSE,0.26
cust109814,Danielle Brown,4520021006,34,male,central,19-05-2021,TRUE,0.2
cust109815,Scott Henderson,1277621445,31,male,central,4/5/2025,FALSE,0.08
cust109816,Regina Wilson,9846801762,68,female,south,6/8/2024,FALSE,0.28
cust109817,Sarah Williams,8433945883,48,female,central,18-05-2021,FALSE,0.19
cust109818,Jacqueline Sullivan,8822142856,27,male,north,10/7/2022,FALSE,0.14
cust109819,Ruth Harris,3242777838,56,female,east,29-07-2021,FALSE,0
cust109820,Elizabeth Davis,7024416900,41,female,south,26-01-2023,FALSE,0.28
cust109821,Karen Peck,552660201,44,female,west,31-01-2025,FALSE,0
cust109822,John Mccarty,4919042527,44,female,central,15-04-2021,FALSE,0.14
cust109823,Brianna Tanner,9951734410,20,male,north,10/2/2022,FALSE,0.32
cust109824,Lisa Simmons,9850902653,18,other,central,3/11/2023,FALSE,0.21
cust109825,Ms. Brittany Holt,9421583147,69,female,central,22-10-2021,FALSE,0.2
cust109826,Jason Smith,3869843873,56,male,west,2/10/2024,FALSE,0.28
cust109827,Shelby Williams,1854312775,35,male,west,15-08-2021,FALSE,0.23
cust109828,Christopher Davis,3908008329,64,female,east,12/7/2025,FALSE,0.13
cust109829,Amber Church,7791454651,19,female,west,9/6/2021,FALSE,0.15
cust109830,Angela Frederick,2976580811,19,male,west,21-05-2024,FALSE,0.46
cust109831,Scott Perry,7331827843,32,female,central,10/8/2020,FALSE,0
cust109832,Jennifer Williams,757207489,44,female,north,14-04-2022,FALSE,0.15
cust109833,Stacy Erickson,7496452476,22,male,central,29-03-2021,FALSE,0.18
cust109834,John Welch,4936141862,33,male,south,6/10/2023,FALSE,0.38
cust109835,Sonya Hammond,2607146546,41,male,south,28-04-2022,FALSE,0.12
cust109836,Katherine Hoffman,8473873089,29,female,south,17-05-2023,FALSE,0.24
cust109837,Amber Turner,1871043185,52,female,north,14-01-2024,FALSE,0.07
cust109838,Karen Higgins,6705402135,31,female,west,15-03-2022,TRUE,0.29
cust109839,Dalton Olson,2092929698,34,female,east,6/6/2024,FALSE,0.32
cust109840,Teresa Myers,2041251817,50,female,central,4/6/2024,FALSE,0.13
cust109841,Corey Patterson,2982430727,50,male,north,22-06-2021,FALSE,0.28
cust109842,Maria Mckee,5493660946,44,female,east,5/3/2021,FALSE,0.28
cust109843,Jason Nguyen,8791066535,48,female,north,12/3/2022,FALSE,0
cust109844,Michael Arnold,7225008291,61,male,west,27-02-2023,FALSE,0.15
cust109845,Tyler Lee,4716397862,64,female,south,1/2/2022,FALSE,0.25
cust109846,Martha Coleman,9064569077,62,male,central,8/5/2023,FALSE,0
cust109847,Stacey Murray,3076372655,49,female,west,15-05-2021,FALSE,0.08
cust109848,Tracy Williams,8220136745,59,female,central,31-07-2025,FALSE,0.26
cust109849,Maria Kennedy,9709808685,48,female,east,7/7/2022,FALSE,0.12
cust109850,Eric Eaton,2410415302,66,other,central,19-03-2022,FALSE,0.03
cust109851,Dominique Poole,9264701978,30,male,west,23-11-2021,FALSE,0.25
cust109852,Jenna Hawkins,2451232216,57,female,west,17-07-2021,FALSE,0.18
cust109853,David Cook,301177950,61,male,east,8/7/2021,FALSE,0.34
cust109854,Rhonda Chavez,3664507141,33,female,north,27-10-2024,FALSE,0.23
cust109855,Misty Lane,6411606200,18,male,south,23-02-2025,TRUE,0.16
cust109856,Jeffrey Mason,3068051033,20,female,north,18-07-2024,FALSE,0.14
cust109857,Brett Campos,5427970209,52,male,central,25-09-2024,FALSE,0.41
cust109858,Nancy Carter,243380327,33,female,south,26-04-2021,FALSE,0.11
cust109859,Matthew Brooks,1672632267,38,male,central,16-07-2021,FALSE,0.32
cust109860,Jordan Martinez,5778514439,47,male,central,10/5/2022,TRUE,0.36
cust109861,Roger Barrett,858509953,39,male,south,8/5/2023,FALSE,0.12
cust109862,Emily Woods,3499210139,29,male,central,2/8/2025,FALSE,0.1
cust109863,Andrew Boyd,2042622028,55,female,north,21-06-2023,FALSE,0.25
cust109864,Paul Robinson,6475676141,26,male,south,12/9/2021,FALSE,0.31
cust109865,Amy Clarke,2124548334,28,male,central,22-09-2021,FALSE,0.19
cust109866,Karen Kennedy,7368124867,22,female,central,13-05-2021,FALSE,0.16
cust109867,John Leach,6589558910,20,male,east,13-06-2022,FALSE,0.2
cust109868,Alejandro Mathis,3367052625,68,female,south,24-09-2020,FALSE,0.2
cust109869,Kristina Hodges,2785747760,61,male,north,13-11-2021,FALSE,0.21
cust109870,Gregory Green,1834397474,69,male,south,20-11-2021,TRUE,0.11
cust109871,Stephanie Tucker,8260940861,67,female,north,20-02-2022,FALSE,0.12
cust109872,Maria Brooks,2371607325,26,female,east,30-10-2023,FALSE,0.19
cust109873,Kenneth Mcgrath,5124808264,30,male,west,24-09-2023,FALSE,0.22
cust109874,Ruth Allen,5095491114,38,male,north,20-02-2025,FALSE,0.14
cust109875,Monica Shepherd,5230455932,40,male,central,17-10-2021,FALSE,0.14
cust109876,Christine Wiggins,3287822465,63,male,north,23-01-2023,FALSE,0.12
cust109877,Jacob Fischer,3570432539,55,male,south,3/12/2024,FALSE,0
cust109878,Jeffrey Sanchez,3286407883,39,female,west,14-10-2021,FALSE,0.17
cust109879,Jessica Miles,5292195137,57,other,central,29-12-2022,FALSE,0.09
cust109880,Robert Smith,504316445,43,female,central,10/1/2024,FALSE,0.14
cust109881,Deborah Clark,3654195877,39,female,east,6/10/2020,FALSE,0.36
cust109882,David Schaefer,3465756851,62,female,east,10/5/2023,FALSE,0.33
cust109883,Larry Jensen,8226215149,31,male,south,29-03-2025,FALSE,0.08
cust109884,Michelle Curtis,2033991716,53,male,north,29-03-2022,FALSE,0.21
cust109885,Carmen Perry,5339794499,36,female,south,12/2/2024,FALSE,0.21
cust109886,Eric Fisher,8923631524,24,male,central,23-10-2022,FALSE,0.07
cust109887,Charles Pham,2021511429,24,male,west,12/10/2021,FALSE,0.25
cust109888,Taylor Johnson,5038810933,18,female,central,13-01-2021,TRUE,0.27
cust109889,Steve Mcintyre,1275483209,62,male,west,1/4/2022,FALSE,0.38
cust109890,Michael Baker,392251482,54,male,central,8/8/2021,FALSE,0.18
cust109891,Howard Wilson,5085913294,40,female,north,5/3/2021,FALSE,0
cust109892,Cathy Smith,9557062624,45,male,east,28-07-2025,FALSE,0.12
cust109893,Mrs. Heather Jones,4616670167,20,female,west,13-07-2022,FALSE,0.29
cust109894,Elizabeth Jensen,5811769272,69,male,east,13-09-2020,FALSE,0.23
cust109895,Mark Keith,1480692446,53,female,central,21-03-2025,FALSE,0.13
cust109896,Claudia Ballard,28994090,65,male,west,18-09-2022,FALSE,0.02
cust109897,Latoya Saunders,2439574579,53,female,east,10/2/2022,FALSE,0
cust109898,Thomas Lee,9131550291,65,female,north,27-10-2022,FALSE,0.11
cust109899,Alejandra Howe,1037059608,61,female,north,30-05-2023,FALSE,0.14
cust109900,Shirley Stevens,484507541,42,male,east,29-09-2024,FALSE,0.23
cust109901,Sara Osborne,8909114802,29,male,east,28-06-2021,FALSE,0.1
cust109902,Emily Barber,6292523748,27,male,west,16-12-2021,FALSE,0.31
cust109903,Kyle Leonard,7021964693,31,male,west,26-02-2022,FALSE,0.02
cust109904,Maria Gilbert,5517619778,55,female,west,11/6/2021,FALSE,0.26
cust109905,Miguel Clark,1326765841,42,male,west,13-01-2025,FALSE,0.12
cust109906,James Shelton,7268605505,47,male,central,30-11-2024,FALSE,0.2
cust109907,Thomas Jordan,2843070882,62,female,central,11/3/2024,TRUE,0.1
cust109908,Denise Mcdaniel,6172046420,24,female,north,5/2/2025,FALSE,0.2
cust109909,Carol Ross,3444459742,36,male,east,30-12-2020,FALSE,0.08
cust109910,Kelsey Johnson,9696630789,40,female,west,2/7/2024,TRUE,0.07
cust109911,Jack Allen,3391018672,53,female,central,18-04-2025,FALSE,0.1
cust109912,Mr. Zachary Anderson Jr.,8493922379,57,male,central,24-07-2023,FALSE,0.3
cust109913,Juan Lee,5911475321,64,male,central,13-06-2021,FALSE,0.32
cust109914,Nancy Vasquez,3614680732,26,female,west,28-01-2025,FALSE,0.2
cust109915,Andrew Barnett,8425423132,64,female,east,20-02-2022,FALSE,0.38
cust109916,Shari Copeland,8358622977,59,male,east,3/10/2021,FALSE,0.32
cust109917,Gina Silva,1748995638,60,male,west,19-10-2024,FALSE,0.35
cust109918,Katherine Bowers,7804019062,27,male,west,12/11/2022,FALSE,0
cust109919,Steven Delacruz,1160171662,46,female,north,25-12-2024,FALSE,0.15
cust109920,John Duran,4982088675,55,female,east,9/3/2023,FALSE,0.33
cust109921,Maria Haynes,6346100992,59,female,north,29-03-2023,FALSE,0.19
cust109922,Bobby Brown,1476175006,57,male,north,7/1/2024,FALSE,0.05
cust109923,Miss Angela Beck,2717715711,41,male,north,6/3/2024,FALSE,0.35
cust109924,Heidi Torres,6776921637,33,female,central,9/8/2022,FALSE,0.4
cust109925,Carolyn Baldwin,4226993787,66,female,central,30-04-2024,FALSE,0.4
cust109926,Jeffery Johnson,6619799466,22,female,east,11/4/2022,FALSE,0.17
cust109927,Angela Rivera,1700733897,50,female,south,15-02-2021,FALSE,0.35
cust109928,Spencer Deleon,8987518278,49,female,west,21-09-2022,FALSE,0.2
cust109929,John Cortez,5725439893,45,male,east,27-02-2024,FALSE,0.12
cust109930,Danielle Carr,3474965496,27,male,west,16-05-2024,FALSE,0.12
cust109931,Sean Hartman,8801622783,49,female,east,24-05-2023,FALSE,0.46
cust109932,Terry Castro,4187313848,61,female,east,26-06-2022,FALSE,0.4
cust109933,Brian Carson,5652646051,40,male,south,24-03-2023,FALSE,0
cust109934,Sherry Hurst,1491189319,52,male,west,7/4/2023,FALSE,0.43
cust109935,Joseph Hansen,4149545253,25,male,north,8/10/2021,FALSE,0.34
cust109936,Jeremy Wilson,9869390265,59,female,central,15-11-2021,FALSE,0.35
cust109937,Emily Wilson,6947096222,29,female,south,2/6/2024,FALSE,0.3
cust109938,Stephanie Smith,8692723573,55,male,west,10/2/2023,FALSE,0.11
cust109939,Kendra Hoover,8210758301,27,female,central,3/12/2021,FALSE,0
cust109940,Francis Chaney,4469668141,19,male,east,6/3/2023,FALSE,0
cust109941,Becky Higgins,6195765401,33,male,central,4/7/2022,FALSE,0.22
cust109942,Michael Ortiz,301815166,28,female,west,19-12-2020,FALSE,0.25
cust109943,Terry Castillo,9376137837,41,male,east,21-12-2022,FALSE,0.2
cust109944,Amanda Wallace,3670054130,65,male,north,20-12-2023,FALSE,0.25
cust109945,Elizabeth Horton,2548806755,63,other,west,7/2/2024,FALSE,0.12
cust109946,Gilbert Valdez,6283069092,70,male,south,2/5/2021,FALSE,0.18
cust109947,Stacy May,5340080927,25,male,central,24-08-2021,FALSE,0.04
cust109948,Matthew Christian,4054940197,63,male,central,4/5/2022,FALSE,0.3
cust109949,Tracy Anderson,2770453738,58,male,east,23-03-2024,FALSE,0.17
cust109950,Kaitlyn Diaz,6504945308,59,female,west,29-03-2025,FALSE,0.24
cust109951,Diane Ray,7065717422,54,other,west,8/7/2022,FALSE,0.26
cust109952,Anthony Pineda,4831031862,30,male,central,2/7/2023,FALSE,0.2
cust109953,Lonnie Pierce,4296268254,20,male,south,20-03-2021,FALSE,0.23
cust109954,Elizabeth Gordon,3223409318,43,male,east,8/9/2023,FALSE,0.02
cust109955,Melissa Martin,4105358207,45,female,north,17-06-2024,FALSE,0.13
cust109956,Benjamin Stone,3735898881,37,male,south,2/3/2023,FALSE,0.28
cust109957,David Fleming,4006366299,21,male,north,24-12-2020,FALSE,0.26
cust109958,Troy Johnson,2064233515,66,male,north,13-03-2023,FALSE,0.31
cust109959,Yvonne Walker,2347245903,50,male,east,3/3/2021,FALSE,0.09
cust109960,Courtney Foster,4271063849,56,female,north,7/5/2024,FALSE,0.27
cust109961,Richard Ward,9496032382,70,male,west,10/9/2022,FALSE,0.05
cust109962,Scott Jensen,8650376077,65,male,south,4/11/2023,TRUE,0.29
cust109963,Amanda Ruiz,5842438835,48,male,west,29-08-2024,FALSE,0.29
cust109964,Ryan Gilbert,3402662766,33,male,west,23-05-2021,FALSE,0.29
cust109965,Teresa Anderson,2083343119,39,male,central,14-12-2020,FALSE,0.34
cust109966,David Waller,3638310665,45,female,west,30-11-2024,FALSE,0.45
cust109967,Christopher Sanchez,2553302074,31,female,north,6/6/2025,FALSE,0.28
cust109968,Rebecca Sherman,1214003348,32,male,central,7/10/2023,FALSE,0.08
cust109969,Jeffrey Davidson,4929521787,49,male,north,12/10/2024,FALSE,0.34
cust109970,Cassandra Smith,3335081917,47,male,central,25-10-2021,FALSE,0.35
cust109971,Stephanie Hall,270236959,54,female,north,2/12/2022,FALSE,0.33
cust109972,Jermaine King,8433074234,45,female,west,31-12-2024,FALSE,0.31
cust109973,Jennifer Jackson,471065845,42,female,south,10/3/2025,FALSE,0.13
cust109974,Stephanie Mclean,7870892803,56,male,central,5/4/2021,FALSE,0.24
cust109975,Katelyn Moreno,9211438723,31,male,west,30-01-2023,FALSE,0.19
cust109976,April James,3325228653,27,female,north,22-06-2022,FALSE,0.07
cust109977,Kelly Arnold,5623107848,52,male,west,20-03-2023,FALSE,0.15
cust109978,Margaret Miles,7295266492,18,male,west,8/4/2023,FALSE,0.36
cust109979,Steven Grant,4563079447,18,female,south,15-05-2023,TRUE,0.21
cust109980,Bonnie Wheeler,3798509621,35,female,north,11/5/2021,FALSE,0.01
cust109981,Elizabeth Morse,6954008741,30,male,west,5/8/2023,FALSE,0.01
cust109982,Ashley Elliott,8644464035,65,female,east,19-10-2024,FALSE,0.28
cust109983,Shane Robbins,5870267997,43,male,west,17-09-2021,FALSE,0.17
cust109984,Ashley Soto,1703202856,32,male,central,7/3/2024,FALSE,0.28
cust109985,Wayne Marquez,6724348808,34,male,east,18-03-2022,FALSE,0.15
cust109986,John Schmidt,980026398,65,male,south,14-11-2024,FALSE,0.26
cust109987,Paige David DDS,9862313276,32,male,north,27-05-2023,TRUE,0.4
cust109988,Kelly Rodriguez,7929583462,63,male,central,13-02-2023,FALSE,0.12
cust109989,Manuel Hurst,9504182101,35,female,west,28-04-2023,FALSE,0.24
cust109990,Gregory Moore,5897089912,27,female,south,13-11-2021,TRUE,0.43
cust109991,Stacey Green,4635927096,55,male,north,30-05-2021,FALSE,0.19
cust109992,Lori Montgomery,3042501240,70,male,north,26-06-2021,FALSE,0.1
cust109993,Frank Roberts,1254026942,59,female,east,22-05-2022,FALSE,0.15
cust109994,Deborah Rice,5763980364,43,male,north,26-02-2023,FALSE,0.13
cust109995,Ian Coffey,5765415602,30,female,north,10/7/2024,FALSE,0.21
cust109996,Tony Campbell,1173226449,47,male,east,2/9/2020,FALSE,0.26
cust109997,Mrs. Briana Wallace DVM,6032100236,50,female,west,22-08-2022,FALSE,0.08
cust109998,Jennifer Klein,1660858270,48,male,east,30-01-2024,FALSE,0.19
cust109999,Debbie Shepherd,4853266737,58,female,west,22-05-2022,FALSE,0.03
