device_id,customer_id,device_type,app_version,is_rooted,last_active
dev100000,cust100000,android,2.5.4,FALSE,24:57.6
dev100001,cust100001,feature_phone,2.6.18,FALSE,53:08.8
dev100002,cust100002,android,2.5.0,FALSE,09:53.2
dev100003,cust100003,android,2.4.12,FALSE,10:51.6
dev100004,cust100004,feature_phone,4.2.0,FALSE,18:05.2
dev100005,cust100005,tablet,3.9.11,FALSE,06:33.7
dev100006,cust100006,feature_phone,4.1.16,FALSE,18:02.0
dev100007,cust100007,android,3.0.19,FALSE,07:59.6
dev100008,cust100008,ios,4.8.7,FALSE,08:32.2
dev100009,cust100009,android,4.6.14,FALSE,41:04.7
dev100010,cust100010,android,3.8.2,TRUE,21:34.9
dev100011,cust100011,ios,3.5.0,FALSE,50:06.8
dev100012,cust100012,feature_phone,1.8.0,FALSE,57:52.6
dev100013,cust100013,tablet,2.4.5,FALSE,47:28.1
dev100014,cust100014,tablet,2.0.15,FALSE,37:03.8
dev100015,cust100015,feature_phone,1.9.1,FALSE,42:26.9
dev100016,cust100016,feature_phone,3.1.8,FALSE,11:11.1
dev100017,cust100017,android,1.2.10,FALSE,35:34.6
dev100018,cust100018,ios,4.6.19,FALSE,13:33.6
dev100019,cust100019,tablet,1.1.0,FALSE,41:39.7
dev100020,cust100020,ios,3.9.10,FALSE,42:30.3
dev100021,cust100021,ios,4.4.10,FALSE,15:18.4
dev100022,cust100022,ios,1.2.6,FALSE,17:56.2
dev100023,cust100023,ios,3.7.0,FALSE,56:57.2
dev100024,cust100024,android,3.3.11,FALSE,58:22.1
dev100025,cust100025,feature_phone,4.6.13,FALSE,15:00.3
dev100026,cust100026,android,2.5.16,FALSE,14:55.1
dev100027,cust100027,tablet,1.3.15,FALSE,23:14.5
dev100028,cust100028,ios,1.5.3,FALSE,09:22.0
dev100029,cust100029,ios,3.8.10,FALSE,58:21.1
dev100030,cust100030,feature_phone,3.1.16,FALSE,44:47.4
dev100031,cust100031,android,3.7.0,FALSE,35:34.3
dev100032,cust100032,ios,1.6.5,FALSE,10:14.6
dev100033,cust100033,android,3.7.3,FALSE,07:23.6
dev100034,cust100034,feature_phone,1.4.9,FALSE,57:42.5
dev100035,cust100035,ios,1.7.7,FALSE,13:55.2
dev100036,cust100036,ios,4.3.6,FALSE,26:07.9
dev100037,cust100037,android,4.2.17,FALSE,08:09.3
dev100038,cust100038,ios,1.2.3,FALSE,56:44.0
dev100039,cust100039,feature_phone,3.8.3,FALSE,35:39.5
dev100040,cust100040,feature_phone,3.1.10,FALSE,40:15.0
dev100041,cust100041,android,3.1.8,FALSE,07:40.5
dev100042,cust100042,ios,2.9.2,FALSE,35:20.5
dev100043,cust100043,tablet,2.5.13,FALSE,54:21.6
dev100044,cust100044,android,3.0.8,FALSE,04:48.6
dev100045,cust100045,android,2.8.20,FALSE,53:28.4
dev100046,cust100046,android,4.0.3,FALSE,05:45.6
dev100047,cust100047,feature_phone,3.6.10,FALSE,11:48.2
dev100048,cust100048,android,2.7.8,FALSE,37:55.3
dev100049,cust100049,android,2.1.3,FALSE,19:21.7
dev100050,cust100050,android,2.2.17,FALSE,02:08.6
dev100051,cust100051,android,2.1.0,FALSE,41:04.6
dev100052,cust100052,ios,1.4.20,FALSE,57:14.9
dev100053,cust100053,ios,1.1.2,FALSE,44:16.9
dev100054,cust100054,tablet,2.1.9,FALSE,23:34.6
dev100055,cust100055,android,2.6.7,FALSE,30:14.9
dev100056,cust100056,android,4.1.13,FALSE,00:46.7
dev100057,cust100057,android,2.5.7,FALSE,55:22.3
dev100058,cust100058,ios,2.9.19,FALSE,28:11.9
dev100059,cust100059,ios,4.9.9,FALSE,04:39.5
dev100060,cust100060,feature_phone,3.1.16,FALSE,26:52.2
dev100061,cust100061,ios,4.7.6,FALSE,09:07.9
dev100062,cust100062,feature_phone,4.3.17,FALSE,01:01.0
dev100063,cust100063,android,3.7.16,FALSE,34:09.3
dev100064,cust100064,tablet,2.8.1,FALSE,18:33.5
dev100065,cust100065,tablet,4.5.9,FALSE,34:51.3
dev100066,cust100066,tablet,2.1.11,FALSE,10:56.4
dev100067,cust100067,ios,1.2.9,FALSE,03:46.1
dev100068,cust100068,android,3.5.0,FALSE,49:38.7
dev100069,cust100069,tablet,1.6.8,FALSE,25:34.8
dev100070,cust100070,ios,3.7.1,FALSE,49:27.7
dev100071,cust100071,feature_phone,1.0.17,FALSE,57:14.6
dev100072,cust100072,tablet,1.3.16,FALSE,24:25.2
dev100073,cust100073,android,3.9.12,FALSE,36:29.4
dev100074,cust100074,android,2.3.18,TRUE,01:38.6
dev100075,cust100075,tablet,2.2.3,FALSE,23:48.0
dev100076,cust100076,tablet,2.5.0,FALSE,17:43.4
dev100077,cust100077,tablet,1.1.10,FALSE,50:14.6
dev100078,cust100078,tablet,1.3.16,FALSE,42:44.9
dev100079,cust100079,tablet,2.3.13,FALSE,59:24.3
dev100080,cust100080,feature_phone,2.6.15,FALSE,27:06.3
dev100081,cust100081,ios,1.5.5,FALSE,40:01.8
dev100082,cust100082,ios,2.4.17,FALSE,50:54.1
dev100083,cust100083,tablet,4.4.2,FALSE,18:24.4
dev100084,cust100084,ios,2.1.20,FALSE,40:31.4
dev100085,cust100085,tablet,4.7.8,FALSE,40:53.0
dev100086,cust100086,ios,3.8.2,FALSE,12:22.8
dev100087,cust100087,feature_phone,1.7.4,FALSE,37:10.1
dev100088,cust100088,android,1.3.13,FALSE,36:55.1
dev100089,cust100089,tablet,4.9.1,FALSE,37:10.0
dev100090,cust100090,feature_phone,4.7.7,FALSE,22:45.5
dev100091,cust100091,ios,3.4.9,FALSE,02:30.9
dev100092,cust100092,tablet,2.3.13,FALSE,31:52.2
dev100093,cust100093,tablet,4.3.13,FALSE,02:27.8
dev100094,cust100094,android,3.9.0,FALSE,30:21.4
dev100095,cust100095,ios,3.2.16,FALSE,49:36.3
dev100096,cust100096,android,3.0.11,FALSE,45:21.2
dev100097,cust100097,ios,4.6.13,FALSE,50:32.4
dev100098,cust100098,ios,3.5.13,FALSE,50:13.3
dev100099,cust100099,android,2.1.10,FALSE,41:48.4
dev100100,cust100100,ios,2.5.15,FALSE,49:17.6
dev100101,cust100101,feature_phone,3.5.6,FALSE,48:46.9
dev100102,cust100102,android,4.9.19,FALSE,01:39.2
dev100103,cust100103,android,1.2.17,FALSE,44:59.6
dev100104,cust100104,feature_phone,3.6.7,FALSE,25:16.8
dev100105,cust100105,tablet,2.9.13,FALSE,21:22.0
dev100106,cust100106,ios,2.8.12,FALSE,51:05.4
dev100107,cust100107,tablet,2.4.16,TRUE,54:31.4
dev100108,cust100108,tablet,2.4.4,FALSE,29:41.4
dev100109,cust100109,tablet,3.3.1,FALSE,32:13.9
dev100110,cust100110,tablet,3.8.10,FALSE,04:50.0
dev100111,cust100111,android,2.1.7,FALSE,16:07.7
dev100112,cust100112,feature_phone,4.0.2,FALSE,35:22.6
dev100113,cust100113,ios,1.8.1,FALSE,44:43.8
dev100114,cust100114,tablet,3.4.20,FALSE,43:41.2
dev100115,cust100115,ios,3.7.4,FALSE,32:41.8
dev100116,cust100116,tablet,2.6.6,FALSE,29:21.6
dev100117,cust100117,tablet,3.2.14,FALSE,54:30.5
dev100118,cust100118,tablet,2.9.2,FALSE,06:58.6
dev100119,cust100119,ios,2.4.13,FALSE,18:55.9
dev100120,cust100120,android,1.6.13,FALSE,26:45.2
dev100121,cust100121,feature_phone,2.9.14,FALSE,01:40.8
dev100122,cust100122,android,1.5.13,FALSE,22:16.7
dev100123,cust100123,feature_phone,4.3.9,FALSE,16:28.3
dev100124,cust100124,ios,2.2.19,FALSE,27:43.1
dev100125,cust100125,feature_phone,1.1.17,FALSE,19:58.2
dev100126,cust100126,ios,3.9.1,FALSE,39:22.0
dev100127,cust100127,android,4.4.15,FALSE,35:20.5
dev100128,cust100128,feature_phone,1.8.7,FALSE,57:14.8
dev100129,cust100129,feature_phone,3.5.14,TRUE,22:49.5
dev100130,cust100130,feature_phone,3.6.17,FALSE,25:19.4
dev100131,cust100131,android,3.7.2,FALSE,28:53.1
dev100132,cust100132,android,4.4.20,FALSE,25:31.2
dev100133,cust100133,feature_phone,4.7.5,TRUE,31:13.0
dev100134,cust100134,ios,1.5.16,FALSE,27:19.9
dev100135,cust100135,android,1.0.15,FALSE,53:19.5
dev100136,cust100136,ios,3.2.9,FALSE,18:21.1
dev100137,cust100137,android,4.0.4,FALSE,05:03.9
dev100138,cust100138,ios,4.1.5,FALSE,16:08.6
dev100139,cust100139,feature_phone,2.3.16,FALSE,37:15.3
dev100140,cust100140,android,1.9.18,FALSE,35:12.5
dev100141,cust100141,ios,4.0.19,FALSE,33:01.7
dev100142,cust100142,tablet,3.7.0,FALSE,10:14.3
dev100143,cust100143,feature_phone,1.6.0,FALSE,49:20.1
dev100144,cust100144,ios,3.1.4,FALSE,55:51.5
dev100145,cust100145,tablet,3.9.13,FALSE,46:48.3
dev100146,cust100146,ios,1.8.0,FALSE,07:16.5
dev100147,cust100147,android,3.1.3,FALSE,20:05.4
dev100148,cust100148,android,4.8.4,FALSE,15:59.7
dev100149,cust100149,tablet,2.4.17,FALSE,19:35.9
dev100150,cust100150,tablet,4.3.20,FALSE,08:49.3
dev100151,cust100151,ios,4.4.3,FALSE,55:30.9
dev100152,cust100152,tablet,2.8.15,FALSE,19:17.0
dev100153,cust100153,feature_phone,2.4.16,FALSE,10:22.6
dev100154,cust100154,tablet,4.5.20,FALSE,35:32.1
dev100155,cust100155,android,4.8.9,FALSE,36:22.0
dev100156,cust100156,android,3.7.16,FALSE,54:58.4
dev100157,cust100157,ios,2.0.14,FALSE,18:37.9
dev100158,cust100158,tablet,2.2.3,FALSE,36:01.4
dev100159,cust100159,feature_phone,2.7.9,FALSE,30:22.4
dev100160,cust100160,feature_phone,4.0.1,FALSE,17:15.1
dev100161,cust100161,tablet,3.8.18,FALSE,14:58.7
dev100162,cust100162,ios,2.9.19,FALSE,29:53.9
dev100163,cust100163,android,4.3.19,FALSE,50:52.3
dev100164,cust100164,ios,4.6.18,FALSE,08:52.7
dev100165,cust100165,feature_phone,3.5.1,FALSE,18:37.8
dev100166,cust100166,tablet,3.2.4,FALSE,43:31.2
dev100167,cust100167,android,2.9.3,FALSE,42:24.0
dev100168,cust100168,tablet,4.1.0,FALSE,32:05.4
dev100169,cust100169,feature_phone,3.6.15,FALSE,10:48.3
dev100170,cust100170,tablet,3.8.11,FALSE,24:17.1
dev100171,cust100171,feature_phone,3.6.20,FALSE,45:28.6
dev100172,cust100172,ios,3.5.18,FALSE,26:01.3
dev100173,cust100173,tablet,4.1.2,FALSE,08:24.1
dev100174,cust100174,android,4.4.9,FALSE,27:54.6
dev100175,cust100175,ios,4.4.15,FALSE,43:50.3
dev100176,cust100176,feature_phone,3.9.10,FALSE,01:37.3
dev100177,cust100177,ios,1.9.17,FALSE,34:27.5
dev100178,cust100178,android,4.3.12,FALSE,57:36.4
dev100179,cust100179,tablet,3.8.15,FALSE,21:51.6
dev100180,cust100180,ios,1.8.13,FALSE,55:07.3
dev100181,cust100181,ios,1.4.18,FALSE,21:49.8
dev100182,cust100182,feature_phone,4.9.16,FALSE,23:34.8
dev100183,cust100183,ios,2.1.19,FALSE,28:45.5
dev100184,cust100184,android,2.1.0,FALSE,13:36.0
dev100185,cust100185,tablet,1.8.13,TRUE,15:01.4
dev100186,cust100186,ios,4.7.17,FALSE,52:31.6
dev100187,cust100187,android,2.5.15,FALSE,31:40.7
dev100188,cust100188,tablet,4.7.7,FALSE,12:40.1
dev100189,cust100189,ios,4.0.14,FALSE,46:14.9
dev100190,cust100190,tablet,1.5.1,FALSE,26:02.0
dev100191,cust100191,android,3.5.10,FALSE,48:09.9
dev100192,cust100192,feature_phone,1.3.17,FALSE,00:05.7
dev100193,cust100193,feature_phone,1.9.12,FALSE,16:57.5
dev100194,cust100194,tablet,4.3.1,FALSE,55:47.4
dev100195,cust100195,feature_phone,4.7.9,FALSE,18:44.0
dev100196,cust100196,tablet,1.6.11,FALSE,22:35.7
dev100197,cust100197,ios,1.0.1,FALSE,06:26.0
dev100198,cust100198,tablet,3.6.3,FALSE,11:37.3
dev100199,cust100199,feature_phone,4.4.3,FALSE,39:13.0
dev100200,cust100200,ios,1.3.5,FALSE,52:17.7
dev100201,cust100201,feature_phone,3.8.14,FALSE,31:22.7
dev100202,cust100202,ios,4.5.11,FALSE,41:02.0
dev100203,cust100203,tablet,1.9.16,TRUE,47:32.4
dev100204,cust100204,ios,4.5.7,FALSE,56:11.8
dev100205,cust100205,ios,3.1.18,FALSE,47:47.4
dev100206,cust100206,android,2.5.14,FALSE,35:21.2
dev100207,cust100207,tablet,3.6.4,FALSE,25:09.5
dev100208,cust100208,feature_phone,3.3.0,FALSE,04:42.5
dev100209,cust100209,tablet,2.8.13,FALSE,33:02.6
dev100210,cust100210,tablet,1.4.6,FALSE,00:10.0
dev100211,cust100211,tablet,3.8.16,FALSE,52:07.5
dev100212,cust100212,ios,1.1.6,FALSE,41:20.1
dev100213,cust100213,feature_phone,2.5.20,FALSE,15:22.5
dev100214,cust100214,feature_phone,1.3.19,FALSE,11:10.4
dev100215,cust100215,tablet,2.2.5,FALSE,26:47.8
dev100216,cust100216,feature_phone,2.1.18,FALSE,46:11.9
dev100217,cust100217,android,2.3.9,FALSE,17:24.6
dev100218,cust100218,tablet,4.3.14,FALSE,40:35.1
dev100219,cust100219,ios,3.4.2,FALSE,34:11.0
dev100220,cust100220,tablet,1.6.7,FALSE,50:54.6
dev100221,cust100221,ios,1.8.12,FALSE,36:39.7
dev100222,cust100222,feature_phone,2.6.1,FALSE,01:10.7
dev100223,cust100223,tablet,2.9.12,FALSE,38:06.2
dev100224,cust100224,android,4.8.2,FALSE,39:43.1
dev100225,cust100225,tablet,3.2.0,FALSE,51:15.2
dev100226,cust100226,ios,1.2.10,FALSE,13:32.6
dev100227,cust100227,android,4.9.5,FALSE,11:31.7
dev100228,cust100228,ios,2.6.1,FALSE,32:59.4
dev100229,cust100229,android,4.0.8,FALSE,17:19.2
dev100230,cust100230,feature_phone,3.7.5,FALSE,10:08.4
dev100231,cust100231,feature_phone,2.7.20,FALSE,18:34.4
dev100232,cust100232,feature_phone,4.4.18,FALSE,25:59.0
dev100233,cust100233,feature_phone,3.5.15,TRUE,32:30.7
dev100234,cust100234,ios,3.7.9,FALSE,51:23.2
dev100235,cust100235,tablet,1.2.11,FALSE,12:11.9
dev100236,cust100236,feature_phone,1.6.12,FALSE,48:46.0
dev100237,cust100237,tablet,1.5.0,FALSE,34:25.8
dev100238,cust100238,ios,2.8.18,FALSE,40:18.7
dev100239,cust100239,ios,3.5.17,FALSE,20:27.9
dev100240,cust100240,tablet,1.4.11,FALSE,38:40.4
dev100241,cust100241,ios,4.4.5,FALSE,03:39.2
dev100242,cust100242,android,1.5.15,FALSE,01:39.9
dev100243,cust100243,tablet,4.7.18,FALSE,47:52.6
dev100244,cust100244,feature_phone,3.9.4,FALSE,38:29.8
dev100245,cust100245,tablet,4.0.13,FALSE,41:57.6
dev100246,cust100246,ios,1.0.4,FALSE,49:23.2
dev100247,cust100247,feature_phone,3.3.18,FALSE,24:05.8
dev100248,cust100248,android,3.9.19,FALSE,22:00.1
dev100249,cust100249,ios,3.5.15,FALSE,42:23.2
dev100250,cust100250,ios,1.9.15,FALSE,27:26.7
dev100251,cust100251,tablet,4.0.0,FALSE,52:53.9
dev100252,cust100252,tablet,3.8.12,FALSE,15:38.0
dev100253,cust100253,android,3.5.5,FALSE,22:59.1
dev100254,cust100254,tablet,2.6.8,FALSE,28:05.1
dev100255,cust100255,android,1.7.0,FALSE,20:37.0
dev100256,cust100256,ios,4.8.7,FALSE,03:58.7
dev100257,cust100257,android,2.2.11,FALSE,03:05.2
dev100258,cust100258,ios,3.9.15,FALSE,45:32.5
dev100259,cust100259,android,1.1.10,FALSE,29:47.7
dev100260,cust100260,tablet,2.2.16,FALSE,25:18.5
dev100261,cust100261,android,3.1.20,FALSE,41:18.3
dev100262,cust100262,tablet,3.3.13,FALSE,12:30.6
dev100263,cust100263,feature_phone,2.9.13,FALSE,45:06.6
dev100264,cust100264,android,2.4.17,FALSE,51:42.7
dev100265,cust100265,tablet,2.2.15,FALSE,11:47.1
dev100266,cust100266,tablet,2.7.6,FALSE,18:06.3
dev100267,cust100267,android,4.5.10,FALSE,30:32.9
dev100268,cust100268,tablet,1.4.8,FALSE,45:50.9
dev100269,cust100269,feature_phone,3.6.4,FALSE,45:14.9
dev100270,cust100270,ios,4.6.11,TRUE,27:14.9
dev100271,cust100271,android,1.4.14,FALSE,20:59.6
dev100272,cust100272,android,1.3.7,FALSE,59:48.4
dev100273,cust100273,ios,4.0.6,FALSE,21:38.4
dev100274,cust100274,ios,3.2.17,FALSE,53:47.9
dev100275,cust100275,android,2.1.10,FALSE,20:29.3
dev100276,cust100276,android,1.5.6,FALSE,22:02.3
dev100277,cust100277,tablet,4.8.6,FALSE,50:14.1
dev100278,cust100278,tablet,2.5.1,FALSE,11:40.8
dev100279,cust100279,feature_phone,1.8.13,FALSE,11:33.0
dev100280,cust100280,ios,2.4.5,FALSE,16:02.6
dev100281,cust100281,ios,2.3.11,FALSE,26:43.8
dev100282,cust100282,feature_phone,3.3.1,FALSE,41:07.6
dev100283,cust100283,android,1.2.11,FALSE,08:27.7
dev100284,cust100284,ios,4.4.19,FALSE,14:20.2
dev100285,cust100285,tablet,3.8.1,TRUE,20:58.4
dev100286,cust100286,tablet,4.0.13,TRUE,43:09.7
dev100287,cust100287,feature_phone,3.0.5,FALSE,03:55.1
dev100288,cust100288,tablet,1.1.2,FALSE,37:12.0
dev100289,cust100289,ios,3.2.9,FALSE,44:11.1
dev100290,cust100290,tablet,3.4.14,FALSE,43:31.8
dev100291,cust100291,android,2.6.6,FALSE,52:28.7
dev100292,cust100292,feature_phone,4.4.19,FALSE,14:22.9
dev100293,cust100293,ios,1.5.17,FALSE,20:23.4
dev100294,cust100294,feature_phone,1.2.9,FALSE,04:00.0
dev100295,cust100295,android,3.0.16,FALSE,25:21.8
dev100296,cust100296,android,2.5.5,FALSE,02:56.3
dev100297,cust100297,ios,1.8.11,FALSE,28:54.3
dev100298,cust100298,feature_phone,2.0.12,FALSE,07:50.9
dev100299,cust100299,android,4.0.20,FALSE,27:33.7
dev100300,cust100300,android,4.7.20,FALSE,55:35.6
dev100301,cust100301,tablet,3.1.15,FALSE,57:43.2
dev100302,cust100302,ios,3.6.3,FALSE,21:22.3
dev100303,cust100303,tablet,4.8.8,FALSE,39:20.2
dev100304,cust100304,ios,3.7.3,FALSE,59:52.9
dev100305,cust100305,tablet,2.7.5,FALSE,37:13.4
dev100306,cust100306,tablet,1.9.6,FALSE,09:02.7
dev100307,cust100307,ios,1.9.17,FALSE,03:02.6
dev100308,cust100308,android,2.8.19,FALSE,18:46.9
dev100309,cust100309,android,2.1.17,FALSE,15:11.3
dev100310,cust100310,feature_phone,1.7.10,FALSE,30:11.6
dev100311,cust100311,android,3.0.19,FALSE,20:02.8
dev100312,cust100312,ios,1.8.0,FALSE,29:31.4
dev100313,cust100313,tablet,3.8.5,FALSE,08:09.3
dev100314,cust100314,tablet,1.8.3,FALSE,09:08.7
dev100315,cust100315,android,1.0.19,FALSE,11:20.0
dev100316,cust100316,ios,2.0.19,FALSE,20:25.1
dev100317,cust100317,feature_phone,4.2.17,FALSE,10:17.6
dev100318,cust100318,tablet,3.6.16,FALSE,20:00.1
dev100319,cust100319,android,4.1.12,FALSE,05:22.7
dev100320,cust100320,feature_phone,3.6.2,FALSE,14:29.5
dev100321,cust100321,feature_phone,3.2.1,FALSE,04:55.7
dev100322,cust100322,feature_phone,3.5.1,TRUE,17:58.8
dev100323,cust100323,feature_phone,3.0.12,FALSE,17:56.1
dev100324,cust100324,ios,2.3.6,FALSE,47:23.2
dev100325,cust100325,feature_phone,3.0.8,FALSE,36:47.7
dev100326,cust100326,android,4.8.6,FALSE,56:13.6
dev100327,cust100327,feature_phone,1.3.4,FALSE,36:11.5
dev100328,cust100328,ios,3.4.0,FALSE,31:33.0
dev100329,cust100329,ios,4.9.7,FALSE,38:15.6
dev100330,cust100330,tablet,4.2.17,FALSE,35:42.0
dev100331,cust100331,ios,2.2.1,FALSE,09:26.4
dev100332,cust100332,feature_phone,1.2.2,FALSE,49:41.0
dev100333,cust100333,tablet,3.8.5,FALSE,21:32.8
dev100334,cust100334,android,1.8.20,FALSE,03:48.1
dev100335,cust100335,tablet,4.0.20,FALSE,05:46.2
dev100336,cust100336,ios,4.9.19,FALSE,17:48.9
dev100337,cust100337,android,2.3.8,FALSE,20:33.6
dev100338,cust100338,feature_phone,3.6.3,FALSE,35:18.6
dev100339,cust100339,ios,3.3.11,FALSE,45:49.9
dev100340,cust100340,android,1.2.12,FALSE,37:36.4
dev100341,cust100341,feature_phone,4.3.12,FALSE,47:32.0
dev100342,cust100342,ios,3.9.16,FALSE,36:47.0
dev100343,cust100343,android,1.1.1,FALSE,22:50.9
dev100344,cust100344,android,1.3.20,FALSE,38:26.1
dev100345,cust100345,tablet,4.8.19,FALSE,59:35.2
dev100346,cust100346,tablet,3.4.17,FALSE,10:42.8
dev100347,cust100347,feature_phone,1.2.19,FALSE,12:46.6
dev100348,cust100348,android,4.4.9,FALSE,06:11.6
dev100349,cust100349,ios,4.2.11,FALSE,06:56.7
dev100350,cust100350,android,2.4.4,FALSE,59:34.8
dev100351,cust100351,ios,2.9.14,FALSE,23:46.9
dev100352,cust100352,tablet,1.6.10,FALSE,58:52.6
dev100353,cust100353,ios,1.5.8,FALSE,38:58.5
dev100354,cust100354,ios,2.0.11,FALSE,46:11.0
dev100355,cust100355,ios,2.6.18,FALSE,58:23.7
dev100356,cust100356,feature_phone,2.4.11,FALSE,47:04.5
dev100357,cust100357,ios,4.4.4,FALSE,42:37.3
dev100358,cust100358,ios,3.0.15,FALSE,20:56.8
dev100359,cust100359,android,1.4.3,FALSE,12:41.8
dev100360,cust100360,ios,2.3.0,FALSE,14:21.7
dev100361,cust100361,tablet,2.6.5,FALSE,05:13.9
dev100362,cust100362,android,1.3.7,FALSE,09:28.7
dev100363,cust100363,ios,1.7.10,FALSE,27:23.3
dev100364,cust100364,tablet,1.0.17,FALSE,03:50.9
dev100365,cust100365,feature_phone,3.9.14,FALSE,44:56.3
dev100366,cust100366,ios,3.8.6,FALSE,36:31.3
dev100367,cust100367,tablet,3.2.8,FALSE,31:53.5
dev100368,cust100368,feature_phone,4.8.3,FALSE,40:27.3
dev100369,cust100369,tablet,4.9.0,FALSE,56:16.5
dev100370,cust100370,feature_phone,4.8.19,FALSE,21:53.8
dev100371,cust100371,android,1.2.0,FALSE,16:45.9
dev100372,cust100372,android,3.4.17,FALSE,46:43.8
dev100373,cust100373,android,1.3.13,FALSE,30:51.9
dev100374,cust100374,ios,1.4.10,FALSE,45:42.4
dev100375,cust100375,feature_phone,1.4.11,FALSE,25:20.2
dev100376,cust100376,ios,4.3.2,FALSE,48:58.0
dev100377,cust100377,ios,1.8.2,FALSE,01:24.2
dev100378,cust100378,android,2.0.15,FALSE,15:20.9
dev100379,cust100379,feature_phone,4.8.14,FALSE,42:18.3
dev100380,cust100380,tablet,1.3.13,FALSE,18:07.9
dev100381,cust100381,feature_phone,1.4.9,FALSE,46:39.3
dev100382,cust100382,ios,4.4.13,FALSE,03:05.0
dev100383,cust100383,ios,4.8.6,FALSE,14:49.2
dev100384,cust100384,tablet,4.5.7,FALSE,35:08.9
dev100385,cust100385,android,4.8.17,FALSE,28:36.6
dev100386,cust100386,android,1.8.2,FALSE,31:25.4
dev100387,cust100387,ios,4.7.14,FALSE,16:53.3
dev100388,cust100388,feature_phone,1.7.13,FALSE,47:16.7
dev100389,cust100389,ios,1.1.8,FALSE,42:29.9
dev100390,cust100390,ios,4.4.14,FALSE,02:46.6
dev100391,cust100391,ios,4.0.2,FALSE,13:23.1
dev100392,cust100392,android,4.0.13,FALSE,43:43.6
dev100393,cust100393,tablet,1.6.9,FALSE,58:32.4
dev100394,cust100394,android,2.5.4,FALSE,50:34.5
dev100395,cust100395,feature_phone,1.4.9,FALSE,51:36.5
dev100396,cust100396,ios,2.5.19,FALSE,04:29.9
dev100397,cust100397,android,3.5.4,FALSE,48:42.3
dev100398,cust100398,tablet,4.0.10,FALSE,57:21.5
dev100399,cust100399,feature_phone,2.9.6,FALSE,29:25.0
dev100400,cust100400,ios,2.8.19,FALSE,30:37.1
dev100401,cust100401,tablet,4.5.14,FALSE,53:02.4
dev100402,cust100402,feature_phone,1.2.18,FALSE,03:33.8
dev100403,cust100403,feature_phone,4.5.7,FALSE,20:41.3
dev100404,cust100404,android,2.7.3,FALSE,58:01.6
dev100405,cust100405,tablet,3.1.17,FALSE,31:25.1
dev100406,cust100406,android,4.5.5,FALSE,19:40.6
dev100407,cust100407,tablet,2.3.3,FALSE,17:33.7
dev100408,cust100408,android,1.9.4,FALSE,07:14.9
dev100409,cust100409,android,4.6.15,FALSE,17:46.3
dev100410,cust100410,tablet,1.7.12,FALSE,49:00.9
dev100411,cust100411,feature_phone,2.7.15,FALSE,07:19.8
dev100412,cust100412,android,2.7.3,FALSE,12:41.4
dev100413,cust100413,android,4.2.19,FALSE,01:35.6
dev100414,cust100414,android,3.1.14,FALSE,55:43.8
dev100415,cust100415,ios,4.9.12,FALSE,21:09.3
dev100416,cust100416,ios,3.9.4,FALSE,43:20.7
dev100417,cust100417,tablet,4.5.7,FALSE,48:14.5
dev100418,cust100418,ios,3.8.3,FALSE,57:05.7
dev100419,cust100419,android,3.7.20,FALSE,50:30.0
dev100420,cust100420,feature_phone,2.5.1,FALSE,44:27.1
dev100421,cust100421,feature_phone,2.2.1,FALSE,17:11.8
dev100422,cust100422,android,3.0.14,FALSE,06:45.2
dev100423,cust100423,feature_phone,1.8.14,FALSE,07:49.3
dev100424,cust100424,ios,2.6.12,FALSE,56:40.2
dev100425,cust100425,ios,4.3.15,FALSE,03:15.5
dev100426,cust100426,tablet,2.6.14,FALSE,54:19.7
dev100427,cust100427,feature_phone,2.2.19,FALSE,47:41.8
dev100428,cust100428,tablet,4.0.20,FALSE,29:20.0
dev100429,cust100429,android,2.5.1,FALSE,07:36.6
dev100430,cust100430,tablet,3.0.3,FALSE,34:50.0
dev100431,cust100431,feature_phone,1.7.11,FALSE,32:27.3
dev100432,cust100432,android,3.5.15,FALSE,11:43.2
dev100433,cust100433,android,2.0.11,FALSE,52:31.7
dev100434,cust100434,android,4.4.19,FALSE,10:39.1
dev100435,cust100435,ios,1.2.5,FALSE,34:19.4
dev100436,cust100436,ios,3.1.2,FALSE,15:32.5
dev100437,cust100437,android,4.3.20,FALSE,12:42.3
dev100438,cust100438,tablet,1.2.13,FALSE,57:34.7
dev100439,cust100439,ios,1.3.4,FALSE,30:05.1
dev100440,cust100440,feature_phone,1.7.17,FALSE,50:04.4
dev100441,cust100441,tablet,4.1.8,FALSE,02:58.7
dev100442,cust100442,feature_phone,1.6.10,FALSE,35:12.3
dev100443,cust100443,tablet,4.4.4,FALSE,01:27.7
dev100444,cust100444,ios,2.6.18,FALSE,16:21.1
dev100445,cust100445,feature_phone,4.7.1,TRUE,43:27.3
dev100446,cust100446,ios,2.6.0,FALSE,47:55.0
dev100447,cust100447,ios,1.8.7,FALSE,37:07.6
dev100448,cust100448,tablet,3.6.10,FALSE,23:40.1
dev100449,cust100449,tablet,1.3.10,FALSE,38:42.4
dev100450,cust100450,feature_phone,4.0.20,FALSE,44:05.2
dev100451,cust100451,android,2.9.16,FALSE,40:07.6
dev100452,cust100452,tablet,4.1.6,FALSE,15:04.8
dev100453,cust100453,android,1.6.4,FALSE,45:04.8
dev100454,cust100454,android,1.1.15,FALSE,29:41.7
dev100455,cust100455,feature_phone,4.6.10,FALSE,08:16.0
dev100456,cust100456,android,2.8.19,FALSE,19:36.0
dev100457,cust100457,tablet,1.4.18,FALSE,28:14.3
dev100458,cust100458,ios,3.7.9,FALSE,44:16.7
dev100459,cust100459,ios,2.7.5,FALSE,13:16.1
dev100460,cust100460,android,3.1.17,FALSE,19:29.8
dev100461,cust100461,android,4.3.3,FALSE,29:48.8
dev100462,cust100462,feature_phone,1.0.2,FALSE,01:43.8
dev100463,cust100463,ios,3.9.7,FALSE,55:26.8
dev100464,cust100464,ios,3.4.5,FALSE,07:14.7
dev100465,cust100465,android,3.0.3,FALSE,41:06.8
dev100466,cust100466,feature_phone,2.1.17,FALSE,31:33.4
dev100467,cust100467,android,4.4.4,FALSE,17:23.0
dev100468,cust100468,tablet,2.5.12,FALSE,38:42.2
dev100469,cust100469,feature_phone,3.2.2,FALSE,07:19.6
dev100470,cust100470,feature_phone,2.6.0,FALSE,04:27.7
dev100471,cust100471,ios,4.4.19,FALSE,37:08.8
dev100472,cust100472,ios,3.1.10,FALSE,24:45.6
dev100473,cust100473,tablet,2.0.0,FALSE,01:16.7
dev100474,cust100474,android,1.8.3,FALSE,20:01.5
dev100475,cust100475,android,4.7.12,FALSE,24:31.8
dev100476,cust100476,android,2.1.13,FALSE,30:38.3
dev100477,cust100477,tablet,1.1.5,FALSE,56:37.0
dev100478,cust100478,tablet,1.6.0,FALSE,49:43.8
dev100479,cust100479,feature_phone,3.2.1,FALSE,12:14.8
dev100480,cust100480,ios,3.4.9,FALSE,24:13.6
dev100481,cust100481,android,1.0.6,FALSE,30:38.8
dev100482,cust100482,feature_phone,1.4.17,FALSE,12:16.0
dev100483,cust100483,tablet,4.4.12,FALSE,47:51.7
dev100484,cust100484,android,2.3.8,FALSE,42:13.1
dev100485,cust100485,android,4.1.1,FALSE,17:38.9
dev100486,cust100486,tablet,1.1.1,FALSE,25:18.0
dev100487,cust100487,tablet,1.7.6,FALSE,56:52.3
dev100488,cust100488,tablet,4.0.18,FALSE,24:13.7
dev100489,cust100489,feature_phone,3.5.15,FALSE,16:53.3
dev100490,cust100490,ios,4.2.20,FALSE,44:34.2
dev100491,cust100491,ios,3.2.11,FALSE,51:54.3
dev100492,cust100492,feature_phone,1.3.17,FALSE,48:58.0
dev100493,cust100493,tablet,4.9.1,FALSE,00:49.9
dev100494,cust100494,tablet,3.3.1,FALSE,11:49.6
dev100495,cust100495,feature_phone,3.6.20,FALSE,02:19.0
dev100496,cust100496,tablet,2.5.2,FALSE,29:37.2
dev100497,cust100497,android,1.7.2,FALSE,14:26.9
dev100498,cust100498,tablet,1.0.11,FALSE,05:00.7
dev100499,cust100499,feature_phone,2.9.17,FALSE,08:51.6
dev100500,cust100500,tablet,3.2.7,FALSE,01:24.9
dev100501,cust100501,tablet,4.2.15,FALSE,32:07.3
dev100502,cust100502,android,4.8.17,FALSE,51:35.0
dev100503,cust100503,android,3.5.12,FALSE,30:04.4
dev100504,cust100504,feature_phone,3.9.13,FALSE,36:14.4
dev100505,cust100505,feature_phone,4.8.20,FALSE,43:09.0
dev100506,cust100506,ios,1.7.20,FALSE,41:45.3
dev100507,cust100507,feature_phone,3.3.14,FALSE,02:27.0
dev100508,cust100508,android,4.0.18,FALSE,03:03.0
dev100509,cust100509,ios,1.8.6,FALSE,08:34.7
dev100510,cust100510,feature_phone,4.1.13,FALSE,29:54.0
dev100511,cust100511,feature_phone,4.3.13,FALSE,17:33.7
dev100512,cust100512,ios,4.6.14,FALSE,42:36.4
dev100513,cust100513,android,1.1.19,FALSE,43:28.3
dev100514,cust100514,ios,4.8.19,TRUE,23:01.6
dev100515,cust100515,tablet,2.2.9,FALSE,20:53.2
dev100516,cust100516,feature_phone,3.8.8,FALSE,18:39.8
dev100517,cust100517,ios,4.1.7,FALSE,13:17.9
dev100518,cust100518,feature_phone,4.3.5,FALSE,48:07.6
dev100519,cust100519,tablet,2.3.5,FALSE,10:36.0
dev100520,cust100520,ios,4.5.14,TRUE,00:25.1
dev100521,cust100521,android,4.5.10,FALSE,04:57.4
dev100522,cust100522,feature_phone,2.6.8,FALSE,51:34.6
dev100523,cust100523,tablet,2.8.0,FALSE,07:42.3
dev100524,cust100524,feature_phone,1.0.4,FALSE,57:38.7
dev100525,cust100525,tablet,3.8.16,FALSE,42:10.7
dev100526,cust100526,ios,1.6.12,FALSE,14:59.2
dev100527,cust100527,android,3.6.1,TRUE,28:15.4
dev100528,cust100528,android,3.4.9,FALSE,24:13.9
dev100529,cust100529,feature_phone,4.8.7,FALSE,11:22.9
dev100530,cust100530,feature_phone,3.0.4,FALSE,37:02.7
dev100531,cust100531,android,4.2.15,FALSE,19:15.7
dev100532,cust100532,ios,3.3.12,FALSE,58:02.3
dev100533,cust100533,feature_phone,2.2.10,FALSE,19:42.8
dev100534,cust100534,ios,3.5.6,FALSE,57:27.3
dev100535,cust100535,tablet,3.8.18,FALSE,34:29.0
dev100536,cust100536,tablet,4.1.5,FALSE,00:34.5
dev100537,cust100537,android,3.4.4,FALSE,46:59.5
dev100538,cust100538,feature_phone,3.6.12,FALSE,38:56.0
dev100539,cust100539,tablet,1.6.7,FALSE,58:09.0
dev100540,cust100540,tablet,4.7.16,FALSE,43:54.5
dev100541,cust100541,feature_phone,1.7.4,FALSE,51:04.7
dev100542,cust100542,android,1.0.9,FALSE,06:34.8
dev100543,cust100543,feature_phone,4.7.19,FALSE,39:35.8
dev100544,cust100544,android,2.2.1,FALSE,18:39.0
dev100545,cust100545,android,1.6.19,FALSE,58:28.8
dev100546,cust100546,tablet,4.5.17,FALSE,27:56.1
dev100547,cust100547,feature_phone,2.4.12,FALSE,02:57.1
dev100548,cust100548,tablet,4.5.15,FALSE,35:23.1
dev100549,cust100549,ios,2.5.3,FALSE,55:28.1
dev100550,cust100550,ios,4.0.14,FALSE,16:18.2
dev100551,cust100551,android,4.4.15,FALSE,55:23.3
dev100552,cust100552,ios,3.6.10,FALSE,23:26.3
dev100553,cust100553,feature_phone,1.1.10,FALSE,10:09.1
dev100554,cust100554,ios,3.5.10,FALSE,51:26.3
dev100555,cust100555,android,4.6.3,FALSE,40:19.8
dev100556,cust100556,ios,4.0.12,FALSE,43:15.7
dev100557,cust100557,tablet,2.8.15,FALSE,33:56.9
dev100558,cust100558,tablet,3.4.16,FALSE,01:45.8
dev100559,cust100559,android,3.7.8,FALSE,26:33.7
dev100560,cust100560,android,1.2.13,FALSE,36:17.5
dev100561,cust100561,ios,3.7.6,FALSE,39:22.6
dev100562,cust100562,android,1.3.20,FALSE,40:57.0
dev100563,cust100563,android,2.0.12,FALSE,48:03.6
dev100564,cust100564,android,2.4.14,FALSE,30:57.1
dev100565,cust100565,android,1.0.8,FALSE,12:44.9
dev100566,cust100566,tablet,4.5.12,FALSE,38:50.1
dev100567,cust100567,android,3.0.7,FALSE,38:47.0
dev100568,cust100568,android,1.4.9,FALSE,26:27.0
dev100569,cust100569,tablet,2.4.2,FALSE,54:30.8
dev100570,cust100570,tablet,2.3.12,FALSE,15:31.9
dev100571,cust100571,tablet,1.7.7,FALSE,22:21.0
dev100572,cust100572,tablet,1.8.9,TRUE,23:52.1
dev100573,cust100573,ios,2.4.16,FALSE,03:47.9
dev100574,cust100574,android,2.3.13,FALSE,26:08.0
dev100575,cust100575,ios,4.3.19,FALSE,41:51.3
dev100576,cust100576,feature_phone,2.3.0,TRUE,35:10.9
dev100577,cust100577,ios,2.6.3,FALSE,52:50.7
dev100578,cust100578,android,1.6.15,TRUE,27:33.6
dev100579,cust100579,tablet,2.5.19,FALSE,30:18.5
dev100580,cust100580,feature_phone,3.3.2,FALSE,56:19.0
dev100581,cust100581,ios,4.9.5,FALSE,31:10.7
dev100582,cust100582,android,4.7.9,FALSE,27:51.1
dev100583,cust100583,android,2.9.0,TRUE,46:27.6
dev100584,cust100584,android,1.1.8,FALSE,31:37.6
dev100585,cust100585,tablet,2.6.10,FALSE,21:37.7
dev100586,cust100586,android,3.8.16,FALSE,14:50.8
dev100587,cust100587,tablet,3.9.18,FALSE,43:19.0
dev100588,cust100588,android,3.8.10,FALSE,58:39.6
dev100589,cust100589,tablet,3.8.19,FALSE,24:25.6
dev100590,cust100590,ios,4.8.10,FALSE,38:40.8
dev100591,cust100591,android,1.4.8,FALSE,45:48.4
dev100592,cust100592,feature_phone,3.5.6,FALSE,21:08.3
dev100593,cust100593,ios,1.6.15,FALSE,58:17.6
dev100594,cust100594,feature_phone,4.1.12,FALSE,50:16.1
dev100595,cust100595,ios,2.5.13,FALSE,48:43.0
dev100596,cust100596,feature_phone,4.4.8,FALSE,55:00.0
dev100597,cust100597,tablet,2.0.20,FALSE,05:39.4
dev100598,cust100598,ios,3.5.18,FALSE,05:29.2
dev100599,cust100599,tablet,3.9.1,TRUE,26:13.1
dev100600,cust100600,feature_phone,2.1.16,FALSE,50:05.5
dev100601,cust100601,tablet,3.3.20,FALSE,46:00.9
dev100602,cust100602,ios,4.4.19,FALSE,01:58.2
dev100603,cust100603,feature_phone,3.8.3,FALSE,06:34.2
dev100604,cust100604,ios,3.3.16,FALSE,48:33.1
dev100605,cust100605,tablet,2.9.13,FALSE,51:30.5
dev100606,cust100606,ios,2.5.12,FALSE,29:25.4
dev100607,cust100607,ios,4.1.7,FALSE,31:41.5
dev100608,cust100608,feature_phone,1.7.19,FALSE,36:41.1
dev100609,cust100609,android,4.0.2,FALSE,33:04.7
dev100610,cust100610,ios,3.4.0,TRUE,56:02.0
dev100611,cust100611,android,3.4.19,FALSE,45:31.9
dev100612,cust100612,ios,2.0.10,FALSE,17:48.0
dev100613,cust100613,tablet,4.3.20,FALSE,22:43.6
dev100614,cust100614,android,4.6.4,FALSE,46:11.5
dev100615,cust100615,ios,2.1.6,FALSE,08:14.4
dev100616,cust100616,ios,1.2.11,FALSE,54:47.0
dev100617,cust100617,tablet,1.1.1,FALSE,44:42.6
dev100618,cust100618,feature_phone,2.2.3,FALSE,46:16.2
dev100619,cust100619,feature_phone,4.1.19,FALSE,58:13.3
dev100620,cust100620,feature_phone,1.5.5,FALSE,50:24.0
dev100621,cust100621,android,1.7.2,FALSE,47:30.6
dev100622,cust100622,android,1.1.3,FALSE,38:54.2
dev100623,cust100623,android,3.0.13,FALSE,10:59.4
dev100624,cust100624,tablet,2.5.13,FALSE,30:58.7
dev100625,cust100625,ios,1.0.15,FALSE,48:21.6
dev100626,cust100626,feature_phone,1.0.20,FALSE,21:33.9
dev100627,cust100627,android,2.4.5,TRUE,34:57.2
dev100628,cust100628,tablet,3.7.7,FALSE,44:44.5
dev100629,cust100629,ios,3.1.15,FALSE,10:08.0
dev100630,cust100630,tablet,3.3.4,FALSE,08:46.1
dev100631,cust100631,ios,1.6.2,FALSE,28:10.9
dev100632,cust100632,ios,1.7.16,FALSE,43:06.9
dev100633,cust100633,android,4.7.3,FALSE,20:43.3
dev100634,cust100634,tablet,2.1.6,FALSE,18:33.7
dev100635,cust100635,ios,2.1.6,FALSE,59:55.1
dev100636,cust100636,tablet,1.0.10,TRUE,12:43.7
dev100637,cust100637,android,3.2.12,FALSE,53:55.2
dev100638,cust100638,ios,1.9.4,FALSE,25:35.8
dev100639,cust100639,feature_phone,1.5.3,FALSE,22:39.7
dev100640,cust100640,ios,3.7.18,FALSE,48:52.5
dev100641,cust100641,tablet,4.9.20,FALSE,16:00.3
dev100642,cust100642,tablet,1.4.10,FALSE,21:28.5
dev100643,cust100643,android,4.8.19,FALSE,16:52.9
dev100644,cust100644,android,1.3.11,FALSE,09:57.7
dev100645,cust100645,tablet,3.1.8,FALSE,15:26.0
dev100646,cust100646,ios,2.9.0,FALSE,31:25.6
dev100647,cust100647,tablet,4.3.3,FALSE,32:19.3
dev100648,cust100648,ios,4.0.20,FALSE,05:37.9
dev100649,cust100649,ios,3.5.8,FALSE,20:01.5
dev100650,cust100650,tablet,1.9.1,FALSE,57:27.1
dev100651,cust100651,android,1.4.9,FALSE,29:44.5
dev100652,cust100652,tablet,4.8.13,FALSE,57:07.2
dev100653,cust100653,tablet,4.1.1,FALSE,12:43.7
dev100654,cust100654,feature_phone,3.9.5,FALSE,11:29.4
dev100655,cust100655,tablet,1.7.4,FALSE,51:18.0
dev100656,cust100656,tablet,1.6.9,FALSE,46:44.4
dev100657,cust100657,feature_phone,2.4.17,FALSE,13:11.2
dev100658,cust100658,ios,3.4.11,FALSE,28:24.1
dev100659,cust100659,ios,3.4.4,FALSE,57:08.5
dev100660,cust100660,ios,2.5.14,FALSE,11:32.3
dev100661,cust100661,android,2.7.12,FALSE,03:24.3
dev100662,cust100662,feature_phone,1.9.8,FALSE,03:02.3
dev100663,cust100663,feature_phone,1.9.0,FALSE,14:58.0
dev100664,cust100664,feature_phone,3.9.8,FALSE,51:06.8
dev100665,cust100665,tablet,4.5.17,FALSE,09:48.6
dev100666,cust100666,android,1.3.10,FALSE,01:42.7
dev100667,cust100667,ios,2.8.17,FALSE,03:32.9
dev100668,cust100668,ios,4.1.0,FALSE,01:30.6
dev100669,cust100669,feature_phone,3.5.17,FALSE,48:12.8
dev100670,cust100670,feature_phone,3.7.5,FALSE,25:28.7
dev100671,cust100671,feature_phone,3.9.4,FALSE,30:15.0
dev100672,cust100672,ios,4.2.2,FALSE,44:42.6
dev100673,cust100673,android,1.9.9,FALSE,51:09.7
dev100674,cust100674,ios,2.6.2,FALSE,20:08.8
dev100675,cust100675,tablet,1.4.15,FALSE,17:15.1
dev100676,cust100676,android,3.1.1,FALSE,42:52.9
dev100677,cust100677,android,4.5.12,FALSE,32:27.0
dev100678,cust100678,ios,1.1.4,FALSE,10:48.6
dev100679,cust100679,ios,4.5.4,FALSE,35:54.4
dev100680,cust100680,android,3.8.20,FALSE,08:04.9
dev100681,cust100681,android,2.6.11,FALSE,05:43.2
dev100682,cust100682,android,2.8.13,FALSE,32:29.1
dev100683,cust100683,tablet,2.6.8,FALSE,23:43.0
dev100684,cust100684,ios,4.0.2,FALSE,29:11.3
dev100685,cust100685,feature_phone,3.6.7,FALSE,23:22.1
dev100686,cust100686,ios,1.7.17,FALSE,48:11.5
dev100687,cust100687,feature_phone,1.1.4,FALSE,34:19.3
dev100688,cust100688,tablet,2.4.3,FALSE,04:53.2
dev100689,cust100689,feature_phone,2.6.14,FALSE,07:18.0
dev100690,cust100690,tablet,1.9.15,FALSE,04:45.6
dev100691,cust100691,feature_phone,4.6.18,FALSE,34:18.9
dev100692,cust100692,tablet,1.5.2,FALSE,56:46.2
dev100693,cust100693,android,1.2.5,FALSE,26:13.9
dev100694,cust100694,feature_phone,4.4.20,FALSE,52:32.4
dev100695,cust100695,tablet,1.4.19,FALSE,29:32.9
dev100696,cust100696,android,2.3.16,FALSE,56:09.8
dev100697,cust100697,tablet,2.6.11,FALSE,45:27.9
dev100698,cust100698,feature_phone,3.5.0,FALSE,24:41.4
dev100699,cust100699,ios,4.1.5,FALSE,49:31.1
dev100700,cust100700,ios,1.9.13,FALSE,27:02.9
dev100701,cust100701,feature_phone,3.7.18,FALSE,01:01.2
dev100702,cust100702,android,1.2.1,TRUE,19:36.7
dev100703,cust100703,tablet,3.7.11,FALSE,50:48.4
dev100704,cust100704,feature_phone,1.7.1,FALSE,46:56.5
dev100705,cust100705,android,3.2.4,FALSE,44:08.3
dev100706,cust100706,tablet,2.7.20,FALSE,36:05.6
dev100707,cust100707,tablet,2.1.13,FALSE,07:58.7
dev100708,cust100708,feature_phone,4.8.19,FALSE,24:14.5
dev100709,cust100709,feature_phone,4.0.18,TRUE,40:57.4
dev100710,cust100710,tablet,2.8.17,FALSE,26:54.7
dev100711,cust100711,android,1.9.1,FALSE,10:58.4
dev100712,cust100712,tablet,4.3.7,FALSE,09:15.4
dev100713,cust100713,android,3.7.1,FALSE,39:12.6
dev100714,cust100714,feature_phone,4.7.19,FALSE,05:45.0
dev100715,cust100715,feature_phone,2.9.18,FALSE,55:42.1
dev100716,cust100716,android,1.5.0,FALSE,23:44.0
dev100717,cust100717,tablet,3.1.7,FALSE,42:50.5
dev100718,cust100718,android,2.8.0,FALSE,05:40.6
dev100719,cust100719,android,3.1.18,FALSE,45:41.6
dev100720,cust100720,ios,4.7.15,TRUE,28:29.8
dev100721,cust100721,tablet,4.0.15,FALSE,21:36.6
dev100722,cust100722,android,4.4.7,FALSE,56:19.2
dev100723,cust100723,android,4.4.18,FALSE,45:04.2
dev100724,cust100724,feature_phone,4.6.7,FALSE,06:22.6
dev100725,cust100725,android,3.8.9,FALSE,26:59.0
dev100726,cust100726,feature_phone,2.1.15,FALSE,49:24.6
dev100727,cust100727,tablet,2.6.10,FALSE,50:31.6
dev100728,cust100728,feature_phone,4.9.14,FALSE,16:17.1
dev100729,cust100729,ios,3.0.4,FALSE,51:06.0
dev100730,cust100730,android,4.8.13,FALSE,43:02.6
dev100731,cust100731,tablet,2.6.9,FALSE,09:40.6
dev100732,cust100732,android,4.6.2,FALSE,29:47.6
dev100733,cust100733,feature_phone,2.3.3,FALSE,17:21.1
dev100734,cust100734,feature_phone,3.9.18,FALSE,26:54.3
dev100735,cust100735,android,4.3.0,FALSE,26:57.2
dev100736,cust100736,feature_phone,4.7.2,FALSE,33:50.7
dev100737,cust100737,feature_phone,3.9.18,FALSE,31:49.6
dev100738,cust100738,tablet,1.7.19,FALSE,28:17.7
dev100739,cust100739,feature_phone,2.1.2,FALSE,52:53.2
dev100740,cust100740,ios,2.3.8,FALSE,13:51.2
dev100741,cust100741,tablet,2.5.7,FALSE,28:29.0
dev100742,cust100742,ios,4.5.16,FALSE,49:48.5
dev100743,cust100743,ios,2.6.16,FALSE,56:17.9
dev100744,cust100744,android,3.8.16,FALSE,38:47.6
dev100745,cust100745,ios,1.2.4,TRUE,21:08.9
dev100746,cust100746,ios,1.1.16,FALSE,07:50.8
dev100747,cust100747,android,1.2.0,FALSE,08:05.1
dev100748,cust100748,android,2.4.12,FALSE,30:42.3
dev100749,cust100749,tablet,1.4.4,FALSE,35:35.2
dev100750,cust100750,android,4.8.3,FALSE,48:48.5
dev100751,cust100751,android,1.7.4,FALSE,35:49.8
dev100752,cust100752,feature_phone,1.3.18,FALSE,45:37.8
dev100753,cust100753,feature_phone,4.7.6,FALSE,56:05.8
dev100754,cust100754,ios,4.1.3,FALSE,45:40.8
dev100755,cust100755,tablet,4.8.4,FALSE,28:09.2
dev100756,cust100756,tablet,2.3.5,FALSE,05:06.5
dev100757,cust100757,ios,4.9.0,FALSE,26:59.2
dev100758,cust100758,android,2.6.14,FALSE,31:04.7
dev100759,cust100759,tablet,1.4.14,FALSE,49:48.1
dev100760,cust100760,tablet,1.6.15,FALSE,57:41.3
dev100761,cust100761,android,1.1.10,FALSE,59:24.7
dev100762,cust100762,android,4.3.17,FALSE,59:00.1
dev100763,cust100763,android,2.5.1,FALSE,46:14.3
dev100764,cust100764,android,4.3.18,FALSE,19:00.9
dev100765,cust100765,ios,1.3.4,FALSE,15:56.7
dev100766,cust100766,feature_phone,1.8.6,FALSE,49:07.4
dev100767,cust100767,tablet,2.8.8,FALSE,51:50.3
dev100768,cust100768,android,1.6.1,FALSE,52:50.4
dev100769,cust100769,android,1.2.12,FALSE,51:18.8
dev100770,cust100770,tablet,4.7.14,FALSE,54:01.6
dev100771,cust100771,ios,4.1.16,FALSE,51:25.4
dev100772,cust100772,ios,2.0.4,FALSE,30:49.5
dev100773,cust100773,ios,2.0.19,FALSE,32:20.3
dev100774,cust100774,tablet,1.3.17,TRUE,35:52.5
dev100775,cust100775,feature_phone,4.7.14,FALSE,59:31.6
dev100776,cust100776,android,4.3.14,FALSE,55:58.3
dev100777,cust100777,android,2.8.6,FALSE,01:00.3
dev100778,cust100778,android,2.4.14,FALSE,42:36.0
dev100779,cust100779,ios,4.6.14,FALSE,21:17.7
dev100780,cust100780,feature_phone,2.5.15,FALSE,16:42.8
dev100781,cust100781,ios,2.5.4,FALSE,46:00.3
dev100782,cust100782,android,4.3.0,FALSE,55:08.3
dev100783,cust100783,android,3.6.5,FALSE,47:48.9
dev100784,cust100784,tablet,2.7.20,FALSE,21:33.3
dev100785,cust100785,android,3.1.5,FALSE,39:39.4
dev100786,cust100786,tablet,3.7.8,FALSE,30:59.2
dev100787,cust100787,feature_phone,2.4.5,FALSE,06:56.0
dev100788,cust100788,android,3.3.3,FALSE,20:40.7
dev100789,cust100789,ios,1.0.15,FALSE,11:07.9
dev100790,cust100790,android,3.2.2,FALSE,33:15.5
dev100791,cust100791,android,1.6.9,FALSE,48:47.8
dev100792,cust100792,android,3.5.7,FALSE,42:04.4
dev100793,cust100793,tablet,2.1.13,FALSE,30:03.4
dev100794,cust100794,android,2.4.20,FALSE,42:49.1
dev100795,cust100795,ios,2.2.7,FALSE,39:47.4
dev100796,cust100796,tablet,3.1.16,FALSE,20:22.1
dev100797,cust100797,feature_phone,4.7.14,FALSE,14:01.6
dev100798,cust100798,ios,3.2.2,FALSE,13:00.0
dev100799,cust100799,tablet,2.2.5,FALSE,27:44.4
dev100800,cust100800,android,1.4.18,FALSE,32:54.3
dev100801,cust100801,tablet,2.5.0,FALSE,26:47.7
dev100802,cust100802,ios,4.4.1,FALSE,48:38.6
dev100803,cust100803,android,1.8.12,FALSE,18:16.7
dev100804,cust100804,android,2.5.11,FALSE,19:15.9
dev100805,cust100805,tablet,1.3.19,FALSE,45:44.0
dev100806,cust100806,feature_phone,2.9.9,FALSE,59:50.8
dev100807,cust100807,tablet,1.6.15,FALSE,08:25.9
dev100808,cust100808,tablet,3.1.19,FALSE,13:13.1
dev100809,cust100809,android,4.8.2,FALSE,46:25.4
dev100810,cust100810,feature_phone,1.6.8,FALSE,35:21.3
dev100811,cust100811,android,2.4.10,FALSE,03:47.1
dev100812,cust100812,android,4.6.19,FALSE,45:17.4
dev100813,cust100813,tablet,2.3.5,FALSE,27:29.8
dev100814,cust100814,ios,2.1.2,FALSE,43:12.2
dev100815,cust100815,ios,1.8.5,FALSE,31:11.1
dev100816,cust100816,tablet,4.1.3,FALSE,42:56.3
dev100817,cust100817,android,2.4.1,FALSE,00:53.5
dev100818,cust100818,feature_phone,4.0.15,FALSE,26:03.9
dev100819,cust100819,ios,3.1.6,FALSE,59:36.2
dev100820,cust100820,feature_phone,2.7.7,FALSE,57:08.1
dev100821,cust100821,android,1.2.8,FALSE,07:21.6
dev100822,cust100822,feature_phone,3.3.6,FALSE,53:29.0
dev100823,cust100823,feature_phone,3.5.13,FALSE,12:26.8
dev100824,cust100824,ios,3.5.14,FALSE,10:12.5
dev100825,cust100825,ios,3.0.1,FALSE,28:37.7
dev100826,cust100826,android,3.8.10,FALSE,24:03.7
dev100827,cust100827,feature_phone,3.3.9,FALSE,33:28.9
dev100828,cust100828,feature_phone,1.1.10,FALSE,35:28.6
dev100829,cust100829,android,1.2.20,FALSE,39:53.8
dev100830,cust100830,ios,2.7.3,FALSE,21:44.8
dev100831,cust100831,tablet,1.8.10,FALSE,21:16.6
dev100832,cust100832,android,3.5.16,FALSE,50:48.5
dev100833,cust100833,ios,2.8.18,FALSE,23:28.5
dev100834,cust100834,feature_phone,2.2.15,FALSE,47:35.5
dev100835,cust100835,ios,2.9.17,FALSE,34:02.1
dev100836,cust100836,feature_phone,4.4.10,FALSE,14:11.9
dev100837,cust100837,android,1.6.16,FALSE,21:14.1
dev100838,cust100838,feature_phone,2.0.0,FALSE,04:23.1
dev100839,cust100839,feature_phone,4.7.10,FALSE,52:33.7
dev100840,cust100840,android,1.6.20,FALSE,56:12.7
dev100841,cust100841,ios,4.5.12,FALSE,19:09.1
dev100842,cust100842,ios,1.1.0,FALSE,19:36.9
dev100843,cust100843,tablet,3.8.16,FALSE,34:05.7
dev100844,cust100844,ios,2.8.13,FALSE,27:08.7
dev100845,cust100845,ios,2.2.2,FALSE,05:49.1
dev100846,cust100846,tablet,2.6.9,FALSE,09:01.6
dev100847,cust100847,feature_phone,4.6.6,FALSE,51:28.8
dev100848,cust100848,tablet,1.6.15,FALSE,16:50.0
dev100849,cust100849,feature_phone,4.5.1,FALSE,25:48.1
dev100850,cust100850,tablet,4.2.10,FALSE,08:33.0
dev100851,cust100851,android,1.3.17,FALSE,16:31.4
dev100852,cust100852,android,1.4.6,FALSE,36:26.9
dev100853,cust100853,ios,4.0.13,TRUE,26:33.1
dev100854,cust100854,android,1.0.2,FALSE,21:14.3
dev100855,cust100855,ios,4.8.8,FALSE,44:10.4
dev100856,cust100856,ios,1.4.18,FALSE,06:22.1
dev100857,cust100857,feature_phone,2.7.17,FALSE,22:47.8
dev100858,cust100858,tablet,4.9.20,FALSE,56:08.0
dev100859,cust100859,feature_phone,3.8.10,FALSE,24:57.6
dev100860,cust100860,android,4.9.12,FALSE,15:15.6
dev100861,cust100861,android,4.3.1,FALSE,04:58.5
dev100862,cust100862,ios,4.6.1,FALSE,29:38.3
dev100863,cust100863,ios,2.2.10,FALSE,42:55.3
dev100864,cust100864,android,3.0.8,FALSE,30:41.6
dev100865,cust100865,tablet,4.3.17,FALSE,37:53.9
dev100866,cust100866,android,1.8.18,FALSE,25:21.4
dev100867,cust100867,tablet,1.1.20,FALSE,34:22.1
dev100868,cust100868,ios,1.7.7,FALSE,08:07.5
dev100869,cust100869,ios,4.7.0,FALSE,49:35.1
dev100870,cust100870,tablet,2.2.13,FALSE,07:36.6
dev100871,cust100871,feature_phone,1.1.14,FALSE,31:25.4
dev100872,cust100872,tablet,3.0.8,FALSE,31:00.3
dev100873,cust100873,tablet,3.1.11,FALSE,08:25.9
dev100874,cust100874,ios,1.0.8,FALSE,58:51.5
dev100875,cust100875,feature_phone,4.5.0,FALSE,44:54.5
dev100876,cust100876,feature_phone,3.1.17,FALSE,49:22.1
dev100877,cust100877,ios,1.4.17,FALSE,03:15.3
dev100878,cust100878,android,2.7.4,FALSE,01:06.2
dev100879,cust100879,tablet,4.8.0,FALSE,11:50.7
dev100880,cust100880,android,1.9.6,FALSE,32:26.2
dev100881,cust100881,feature_phone,2.8.14,FALSE,30:03.8
dev100882,cust100882,android,2.6.4,FALSE,45:15.4
dev100883,cust100883,feature_phone,4.3.10,FALSE,51:58.7
dev100884,cust100884,ios,1.1.16,FALSE,46:16.1
dev100885,cust100885,feature_phone,2.5.6,FALSE,44:38.6
dev100886,cust100886,tablet,4.2.16,FALSE,23:09.8
dev100887,cust100887,ios,4.9.15,FALSE,20:06.5
dev100888,cust100888,feature_phone,3.5.7,FALSE,42:55.3
dev100889,cust100889,android,4.8.6,FALSE,22:54.9
dev100890,cust100890,android,2.9.5,FALSE,54:54.4
dev100891,cust100891,android,1.8.13,FALSE,43:40.5
dev100892,cust100892,ios,3.7.9,FALSE,19:17.1
dev100893,cust100893,ios,4.4.10,FALSE,50:40.2
dev100894,cust100894,android,2.0.18,FALSE,49:15.8
dev100895,cust100895,feature_phone,4.6.18,FALSE,37:10.2
dev100896,cust100896,tablet,4.5.15,FALSE,16:51.6
dev100897,cust100897,tablet,4.2.8,FALSE,46:06.0
dev100898,cust100898,tablet,3.8.7,FALSE,18:59.8
dev100899,cust100899,ios,2.1.9,FALSE,43:25.1
dev100900,cust100900,tablet,1.7.8,FALSE,53:38.5
dev100901,cust100901,android,3.1.8,FALSE,31:26.8
dev100902,cust100902,feature_phone,3.1.5,FALSE,56:05.5
dev100903,cust100903,feature_phone,2.3.0,FALSE,08:37.9
dev100904,cust100904,ios,4.0.5,FALSE,12:10.4
dev100905,cust100905,android,2.4.9,FALSE,28:59.9
dev100906,cust100906,tablet,3.7.17,FALSE,13:33.1
dev100907,cust100907,tablet,4.8.2,FALSE,05:37.2
dev100908,cust100908,android,4.7.10,FALSE,14:28.0
dev100909,cust100909,ios,1.2.13,FALSE,34:59.1
dev100910,cust100910,ios,4.2.7,FALSE,46:49.2
dev100911,cust100911,tablet,4.6.17,FALSE,45:35.6
dev100912,cust100912,tablet,2.6.2,FALSE,59:19.3
dev100913,cust100913,android,1.9.10,FALSE,43:06.8
dev100914,cust100914,android,3.1.3,FALSE,47:19.9
dev100915,cust100915,ios,1.5.16,FALSE,14:42.9
dev100916,cust100916,android,1.7.15,FALSE,44:57.2
dev100917,cust100917,tablet,3.5.9,FALSE,43:11.2
dev100918,cust100918,ios,1.6.9,FALSE,05:17.1
dev100919,cust100919,feature_phone,2.0.6,FALSE,53:20.6
dev100920,cust100920,android,4.0.16,FALSE,17:24.4
dev100921,cust100921,android,4.6.0,FALSE,54:29.9
dev100922,cust100922,feature_phone,4.8.1,FALSE,26:44.6
dev100923,cust100923,tablet,1.2.11,FALSE,32:51.0
dev100924,cust100924,feature_phone,1.9.0,FALSE,10:41.9
dev100925,cust100925,ios,3.3.11,FALSE,25:12.2
dev100926,cust100926,ios,1.5.5,FALSE,26:01.9
dev100927,cust100927,feature_phone,1.9.2,FALSE,30:17.5
dev100928,cust100928,ios,1.3.16,FALSE,14:59.6
dev100929,cust100929,android,2.8.2,FALSE,54:47.3
dev100930,cust100930,tablet,1.9.8,FALSE,44:26.3
dev100931,cust100931,android,3.7.14,FALSE,59:45.0
dev100932,cust100932,tablet,2.2.19,FALSE,51:15.3
dev100933,cust100933,ios,3.1.3,FALSE,29:38.4
dev100934,cust100934,ios,1.7.9,FALSE,42:53.4
dev100935,cust100935,android,4.6.14,FALSE,53:07.8
dev100936,cust100936,ios,3.8.14,FALSE,12:43.6
dev100937,cust100937,ios,4.2.16,TRUE,15:04.4
dev100938,cust100938,android,2.3.11,FALSE,12:50.7
dev100939,cust100939,feature_phone,4.1.7,FALSE,49:44.1
dev100940,cust100940,tablet,4.9.3,FALSE,23:41.1
dev100941,cust100941,ios,1.6.11,FALSE,51:55.7
dev100942,cust100942,feature_phone,2.2.1,FALSE,10:31.6
dev100943,cust100943,tablet,2.3.6,FALSE,36:09.1
dev100944,cust100944,android,2.2.0,TRUE,52:58.7
dev100945,cust100945,feature_phone,2.8.6,FALSE,02:59.5
dev100946,cust100946,feature_phone,3.1.11,FALSE,57:44.9
dev100947,cust100947,android,1.1.14,TRUE,42:50.4
dev100948,cust100948,android,1.0.11,FALSE,38:02.2
dev100949,cust100949,android,4.6.9,FALSE,59:40.1
dev100950,cust100950,android,2.6.0,FALSE,11:25.8
dev100951,cust100951,tablet,3.3.14,FALSE,50:06.0
dev100952,cust100952,tablet,2.1.12,FALSE,57:18.6
dev100953,cust100953,android,3.2.4,FALSE,26:25.9
dev100954,cust100954,android,3.5.2,FALSE,04:20.3
dev100955,cust100955,tablet,4.9.3,FALSE,07:14.4
dev100956,cust100956,ios,4.5.4,FALSE,47:35.9
dev100957,cust100957,android,4.6.0,FALSE,19:38.9
dev100958,cust100958,ios,2.6.8,FALSE,16:00.5
dev100959,cust100959,tablet,4.3.12,FALSE,32:29.5
dev100960,cust100960,android,2.8.8,FALSE,33:18.9
dev100961,cust100961,ios,1.1.13,TRUE,42:28.8
dev100962,cust100962,feature_phone,3.9.7,FALSE,48:46.0
dev100963,cust100963,feature_phone,1.5.4,FALSE,07:52.7
dev100964,cust100964,feature_phone,4.0.11,FALSE,01:49.5
dev100965,cust100965,feature_phone,3.5.14,FALSE,45:53.2
dev100966,cust100966,ios,4.3.7,FALSE,52:20.3
dev100967,cust100967,ios,4.3.19,TRUE,06:45.1
dev100968,cust100968,ios,2.5.11,FALSE,22:31.7
dev100969,cust100969,tablet,1.8.6,FALSE,35:35.3
dev100970,cust100970,android,4.4.11,FALSE,50:23.9
dev100971,cust100971,feature_phone,4.0.20,FALSE,33:37.6
dev100972,cust100972,tablet,2.1.9,FALSE,49:49.4
dev100973,cust100973,feature_phone,2.0.9,FALSE,45:50.6
dev100974,cust100974,ios,4.4.8,FALSE,28:47.9
dev100975,cust100975,tablet,1.9.10,TRUE,22:22.9
dev100976,cust100976,ios,2.4.10,FALSE,56:56.7
dev100977,cust100977,tablet,2.5.18,FALSE,48:13.8
dev100978,cust100978,android,4.9.19,FALSE,09:32.4
dev100979,cust100979,feature_phone,2.8.0,FALSE,29:10.3
dev100980,cust100980,android,3.7.4,FALSE,01:59.9
dev100981,cust100981,tablet,3.7.1,FALSE,11:54.0
dev100982,cust100982,ios,2.8.17,FALSE,57:23.1
dev100983,cust100983,android,4.5.18,FALSE,27:13.0
dev100984,cust100984,android,4.4.7,FALSE,50:15.8
dev100985,cust100985,ios,2.3.18,FALSE,21:32.1
dev100986,cust100986,ios,2.1.15,FALSE,21:53.7
dev100987,cust100987,ios,2.2.7,FALSE,34:33.5
dev100988,cust100988,ios,4.4.20,FALSE,23:26.4
dev100989,cust100989,tablet,3.1.1,FALSE,04:24.1
dev100990,cust100990,ios,2.0.9,FALSE,30:19.3
dev100991,cust100991,android,2.8.11,TRUE,36:58.4
dev100992,cust100992,ios,4.3.1,FALSE,34:37.3
dev100993,cust100993,feature_phone,4.2.9,FALSE,22:40.3
dev100994,cust100994,tablet,4.5.13,TRUE,21:26.6
dev100995,cust100995,ios,3.6.10,FALSE,03:54.9
dev100996,cust100996,ios,4.5.20,FALSE,23:53.3
dev100997,cust100997,tablet,2.7.15,FALSE,34:27.8
dev100998,cust100998,ios,3.8.12,FALSE,47:28.7
dev100999,cust100999,feature_phone,1.6.15,FALSE,50:21.3
dev101000,cust101000,ios,1.1.4,FALSE,08:56.7
dev101001,cust101001,feature_phone,1.7.8,FALSE,00:02.6
dev101002,cust101002,tablet,4.1.7,FALSE,02:09.9
dev101003,cust101003,ios,1.0.13,FALSE,01:03.8
dev101004,cust101004,ios,3.2.11,FALSE,27:54.0
dev101005,cust101005,android,4.0.3,FALSE,13:25.4
dev101006,cust101006,android,1.2.9,FALSE,24:57.3
dev101007,cust101007,tablet,1.4.13,FALSE,20:48.3
dev101008,cust101008,tablet,3.0.2,FALSE,41:04.1
dev101009,cust101009,ios,3.8.15,FALSE,23:46.2
dev101010,cust101010,feature_phone,2.7.13,FALSE,26:33.6
dev101011,cust101011,tablet,2.3.18,FALSE,39:51.4
dev101012,cust101012,tablet,1.2.5,FALSE,24:00.5
dev101013,cust101013,tablet,3.4.7,FALSE,52:36.5
dev101014,cust101014,android,3.5.19,FALSE,24:44.0
dev101015,cust101015,feature_phone,4.7.15,FALSE,03:08.0
dev101016,cust101016,feature_phone,2.5.12,FALSE,22:24.1
dev101017,cust101017,ios,4.9.19,FALSE,23:44.5
dev101018,cust101018,ios,4.1.10,FALSE,49:34.0
dev101019,cust101019,feature_phone,2.1.4,FALSE,15:49.2
dev101020,cust101020,android,3.2.3,FALSE,10:46.6
dev101021,cust101021,ios,1.4.1,FALSE,42:17.1
dev101022,cust101022,ios,3.6.13,FALSE,31:21.3
dev101023,cust101023,android,2.6.5,FALSE,51:48.6
dev101024,cust101024,ios,4.1.3,FALSE,13:18.1
dev101025,cust101025,feature_phone,2.5.8,FALSE,28:06.5
dev101026,cust101026,ios,3.2.4,FALSE,40:37.9
dev101027,cust101027,feature_phone,1.1.6,FALSE,02:10.0
dev101028,cust101028,feature_phone,2.1.7,FALSE,45:48.5
dev101029,cust101029,tablet,4.9.10,FALSE,55:06.0
dev101030,cust101030,ios,1.4.7,FALSE,50:36.4
dev101031,cust101031,android,1.1.6,FALSE,23:40.3
dev101032,cust101032,tablet,2.9.17,FALSE,44:07.3
dev101033,cust101033,tablet,2.0.2,FALSE,17:48.4
dev101034,cust101034,ios,4.4.11,FALSE,10:23.9
dev101035,cust101035,ios,3.8.7,FALSE,27:51.6
dev101036,cust101036,feature_phone,3.5.17,FALSE,36:56.9
dev101037,cust101037,ios,2.6.0,FALSE,37:44.6
dev101038,cust101038,ios,4.7.0,FALSE,51:18.2
dev101039,cust101039,feature_phone,1.1.15,FALSE,58:39.7
dev101040,cust101040,feature_phone,2.3.16,FALSE,22:16.0
dev101041,cust101041,android,1.8.9,FALSE,43:21.5
dev101042,cust101042,ios,2.6.5,FALSE,58:52.3
dev101043,cust101043,android,2.1.5,FALSE,35:07.2
dev101044,cust101044,ios,4.4.8,TRUE,51:48.9
dev101045,cust101045,ios,3.9.11,FALSE,40:09.4
dev101046,cust101046,tablet,4.9.3,FALSE,28:57.3
dev101047,cust101047,ios,3.5.5,FALSE,44:28.4
dev101048,cust101048,feature_phone,4.5.20,FALSE,19:46.4
dev101049,cust101049,ios,2.9.2,FALSE,38:52.1
dev101050,cust101050,ios,2.6.18,FALSE,00:46.7
dev101051,cust101051,android,2.7.2,FALSE,43:03.4
dev101052,cust101052,tablet,3.3.16,FALSE,01:40.9
dev101053,cust101053,ios,2.4.13,FALSE,56:14.4
dev101054,cust101054,android,4.7.15,FALSE,58:58.3
dev101055,cust101055,feature_phone,4.0.2,FALSE,13:26.9
dev101056,cust101056,feature_phone,3.7.14,FALSE,27:22.5
dev101057,cust101057,ios,4.7.2,FALSE,19:46.2
dev101058,cust101058,android,2.7.14,FALSE,04:11.1
dev101059,cust101059,tablet,1.5.17,FALSE,06:05.5
dev101060,cust101060,tablet,2.1.6,FALSE,54:00.9
dev101061,cust101061,tablet,1.1.18,FALSE,53:08.9
dev101062,cust101062,feature_phone,1.6.4,FALSE,14:50.3
dev101063,cust101063,ios,2.1.13,FALSE,13:43.5
dev101064,cust101064,ios,2.8.1,FALSE,12:53.9
dev101065,cust101065,android,3.0.16,FALSE,06:02.2
dev101066,cust101066,tablet,4.0.7,FALSE,39:27.9
dev101067,cust101067,feature_phone,4.1.4,FALSE,00:36.6
dev101068,cust101068,android,2.5.5,TRUE,30:27.7
dev101069,cust101069,ios,2.9.18,FALSE,38:23.2
dev101070,cust101070,tablet,3.1.0,FALSE,17:33.4
dev101071,cust101071,feature_phone,3.2.3,FALSE,02:00.9
dev101072,cust101072,android,4.6.0,FALSE,18:45.8
dev101073,cust101073,android,1.8.6,FALSE,12:12.4
dev101074,cust101074,feature_phone,2.0.20,FALSE,34:10.8
dev101075,cust101075,android,1.4.16,FALSE,10:03.6
dev101076,cust101076,feature_phone,4.3.17,FALSE,23:26.1
dev101077,cust101077,tablet,3.4.0,FALSE,15:29.8
dev101078,cust101078,feature_phone,3.4.0,FALSE,28:57.2
dev101079,cust101079,feature_phone,4.0.14,FALSE,38:08.5
dev101080,cust101080,ios,3.3.8,FALSE,50:58.8
dev101081,cust101081,feature_phone,2.5.18,FALSE,28:18.6
dev101082,cust101082,ios,3.5.4,FALSE,39:11.0
dev101083,cust101083,tablet,2.3.16,FALSE,34:06.8
dev101084,cust101084,ios,1.4.9,FALSE,24:28.7
dev101085,cust101085,tablet,1.3.9,FALSE,51:30.0
dev101086,cust101086,tablet,3.0.8,FALSE,05:30.0
dev101087,cust101087,tablet,1.7.9,FALSE,33:29.7
dev101088,cust101088,ios,4.9.14,FALSE,37:47.0
dev101089,cust101089,ios,3.8.8,FALSE,19:25.6
dev101090,cust101090,tablet,4.4.8,FALSE,41:00.6
dev101091,cust101091,feature_phone,1.8.7,FALSE,16:45.6
dev101092,cust101092,android,4.2.0,FALSE,11:00.4
dev101093,cust101093,android,4.4.0,FALSE,45:02.0
dev101094,cust101094,feature_phone,2.8.0,FALSE,23:01.1
dev101095,cust101095,ios,4.5.11,FALSE,41:07.0
dev101096,cust101096,android,3.6.2,FALSE,15:12.8
dev101097,cust101097,feature_phone,3.2.5,FALSE,28:06.7
dev101098,cust101098,tablet,3.2.12,FALSE,09:15.0
dev101099,cust101099,android,4.6.17,FALSE,25:28.1
dev101100,cust101100,android,4.1.1,TRUE,12:48.5
dev101101,cust101101,ios,1.3.7,FALSE,32:57.1
dev101102,cust101102,ios,3.1.12,FALSE,38:16.4
dev101103,cust101103,tablet,3.7.12,FALSE,30:27.4
dev101104,cust101104,android,2.0.12,FALSE,47:51.9
dev101105,cust101105,ios,1.8.8,FALSE,52:01.8
dev101106,cust101106,tablet,4.0.1,FALSE,19:13.8
dev101107,cust101107,feature_phone,2.1.14,FALSE,32:02.2
dev101108,cust101108,tablet,3.7.19,FALSE,25:02.7
dev101109,cust101109,feature_phone,3.4.19,FALSE,04:52.3
dev101110,cust101110,tablet,3.1.13,FALSE,04:54.3
dev101111,cust101111,android,2.4.18,FALSE,45:40.9
dev101112,cust101112,ios,4.8.13,FALSE,38:27.5
dev101113,cust101113,ios,2.1.12,FALSE,08:17.4
dev101114,cust101114,feature_phone,1.3.20,FALSE,51:00.4
dev101115,cust101115,ios,1.5.3,FALSE,24:33.5
dev101116,cust101116,tablet,4.3.6,FALSE,38:58.0
dev101117,cust101117,tablet,1.8.19,FALSE,33:48.1
dev101118,cust101118,android,4.1.15,FALSE,50:46.7
dev101119,cust101119,ios,4.8.1,FALSE,25:41.2
dev101120,cust101120,feature_phone,3.2.12,FALSE,52:52.7
dev101121,cust101121,tablet,4.2.5,FALSE,52:26.7
dev101122,cust101122,android,4.3.0,FALSE,15:23.0
dev101123,cust101123,ios,4.3.0,FALSE,30:18.9
dev101124,cust101124,feature_phone,1.0.12,FALSE,50:17.9
dev101125,cust101125,android,1.0.4,FALSE,10:39.5
dev101126,cust101126,ios,4.6.13,FALSE,36:58.5
dev101127,cust101127,feature_phone,1.8.0,FALSE,59:04.7
dev101128,cust101128,feature_phone,4.3.19,FALSE,44:17.3
dev101129,cust101129,android,3.9.15,FALSE,11:52.5
dev101130,cust101130,android,1.9.1,FALSE,02:13.0
dev101131,cust101131,android,2.0.6,FALSE,57:52.7
dev101132,cust101132,android,2.8.8,FALSE,31:51.4
dev101133,cust101133,android,3.2.19,FALSE,01:34.0
dev101134,cust101134,feature_phone,4.8.13,FALSE,15:47.1
dev101135,cust101135,tablet,4.2.7,FALSE,14:40.7
dev101136,cust101136,tablet,2.9.3,FALSE,55:55.9
dev101137,cust101137,ios,2.8.11,FALSE,41:53.8
dev101138,cust101138,android,1.2.17,FALSE,21:49.5
dev101139,cust101139,ios,3.2.10,FALSE,09:33.9
dev101140,cust101140,ios,2.3.12,FALSE,58:11.8
dev101141,cust101141,feature_phone,1.7.20,FALSE,30:48.5
dev101142,cust101142,ios,2.4.12,FALSE,01:19.1
dev101143,cust101143,ios,2.5.11,FALSE,49:22.6
dev101144,cust101144,android,1.3.0,TRUE,40:12.7
dev101145,cust101145,ios,4.7.3,FALSE,55:36.3
dev101146,cust101146,android,3.9.3,FALSE,34:40.5
dev101147,cust101147,android,4.1.15,FALSE,43:06.3
dev101148,cust101148,ios,4.3.13,FALSE,23:20.1
dev101149,cust101149,tablet,4.4.5,FALSE,51:56.1
dev101150,cust101150,android,1.1.5,FALSE,27:15.7
dev101151,cust101151,ios,2.1.18,FALSE,16:34.1
dev101152,cust101152,android,3.3.7,FALSE,34:30.7
dev101153,cust101153,tablet,2.2.0,FALSE,52:05.2
dev101154,cust101154,tablet,1.4.2,FALSE,56:18.9
dev101155,cust101155,android,1.1.20,FALSE,05:01.9
dev101156,cust101156,android,3.7.7,FALSE,25:27.1
dev101157,cust101157,tablet,3.2.0,FALSE,40:52.5
dev101158,cust101158,feature_phone,1.7.8,FALSE,11:27.0
dev101159,cust101159,android,3.6.20,FALSE,28:03.3
dev101160,cust101160,android,3.9.9,FALSE,44:07.8
dev101161,cust101161,ios,2.8.3,FALSE,53:07.1
dev101162,cust101162,feature_phone,4.0.12,TRUE,59:36.8
dev101163,cust101163,ios,1.8.20,FALSE,28:02.6
dev101164,cust101164,android,4.3.10,FALSE,24:21.8
dev101165,cust101165,android,4.3.7,FALSE,57:40.4
dev101166,cust101166,ios,3.1.4,FALSE,29:48.3
dev101167,cust101167,ios,4.2.0,FALSE,27:16.4
dev101168,cust101168,ios,2.1.17,FALSE,02:12.8
dev101169,cust101169,android,2.5.12,FALSE,31:42.6
dev101170,cust101170,tablet,3.5.13,FALSE,27:42.4
dev101171,cust101171,android,2.6.18,FALSE,03:02.7
dev101172,cust101172,ios,3.5.3,FALSE,52:41.9
dev101173,cust101173,tablet,3.9.5,TRUE,15:29.8
dev101174,cust101174,tablet,1.2.16,FALSE,50:13.3
dev101175,cust101175,feature_phone,3.7.3,FALSE,26:21.6
dev101176,cust101176,tablet,4.5.14,FALSE,27:33.0
dev101177,cust101177,ios,4.6.6,FALSE,57:11.8
dev101178,cust101178,feature_phone,3.8.19,FALSE,07:51.8
dev101179,cust101179,ios,3.5.19,FALSE,02:48.9
dev101180,cust101180,tablet,3.4.6,TRUE,39:34.1
dev101181,cust101181,feature_phone,3.6.9,FALSE,24:05.5
dev101182,cust101182,android,3.8.19,FALSE,38:25.9
dev101183,cust101183,ios,1.0.15,FALSE,02:38.2
dev101184,cust101184,ios,1.9.17,FALSE,38:01.0
dev101185,cust101185,ios,3.7.18,FALSE,21:52.5
dev101186,cust101186,ios,2.1.15,FALSE,33:46.2
dev101187,cust101187,ios,2.4.19,FALSE,14:48.5
dev101188,cust101188,android,3.4.19,FALSE,22:14.9
dev101189,cust101189,android,2.0.19,FALSE,09:45.0
dev101190,cust101190,tablet,2.3.12,FALSE,25:47.9
dev101191,cust101191,android,1.9.7,FALSE,34:23.0
dev101192,cust101192,feature_phone,1.3.9,FALSE,36:50.0
dev101193,cust101193,android,3.0.19,FALSE,51:36.2
dev101194,cust101194,feature_phone,3.0.3,FALSE,56:00.5
dev101195,cust101195,android,2.8.10,FALSE,27:52.8
dev101196,cust101196,android,2.8.6,FALSE,19:32.5
dev101197,cust101197,feature_phone,1.2.1,FALSE,24:30.2
dev101198,cust101198,feature_phone,4.0.11,FALSE,17:51.2
dev101199,cust101199,android,2.6.17,FALSE,26:50.3
dev101200,cust101200,ios,3.6.19,FALSE,44:07.0
dev101201,cust101201,android,3.3.1,TRUE,23:23.6
dev101202,cust101202,tablet,1.7.9,FALSE,51:08.3
dev101203,cust101203,android,4.7.13,FALSE,19:04.3
dev101204,cust101204,android,3.9.7,FALSE,24:08.4
dev101205,cust101205,ios,4.8.14,FALSE,33:28.5
dev101206,cust101206,feature_phone,1.6.1,FALSE,26:42.0
dev101207,cust101207,ios,1.2.12,FALSE,01:18.0
dev101208,cust101208,android,2.6.7,FALSE,53:27.9
dev101209,cust101209,android,1.4.9,FALSE,46:46.2
dev101210,cust101210,tablet,1.2.7,FALSE,14:28.6
dev101211,cust101211,android,4.8.15,FALSE,44:59.0
dev101212,cust101212,ios,2.0.9,FALSE,34:50.9
dev101213,cust101213,android,3.8.14,FALSE,11:19.3
dev101214,cust101214,ios,2.1.1,FALSE,43:26.5
dev101215,cust101215,feature_phone,3.9.16,FALSE,10:10.0
dev101216,cust101216,ios,3.3.14,FALSE,30:02.6
dev101217,cust101217,ios,3.7.18,FALSE,50:31.6
dev101218,cust101218,ios,4.5.6,FALSE,20:02.8
dev101219,cust101219,ios,1.6.8,FALSE,50:08.9
dev101220,cust101220,android,4.9.5,FALSE,24:49.1
dev101221,cust101221,tablet,1.2.1,FALSE,22:55.7
dev101222,cust101222,feature_phone,3.3.2,TRUE,48:04.9
dev101223,cust101223,tablet,3.5.2,FALSE,55:12.4
dev101224,cust101224,ios,2.3.17,FALSE,16:59.4
dev101225,cust101225,feature_phone,3.9.2,FALSE,55:01.7
dev101226,cust101226,tablet,4.0.14,FALSE,32:50.0
dev101227,cust101227,tablet,2.4.19,FALSE,55:29.0
dev101228,cust101228,ios,1.8.15,FALSE,08:00.7
dev101229,cust101229,ios,1.8.5,FALSE,48:27.7
dev101230,cust101230,ios,4.5.0,FALSE,49:31.4
dev101231,cust101231,feature_phone,1.5.7,FALSE,37:46.9
dev101232,cust101232,android,1.6.8,TRUE,32:48.0
dev101233,cust101233,tablet,3.7.11,FALSE,43:29.1
dev101234,cust101234,tablet,1.5.14,FALSE,39:15.5
dev101235,cust101235,tablet,1.3.18,FALSE,11:58.1
dev101236,cust101236,android,1.8.15,FALSE,52:44.1
dev101237,cust101237,android,2.6.1,FALSE,02:09.3
dev101238,cust101238,tablet,3.1.4,FALSE,54:25.5
dev101239,cust101239,android,1.5.14,FALSE,20:03.0
dev101240,cust101240,feature_phone,3.6.13,FALSE,08:42.0
dev101241,cust101241,ios,2.5.16,FALSE,24:42.7
dev101242,cust101242,android,4.4.20,FALSE,57:27.7
dev101243,cust101243,feature_phone,4.0.13,FALSE,12:20.5
dev101244,cust101244,feature_phone,1.3.8,FALSE,25:05.8
dev101245,cust101245,tablet,1.7.16,FALSE,38:29.2
dev101246,cust101246,ios,2.1.14,FALSE,42:17.9
dev101247,cust101247,ios,1.5.18,FALSE,54:36.8
dev101248,cust101248,android,3.8.19,FALSE,43:55.4
dev101249,cust101249,feature_phone,3.1.7,FALSE,03:07.2
dev101250,cust101250,ios,2.8.16,FALSE,46:45.2
dev101251,cust101251,tablet,1.1.20,FALSE,13:03.6
dev101252,cust101252,ios,1.1.7,FALSE,19:35.8
dev101253,cust101253,android,3.5.11,FALSE,17:12.5
dev101254,cust101254,tablet,1.8.3,FALSE,27:30.6
dev101255,cust101255,android,3.4.2,FALSE,14:58.2
dev101256,cust101256,ios,4.5.19,FALSE,35:41.4
dev101257,cust101257,ios,1.9.9,FALSE,05:37.4
dev101258,cust101258,ios,1.9.8,FALSE,51:12.7
dev101259,cust101259,android,3.0.7,FALSE,22:23.5
dev101260,cust101260,tablet,4.0.13,FALSE,20:32.8
dev101261,cust101261,android,3.4.9,FALSE,13:35.2
dev101262,cust101262,tablet,3.3.1,FALSE,27:48.2
dev101263,cust101263,feature_phone,4.5.19,FALSE,10:44.3
dev101264,cust101264,tablet,3.5.20,FALSE,58:02.5
dev101265,cust101265,android,4.2.5,FALSE,47:04.4
dev101266,cust101266,ios,3.5.10,FALSE,15:07.6
dev101267,cust101267,ios,2.7.6,FALSE,48:27.5
dev101268,cust101268,tablet,4.8.6,FALSE,55:17.3
dev101269,cust101269,tablet,4.7.8,FALSE,40:49.7
dev101270,cust101270,tablet,3.4.13,FALSE,38:17.6
dev101271,cust101271,feature_phone,2.3.4,FALSE,04:05.1
dev101272,cust101272,ios,1.2.13,FALSE,12:56.6
dev101273,cust101273,ios,4.3.19,FALSE,23:28.8
dev101274,cust101274,feature_phone,3.6.4,FALSE,34:27.9
dev101275,cust101275,feature_phone,1.3.16,FALSE,44:07.0
dev101276,cust101276,feature_phone,2.4.0,FALSE,15:42.2
dev101277,cust101277,tablet,3.2.0,FALSE,40:30.9
dev101278,cust101278,tablet,4.9.5,FALSE,10:45.5
dev101279,cust101279,feature_phone,4.4.7,FALSE,04:02.7
dev101280,cust101280,feature_phone,3.9.0,TRUE,30:47.5
dev101281,cust101281,ios,3.5.16,FALSE,05:23.1
dev101282,cust101282,feature_phone,3.4.7,FALSE,40:28.9
dev101283,cust101283,feature_phone,1.5.20,FALSE,10:38.3
dev101284,cust101284,feature_phone,3.9.0,FALSE,43:18.4
dev101285,cust101285,feature_phone,3.7.3,FALSE,15:24.9
dev101286,cust101286,ios,4.0.2,FALSE,07:30.1
dev101287,cust101287,ios,2.2.9,FALSE,14:07.3
dev101288,cust101288,ios,2.6.1,FALSE,12:45.7
dev101289,cust101289,tablet,1.5.2,FALSE,45:45.4
dev101290,cust101290,feature_phone,2.5.13,TRUE,02:41.5
dev101291,cust101291,ios,4.4.17,FALSE,12:57.4
dev101292,cust101292,android,3.8.15,FALSE,59:38.4
dev101293,cust101293,tablet,3.0.16,FALSE,32:59.7
dev101294,cust101294,feature_phone,4.5.17,FALSE,19:19.2
dev101295,cust101295,android,3.4.17,FALSE,47:21.8
dev101296,cust101296,android,3.9.17,FALSE,43:15.4
dev101297,cust101297,ios,2.1.17,FALSE,01:27.4
dev101298,cust101298,tablet,3.9.15,FALSE,54:49.2
dev101299,cust101299,feature_phone,1.8.12,FALSE,03:44.0
dev101300,cust101300,feature_phone,1.4.10,FALSE,38:24.2
dev101301,cust101301,android,2.2.12,FALSE,55:06.0
dev101302,cust101302,android,2.2.16,FALSE,19:13.1
dev101303,cust101303,ios,1.2.2,FALSE,12:31.5
dev101304,cust101304,tablet,1.5.20,FALSE,20:37.3
dev101305,cust101305,feature_phone,1.1.9,FALSE,26:06.4
dev101306,cust101306,tablet,4.0.2,FALSE,46:56.3
dev101307,cust101307,feature_phone,2.6.18,FALSE,25:38.4
dev101308,cust101308,feature_phone,3.1.5,FALSE,00:30.3
dev101309,cust101309,feature_phone,2.9.16,FALSE,57:07.3
dev101310,cust101310,tablet,1.2.19,FALSE,20:49.7
dev101311,cust101311,tablet,2.1.1,FALSE,36:51.2
dev101312,cust101312,ios,2.2.6,TRUE,53:54.9
dev101313,cust101313,feature_phone,2.6.19,FALSE,34:58.1
dev101314,cust101314,feature_phone,4.2.12,FALSE,40:37.8
dev101315,cust101315,feature_phone,4.6.11,FALSE,23:09.5
dev101316,cust101316,ios,2.9.10,FALSE,28:46.6
dev101317,cust101317,android,4.1.17,FALSE,28:58.4
dev101318,cust101318,tablet,4.9.6,FALSE,01:42.8
dev101319,cust101319,android,3.4.6,FALSE,03:24.0
dev101320,cust101320,android,3.7.3,FALSE,36:10.9
dev101321,cust101321,ios,4.0.12,FALSE,38:50.6
dev101322,cust101322,ios,3.9.20,FALSE,30:15.3
dev101323,cust101323,tablet,4.8.17,FALSE,02:04.2
dev101324,cust101324,tablet,4.4.9,FALSE,08:25.8
dev101325,cust101325,android,2.9.18,FALSE,29:10.4
dev101326,cust101326,android,3.0.17,FALSE,04:46.2
dev101327,cust101327,feature_phone,1.5.9,FALSE,50:53.4
dev101328,cust101328,tablet,4.8.19,FALSE,56:13.3
dev101329,cust101329,android,2.4.14,FALSE,07:23.0
dev101330,cust101330,feature_phone,2.2.16,FALSE,12:26.7
dev101331,cust101331,android,3.5.4,FALSE,23:12.5
dev101332,cust101332,tablet,1.5.6,FALSE,50:33.8
dev101333,cust101333,feature_phone,1.5.5,FALSE,25:28.1
dev101334,cust101334,feature_phone,4.9.7,FALSE,22:23.2
dev101335,cust101335,feature_phone,4.5.0,FALSE,45:03.8
dev101336,cust101336,tablet,3.1.10,TRUE,10:23.1
dev101337,cust101337,ios,3.2.14,FALSE,01:27.1
dev101338,cust101338,android,1.8.20,FALSE,01:09.7
dev101339,cust101339,feature_phone,3.5.7,FALSE,08:00.5
dev101340,cust101340,android,1.6.7,FALSE,49:04.7
dev101341,cust101341,feature_phone,4.6.11,FALSE,47:30.5
dev101342,cust101342,tablet,4.1.10,FALSE,16:27.2
dev101343,cust101343,feature_phone,2.7.16,FALSE,29:03.3
dev101344,cust101344,ios,2.7.15,FALSE,38:38.3
dev101345,cust101345,ios,2.2.12,FALSE,07:57.9
dev101346,cust101346,android,1.1.8,FALSE,07:02.6
dev101347,cust101347,feature_phone,4.5.5,FALSE,59:03.4
dev101348,cust101348,feature_phone,1.6.12,FALSE,54:50.9
dev101349,cust101349,ios,4.0.8,FALSE,36:22.5
dev101350,cust101350,android,1.5.0,FALSE,49:54.1
dev101351,cust101351,ios,1.8.0,FALSE,32:11.6
dev101352,cust101352,feature_phone,3.4.5,FALSE,18:10.2
dev101353,cust101353,android,1.1.13,FALSE,25:31.8
dev101354,cust101354,feature_phone,4.2.19,FALSE,54:28.3
dev101355,cust101355,ios,4.6.0,FALSE,13:10.7
dev101356,cust101356,feature_phone,3.8.15,TRUE,54:18.5
dev101357,cust101357,android,1.9.3,FALSE,51:48.8
dev101358,cust101358,feature_phone,4.3.15,FALSE,55:17.0
dev101359,cust101359,ios,2.7.3,FALSE,39:16.6
dev101360,cust101360,android,3.6.14,FALSE,20:00.4
dev101361,cust101361,ios,1.4.10,FALSE,07:30.2
dev101362,cust101362,feature_phone,2.9.11,FALSE,36:29.2
dev101363,cust101363,feature_phone,1.1.10,FALSE,24:27.3
dev101364,cust101364,android,4.1.15,FALSE,02:54.8
dev101365,cust101365,android,4.8.19,FALSE,01:24.7
dev101366,cust101366,tablet,1.9.10,FALSE,53:32.2
dev101367,cust101367,feature_phone,3.5.20,FALSE,38:42.3
dev101368,cust101368,feature_phone,3.8.12,FALSE,41:40.0
dev101369,cust101369,tablet,4.7.18,FALSE,06:02.5
dev101370,cust101370,android,4.7.0,FALSE,20:35.3
dev101371,cust101371,tablet,2.3.16,FALSE,10:53.3
dev101372,cust101372,tablet,1.0.18,FALSE,47:56.6
dev101373,cust101373,feature_phone,3.9.0,FALSE,18:22.0
dev101374,cust101374,feature_phone,2.3.16,FALSE,00:27.0
dev101375,cust101375,ios,4.4.20,FALSE,37:05.0
dev101376,cust101376,feature_phone,4.1.13,FALSE,50:59.4
dev101377,cust101377,tablet,3.5.18,FALSE,34:20.3
dev101378,cust101378,feature_phone,4.0.19,FALSE,57:59.7
dev101379,cust101379,android,1.0.19,FALSE,03:14.7
dev101380,cust101380,tablet,4.8.9,FALSE,48:46.9
dev101381,cust101381,android,1.0.16,FALSE,43:56.2
dev101382,cust101382,ios,2.2.9,FALSE,43:42.3
dev101383,cust101383,ios,4.6.20,FALSE,24:58.5
dev101384,cust101384,tablet,2.3.0,FALSE,44:08.8
dev101385,cust101385,ios,1.6.5,FALSE,15:30.4
dev101386,cust101386,tablet,3.2.4,FALSE,57:46.8
dev101387,cust101387,ios,2.7.7,FALSE,40:40.5
dev101388,cust101388,ios,2.3.10,FALSE,37:19.6
dev101389,cust101389,tablet,2.4.20,TRUE,24:44.5
dev101390,cust101390,android,4.0.3,FALSE,33:45.4
dev101391,cust101391,ios,3.2.0,FALSE,21:45.6
dev101392,cust101392,ios,4.5.9,FALSE,33:27.3
dev101393,cust101393,ios,3.6.15,FALSE,24:58.1
dev101394,cust101394,feature_phone,4.1.12,FALSE,22:39.7
dev101395,cust101395,android,2.9.5,FALSE,58:50.1
dev101396,cust101396,tablet,3.4.4,FALSE,35:07.7
dev101397,cust101397,ios,3.8.12,FALSE,24:16.5
dev101398,cust101398,android,1.0.6,FALSE,45:22.6
dev101399,cust101399,android,1.8.14,FALSE,14:02.7
dev101400,cust101400,tablet,2.6.0,FALSE,06:24.6
dev101401,cust101401,tablet,4.9.9,FALSE,34:06.3
dev101402,cust101402,android,2.8.17,FALSE,24:12.4
dev101403,cust101403,feature_phone,2.1.20,FALSE,54:18.7
dev101404,cust101404,tablet,4.8.5,FALSE,35:54.6
dev101405,cust101405,feature_phone,4.2.19,FALSE,31:56.4
dev101406,cust101406,ios,3.0.16,FALSE,20:27.1
dev101407,cust101407,feature_phone,4.2.16,FALSE,31:49.9
dev101408,cust101408,android,2.8.15,FALSE,43:02.7
dev101409,cust101409,android,3.3.11,FALSE,35:58.8
dev101410,cust101410,ios,3.6.6,FALSE,35:22.1
dev101411,cust101411,tablet,1.7.16,FALSE,11:46.4
dev101412,cust101412,ios,1.6.11,FALSE,48:00.6
dev101413,cust101413,feature_phone,4.9.4,TRUE,06:44.1
dev101414,cust101414,feature_phone,3.2.20,FALSE,52:44.7
dev101415,cust101415,feature_phone,2.3.2,FALSE,38:53.9
dev101416,cust101416,ios,1.8.3,FALSE,06:54.4
dev101417,cust101417,feature_phone,2.5.19,TRUE,55:38.7
dev101418,cust101418,android,2.1.14,FALSE,08:40.4
dev101419,cust101419,android,1.4.13,FALSE,47:44.0
dev101420,cust101420,ios,2.6.15,FALSE,12:41.2
dev101421,cust101421,feature_phone,4.1.18,FALSE,29:54.7
dev101422,cust101422,feature_phone,2.5.13,FALSE,02:22.8
dev101423,cust101423,feature_phone,3.8.3,FALSE,00:52.1
dev101424,cust101424,ios,1.6.12,FALSE,28:38.1
dev101425,cust101425,tablet,1.7.8,FALSE,10:35.4
dev101426,cust101426,tablet,3.3.16,FALSE,31:40.8
dev101427,cust101427,ios,2.6.13,FALSE,15:39.4
dev101428,cust101428,feature_phone,3.7.6,FALSE,49:30.6
dev101429,cust101429,ios,2.9.2,FALSE,26:56.0
dev101430,cust101430,feature_phone,4.5.9,FALSE,15:03.7
dev101431,cust101431,ios,1.1.20,FALSE,46:38.0
dev101432,cust101432,ios,2.0.10,FALSE,08:43.9
dev101433,cust101433,tablet,3.7.6,FALSE,49:56.2
dev101434,cust101434,tablet,1.7.19,FALSE,55:26.8
dev101435,cust101435,android,1.9.6,FALSE,02:53.5
dev101436,cust101436,feature_phone,4.4.7,FALSE,26:04.4
dev101437,cust101437,tablet,4.1.19,FALSE,40:05.5
dev101438,cust101438,tablet,4.1.5,FALSE,05:20.7
dev101439,cust101439,feature_phone,3.0.13,FALSE,50:32.3
dev101440,cust101440,tablet,3.8.10,FALSE,32:40.4
dev101441,cust101441,tablet,2.8.19,FALSE,49:58.6
dev101442,cust101442,ios,4.5.0,FALSE,35:05.2
dev101443,cust101443,tablet,3.6.1,FALSE,47:00.2
dev101444,cust101444,tablet,4.0.8,FALSE,18:00.5
dev101445,cust101445,feature_phone,4.6.13,FALSE,07:54.5
dev101446,cust101446,android,4.0.14,FALSE,05:50.9
dev101447,cust101447,android,1.0.10,FALSE,15:56.9
dev101448,cust101448,feature_phone,1.1.17,FALSE,03:56.8
dev101449,cust101449,android,1.0.10,FALSE,16:46.0
dev101450,cust101450,ios,4.4.6,FALSE,52:28.4
dev101451,cust101451,tablet,1.4.17,FALSE,38:28.9
dev101452,cust101452,feature_phone,2.8.20,FALSE,09:56.0
dev101453,cust101453,android,4.9.13,FALSE,07:34.0
dev101454,cust101454,feature_phone,3.6.12,FALSE,15:03.0
dev101455,cust101455,ios,4.2.13,FALSE,24:38.1
dev101456,cust101456,tablet,2.4.18,FALSE,47:19.7
dev101457,cust101457,android,2.5.17,FALSE,23:37.5
dev101458,cust101458,tablet,4.6.12,FALSE,58:40.4
dev101459,cust101459,feature_phone,3.0.2,FALSE,21:02.9
dev101460,cust101460,ios,2.1.17,TRUE,31:00.9
dev101461,cust101461,feature_phone,3.9.6,TRUE,55:08.7
dev101462,cust101462,feature_phone,3.9.5,FALSE,10:00.3
dev101463,cust101463,ios,2.6.13,FALSE,10:31.8
dev101464,cust101464,tablet,2.7.16,FALSE,30:54.6
dev101465,cust101465,feature_phone,2.3.18,FALSE,31:22.9
dev101466,cust101466,tablet,1.2.6,FALSE,55:13.9
dev101467,cust101467,ios,3.3.19,FALSE,29:22.6
dev101468,cust101468,feature_phone,4.5.14,FALSE,07:35.4
dev101469,cust101469,feature_phone,3.8.18,FALSE,35:15.5
dev101470,cust101470,ios,4.4.1,FALSE,58:49.0
dev101471,cust101471,ios,2.5.0,FALSE,26:43.8
dev101472,cust101472,tablet,4.9.4,TRUE,49:24.2
dev101473,cust101473,android,3.0.20,FALSE,30:57.4
dev101474,cust101474,android,2.8.8,FALSE,40:41.7
dev101475,cust101475,feature_phone,1.1.10,FALSE,52:35.6
dev101476,cust101476,tablet,4.6.1,FALSE,49:41.3
dev101477,cust101477,ios,1.0.17,FALSE,56:59.5
dev101478,cust101478,android,4.3.20,FALSE,57:14.3
dev101479,cust101479,tablet,2.5.17,FALSE,23:35.2
dev101480,cust101480,feature_phone,4.3.2,FALSE,21:50.4
dev101481,cust101481,android,3.5.12,FALSE,18:09.5
dev101482,cust101482,android,2.3.4,FALSE,43:37.5
dev101483,cust101483,android,4.3.3,FALSE,06:53.2
dev101484,cust101484,feature_phone,2.1.5,FALSE,17:12.6
dev101485,cust101485,ios,4.6.14,FALSE,06:27.7
dev101486,cust101486,tablet,4.3.2,FALSE,09:26.9
dev101487,cust101487,android,1.9.7,FALSE,52:40.5
dev101488,cust101488,feature_phone,1.5.8,FALSE,18:04.3
dev101489,cust101489,android,1.6.15,FALSE,22:52.7
dev101490,cust101490,tablet,1.1.3,FALSE,12:01.4
dev101491,cust101491,feature_phone,4.0.4,FALSE,58:33.5
dev101492,cust101492,tablet,2.7.1,FALSE,28:25.7
dev101493,cust101493,android,1.3.1,FALSE,26:14.6
dev101494,cust101494,feature_phone,3.9.8,FALSE,53:08.8
dev101495,cust101495,ios,3.7.6,FALSE,18:01.0
dev101496,cust101496,tablet,4.9.15,FALSE,02:14.4
dev101497,cust101497,android,4.8.9,FALSE,00:21.2
dev101498,cust101498,tablet,1.9.15,FALSE,29:38.8
dev101499,cust101499,ios,1.9.7,FALSE,46:31.0
dev101500,cust101500,tablet,1.1.10,FALSE,58:28.9
dev101501,cust101501,feature_phone,1.4.14,FALSE,59:05.5
dev101502,cust101502,ios,3.6.1,FALSE,20:17.8
dev101503,cust101503,ios,4.9.1,FALSE,34:24.7
dev101504,cust101504,android,1.2.8,FALSE,00:23.8
dev101505,cust101505,ios,2.5.13,FALSE,19:06.6
dev101506,cust101506,feature_phone,2.3.11,FALSE,36:18.7
dev101507,cust101507,android,4.8.14,FALSE,44:19.4
dev101508,cust101508,android,4.6.2,FALSE,19:36.3
dev101509,cust101509,ios,2.3.5,FALSE,35:08.5
dev101510,cust101510,tablet,1.4.8,FALSE,21:31.6
dev101511,cust101511,ios,1.7.17,FALSE,14:24.2
dev101512,cust101512,feature_phone,2.2.0,FALSE,01:36.8
dev101513,cust101513,tablet,4.5.16,FALSE,47:38.3
dev101514,cust101514,android,3.2.4,FALSE,51:04.2
dev101515,cust101515,android,3.5.17,FALSE,59:03.3
dev101516,cust101516,feature_phone,1.2.20,FALSE,28:56.7
dev101517,cust101517,ios,4.9.5,FALSE,37:23.1
dev101518,cust101518,ios,4.6.8,FALSE,11:00.5
dev101519,cust101519,android,2.4.5,FALSE,48:56.5
dev101520,cust101520,android,4.0.4,FALSE,41:52.8
dev101521,cust101521,feature_phone,4.6.9,FALSE,12:22.6
dev101522,cust101522,ios,3.3.2,FALSE,07:26.7
dev101523,cust101523,feature_phone,3.7.15,FALSE,22:23.5
dev101524,cust101524,feature_phone,2.3.5,FALSE,24:32.8
dev101525,cust101525,tablet,2.0.19,FALSE,50:57.6
dev101526,cust101526,feature_phone,4.0.15,FALSE,28:43.2
dev101527,cust101527,ios,2.6.1,FALSE,58:05.8
dev101528,cust101528,tablet,4.1.5,TRUE,52:38.8
dev101529,cust101529,feature_phone,4.8.5,FALSE,03:15.8
dev101530,cust101530,android,3.4.1,FALSE,49:55.9
dev101531,cust101531,tablet,1.4.5,TRUE,38:08.5
dev101532,cust101532,tablet,2.3.12,FALSE,12:53.4
dev101533,cust101533,feature_phone,1.8.7,FALSE,49:44.5
dev101534,cust101534,feature_phone,4.7.6,FALSE,17:00.6
dev101535,cust101535,feature_phone,1.7.6,FALSE,32:16.5
dev101536,cust101536,android,1.3.7,FALSE,10:07.0
dev101537,cust101537,ios,3.6.17,FALSE,51:07.9
dev101538,cust101538,feature_phone,3.7.11,FALSE,56:55.3
dev101539,cust101539,android,4.5.17,FALSE,59:54.8
dev101540,cust101540,tablet,1.2.14,FALSE,10:07.6
dev101541,cust101541,tablet,3.2.7,FALSE,13:59.7
dev101542,cust101542,android,1.8.7,FALSE,38:56.7
dev101543,cust101543,ios,4.7.4,FALSE,03:58.1
dev101544,cust101544,ios,2.0.7,FALSE,24:57.0
dev101545,cust101545,android,3.9.9,FALSE,04:08.9
dev101546,cust101546,android,3.7.10,FALSE,15:25.4
dev101547,cust101547,android,2.2.15,FALSE,43:33.1
dev101548,cust101548,android,2.8.6,FALSE,15:57.1
dev101549,cust101549,tablet,3.1.6,FALSE,47:14.3
dev101550,cust101550,ios,2.2.2,FALSE,52:23.8
dev101551,cust101551,feature_phone,2.3.18,FALSE,24:44.9
dev101552,cust101552,ios,3.2.16,FALSE,54:40.5
dev101553,cust101553,ios,3.9.17,FALSE,28:07.1
dev101554,cust101554,ios,2.4.18,FALSE,26:39.2
dev101555,cust101555,tablet,4.4.1,TRUE,34:07.9
dev101556,cust101556,ios,1.7.1,FALSE,07:01.7
dev101557,cust101557,feature_phone,1.3.6,FALSE,26:21.9
dev101558,cust101558,android,2.1.0,FALSE,32:13.3
dev101559,cust101559,ios,1.8.13,FALSE,05:42.3
dev101560,cust101560,feature_phone,4.5.15,FALSE,11:45.5
dev101561,cust101561,android,1.7.2,FALSE,02:07.9
dev101562,cust101562,feature_phone,3.7.20,FALSE,52:42.1
dev101563,cust101563,feature_phone,3.1.9,FALSE,55:13.8
dev101564,cust101564,ios,1.0.16,FALSE,11:34.2
dev101565,cust101565,feature_phone,3.6.17,FALSE,31:39.5
dev101566,cust101566,feature_phone,1.2.9,FALSE,27:47.4
dev101567,cust101567,ios,3.0.0,FALSE,51:26.2
dev101568,cust101568,feature_phone,1.1.10,FALSE,52:29.2
dev101569,cust101569,tablet,1.2.20,FALSE,02:03.0
dev101570,cust101570,ios,4.3.9,FALSE,29:01.1
dev101571,cust101571,android,2.3.6,FALSE,41:32.4
dev101572,cust101572,ios,1.7.9,FALSE,31:39.7
dev101573,cust101573,feature_phone,4.7.20,FALSE,55:31.4
dev101574,cust101574,tablet,3.6.7,FALSE,43:33.2
dev101575,cust101575,feature_phone,4.8.1,FALSE,12:55.7
dev101576,cust101576,tablet,1.2.14,FALSE,57:29.5
dev101577,cust101577,feature_phone,1.4.2,FALSE,51:53.5
dev101578,cust101578,ios,2.6.5,FALSE,32:52.7
dev101579,cust101579,feature_phone,3.5.7,FALSE,36:39.6
dev101580,cust101580,android,2.7.6,FALSE,59:33.9
dev101581,cust101581,tablet,2.4.13,FALSE,18:52.2
dev101582,cust101582,ios,1.0.3,FALSE,14:06.2
dev101583,cust101583,feature_phone,3.9.20,FALSE,03:51.4
dev101584,cust101584,android,1.0.7,FALSE,55:06.7
dev101585,cust101585,feature_phone,4.9.14,FALSE,48:58.9
dev101586,cust101586,feature_phone,2.1.17,FALSE,08:41.9
dev101587,cust101587,ios,1.3.5,TRUE,27:15.7
dev101588,cust101588,feature_phone,1.3.7,FALSE,36:40.4
dev101589,cust101589,tablet,2.8.6,TRUE,37:15.8
dev101590,cust101590,ios,2.5.11,FALSE,12:11.4
dev101591,cust101591,android,1.0.14,FALSE,56:32.7
dev101592,cust101592,tablet,4.5.15,FALSE,35:45.2
dev101593,cust101593,tablet,2.7.9,FALSE,17:46.2
dev101594,cust101594,feature_phone,2.0.11,FALSE,02:54.1
dev101595,cust101595,tablet,2.2.9,FALSE,50:09.5
dev101596,cust101596,tablet,1.4.20,FALSE,22:13.9
dev101597,cust101597,android,4.8.12,FALSE,49:47.3
dev101598,cust101598,feature_phone,4.7.2,FALSE,47:07.8
dev101599,cust101599,feature_phone,3.0.10,FALSE,06:05.4
dev101600,cust101600,tablet,4.1.14,FALSE,04:54.2
dev101601,cust101601,android,3.8.11,TRUE,55:25.8
dev101602,cust101602,feature_phone,4.7.20,FALSE,40:55.9
dev101603,cust101603,feature_phone,3.6.6,FALSE,16:58.4
dev101604,cust101604,feature_phone,3.7.14,FALSE,40:53.1
dev101605,cust101605,ios,3.5.16,FALSE,56:23.3
dev101606,cust101606,ios,4.8.12,FALSE,32:50.0
dev101607,cust101607,tablet,4.1.4,FALSE,15:27.0
dev101608,cust101608,tablet,1.9.20,FALSE,10:08.1
dev101609,cust101609,tablet,2.9.12,FALSE,56:10.2
dev101610,cust101610,tablet,2.6.3,FALSE,20:50.7
dev101611,cust101611,android,3.3.3,FALSE,25:29.6
dev101612,cust101612,android,2.0.15,FALSE,37:55.6
dev101613,cust101613,tablet,1.2.1,FALSE,08:18.0
dev101614,cust101614,android,2.3.2,FALSE,31:56.1
dev101615,cust101615,ios,3.4.13,FALSE,14:49.4
dev101616,cust101616,tablet,1.6.8,FALSE,05:46.9
dev101617,cust101617,feature_phone,3.6.7,FALSE,25:52.8
dev101618,cust101618,ios,4.0.1,FALSE,34:19.2
dev101619,cust101619,ios,1.1.4,FALSE,58:26.5
dev101620,cust101620,tablet,4.6.6,FALSE,05:34.1
dev101621,cust101621,feature_phone,3.9.1,FALSE,44:53.8
dev101622,cust101622,feature_phone,4.0.7,FALSE,22:58.1
dev101623,cust101623,android,4.7.7,FALSE,44:37.3
dev101624,cust101624,feature_phone,1.1.6,FALSE,32:03.6
dev101625,cust101625,feature_phone,4.6.3,FALSE,32:34.5
dev101626,cust101626,ios,2.0.1,FALSE,46:07.3
dev101627,cust101627,tablet,4.2.7,FALSE,43:12.7
dev101628,cust101628,android,1.8.19,FALSE,40:32.0
dev101629,cust101629,feature_phone,4.5.6,FALSE,57:11.3
dev101630,cust101630,ios,1.4.18,FALSE,16:41.3
dev101631,cust101631,ios,2.6.5,FALSE,07:40.0
dev101632,cust101632,tablet,2.0.6,FALSE,32:48.0
dev101633,cust101633,tablet,2.2.6,FALSE,05:05.0
dev101634,cust101634,android,4.1.13,FALSE,22:45.1
dev101635,cust101635,ios,4.5.16,FALSE,27:02.5
dev101636,cust101636,tablet,4.9.8,FALSE,32:37.0
dev101637,cust101637,android,3.6.3,FALSE,09:52.2
dev101638,cust101638,tablet,4.0.4,FALSE,36:49.6
dev101639,cust101639,feature_phone,3.7.9,FALSE,57:49.7
dev101640,cust101640,ios,2.0.20,FALSE,52:05.0
dev101641,cust101641,android,1.4.3,FALSE,44:07.3
dev101642,cust101642,ios,3.6.16,FALSE,11:04.8
dev101643,cust101643,feature_phone,1.8.20,FALSE,09:51.7
dev101644,cust101644,ios,3.4.17,FALSE,03:26.8
dev101645,cust101645,tablet,3.7.19,FALSE,02:29.0
dev101646,cust101646,ios,1.9.9,FALSE,26:37.9
dev101647,cust101647,feature_phone,2.2.14,FALSE,03:32.6
dev101648,cust101648,feature_phone,2.9.0,FALSE,18:22.3
dev101649,cust101649,tablet,4.0.1,FALSE,44:23.9
dev101650,cust101650,tablet,2.1.17,FALSE,02:24.1
dev101651,cust101651,ios,2.9.3,FALSE,53:40.7
dev101652,cust101652,ios,3.0.9,FALSE,42:39.7
dev101653,cust101653,feature_phone,4.9.11,FALSE,55:27.6
dev101654,cust101654,feature_phone,3.9.14,FALSE,30:13.8
dev101655,cust101655,ios,2.1.5,FALSE,50:09.6
dev101656,cust101656,ios,4.7.8,FALSE,51:48.9
dev101657,cust101657,tablet,2.3.15,FALSE,40:27.7
dev101658,cust101658,tablet,3.6.12,FALSE,12:23.6
dev101659,cust101659,ios,3.5.8,FALSE,22:53.4
dev101660,cust101660,feature_phone,1.0.17,FALSE,59:00.7
dev101661,cust101661,android,2.8.19,FALSE,49:20.2
dev101662,cust101662,ios,3.1.4,FALSE,13:54.1
dev101663,cust101663,android,4.8.12,FALSE,36:52.6
dev101664,cust101664,feature_phone,3.2.9,FALSE,53:55.4
dev101665,cust101665,android,2.0.14,FALSE,16:49.2
dev101666,cust101666,ios,2.9.4,FALSE,12:50.5
dev101667,cust101667,ios,4.9.14,FALSE,50:23.2
dev101668,cust101668,feature_phone,3.9.11,FALSE,33:14.0
dev101669,cust101669,tablet,3.4.4,FALSE,46:42.7
dev101670,cust101670,tablet,1.9.11,FALSE,54:37.0
dev101671,cust101671,ios,1.1.17,FALSE,24:09.6
dev101672,cust101672,feature_phone,3.7.1,FALSE,19:07.7
dev101673,cust101673,feature_phone,4.3.1,FALSE,25:44.4
dev101674,cust101674,ios,1.9.17,FALSE,55:24.5
dev101675,cust101675,android,4.8.10,FALSE,54:35.3
dev101676,cust101676,feature_phone,2.3.6,FALSE,06:12.6
dev101677,cust101677,ios,3.0.14,FALSE,28:06.6
dev101678,cust101678,android,1.8.18,FALSE,34:41.3
dev101679,cust101679,feature_phone,3.4.1,FALSE,47:26.6
dev101680,cust101680,ios,2.2.16,FALSE,47:02.9
dev101681,cust101681,feature_phone,4.0.11,FALSE,55:24.3
dev101682,cust101682,android,1.7.12,FALSE,07:00.0
dev101683,cust101683,android,4.0.19,FALSE,54:04.9
dev101684,cust101684,android,3.0.15,FALSE,45:33.1
dev101685,cust101685,android,1.2.0,FALSE,11:06.1
dev101686,cust101686,tablet,2.5.1,FALSE,52:38.5
dev101687,cust101687,ios,4.6.18,FALSE,49:52.1
dev101688,cust101688,android,4.3.4,FALSE,10:10.7
dev101689,cust101689,feature_phone,1.1.4,TRUE,53:08.2
dev101690,cust101690,android,1.0.5,FALSE,16:59.8
dev101691,cust101691,feature_phone,3.2.2,FALSE,31:34.3
dev101692,cust101692,feature_phone,2.4.6,FALSE,13:24.3
dev101693,cust101693,tablet,4.0.14,FALSE,08:45.4
dev101694,cust101694,ios,1.6.0,FALSE,34:17.9
dev101695,cust101695,tablet,1.7.17,FALSE,04:52.7
dev101696,cust101696,feature_phone,4.8.16,FALSE,15:27.9
dev101697,cust101697,feature_phone,2.1.14,TRUE,49:44.6
dev101698,cust101698,tablet,2.7.4,TRUE,36:18.3
dev101699,cust101699,android,2.1.6,FALSE,39:59.1
dev101700,cust101700,tablet,2.4.17,FALSE,03:54.1
dev101701,cust101701,android,1.5.1,FALSE,59:22.9
dev101702,cust101702,tablet,2.0.2,FALSE,20:30.7
dev101703,cust101703,ios,1.1.13,FALSE,31:38.9
dev101704,cust101704,android,3.4.20,FALSE,38:48.3
dev101705,cust101705,ios,4.3.14,FALSE,20:58.2
dev101706,cust101706,feature_phone,2.1.19,FALSE,49:00.5
dev101707,cust101707,android,3.3.1,FALSE,21:46.0
dev101708,cust101708,tablet,4.8.8,FALSE,23:38.6
dev101709,cust101709,android,4.0.16,FALSE,57:43.0
dev101710,cust101710,ios,4.6.10,FALSE,26:56.2
dev101711,cust101711,android,1.6.4,FALSE,30:45.7
dev101712,cust101712,feature_phone,1.0.0,FALSE,24:16.4
dev101713,cust101713,feature_phone,4.4.11,FALSE,58:55.2
dev101714,cust101714,feature_phone,1.2.3,FALSE,12:14.1
dev101715,cust101715,tablet,3.1.0,FALSE,32:15.8
dev101716,cust101716,android,3.4.9,FALSE,27:58.4
dev101717,cust101717,tablet,3.3.2,FALSE,38:47.4
dev101718,cust101718,android,2.3.12,FALSE,17:05.3
dev101719,cust101719,tablet,3.7.0,FALSE,12:22.3
dev101720,cust101720,android,3.2.18,FALSE,18:05.2
dev101721,cust101721,feature_phone,1.5.11,FALSE,45:48.2
dev101722,cust101722,android,3.6.2,TRUE,24:05.6
dev101723,cust101723,feature_phone,1.3.16,FALSE,28:37.9
dev101724,cust101724,feature_phone,4.6.4,FALSE,49:03.8
dev101725,cust101725,tablet,2.8.15,FALSE,12:55.4
dev101726,cust101726,feature_phone,2.2.16,FALSE,50:20.0
dev101727,cust101727,android,2.3.9,FALSE,16:09.3
dev101728,cust101728,android,2.1.0,FALSE,14:08.4
dev101729,cust101729,feature_phone,4.6.0,FALSE,12:00.5
dev101730,cust101730,tablet,1.5.11,FALSE,34:22.2
dev101731,cust101731,tablet,1.7.16,FALSE,47:36.0
dev101732,cust101732,android,4.3.10,FALSE,31:23.4
dev101733,cust101733,ios,2.2.10,FALSE,12:23.9
dev101734,cust101734,tablet,4.2.12,FALSE,58:28.2
dev101735,cust101735,android,1.2.14,FALSE,26:20.7
dev101736,cust101736,android,4.4.6,FALSE,01:20.9
dev101737,cust101737,tablet,4.5.18,FALSE,30:09.4
dev101738,cust101738,feature_phone,2.2.12,FALSE,39:34.6
dev101739,cust101739,ios,3.6.7,TRUE,48:47.4
dev101740,cust101740,tablet,4.9.0,FALSE,02:49.6
dev101741,cust101741,tablet,3.8.6,FALSE,39:13.0
dev101742,cust101742,ios,2.0.16,FALSE,46:49.3
dev101743,cust101743,tablet,2.5.3,FALSE,23:52.4
dev101744,cust101744,ios,1.4.16,FALSE,56:31.8
dev101745,cust101745,android,4.9.11,FALSE,18:30.7
dev101746,cust101746,feature_phone,4.2.11,FALSE,27:36.5
dev101747,cust101747,ios,4.1.15,FALSE,15:31.2
dev101748,cust101748,ios,3.2.14,FALSE,07:36.3
dev101749,cust101749,feature_phone,3.9.13,FALSE,48:34.1
dev101750,cust101750,feature_phone,3.7.17,FALSE,15:06.4
dev101751,cust101751,tablet,1.4.13,FALSE,42:23.2
dev101752,cust101752,feature_phone,1.8.8,FALSE,04:37.5
dev101753,cust101753,feature_phone,3.8.14,FALSE,08:00.5
dev101754,cust101754,feature_phone,3.6.18,FALSE,17:00.3
dev101755,cust101755,tablet,4.7.16,FALSE,05:29.4
dev101756,cust101756,android,1.7.0,FALSE,47:01.6
dev101757,cust101757,ios,3.7.4,FALSE,26:59.4
dev101758,cust101758,ios,2.9.2,FALSE,58:31.7
dev101759,cust101759,ios,1.7.12,FALSE,36:06.9
dev101760,cust101760,tablet,4.7.13,FALSE,51:07.5
dev101761,cust101761,feature_phone,1.7.8,FALSE,53:02.7
dev101762,cust101762,android,4.3.13,FALSE,41:58.2
dev101763,cust101763,ios,1.4.3,FALSE,31:00.1
dev101764,cust101764,android,3.4.15,FALSE,14:28.8
dev101765,cust101765,android,3.5.8,FALSE,56:48.9
dev101766,cust101766,ios,4.4.8,FALSE,21:46.6
dev101767,cust101767,ios,2.7.15,FALSE,00:57.5
dev101768,cust101768,android,3.3.17,FALSE,00:13.2
dev101769,cust101769,feature_phone,1.1.1,FALSE,33:47.5
dev101770,cust101770,ios,4.3.5,FALSE,44:33.6
dev101771,cust101771,feature_phone,3.3.14,FALSE,46:47.4
dev101772,cust101772,tablet,2.9.5,FALSE,42:25.1
dev101773,cust101773,feature_phone,4.3.16,TRUE,37:12.3
dev101774,cust101774,feature_phone,2.6.1,FALSE,12:34.7
dev101775,cust101775,feature_phone,1.4.5,FALSE,47:28.0
dev101776,cust101776,feature_phone,4.6.20,FALSE,53:53.5
dev101777,cust101777,ios,1.9.8,FALSE,42:28.7
dev101778,cust101778,android,1.9.3,FALSE,06:27.5
dev101779,cust101779,feature_phone,3.8.13,FALSE,31:47.0
dev101780,cust101780,android,2.2.14,FALSE,32:30.0
dev101781,cust101781,tablet,2.4.14,FALSE,33:20.2
dev101782,cust101782,feature_phone,4.9.15,FALSE,43:46.0
dev101783,cust101783,tablet,1.2.0,FALSE,47:55.5
dev101784,cust101784,android,2.4.6,FALSE,47:20.2
dev101785,cust101785,feature_phone,3.2.8,FALSE,20:47.8
dev101786,cust101786,ios,1.9.11,FALSE,25:57.6
dev101787,cust101787,ios,2.5.7,FALSE,30:28.3
dev101788,cust101788,tablet,2.5.19,FALSE,43:17.4
dev101789,cust101789,android,2.4.8,FALSE,53:06.2
dev101790,cust101790,tablet,2.4.6,FALSE,17:54.6
dev101791,cust101791,tablet,4.6.19,FALSE,34:16.6
dev101792,cust101792,tablet,4.6.16,FALSE,11:40.0
dev101793,cust101793,tablet,3.4.3,TRUE,28:30.0
dev101794,cust101794,ios,4.5.14,FALSE,53:40.4
dev101795,cust101795,ios,1.8.7,FALSE,32:59.9
dev101796,cust101796,feature_phone,1.0.10,FALSE,29:25.0
dev101797,cust101797,android,3.7.1,FALSE,06:45.4
dev101798,cust101798,ios,4.2.5,FALSE,12:41.6
dev101799,cust101799,feature_phone,1.2.15,FALSE,21:05.7
dev101800,cust101800,android,2.6.1,FALSE,26:49.7
dev101801,cust101801,tablet,1.4.20,FALSE,36:53.0
dev101802,cust101802,tablet,3.7.12,FALSE,20:33.4
dev101803,cust101803,ios,2.9.4,FALSE,35:45.8
dev101804,cust101804,ios,4.9.19,FALSE,42:52.1
dev101805,cust101805,feature_phone,2.3.9,FALSE,59:05.4
dev101806,cust101806,tablet,2.3.2,FALSE,08:46.6
dev101807,cust101807,tablet,4.9.11,FALSE,28:53.8
dev101808,cust101808,android,2.9.15,FALSE,30:33.8
dev101809,cust101809,tablet,2.2.13,FALSE,56:27.5
dev101810,cust101810,android,2.5.5,FALSE,43:00.1
dev101811,cust101811,ios,2.2.9,FALSE,13:41.1
dev101812,cust101812,ios,3.6.3,FALSE,27:00.5
dev101813,cust101813,android,2.8.20,FALSE,21:39.4
dev101814,cust101814,feature_phone,2.4.1,FALSE,24:25.8
dev101815,cust101815,tablet,4.6.3,FALSE,41:35.0
dev101816,cust101816,tablet,2.9.19,FALSE,51:23.6
dev101817,cust101817,ios,4.2.9,FALSE,35:48.3
dev101818,cust101818,ios,3.4.14,FALSE,07:18.9
dev101819,cust101819,ios,3.9.2,FALSE,41:30.8
dev101820,cust101820,tablet,1.9.10,FALSE,37:35.0
dev101821,cust101821,feature_phone,2.5.8,FALSE,41:28.6
dev101822,cust101822,android,1.2.17,FALSE,09:17.5
dev101823,cust101823,ios,3.8.4,FALSE,45:33.4
dev101824,cust101824,feature_phone,2.3.5,FALSE,56:12.8
dev101825,cust101825,feature_phone,4.3.20,FALSE,24:35.6
dev101826,cust101826,ios,3.9.6,FALSE,39:42.8
dev101827,cust101827,ios,1.6.7,FALSE,30:54.4
dev101828,cust101828,tablet,2.1.5,FALSE,54:37.9
dev101829,cust101829,tablet,3.2.11,FALSE,49:40.9
dev101830,cust101830,feature_phone,3.4.4,FALSE,43:19.9
dev101831,cust101831,feature_phone,1.3.14,FALSE,27:21.6
dev101832,cust101832,feature_phone,4.6.13,FALSE,40:48.5
dev101833,cust101833,android,2.5.13,FALSE,16:34.3
dev101834,cust101834,feature_phone,1.0.9,FALSE,59:12.7
dev101835,cust101835,android,4.5.14,FALSE,52:12.8
dev101836,cust101836,ios,3.7.16,FALSE,16:49.8
dev101837,cust101837,tablet,4.5.10,FALSE,21:33.5
dev101838,cust101838,android,3.1.0,FALSE,01:15.4
dev101839,cust101839,tablet,1.5.13,TRUE,22:53.6
dev101840,cust101840,feature_phone,1.6.18,FALSE,49:47.6
dev101841,cust101841,android,4.3.5,FALSE,05:06.2
dev101842,cust101842,feature_phone,2.7.3,FALSE,43:44.5
dev101843,cust101843,tablet,2.0.5,FALSE,57:48.6
dev101844,cust101844,android,3.8.3,FALSE,32:05.9
dev101845,cust101845,feature_phone,4.8.5,FALSE,43:15.8
dev101846,cust101846,tablet,2.9.19,FALSE,23:53.5
dev101847,cust101847,tablet,4.7.17,FALSE,10:07.3
dev101848,cust101848,ios,3.2.3,FALSE,32:12.9
dev101849,cust101849,feature_phone,3.6.18,FALSE,22:46.4
dev101850,cust101850,tablet,3.9.14,FALSE,10:50.3
dev101851,cust101851,feature_phone,4.5.12,FALSE,53:32.9
dev101852,cust101852,ios,3.8.3,FALSE,28:34.2
dev101853,cust101853,tablet,1.9.12,FALSE,08:21.3
dev101854,cust101854,tablet,3.6.13,FALSE,50:37.0
dev101855,cust101855,android,4.9.5,FALSE,07:23.0
dev101856,cust101856,android,3.6.7,FALSE,32:13.5
dev101857,cust101857,tablet,1.0.6,FALSE,56:13.8
dev101858,cust101858,android,2.8.5,FALSE,23:41.9
dev101859,cust101859,android,3.8.3,FALSE,47:23.5
dev101860,cust101860,ios,4.7.13,FALSE,21:07.6
dev101861,cust101861,feature_phone,3.9.7,FALSE,41:10.9
dev101862,cust101862,tablet,2.5.12,FALSE,56:48.0
dev101863,cust101863,feature_phone,4.2.15,FALSE,15:40.9
dev101864,cust101864,feature_phone,2.3.4,FALSE,32:17.1
dev101865,cust101865,ios,1.6.10,FALSE,51:43.2
dev101866,cust101866,tablet,4.0.7,FALSE,24:49.3
dev101867,cust101867,ios,3.9.0,FALSE,59:13.7
dev101868,cust101868,android,2.9.15,FALSE,58:05.5
dev101869,cust101869,ios,1.2.2,FALSE,07:08.5
dev101870,cust101870,ios,2.8.13,FALSE,49:56.2
dev101871,cust101871,ios,1.8.16,FALSE,43:57.7
dev101872,cust101872,android,2.1.14,FALSE,47:50.7
dev101873,cust101873,ios,3.7.20,FALSE,25:54.9
dev101874,cust101874,android,3.6.16,FALSE,32:48.2
dev101875,cust101875,tablet,4.4.11,FALSE,51:25.0
dev101876,cust101876,tablet,3.7.1,FALSE,18:39.2
dev101877,cust101877,tablet,3.8.12,FALSE,50:40.4
dev101878,cust101878,ios,1.8.10,FALSE,02:02.0
dev101879,cust101879,ios,1.2.4,FALSE,50:10.5
dev101880,cust101880,ios,2.3.19,FALSE,02:09.7
dev101881,cust101881,feature_phone,4.1.7,FALSE,25:26.0
dev101882,cust101882,tablet,3.7.19,FALSE,54:49.7
dev101883,cust101883,tablet,4.9.10,FALSE,28:17.4
dev101884,cust101884,android,2.0.18,FALSE,06:35.8
dev101885,cust101885,ios,2.7.3,FALSE,05:29.7
dev101886,cust101886,feature_phone,1.6.14,FALSE,04:47.7
dev101887,cust101887,ios,1.5.11,FALSE,48:20.7
dev101888,cust101888,android,4.9.1,FALSE,54:45.8
dev101889,cust101889,feature_phone,1.0.7,FALSE,33:41.7
dev101890,cust101890,tablet,4.8.16,FALSE,48:59.7
dev101891,cust101891,ios,2.0.11,FALSE,13:06.6
dev101892,cust101892,ios,1.6.19,FALSE,43:54.1
dev101893,cust101893,tablet,1.2.10,FALSE,25:24.0
dev101894,cust101894,tablet,2.4.12,FALSE,29:08.4
dev101895,cust101895,tablet,3.4.5,FALSE,00:03.7
dev101896,cust101896,feature_phone,4.3.8,FALSE,47:41.2
dev101897,cust101897,android,2.8.9,FALSE,39:45.4
dev101898,cust101898,feature_phone,4.9.12,FALSE,40:04.3
dev101899,cust101899,ios,3.9.9,FALSE,31:36.4
dev101900,cust101900,feature_phone,4.7.15,FALSE,53:17.3
dev101901,cust101901,ios,2.7.20,FALSE,05:48.2
dev101902,cust101902,android,2.3.15,FALSE,21:28.0
dev101903,cust101903,feature_phone,4.6.7,FALSE,37:28.1
dev101904,cust101904,feature_phone,3.7.13,FALSE,55:32.6
dev101905,cust101905,feature_phone,2.4.14,FALSE,19:50.6
dev101906,cust101906,tablet,2.1.18,FALSE,48:16.9
dev101907,cust101907,ios,2.3.13,FALSE,59:40.2
dev101908,cust101908,tablet,2.8.8,FALSE,20:40.7
dev101909,cust101909,android,1.6.10,FALSE,26:45.6
dev101910,cust101910,tablet,3.0.15,FALSE,07:01.2
dev101911,cust101911,ios,4.0.0,FALSE,48:04.6
dev101912,cust101912,tablet,3.0.5,FALSE,01:34.2
dev101913,cust101913,ios,3.8.9,FALSE,54:40.6
dev101914,cust101914,ios,3.3.19,FALSE,45:02.1
dev101915,cust101915,feature_phone,4.9.11,FALSE,55:47.3
dev101916,cust101916,tablet,3.4.12,FALSE,38:20.6
dev101917,cust101917,tablet,3.0.17,FALSE,29:44.7
dev101918,cust101918,android,3.9.18,FALSE,13:32.3
dev101919,cust101919,android,1.4.13,TRUE,22:31.7
dev101920,cust101920,tablet,4.0.13,FALSE,27:37.7
dev101921,cust101921,ios,4.1.20,FALSE,38:18.3
dev101922,cust101922,ios,2.4.9,FALSE,14:07.1
dev101923,cust101923,tablet,4.4.2,FALSE,40:43.6
dev101924,cust101924,feature_phone,4.6.5,FALSE,14:07.7
dev101925,cust101925,ios,2.3.19,FALSE,10:09.7
dev101926,cust101926,feature_phone,2.9.6,FALSE,02:33.8
dev101927,cust101927,tablet,2.8.8,FALSE,39:19.8
dev101928,cust101928,ios,4.7.17,FALSE,28:56.7
dev101929,cust101929,ios,3.0.4,FALSE,29:26.0
dev101930,cust101930,android,1.5.20,TRUE,37:14.2
dev101931,cust101931,tablet,2.3.2,FALSE,55:52.8
dev101932,cust101932,tablet,1.3.15,FALSE,51:12.9
dev101933,cust101933,feature_phone,3.6.0,TRUE,56:53.1
dev101934,cust101934,android,2.5.4,FALSE,57:13.4
dev101935,cust101935,android,1.5.0,FALSE,47:17.7
dev101936,cust101936,android,2.6.8,FALSE,53:35.2
dev101937,cust101937,feature_phone,2.6.20,FALSE,34:33.6
dev101938,cust101938,android,2.8.10,FALSE,13:28.3
dev101939,cust101939,ios,3.4.7,FALSE,05:45.9
dev101940,cust101940,ios,4.9.5,FALSE,48:15.7
dev101941,cust101941,ios,1.9.11,FALSE,46:42.4
dev101942,cust101942,feature_phone,3.4.2,FALSE,58:05.2
dev101943,cust101943,android,4.3.6,FALSE,14:47.2
dev101944,cust101944,feature_phone,3.3.1,FALSE,48:24.2
dev101945,cust101945,android,4.8.12,FALSE,10:35.4
dev101946,cust101946,tablet,3.9.14,FALSE,23:22.5
dev101947,cust101947,tablet,4.3.20,FALSE,43:14.5
dev101948,cust101948,feature_phone,3.0.20,FALSE,57:30.4
dev101949,cust101949,android,1.3.13,FALSE,55:21.6
dev101950,cust101950,feature_phone,4.1.20,FALSE,35:02.3
dev101951,cust101951,android,2.9.3,FALSE,51:08.5
dev101952,cust101952,feature_phone,3.0.4,FALSE,13:00.5
dev101953,cust101953,ios,4.7.9,FALSE,12:52.1
dev101954,cust101954,feature_phone,4.5.11,FALSE,49:24.7
dev101955,cust101955,android,2.3.7,FALSE,51:51.9
dev101956,cust101956,feature_phone,2.4.7,FALSE,30:39.4
dev101957,cust101957,ios,1.1.0,FALSE,26:32.3
dev101958,cust101958,android,3.9.6,FALSE,59:18.2
dev101959,cust101959,ios,3.7.3,FALSE,58:29.8
dev101960,cust101960,feature_phone,3.5.0,FALSE,26:20.8
dev101961,cust101961,android,2.7.9,FALSE,18:27.8
dev101962,cust101962,tablet,3.3.14,FALSE,45:28.2
dev101963,cust101963,tablet,2.2.5,FALSE,19:14.4
dev101964,cust101964,feature_phone,4.5.7,FALSE,31:23.7
dev101965,cust101965,feature_phone,2.5.6,FALSE,03:09.2
dev101966,cust101966,feature_phone,2.9.18,FALSE,47:12.0
dev101967,cust101967,tablet,2.4.7,FALSE,27:43.8
dev101968,cust101968,ios,2.6.12,FALSE,32:31.5
dev101969,cust101969,feature_phone,4.0.19,FALSE,07:40.7
dev101970,cust101970,tablet,4.5.11,FALSE,32:31.5
dev101971,cust101971,feature_phone,1.2.14,TRUE,37:50.8
dev101972,cust101972,tablet,1.9.4,FALSE,16:04.6
dev101973,cust101973,tablet,2.9.9,FALSE,03:29.5
dev101974,cust101974,android,1.6.16,FALSE,03:08.6
dev101975,cust101975,ios,3.0.1,FALSE,49:13.9
dev101976,cust101976,feature_phone,1.8.10,FALSE,25:14.8
dev101977,cust101977,feature_phone,1.0.16,FALSE,31:36.3
dev101978,cust101978,tablet,3.5.7,FALSE,15:28.3
dev101979,cust101979,tablet,3.6.2,FALSE,52:54.4
dev101980,cust101980,tablet,2.2.13,FALSE,30:06.8
dev101981,cust101981,android,4.9.9,FALSE,48:57.7
dev101982,cust101982,android,3.6.6,FALSE,14:39.8
dev101983,cust101983,ios,2.4.0,FALSE,51:49.9
dev101984,cust101984,feature_phone,3.2.10,FALSE,34:27.8
dev101985,cust101985,tablet,4.7.14,FALSE,16:47.7
dev101986,cust101986,ios,3.3.17,FALSE,11:11.5
dev101987,cust101987,android,3.5.14,FALSE,01:13.0
dev101988,cust101988,android,3.7.14,FALSE,10:44.8
dev101989,cust101989,ios,4.7.8,FALSE,39:08.0
dev101990,cust101990,feature_phone,4.5.3,FALSE,57:45.6
dev101991,cust101991,feature_phone,1.8.0,FALSE,33:26.9
dev101992,cust101992,android,2.0.9,FALSE,03:02.1
dev101993,cust101993,tablet,1.1.19,FALSE,58:03.7
dev101994,cust101994,tablet,1.0.9,FALSE,18:27.2
dev101995,cust101995,android,4.0.16,FALSE,43:00.2
dev101996,cust101996,android,3.8.4,FALSE,24:05.6
dev101997,cust101997,tablet,4.3.15,FALSE,33:08.5
dev101998,cust101998,tablet,3.9.15,FALSE,11:37.1
dev101999,cust101999,feature_phone,2.9.12,FALSE,21:37.7
dev102000,cust102000,ios,3.8.4,FALSE,21:17.6
dev102001,cust102001,feature_phone,2.3.3,FALSE,48:05.6
dev102002,cust102002,tablet,3.7.16,FALSE,20:51.3
dev102003,cust102003,android,2.0.1,FALSE,29:06.8
dev102004,cust102004,tablet,1.1.18,FALSE,51:28.6
dev102005,cust102005,feature_phone,2.5.0,FALSE,41:57.5
dev102006,cust102006,tablet,2.6.12,FALSE,08:45.7
dev102007,cust102007,android,3.3.15,FALSE,04:18.9
dev102008,cust102008,android,2.9.10,FALSE,37:28.6
dev102009,cust102009,ios,4.3.2,FALSE,01:35.3
dev102010,cust102010,feature_phone,4.6.0,FALSE,55:10.6
dev102011,cust102011,ios,3.6.5,FALSE,25:10.6
dev102012,cust102012,tablet,4.4.17,FALSE,22:22.0
dev102013,cust102013,tablet,3.5.11,FALSE,24:44.6
dev102014,cust102014,feature_phone,3.3.14,FALSE,38:36.3
dev102015,cust102015,android,2.8.4,FALSE,41:46.0
dev102016,cust102016,ios,4.8.17,FALSE,48:08.0
dev102017,cust102017,feature_phone,4.2.4,FALSE,08:11.0
dev102018,cust102018,ios,3.1.20,FALSE,54:07.1
dev102019,cust102019,ios,1.7.16,FALSE,54:13.4
dev102020,cust102020,tablet,2.0.6,FALSE,20:59.7
dev102021,cust102021,ios,1.5.14,TRUE,26:38.0
dev102022,cust102022,tablet,4.1.17,FALSE,20:53.1
dev102023,cust102023,feature_phone,1.0.17,FALSE,13:06.6
dev102024,cust102024,feature_phone,4.5.16,FALSE,51:26.7
dev102025,cust102025,android,2.9.10,FALSE,14:00.2
dev102026,cust102026,tablet,1.8.15,FALSE,26:40.7
dev102027,cust102027,tablet,3.1.19,FALSE,31:43.9
dev102028,cust102028,ios,3.3.0,FALSE,14:49.9
dev102029,cust102029,android,3.4.8,FALSE,36:43.3
dev102030,cust102030,ios,1.3.1,FALSE,50:50.6
dev102031,cust102031,feature_phone,1.0.12,FALSE,45:44.6
dev102032,cust102032,ios,3.3.0,FALSE,53:27.5
dev102033,cust102033,feature_phone,4.0.1,FALSE,22:26.7
dev102034,cust102034,tablet,3.9.1,FALSE,22:37.6
dev102035,cust102035,android,2.4.14,FALSE,43:23.5
dev102036,cust102036,tablet,2.8.1,FALSE,29:57.3
dev102037,cust102037,feature_phone,1.2.8,FALSE,39:33.4
dev102038,cust102038,feature_phone,4.5.6,FALSE,34:58.0
dev102039,cust102039,ios,3.2.20,FALSE,35:32.1
dev102040,cust102040,android,4.4.11,FALSE,03:58.0
dev102041,cust102041,feature_phone,4.5.5,FALSE,29:18.6
dev102042,cust102042,android,3.8.2,FALSE,11:12.0
dev102043,cust102043,android,4.4.1,FALSE,10:23.0
dev102044,cust102044,feature_phone,4.6.14,FALSE,01:43.1
dev102045,cust102045,android,4.3.11,FALSE,41:16.4
dev102046,cust102046,ios,1.7.19,TRUE,36:44.7
dev102047,cust102047,tablet,3.9.15,FALSE,25:34.8
dev102048,cust102048,feature_phone,4.0.7,FALSE,17:13.9
dev102049,cust102049,tablet,3.9.12,FALSE,30:47.4
dev102050,cust102050,tablet,4.6.8,FALSE,16:43.0
dev102051,cust102051,feature_phone,4.8.1,FALSE,20:01.7
dev102052,cust102052,ios,2.0.19,FALSE,56:18.6
dev102053,cust102053,tablet,1.9.20,FALSE,52:49.1
dev102054,cust102054,tablet,4.7.1,FALSE,45:25.5
dev102055,cust102055,feature_phone,3.2.12,FALSE,28:47.0
dev102056,cust102056,android,1.5.19,FALSE,02:46.0
dev102057,cust102057,tablet,2.2.8,FALSE,36:27.8
dev102058,cust102058,ios,3.9.0,FALSE,09:09.8
dev102059,cust102059,tablet,3.6.14,FALSE,44:29.9
dev102060,cust102060,tablet,4.5.4,FALSE,41:54.4
dev102061,cust102061,tablet,3.9.17,FALSE,11:23.2
dev102062,cust102062,ios,4.8.11,FALSE,32:44.7
dev102063,cust102063,feature_phone,2.4.14,FALSE,04:56.9
dev102064,cust102064,tablet,3.1.15,FALSE,17:48.5
dev102065,cust102065,ios,2.1.9,FALSE,08:58.5
dev102066,cust102066,android,1.4.18,FALSE,45:05.9
dev102067,cust102067,android,1.9.1,FALSE,12:49.6
dev102068,cust102068,tablet,4.9.12,FALSE,53:20.0
dev102069,cust102069,ios,4.7.5,FALSE,59:06.0
dev102070,cust102070,feature_phone,1.5.2,FALSE,16:41.3
dev102071,cust102071,tablet,4.0.19,FALSE,05:30.2
dev102072,cust102072,feature_phone,2.2.1,FALSE,03:55.4
dev102073,cust102073,ios,3.4.16,FALSE,54:02.5
dev102074,cust102074,ios,1.7.9,FALSE,13:35.7
dev102075,cust102075,feature_phone,3.7.19,FALSE,21:34.0
dev102076,cust102076,tablet,4.3.0,FALSE,41:08.5
dev102077,cust102077,tablet,3.4.5,FALSE,43:29.5
dev102078,cust102078,tablet,2.1.17,FALSE,29:53.8
dev102079,cust102079,ios,4.4.1,FALSE,54:46.6
dev102080,cust102080,android,3.9.18,FALSE,48:05.5
dev102081,cust102081,android,4.8.3,FALSE,38:30.3
dev102082,cust102082,android,4.1.9,FALSE,23:19.8
dev102083,cust102083,feature_phone,3.6.20,FALSE,22:30.9
dev102084,cust102084,feature_phone,3.6.19,FALSE,00:53.6
dev102085,cust102085,ios,1.2.16,FALSE,38:50.7
dev102086,cust102086,tablet,3.2.7,FALSE,59:31.6
dev102087,cust102087,android,3.9.4,FALSE,44:59.4
dev102088,cust102088,ios,2.9.5,FALSE,02:13.2
dev102089,cust102089,ios,2.8.14,FALSE,40:40.8
dev102090,cust102090,feature_phone,1.9.19,FALSE,31:49.8
dev102091,cust102091,tablet,1.1.17,FALSE,33:36.9
dev102092,cust102092,android,4.0.19,FALSE,57:42.4
dev102093,cust102093,feature_phone,4.7.5,FALSE,18:23.8
dev102094,cust102094,tablet,3.3.7,FALSE,11:07.9
dev102095,cust102095,feature_phone,3.4.10,FALSE,02:43.1
dev102096,cust102096,tablet,2.3.17,FALSE,28:55.9
dev102097,cust102097,feature_phone,1.3.1,FALSE,49:19.0
dev102098,cust102098,ios,4.9.11,FALSE,11:48.9
dev102099,cust102099,tablet,2.0.8,FALSE,18:55.8
dev102100,cust102100,ios,2.6.19,FALSE,34:38.1
dev102101,cust102101,ios,4.6.10,FALSE,21:07.3
dev102102,cust102102,android,3.0.2,FALSE,13:38.6
dev102103,cust102103,tablet,3.7.1,FALSE,28:53.6
dev102104,cust102104,android,3.1.11,FALSE,20:14.5
dev102105,cust102105,android,4.3.18,FALSE,39:46.9
dev102106,cust102106,ios,2.7.7,FALSE,00:59.8
dev102107,cust102107,ios,4.2.9,FALSE,43:46.9
dev102108,cust102108,tablet,4.4.8,FALSE,46:48.0
dev102109,cust102109,feature_phone,2.8.9,FALSE,05:56.6
dev102110,cust102110,ios,4.5.9,FALSE,09:44.6
dev102111,cust102111,android,1.4.9,FALSE,24:56.8
dev102112,cust102112,feature_phone,4.7.0,FALSE,21:20.9
dev102113,cust102113,tablet,1.8.2,FALSE,37:21.0
dev102114,cust102114,tablet,1.5.6,FALSE,33:49.3
dev102115,cust102115,android,4.4.7,FALSE,10:34.2
dev102116,cust102116,feature_phone,4.1.6,FALSE,51:53.6
dev102117,cust102117,tablet,3.3.2,FALSE,31:50.1
dev102118,cust102118,feature_phone,4.4.6,FALSE,10:37.3
dev102119,cust102119,android,2.7.15,FALSE,44:54.4
dev102120,cust102120,ios,1.6.15,FALSE,04:31.4
dev102121,cust102121,feature_phone,1.0.19,FALSE,09:27.8
dev102122,cust102122,ios,3.0.4,FALSE,09:22.3
dev102123,cust102123,android,3.1.8,FALSE,06:38.7
dev102124,cust102124,tablet,4.7.19,FALSE,47:32.1
dev102125,cust102125,feature_phone,4.9.20,FALSE,30:15.8
dev102126,cust102126,feature_phone,4.0.14,FALSE,14:14.8
dev102127,cust102127,tablet,2.2.8,FALSE,33:32.1
dev102128,cust102128,ios,3.4.7,FALSE,52:26.4
dev102129,cust102129,tablet,1.5.8,FALSE,34:26.3
dev102130,cust102130,feature_phone,4.1.10,FALSE,36:42.7
dev102131,cust102131,ios,3.5.3,FALSE,26:28.9
dev102132,cust102132,tablet,2.7.7,FALSE,22:24.1
dev102133,cust102133,feature_phone,1.5.3,FALSE,20:55.6
dev102134,cust102134,ios,3.0.20,FALSE,51:11.7
dev102135,cust102135,tablet,1.9.4,FALSE,14:18.2
dev102136,cust102136,feature_phone,4.6.19,FALSE,52:20.8
dev102137,cust102137,android,3.4.3,FALSE,49:15.2
dev102138,cust102138,android,2.4.7,FALSE,24:33.0
dev102139,cust102139,feature_phone,1.4.5,FALSE,02:36.1
dev102140,cust102140,feature_phone,3.7.16,FALSE,41:21.7
dev102141,cust102141,android,3.6.17,FALSE,04:48.0
dev102142,cust102142,android,2.6.9,FALSE,04:05.0
dev102143,cust102143,tablet,1.1.14,FALSE,20:04.4
dev102144,cust102144,ios,4.3.15,FALSE,24:00.3
dev102145,cust102145,tablet,1.3.18,TRUE,19:10.0
dev102146,cust102146,feature_phone,2.5.16,FALSE,43:45.8
dev102147,cust102147,feature_phone,1.0.18,FALSE,13:43.7
dev102148,cust102148,feature_phone,3.8.3,FALSE,25:57.7
dev102149,cust102149,android,1.9.16,FALSE,49:35.0
dev102150,cust102150,ios,2.9.20,FALSE,16:24.5
dev102151,cust102151,android,2.2.1,FALSE,11:04.5
dev102152,cust102152,android,2.8.4,FALSE,08:12.4
dev102153,cust102153,tablet,1.0.9,FALSE,12:00.9
dev102154,cust102154,android,2.1.1,FALSE,22:49.1
dev102155,cust102155,feature_phone,2.7.6,FALSE,56:53.8
dev102156,cust102156,tablet,4.0.7,FALSE,50:07.7
dev102157,cust102157,ios,4.8.6,FALSE,58:40.1
dev102158,cust102158,feature_phone,3.0.1,FALSE,09:21.5
dev102159,cust102159,feature_phone,3.5.10,TRUE,28:39.8
dev102160,cust102160,android,1.9.15,FALSE,17:13.6
dev102161,cust102161,ios,3.3.6,FALSE,30:18.2
dev102162,cust102162,ios,3.9.11,FALSE,01:26.6
dev102163,cust102163,android,4.8.11,FALSE,40:10.8
dev102164,cust102164,ios,1.0.0,FALSE,12:48.8
dev102165,cust102165,ios,1.9.15,TRUE,32:22.4
dev102166,cust102166,tablet,1.1.10,FALSE,40:55.6
dev102167,cust102167,android,2.0.20,FALSE,30:36.0
dev102168,cust102168,ios,3.9.16,FALSE,31:57.7
dev102169,cust102169,android,4.3.10,FALSE,39:10.2
dev102170,cust102170,ios,2.1.5,FALSE,20:06.9
dev102171,cust102171,tablet,3.7.3,FALSE,38:16.0
dev102172,cust102172,android,3.7.3,FALSE,49:08.9
dev102173,cust102173,android,1.4.2,FALSE,59:32.0
dev102174,cust102174,android,3.9.18,FALSE,54:50.7
dev102175,cust102175,tablet,2.9.19,FALSE,17:36.3
dev102176,cust102176,android,3.1.6,FALSE,53:25.7
dev102177,cust102177,android,1.6.8,FALSE,42:08.8
dev102178,cust102178,android,3.1.16,FALSE,02:18.6
dev102179,cust102179,feature_phone,4.4.6,FALSE,18:31.0
dev102180,cust102180,android,1.6.2,FALSE,55:07.0
dev102181,cust102181,feature_phone,2.8.10,FALSE,06:02.7
dev102182,cust102182,android,1.0.16,FALSE,30:51.3
dev102183,cust102183,feature_phone,4.8.9,FALSE,16:53.9
dev102184,cust102184,feature_phone,3.0.18,FALSE,54:41.4
dev102185,cust102185,feature_phone,3.7.8,FALSE,36:04.0
dev102186,cust102186,tablet,2.3.13,FALSE,23:24.4
dev102187,cust102187,tablet,3.0.18,FALSE,58:35.7
dev102188,cust102188,android,3.8.14,FALSE,52:04.0
dev102189,cust102189,android,3.0.0,FALSE,05:37.7
dev102190,cust102190,feature_phone,3.2.1,TRUE,38:23.2
dev102191,cust102191,tablet,3.9.17,FALSE,55:41.9
dev102192,cust102192,feature_phone,4.1.10,FALSE,29:22.5
dev102193,cust102193,ios,2.3.20,FALSE,00:32.0
dev102194,cust102194,ios,1.9.13,FALSE,31:35.2
dev102195,cust102195,tablet,1.9.17,FALSE,56:41.3
dev102196,cust102196,feature_phone,2.5.8,FALSE,47:19.0
dev102197,cust102197,android,4.7.7,FALSE,13:14.9
dev102198,cust102198,ios,4.5.20,FALSE,24:44.3
dev102199,cust102199,tablet,2.9.10,FALSE,09:24.5
dev102200,cust102200,tablet,2.4.19,FALSE,18:13.4
dev102201,cust102201,feature_phone,3.7.12,FALSE,08:27.2
dev102202,cust102202,feature_phone,2.0.1,FALSE,24:32.0
dev102203,cust102203,ios,2.0.10,FALSE,03:49.7
dev102204,cust102204,android,2.8.17,FALSE,32:51.5
dev102205,cust102205,ios,1.2.1,FALSE,12:16.1
dev102206,cust102206,tablet,4.9.2,FALSE,53:59.7
dev102207,cust102207,tablet,1.9.7,FALSE,04:37.3
dev102208,cust102208,feature_phone,1.4.8,FALSE,15:56.9
dev102209,cust102209,ios,2.1.14,FALSE,47:13.0
dev102210,cust102210,android,4.4.3,FALSE,49:23.4
dev102211,cust102211,tablet,4.6.3,FALSE,33:31.8
dev102212,cust102212,android,3.4.10,FALSE,40:10.0
dev102213,cust102213,android,3.4.11,FALSE,41:39.2
dev102214,cust102214,android,2.4.13,FALSE,31:13.6
dev102215,cust102215,android,1.1.6,FALSE,12:08.8
dev102216,cust102216,tablet,4.0.1,FALSE,18:04.4
dev102217,cust102217,android,2.6.13,FALSE,12:41.5
dev102218,cust102218,feature_phone,4.0.11,FALSE,40:15.3
dev102219,cust102219,android,4.3.15,FALSE,26:10.1
dev102220,cust102220,feature_phone,4.1.3,FALSE,21:35.2
dev102221,cust102221,feature_phone,1.7.13,FALSE,03:38.9
dev102222,cust102222,ios,3.9.20,FALSE,11:12.4
dev102223,cust102223,feature_phone,3.6.6,FALSE,36:10.9
dev102224,cust102224,ios,1.0.5,FALSE,09:44.8
dev102225,cust102225,ios,3.2.8,FALSE,03:34.6
dev102226,cust102226,feature_phone,1.5.8,FALSE,39:19.3
dev102227,cust102227,android,3.2.13,FALSE,22:39.8
dev102228,cust102228,feature_phone,3.4.15,FALSE,49:59.2
dev102229,cust102229,ios,4.2.19,FALSE,08:26.2
dev102230,cust102230,ios,3.8.20,FALSE,25:09.9
dev102231,cust102231,ios,4.6.11,FALSE,14:05.7
dev102232,cust102232,android,3.2.5,FALSE,18:44.9
dev102233,cust102233,android,1.4.3,FALSE,23:50.7
dev102234,cust102234,ios,2.7.5,TRUE,54:05.1
dev102235,cust102235,android,3.3.4,FALSE,50:14.0
dev102236,cust102236,feature_phone,3.6.7,TRUE,37:20.0
dev102237,cust102237,tablet,2.7.1,FALSE,36:04.3
dev102238,cust102238,feature_phone,4.3.18,FALSE,07:51.9
dev102239,cust102239,ios,4.7.12,FALSE,13:16.9
dev102240,cust102240,ios,1.1.10,FALSE,43:12.1
dev102241,cust102241,ios,1.0.2,FALSE,05:55.6
dev102242,cust102242,feature_phone,1.2.6,FALSE,05:27.6
dev102243,cust102243,tablet,1.8.5,FALSE,53:30.8
dev102244,cust102244,tablet,2.8.3,FALSE,09:47.3
dev102245,cust102245,ios,2.8.9,FALSE,16:46.2
dev102246,cust102246,feature_phone,4.8.15,FALSE,22:00.5
dev102247,cust102247,ios,4.6.9,FALSE,27:47.0
dev102248,cust102248,feature_phone,2.1.0,FALSE,56:02.2
dev102249,cust102249,android,3.5.11,FALSE,42:06.3
dev102250,cust102250,tablet,2.3.8,FALSE,53:52.6
dev102251,cust102251,tablet,1.5.15,FALSE,59:17.8
dev102252,cust102252,feature_phone,2.9.13,FALSE,58:38.2
dev102253,cust102253,feature_phone,4.2.0,FALSE,29:32.4
dev102254,cust102254,android,3.9.3,FALSE,48:37.1
dev102255,cust102255,android,1.2.12,FALSE,02:00.4
dev102256,cust102256,android,2.1.12,FALSE,41:22.3
dev102257,cust102257,ios,2.6.10,FALSE,23:02.7
dev102258,cust102258,tablet,1.7.6,FALSE,19:08.9
dev102259,cust102259,ios,2.9.18,FALSE,47:49.5
dev102260,cust102260,feature_phone,3.5.7,TRUE,15:55.1
dev102261,cust102261,android,1.2.9,FALSE,11:55.8
dev102262,cust102262,android,4.9.0,FALSE,45:50.7
dev102263,cust102263,tablet,2.4.15,FALSE,18:57.4
dev102264,cust102264,android,3.0.2,FALSE,04:57.3
dev102265,cust102265,tablet,4.3.6,FALSE,20:21.5
dev102266,cust102266,feature_phone,2.9.4,FALSE,57:38.1
dev102267,cust102267,ios,4.9.2,FALSE,10:18.2
dev102268,cust102268,android,1.2.20,FALSE,52:16.0
dev102269,cust102269,tablet,1.3.8,FALSE,17:48.1
dev102270,cust102270,ios,2.0.9,FALSE,44:26.9
dev102271,cust102271,android,4.6.13,FALSE,28:07.1
dev102272,cust102272,android,2.3.20,FALSE,02:30.8
dev102273,cust102273,android,2.8.15,FALSE,25:37.3
dev102274,cust102274,ios,4.2.20,FALSE,19:43.9
dev102275,cust102275,ios,4.6.4,FALSE,44:34.8
dev102276,cust102276,ios,1.3.0,FALSE,13:14.6
dev102277,cust102277,feature_phone,2.5.17,FALSE,51:14.3
dev102278,cust102278,ios,3.5.16,FALSE,40:40.6
dev102279,cust102279,ios,4.3.10,FALSE,37:42.8
dev102280,cust102280,feature_phone,1.8.2,FALSE,50:26.7
dev102281,cust102281,feature_phone,2.6.10,FALSE,19:53.5
dev102282,cust102282,tablet,2.3.11,FALSE,49:12.3
dev102283,cust102283,android,2.8.17,FALSE,44:35.2
dev102284,cust102284,android,4.9.1,FALSE,28:42.7
dev102285,cust102285,ios,4.5.16,FALSE,26:55.9
dev102286,cust102286,tablet,2.2.17,FALSE,49:00.6
dev102287,cust102287,android,4.7.13,FALSE,45:44.4
dev102288,cust102288,tablet,2.4.1,FALSE,07:57.7
dev102289,cust102289,android,4.8.16,FALSE,32:03.7
dev102290,cust102290,feature_phone,3.0.6,FALSE,50:09.2
dev102291,cust102291,tablet,1.3.10,FALSE,59:16.7
dev102292,cust102292,feature_phone,2.3.10,FALSE,33:08.1
dev102293,cust102293,tablet,2.7.0,FALSE,15:01.5
dev102294,cust102294,android,4.7.6,FALSE,08:35.0
dev102295,cust102295,ios,4.8.17,FALSE,13:54.8
dev102296,cust102296,android,1.1.10,FALSE,40:03.1
dev102297,cust102297,ios,1.4.20,FALSE,30:38.4
dev102298,cust102298,android,3.6.13,FALSE,04:22.9
dev102299,cust102299,tablet,3.5.9,FALSE,39:40.4
dev102300,cust102300,feature_phone,1.9.15,FALSE,16:39.1
dev102301,cust102301,ios,4.6.8,FALSE,53:01.7
dev102302,cust102302,ios,3.2.6,TRUE,35:48.2
dev102303,cust102303,ios,2.9.4,FALSE,47:16.0
dev102304,cust102304,android,1.9.6,FALSE,43:14.3
dev102305,cust102305,feature_phone,4.8.2,FALSE,57:48.8
dev102306,cust102306,tablet,3.5.2,FALSE,13:27.9
dev102307,cust102307,tablet,4.6.5,TRUE,34:55.7
dev102308,cust102308,android,2.1.4,FALSE,46:05.8
dev102309,cust102309,tablet,2.5.16,FALSE,22:44.7
dev102310,cust102310,android,2.8.14,FALSE,09:55.2
dev102311,cust102311,ios,4.6.9,FALSE,54:45.5
dev102312,cust102312,tablet,3.6.11,TRUE,52:19.7
dev102313,cust102313,android,1.0.0,FALSE,42:35.2
dev102314,cust102314,tablet,2.0.9,FALSE,12:30.5
dev102315,cust102315,tablet,2.4.3,FALSE,03:11.9
dev102316,cust102316,ios,2.4.13,FALSE,33:23.7
dev102317,cust102317,ios,3.3.13,FALSE,46:16.5
dev102318,cust102318,tablet,3.7.9,FALSE,53:53.7
dev102319,cust102319,feature_phone,4.5.7,FALSE,18:31.1
dev102320,cust102320,ios,2.5.10,FALSE,23:52.4
dev102321,cust102321,feature_phone,3.1.3,FALSE,01:05.3
dev102322,cust102322,tablet,2.0.12,FALSE,37:08.8
dev102323,cust102323,feature_phone,2.9.16,FALSE,41:12.9
dev102324,cust102324,feature_phone,1.1.12,FALSE,34:56.9
dev102325,cust102325,tablet,1.5.3,FALSE,17:09.9
dev102326,cust102326,tablet,4.6.13,FALSE,25:22.5
dev102327,cust102327,tablet,3.9.17,FALSE,20:17.2
dev102328,cust102328,feature_phone,1.4.4,FALSE,32:47.2
dev102329,cust102329,feature_phone,2.1.16,FALSE,25:05.4
dev102330,cust102330,ios,1.9.19,FALSE,55:29.0
dev102331,cust102331,ios,4.6.20,FALSE,54:02.6
dev102332,cust102332,feature_phone,3.6.9,FALSE,05:30.4
dev102333,cust102333,feature_phone,4.9.1,FALSE,50:32.1
dev102334,cust102334,ios,2.1.3,FALSE,19:44.8
dev102335,cust102335,ios,3.8.18,FALSE,15:23.8
dev102336,cust102336,ios,4.6.6,FALSE,50:18.1
dev102337,cust102337,tablet,4.2.13,FALSE,13:36.2
dev102338,cust102338,feature_phone,2.0.19,FALSE,27:54.4
dev102339,cust102339,feature_phone,4.9.14,FALSE,47:11.9
dev102340,cust102340,feature_phone,1.2.5,FALSE,40:52.0
dev102341,cust102341,tablet,1.8.16,FALSE,29:29.9
dev102342,cust102342,android,3.9.1,FALSE,05:55.8
dev102343,cust102343,android,1.3.15,TRUE,19:58.2
dev102344,cust102344,feature_phone,4.5.8,FALSE,28:59.2
dev102345,cust102345,android,1.2.13,FALSE,21:21.9
dev102346,cust102346,ios,2.8.11,FALSE,30:56.5
dev102347,cust102347,tablet,3.8.10,FALSE,19:43.9
dev102348,cust102348,tablet,1.2.13,FALSE,35:17.9
dev102349,cust102349,ios,2.1.14,FALSE,24:13.4
dev102350,cust102350,tablet,4.1.18,FALSE,37:29.7
dev102351,cust102351,ios,4.2.7,FALSE,56:39.8
dev102352,cust102352,tablet,2.6.10,FALSE,39:32.6
dev102353,cust102353,ios,2.0.11,FALSE,26:19.0
dev102354,cust102354,feature_phone,3.1.17,FALSE,41:29.2
dev102355,cust102355,ios,2.4.10,FALSE,24:30.9
dev102356,cust102356,ios,4.1.4,FALSE,17:16.0
dev102357,cust102357,android,3.5.16,FALSE,20:58.4
dev102358,cust102358,android,3.5.10,FALSE,26:28.0
dev102359,cust102359,android,1.0.13,FALSE,40:22.3
dev102360,cust102360,ios,1.3.19,FALSE,09:54.5
dev102361,cust102361,ios,4.6.12,FALSE,27:23.0
dev102362,cust102362,android,4.7.3,FALSE,01:01.6
dev102363,cust102363,tablet,1.8.14,FALSE,10:04.7
dev102364,cust102364,ios,3.3.13,FALSE,24:39.6
dev102365,cust102365,android,4.5.20,FALSE,16:31.6
dev102366,cust102366,feature_phone,3.0.11,FALSE,51:36.9
dev102367,cust102367,android,1.2.13,FALSE,43:17.5
dev102368,cust102368,feature_phone,4.6.18,FALSE,54:24.4
dev102369,cust102369,tablet,3.3.10,FALSE,59:41.7
dev102370,cust102370,feature_phone,4.2.13,FALSE,04:05.3
dev102371,cust102371,tablet,1.5.17,FALSE,21:38.6
dev102372,cust102372,ios,2.2.7,FALSE,58:41.6
dev102373,cust102373,android,2.4.8,FALSE,47:32.5
dev102374,cust102374,android,1.0.3,FALSE,20:25.2
dev102375,cust102375,tablet,3.6.14,FALSE,57:35.1
dev102376,cust102376,tablet,3.8.18,FALSE,10:45.6
dev102377,cust102377,android,4.4.11,FALSE,09:25.7
dev102378,cust102378,tablet,1.2.11,FALSE,57:28.0
dev102379,cust102379,android,2.8.17,FALSE,41:01.0
dev102380,cust102380,android,3.1.5,FALSE,30:30.8
dev102381,cust102381,feature_phone,3.0.16,FALSE,43:29.6
dev102382,cust102382,ios,3.8.17,FALSE,49:18.8
dev102383,cust102383,feature_phone,3.1.5,FALSE,53:23.6
dev102384,cust102384,android,1.6.15,FALSE,05:40.5
dev102385,cust102385,tablet,3.2.12,FALSE,13:41.6
dev102386,cust102386,tablet,3.2.13,FALSE,27:34.8
dev102387,cust102387,feature_phone,4.4.3,FALSE,46:22.1
dev102388,cust102388,tablet,3.0.19,FALSE,55:43.9
dev102389,cust102389,tablet,2.3.0,FALSE,43:39.0
dev102390,cust102390,tablet,2.1.0,FALSE,07:00.5
dev102391,cust102391,ios,4.3.4,FALSE,53:03.5
dev102392,cust102392,android,1.1.14,FALSE,35:02.6
dev102393,cust102393,tablet,1.9.6,FALSE,55:04.4
dev102394,cust102394,android,2.8.12,FALSE,42:19.0
dev102395,cust102395,android,4.7.8,TRUE,00:11.8
dev102396,cust102396,ios,4.4.9,FALSE,12:36.5
dev102397,cust102397,android,3.9.10,FALSE,27:55.3
dev102398,cust102398,tablet,2.1.12,FALSE,05:40.4
dev102399,cust102399,tablet,3.5.5,FALSE,57:53.6
dev102400,cust102400,tablet,4.7.2,FALSE,41:13.9
dev102401,cust102401,feature_phone,1.1.5,FALSE,08:50.2
dev102402,cust102402,ios,4.5.17,FALSE,13:34.1
dev102403,cust102403,ios,3.6.2,FALSE,50:44.2
dev102404,cust102404,feature_phone,3.1.5,FALSE,02:18.2
dev102405,cust102405,tablet,3.1.3,FALSE,19:32.5
dev102406,cust102406,feature_phone,3.5.6,FALSE,05:41.8
dev102407,cust102407,ios,1.8.18,FALSE,14:26.8
dev102408,cust102408,feature_phone,4.8.11,FALSE,36:38.8
dev102409,cust102409,android,4.4.12,FALSE,16:01.5
dev102410,cust102410,tablet,3.0.11,FALSE,15:00.0
dev102411,cust102411,tablet,2.5.7,FALSE,32:54.9
dev102412,cust102412,ios,4.4.5,FALSE,42:45.8
dev102413,cust102413,android,2.0.14,FALSE,16:43.7
dev102414,cust102414,tablet,4.0.13,FALSE,31:58.2
dev102415,cust102415,android,4.1.8,FALSE,06:29.8
dev102416,cust102416,android,3.7.18,FALSE,05:55.1
dev102417,cust102417,ios,4.6.7,FALSE,54:48.8
dev102418,cust102418,tablet,4.3.13,FALSE,17:50.9
dev102419,cust102419,ios,1.6.11,FALSE,00:28.1
dev102420,cust102420,feature_phone,1.0.14,FALSE,07:01.7
dev102421,cust102421,tablet,4.3.5,FALSE,07:01.5
dev102422,cust102422,feature_phone,4.8.7,FALSE,38:24.1
dev102423,cust102423,android,1.5.4,FALSE,15:21.0
dev102424,cust102424,tablet,2.3.15,FALSE,16:37.8
dev102425,cust102425,tablet,4.8.6,FALSE,55:02.2
dev102426,cust102426,tablet,2.4.20,FALSE,36:26.8
dev102427,cust102427,feature_phone,2.2.5,FALSE,43:33.5
dev102428,cust102428,feature_phone,1.1.2,FALSE,05:42.5
dev102429,cust102429,ios,1.6.15,FALSE,37:09.7
dev102430,cust102430,feature_phone,2.3.18,FALSE,58:38.3
dev102431,cust102431,feature_phone,4.0.19,FALSE,10:01.5
dev102432,cust102432,ios,1.3.15,FALSE,25:37.4
dev102433,cust102433,tablet,4.5.5,FALSE,01:33.5
dev102434,cust102434,feature_phone,1.0.8,FALSE,22:58.1
dev102435,cust102435,feature_phone,4.4.6,FALSE,42:25.0
dev102436,cust102436,feature_phone,1.3.11,FALSE,04:58.6
dev102437,cust102437,android,4.2.12,FALSE,47:45.8
dev102438,cust102438,ios,4.0.12,FALSE,39:15.4
dev102439,cust102439,ios,3.5.0,FALSE,38:27.9
dev102440,cust102440,android,1.5.20,FALSE,03:11.2
dev102441,cust102441,android,1.6.15,FALSE,48:54.5
dev102442,cust102442,ios,2.8.15,FALSE,03:06.7
dev102443,cust102443,feature_phone,4.7.17,FALSE,03:22.6
dev102444,cust102444,tablet,4.4.7,FALSE,38:37.1
dev102445,cust102445,android,3.0.12,FALSE,45:32.9
dev102446,cust102446,feature_phone,2.3.4,FALSE,50:00.8
dev102447,cust102447,android,1.0.9,FALSE,07:19.4
dev102448,cust102448,tablet,4.4.11,FALSE,11:05.7
dev102449,cust102449,ios,1.8.0,FALSE,37:06.5
dev102450,cust102450,ios,2.7.4,FALSE,06:45.7
dev102451,cust102451,tablet,4.0.1,FALSE,49:36.0
dev102452,cust102452,android,4.4.2,FALSE,54:44.2
dev102453,cust102453,tablet,3.8.10,FALSE,50:14.5
dev102454,cust102454,tablet,2.1.13,FALSE,59:13.3
dev102455,cust102455,android,4.9.4,FALSE,51:29.6
dev102456,cust102456,ios,2.0.11,FALSE,08:20.3
dev102457,cust102457,ios,2.7.13,FALSE,31:25.1
dev102458,cust102458,android,3.9.4,FALSE,11:31.4
dev102459,cust102459,feature_phone,2.2.12,FALSE,44:45.2
dev102460,cust102460,tablet,3.4.13,TRUE,39:52.4
dev102461,cust102461,tablet,2.4.19,FALSE,36:01.4
dev102462,cust102462,android,2.9.7,FALSE,04:36.9
dev102463,cust102463,feature_phone,1.7.6,FALSE,01:50.9
dev102464,cust102464,ios,1.6.0,FALSE,28:45.8
dev102465,cust102465,android,4.6.15,FALSE,58:46.6
dev102466,cust102466,ios,2.5.7,FALSE,53:39.1
dev102467,cust102467,tablet,4.9.18,FALSE,38:15.2
dev102468,cust102468,android,4.5.7,FALSE,37:20.7
dev102469,cust102469,feature_phone,3.0.16,FALSE,25:12.6
dev102470,cust102470,android,4.6.18,FALSE,20:38.9
dev102471,cust102471,ios,1.1.6,FALSE,27:41.4
dev102472,cust102472,feature_phone,3.0.14,FALSE,20:34.3
dev102473,cust102473,feature_phone,3.5.8,FALSE,53:50.7
dev102474,cust102474,tablet,2.9.6,FALSE,35:50.5
dev102475,cust102475,android,2.4.8,FALSE,31:54.9
dev102476,cust102476,ios,3.3.19,FALSE,17:07.2
dev102477,cust102477,ios,4.0.15,FALSE,28:39.2
dev102478,cust102478,ios,3.1.4,FALSE,53:23.5
dev102479,cust102479,tablet,4.9.17,FALSE,57:59.6
dev102480,cust102480,ios,2.5.9,FALSE,50:02.1
dev102481,cust102481,ios,1.6.14,FALSE,54:05.4
dev102482,cust102482,feature_phone,3.0.18,FALSE,45:28.5
dev102483,cust102483,feature_phone,2.1.19,FALSE,54:08.0
dev102484,cust102484,android,1.8.2,FALSE,15:05.9
dev102485,cust102485,tablet,3.0.19,FALSE,49:32.2
dev102486,cust102486,android,1.8.13,FALSE,24:20.7
dev102487,cust102487,tablet,3.7.14,FALSE,12:58.2
dev102488,cust102488,android,3.6.11,FALSE,47:32.0
dev102489,cust102489,feature_phone,1.5.16,FALSE,20:43.0
dev102490,cust102490,feature_phone,1.0.8,FALSE,09:17.0
dev102491,cust102491,android,2.5.3,FALSE,55:08.3
dev102492,cust102492,tablet,4.2.13,FALSE,28:44.7
dev102493,cust102493,tablet,4.0.3,FALSE,45:41.2
dev102494,cust102494,tablet,1.6.5,FALSE,26:19.0
dev102495,cust102495,ios,2.2.20,FALSE,36:01.2
dev102496,cust102496,android,3.0.2,FALSE,23:17.8
dev102497,cust102497,android,3.5.2,FALSE,38:55.7
dev102498,cust102498,ios,2.5.12,FALSE,11:31.0
dev102499,cust102499,tablet,2.6.3,FALSE,46:08.3
dev102500,cust102500,ios,4.2.6,FALSE,20:56.3
dev102501,cust102501,android,1.8.5,FALSE,46:27.9
dev102502,cust102502,tablet,2.6.14,FALSE,42:23.0
dev102503,cust102503,feature_phone,3.8.17,FALSE,20:48.5
dev102504,cust102504,ios,2.1.12,FALSE,12:14.6
dev102505,cust102505,ios,2.4.12,FALSE,55:38.4
dev102506,cust102506,ios,2.3.11,FALSE,19:40.7
dev102507,cust102507,feature_phone,2.3.9,FALSE,46:56.5
dev102508,cust102508,feature_phone,2.4.1,FALSE,14:38.6
dev102509,cust102509,feature_phone,1.1.12,FALSE,31:37.2
dev102510,cust102510,tablet,2.8.10,FALSE,33:18.9
dev102511,cust102511,feature_phone,3.8.14,FALSE,02:54.3
dev102512,cust102512,feature_phone,2.0.13,FALSE,19:16.6
dev102513,cust102513,feature_phone,1.8.12,FALSE,00:24.1
dev102514,cust102514,ios,3.4.9,FALSE,45:41.0
dev102515,cust102515,feature_phone,1.7.16,FALSE,44:42.6
dev102516,cust102516,feature_phone,4.1.11,FALSE,52:29.4
dev102517,cust102517,feature_phone,3.9.15,FALSE,47:28.9
dev102518,cust102518,tablet,4.9.1,FALSE,40:05.6
dev102519,cust102519,tablet,3.0.6,FALSE,31:56.8
dev102520,cust102520,ios,2.8.3,FALSE,58:24.9
dev102521,cust102521,ios,3.9.12,FALSE,07:33.7
dev102522,cust102522,feature_phone,2.5.0,FALSE,54:56.1
dev102523,cust102523,feature_phone,1.2.10,FALSE,31:01.5
dev102524,cust102524,feature_phone,4.6.12,FALSE,35:22.1
dev102525,cust102525,android,3.2.20,FALSE,49:40.5
dev102526,cust102526,android,2.1.10,FALSE,16:13.2
dev102527,cust102527,ios,2.9.17,FALSE,24:22.0
dev102528,cust102528,ios,1.4.4,FALSE,04:32.9
dev102529,cust102529,feature_phone,1.5.15,FALSE,19:18.4
dev102530,cust102530,feature_phone,1.0.16,FALSE,31:36.5
dev102531,cust102531,feature_phone,4.5.4,FALSE,56:44.5
dev102532,cust102532,tablet,2.5.16,FALSE,33:41.3
dev102533,cust102533,ios,2.8.0,FALSE,24:43.7
dev102534,cust102534,feature_phone,4.4.5,FALSE,52:50.8
dev102535,cust102535,ios,3.7.20,FALSE,00:08.5
dev102536,cust102536,ios,4.9.4,FALSE,31:02.9
dev102537,cust102537,feature_phone,3.8.3,FALSE,43:44.8
dev102538,cust102538,feature_phone,2.0.8,FALSE,28:31.7
dev102539,cust102539,ios,3.1.20,FALSE,39:49.5
dev102540,cust102540,feature_phone,4.0.18,FALSE,27:28.5
dev102541,cust102541,feature_phone,2.5.20,FALSE,25:36.6
dev102542,cust102542,android,1.4.15,FALSE,15:19.3
dev102543,cust102543,android,4.6.11,FALSE,19:46.1
dev102544,cust102544,tablet,2.4.11,FALSE,55:41.9
dev102545,cust102545,feature_phone,2.5.4,FALSE,17:08.4
dev102546,cust102546,feature_phone,3.8.5,FALSE,59:01.5
dev102547,cust102547,android,4.8.9,FALSE,10:53.2
dev102548,cust102548,ios,4.2.7,FALSE,22:36.5
dev102549,cust102549,android,1.0.9,FALSE,12:06.8
dev102550,cust102550,ios,3.8.0,FALSE,04:11.5
dev102551,cust102551,tablet,2.5.13,FALSE,52:15.6
dev102552,cust102552,android,3.3.1,FALSE,37:21.2
dev102553,cust102553,feature_phone,3.2.13,FALSE,28:58.7
dev102554,cust102554,feature_phone,3.0.3,FALSE,39:37.1
dev102555,cust102555,feature_phone,1.1.13,FALSE,34:42.1
dev102556,cust102556,ios,1.4.16,FALSE,40:54.6
dev102557,cust102557,android,2.7.10,FALSE,09:56.5
dev102558,cust102558,tablet,4.9.1,FALSE,16:19.8
dev102559,cust102559,tablet,4.1.10,TRUE,40:28.9
dev102560,cust102560,tablet,1.1.0,FALSE,27:59.8
dev102561,cust102561,ios,2.4.20,FALSE,37:39.4
dev102562,cust102562,ios,2.0.14,FALSE,28:24.2
dev102563,cust102563,ios,2.0.0,FALSE,16:06.0
dev102564,cust102564,android,1.0.14,FALSE,02:53.3
dev102565,cust102565,feature_phone,4.4.18,FALSE,25:52.4
dev102566,cust102566,tablet,2.3.18,FALSE,02:52.9
dev102567,cust102567,ios,2.6.0,FALSE,21:57.7
dev102568,cust102568,android,4.5.17,FALSE,42:38.2
dev102569,cust102569,android,1.0.9,FALSE,59:34.3
dev102570,cust102570,ios,1.4.3,FALSE,08:54.5
dev102571,cust102571,feature_phone,2.9.15,FALSE,16:23.7
dev102572,cust102572,android,4.5.0,FALSE,16:22.4
dev102573,cust102573,ios,1.4.0,FALSE,12:21.0
dev102574,cust102574,android,2.1.19,FALSE,54:35.8
dev102575,cust102575,tablet,1.1.13,FALSE,22:59.3
dev102576,cust102576,android,4.6.3,TRUE,58:34.2
dev102577,cust102577,feature_phone,4.1.13,FALSE,28:16.6
dev102578,cust102578,tablet,3.8.13,FALSE,41:39.7
dev102579,cust102579,android,1.1.9,FALSE,59:14.6
dev102580,cust102580,android,3.4.5,FALSE,52:37.1
dev102581,cust102581,tablet,1.1.10,FALSE,18:59.8
dev102582,cust102582,ios,3.8.0,FALSE,20:21.6
dev102583,cust102583,android,2.2.15,FALSE,03:07.0
dev102584,cust102584,tablet,2.0.0,FALSE,57:12.9
dev102585,cust102585,ios,3.4.8,FALSE,24:26.7
dev102586,cust102586,ios,3.0.0,FALSE,03:39.5
dev102587,cust102587,tablet,4.8.4,FALSE,59:51.8
dev102588,cust102588,android,2.3.0,FALSE,39:11.4
dev102589,cust102589,ios,2.9.2,FALSE,33:08.6
dev102590,cust102590,ios,2.0.4,FALSE,46:35.5
dev102591,cust102591,android,4.9.13,TRUE,43:55.5
dev102592,cust102592,feature_phone,4.3.19,FALSE,14:44.3
dev102593,cust102593,android,3.6.13,FALSE,44:22.5
dev102594,cust102594,ios,3.4.1,FALSE,10:22.4
dev102595,cust102595,ios,2.1.15,FALSE,18:12.9
dev102596,cust102596,tablet,3.9.5,FALSE,17:06.1
dev102597,cust102597,tablet,2.3.4,FALSE,29:43.4
dev102598,cust102598,ios,2.0.1,FALSE,43:47.5
dev102599,cust102599,android,2.9.8,FALSE,08:26.7
dev102600,cust102600,feature_phone,1.6.3,FALSE,19:44.3
dev102601,cust102601,android,4.0.9,FALSE,10:46.9
dev102602,cust102602,tablet,3.7.11,FALSE,01:20.6
dev102603,cust102603,ios,4.2.10,FALSE,45:29.7
dev102604,cust102604,ios,4.6.7,FALSE,44:52.0
dev102605,cust102605,ios,4.8.5,FALSE,47:51.5
dev102606,cust102606,tablet,4.9.18,FALSE,12:04.6
dev102607,cust102607,android,4.9.10,FALSE,09:33.9
dev102608,cust102608,tablet,1.6.1,FALSE,55:01.7
dev102609,cust102609,ios,4.3.19,FALSE,52:06.7
dev102610,cust102610,feature_phone,4.9.7,FALSE,50:58.3
dev102611,cust102611,ios,2.9.18,FALSE,17:28.2
dev102612,cust102612,tablet,4.0.18,FALSE,12:14.1
dev102613,cust102613,ios,4.6.15,FALSE,44:25.5
dev102614,cust102614,android,4.4.0,FALSE,24:57.1
dev102615,cust102615,android,3.2.3,FALSE,18:28.1
dev102616,cust102616,tablet,4.0.0,FALSE,28:37.9
dev102617,cust102617,feature_phone,1.5.15,FALSE,02:14.0
dev102618,cust102618,tablet,2.0.20,FALSE,24:15.9
dev102619,cust102619,android,1.6.20,FALSE,24:50.4
dev102620,cust102620,ios,1.3.19,FALSE,07:45.1
dev102621,cust102621,feature_phone,4.7.0,FALSE,58:27.7
dev102622,cust102622,ios,1.6.8,FALSE,59:32.7
dev102623,cust102623,ios,3.8.5,FALSE,04:59.2
dev102624,cust102624,ios,4.2.6,FALSE,10:06.7
dev102625,cust102625,android,1.7.19,TRUE,59:41.4
dev102626,cust102626,android,2.0.14,FALSE,54:11.5
dev102627,cust102627,android,4.0.13,FALSE,00:46.1
dev102628,cust102628,feature_phone,4.9.3,FALSE,16:49.0
dev102629,cust102629,feature_phone,3.8.6,FALSE,00:34.5
dev102630,cust102630,feature_phone,2.0.15,FALSE,08:42.9
dev102631,cust102631,tablet,2.0.15,FALSE,12:01.1
dev102632,cust102632,android,1.5.13,FALSE,58:29.3
dev102633,cust102633,android,3.0.3,FALSE,23:58.0
dev102634,cust102634,ios,1.5.15,FALSE,10:06.4
dev102635,cust102635,feature_phone,1.5.15,TRUE,31:09.0
dev102636,cust102636,feature_phone,2.5.9,FALSE,49:22.8
dev102637,cust102637,ios,3.2.9,FALSE,15:20.1
dev102638,cust102638,tablet,1.1.17,FALSE,23:43.1
dev102639,cust102639,feature_phone,1.0.12,FALSE,27:24.5
dev102640,cust102640,tablet,4.5.17,FALSE,26:36.9
dev102641,cust102641,android,3.7.3,FALSE,07:41.4
dev102642,cust102642,android,4.9.4,FALSE,35:51.1
dev102643,cust102643,android,4.9.4,FALSE,01:17.6
dev102644,cust102644,tablet,2.3.10,FALSE,55:34.4
dev102645,cust102645,android,2.6.10,FALSE,37:20.4
dev102646,cust102646,feature_phone,1.9.5,FALSE,18:21.6
dev102647,cust102647,feature_phone,4.2.15,FALSE,20:08.5
dev102648,cust102648,feature_phone,1.4.7,TRUE,25:19.3
dev102649,cust102649,feature_phone,1.3.3,FALSE,03:46.0
dev102650,cust102650,android,3.7.3,FALSE,58:51.3
dev102651,cust102651,ios,3.7.3,FALSE,38:36.0
dev102652,cust102652,ios,4.8.17,FALSE,55:42.6
dev102653,cust102653,tablet,2.4.1,FALSE,56:48.2
dev102654,cust102654,ios,4.5.8,FALSE,52:13.0
dev102655,cust102655,ios,3.9.5,FALSE,31:13.1
dev102656,cust102656,feature_phone,1.0.4,FALSE,37:33.1
dev102657,cust102657,tablet,1.8.8,FALSE,24:47.1
dev102658,cust102658,feature_phone,1.5.1,FALSE,02:18.3
dev102659,cust102659,ios,1.6.19,FALSE,58:43.7
dev102660,cust102660,ios,1.9.16,FALSE,46:17.3
dev102661,cust102661,tablet,1.8.16,FALSE,58:11.7
dev102662,cust102662,feature_phone,2.3.3,FALSE,36:41.2
dev102663,cust102663,feature_phone,1.7.15,FALSE,40:53.1
dev102664,cust102664,android,3.9.8,FALSE,06:12.3
dev102665,cust102665,ios,4.1.18,FALSE,05:25.3
dev102666,cust102666,tablet,3.4.8,FALSE,30:16.5
dev102667,cust102667,tablet,3.1.10,FALSE,37:36.0
dev102668,cust102668,feature_phone,3.9.15,FALSE,51:00.3
dev102669,cust102669,feature_phone,3.3.8,TRUE,33:43.7
dev102670,cust102670,ios,4.2.15,FALSE,52:42.7
dev102671,cust102671,feature_phone,2.9.11,FALSE,14:55.0
dev102672,cust102672,tablet,2.7.16,FALSE,52:01.2
dev102673,cust102673,tablet,1.7.1,FALSE,06:08.9
dev102674,cust102674,tablet,3.6.1,FALSE,40:28.3
dev102675,cust102675,android,1.5.9,FALSE,40:45.1
dev102676,cust102676,tablet,4.5.14,FALSE,18:12.7
dev102677,cust102677,feature_phone,4.2.9,FALSE,18:09.0
dev102678,cust102678,ios,4.9.9,FALSE,08:58.4
dev102679,cust102679,feature_phone,4.7.0,FALSE,09:23.7
dev102680,cust102680,tablet,3.1.13,FALSE,43:07.7
dev102681,cust102681,feature_phone,4.2.4,FALSE,52:41.0
dev102682,cust102682,feature_phone,3.4.13,FALSE,35:08.2
dev102683,cust102683,android,4.2.17,FALSE,48:43.8
dev102684,cust102684,android,3.4.9,FALSE,08:47.8
dev102685,cust102685,tablet,2.4.3,FALSE,56:35.7
dev102686,cust102686,feature_phone,4.3.17,FALSE,42:57.9
dev102687,cust102687,tablet,2.5.8,FALSE,17:00.4
dev102688,cust102688,android,2.9.16,TRUE,24:14.3
dev102689,cust102689,ios,1.8.5,FALSE,41:48.8
dev102690,cust102690,feature_phone,2.3.6,FALSE,59:42.3
dev102691,cust102691,ios,3.3.11,FALSE,23:43.2
dev102692,cust102692,android,4.8.10,FALSE,22:25.9
dev102693,cust102693,android,2.3.8,FALSE,59:20.4
dev102694,cust102694,ios,3.7.17,FALSE,40:29.9
dev102695,cust102695,tablet,1.1.12,FALSE,18:50.4
dev102696,cust102696,ios,2.4.11,FALSE,27:23.1
dev102697,cust102697,android,4.6.12,FALSE,15:57.4
dev102698,cust102698,android,3.2.9,FALSE,15:44.3
dev102699,cust102699,android,2.4.16,FALSE,10:09.9
dev102700,cust102700,tablet,1.6.5,FALSE,12:27.0
dev102701,cust102701,ios,2.7.10,FALSE,56:07.3
dev102702,cust102702,tablet,2.3.16,FALSE,05:24.4
dev102703,cust102703,tablet,4.3.15,TRUE,44:31.9
dev102704,cust102704,android,1.8.16,FALSE,33:44.1
dev102705,cust102705,tablet,1.3.11,FALSE,10:41.5
dev102706,cust102706,tablet,2.4.19,FALSE,04:49.0
dev102707,cust102707,feature_phone,2.5.9,FALSE,09:51.4
dev102708,cust102708,tablet,3.3.8,FALSE,55:52.8
dev102709,cust102709,ios,2.8.18,FALSE,02:35.5
dev102710,cust102710,android,2.0.3,FALSE,34:46.8
dev102711,cust102711,ios,2.0.9,FALSE,41:43.0
dev102712,cust102712,feature_phone,4.7.19,FALSE,59:19.2
dev102713,cust102713,ios,3.7.10,FALSE,25:02.8
dev102714,cust102714,android,2.9.11,FALSE,27:08.9
dev102715,cust102715,ios,2.3.16,TRUE,31:07.6
dev102716,cust102716,android,3.7.10,FALSE,45:10.8
dev102717,cust102717,ios,2.1.8,FALSE,16:02.9
dev102718,cust102718,android,1.8.13,FALSE,15:59.8
dev102719,cust102719,feature_phone,2.4.4,FALSE,42:15.7
dev102720,cust102720,android,4.7.1,FALSE,19:49.4
dev102721,cust102721,tablet,1.9.1,FALSE,08:22.9
dev102722,cust102722,ios,1.0.17,FALSE,11:08.7
dev102723,cust102723,tablet,2.7.19,FALSE,19:18.5
dev102724,cust102724,android,3.8.18,FALSE,52:12.2
dev102725,cust102725,feature_phone,3.2.5,FALSE,54:25.7
dev102726,cust102726,android,3.5.14,FALSE,57:04.7
dev102727,cust102727,feature_phone,4.2.3,FALSE,18:15.5
dev102728,cust102728,feature_phone,1.1.4,FALSE,15:47.8
dev102729,cust102729,feature_phone,4.2.12,FALSE,25:31.5
dev102730,cust102730,android,4.6.13,FALSE,45:16.8
dev102731,cust102731,feature_phone,1.7.11,FALSE,28:29.9
dev102732,cust102732,feature_phone,2.7.11,FALSE,45:19.5
dev102733,cust102733,feature_phone,1.4.0,FALSE,52:54.0
dev102734,cust102734,tablet,3.7.17,FALSE,40:03.9
dev102735,cust102735,ios,1.6.5,FALSE,04:46.8
dev102736,cust102736,android,1.7.7,FALSE,03:05.9
dev102737,cust102737,tablet,2.3.15,FALSE,20:33.1
dev102738,cust102738,ios,1.7.9,FALSE,38:21.6
dev102739,cust102739,ios,1.3.6,FALSE,00:35.2
dev102740,cust102740,ios,3.6.8,FALSE,35:07.7
dev102741,cust102741,feature_phone,4.4.15,FALSE,05:04.6
dev102742,cust102742,tablet,4.6.20,FALSE,44:50.6
dev102743,cust102743,tablet,2.9.14,FALSE,59:32.3
dev102744,cust102744,ios,4.0.8,FALSE,07:21.6
dev102745,cust102745,ios,2.8.13,FALSE,36:48.8
dev102746,cust102746,android,3.3.13,FALSE,06:33.2
dev102747,cust102747,tablet,2.2.9,FALSE,30:47.8
dev102748,cust102748,android,2.5.20,FALSE,40:20.1
dev102749,cust102749,ios,1.0.11,FALSE,22:31.2
dev102750,cust102750,android,3.5.6,FALSE,15:52.7
dev102751,cust102751,feature_phone,2.3.20,FALSE,33:29.8
dev102752,cust102752,ios,3.1.20,FALSE,08:38.9
dev102753,cust102753,android,4.1.6,FALSE,18:38.6
dev102754,cust102754,tablet,2.8.0,FALSE,33:44.1
dev102755,cust102755,android,1.4.13,FALSE,04:10.3
dev102756,cust102756,feature_phone,4.9.2,FALSE,51:56.0
dev102757,cust102757,tablet,1.5.18,FALSE,18:49.5
dev102758,cust102758,feature_phone,4.0.19,FALSE,05:35.1
dev102759,cust102759,tablet,3.7.12,FALSE,16:01.2
dev102760,cust102760,ios,4.6.8,FALSE,00:22.3
dev102761,cust102761,tablet,4.6.17,FALSE,12:12.1
dev102762,cust102762,feature_phone,3.9.17,FALSE,53:05.4
dev102763,cust102763,ios,1.1.18,FALSE,36:32.7
dev102764,cust102764,tablet,3.2.12,FALSE,48:25.6
dev102765,cust102765,ios,2.5.3,FALSE,21:02.9
dev102766,cust102766,android,3.8.9,FALSE,52:18.9
dev102767,cust102767,android,2.6.19,FALSE,18:18.1
dev102768,cust102768,ios,2.0.19,FALSE,04:16.8
dev102769,cust102769,tablet,4.4.14,FALSE,48:45.8
dev102770,cust102770,tablet,1.5.4,FALSE,39:43.5
dev102771,cust102771,tablet,4.9.1,FALSE,08:46.9
dev102772,cust102772,ios,1.9.4,FALSE,17:04.8
dev102773,cust102773,ios,2.5.17,FALSE,34:29.7
dev102774,cust102774,android,2.0.1,FALSE,51:26.0
dev102775,cust102775,tablet,1.6.8,FALSE,00:03.6
dev102776,cust102776,ios,3.8.16,TRUE,39:25.7
dev102777,cust102777,android,4.2.19,FALSE,43:14.7
dev102778,cust102778,ios,3.2.1,FALSE,57:50.4
dev102779,cust102779,ios,2.7.2,FALSE,44:03.7
dev102780,cust102780,feature_phone,1.9.5,FALSE,55:25.0
dev102781,cust102781,tablet,1.0.18,FALSE,36:39.4
dev102782,cust102782,feature_phone,1.5.20,FALSE,58:09.0
dev102783,cust102783,tablet,2.0.13,FALSE,22:57.3
dev102784,cust102784,tablet,4.5.17,FALSE,43:10.9
dev102785,cust102785,android,4.1.9,FALSE,50:15.8
dev102786,cust102786,ios,4.8.17,FALSE,39:02.4
dev102787,cust102787,android,1.9.10,FALSE,03:21.7
dev102788,cust102788,android,1.3.9,FALSE,47:43.6
dev102789,cust102789,feature_phone,3.0.12,FALSE,59:15.3
dev102790,cust102790,feature_phone,4.1.15,FALSE,13:06.7
dev102791,cust102791,feature_phone,2.8.10,FALSE,46:41.1
dev102792,cust102792,ios,1.5.17,FALSE,10:30.1
dev102793,cust102793,tablet,4.4.6,FALSE,29:51.0
dev102794,cust102794,ios,4.0.17,FALSE,59:48.9
dev102795,cust102795,feature_phone,4.0.0,FALSE,48:57.1
dev102796,cust102796,android,3.6.5,FALSE,19:51.8
dev102797,cust102797,feature_phone,2.1.15,FALSE,46:39.2
dev102798,cust102798,android,3.8.0,TRUE,28:46.3
dev102799,cust102799,ios,2.7.8,FALSE,12:06.4
dev102800,cust102800,feature_phone,3.0.17,FALSE,52:03.8
dev102801,cust102801,ios,3.1.0,FALSE,15:30.4
dev102802,cust102802,feature_phone,3.8.8,FALSE,12:24.5
dev102803,cust102803,ios,4.8.15,FALSE,00:06.1
dev102804,cust102804,feature_phone,2.5.3,FALSE,11:19.7
dev102805,cust102805,feature_phone,2.0.4,FALSE,53:17.6
dev102806,cust102806,android,4.3.2,FALSE,28:30.8
dev102807,cust102807,feature_phone,4.8.14,FALSE,11:12.0
dev102808,cust102808,feature_phone,1.5.8,FALSE,48:28.3
dev102809,cust102809,android,1.5.13,FALSE,51:31.7
dev102810,cust102810,tablet,1.9.19,FALSE,56:32.6
dev102811,cust102811,ios,3.6.5,FALSE,44:56.3
dev102812,cust102812,ios,4.8.0,FALSE,50:17.0
dev102813,cust102813,tablet,2.7.3,FALSE,15:42.0
dev102814,cust102814,tablet,4.7.17,FALSE,43:50.0
dev102815,cust102815,tablet,1.4.2,FALSE,20:15.2
dev102816,cust102816,feature_phone,1.1.2,FALSE,19:30.0
dev102817,cust102817,feature_phone,3.4.15,FALSE,15:15.8
dev102818,cust102818,feature_phone,2.6.0,FALSE,08:16.1
dev102819,cust102819,tablet,2.1.10,FALSE,13:25.6
dev102820,cust102820,ios,2.1.20,FALSE,13:21.2
dev102821,cust102821,ios,2.8.0,FALSE,38:44.6
dev102822,cust102822,android,2.2.15,FALSE,43:39.3
dev102823,cust102823,android,3.0.4,FALSE,27:39.9
dev102824,cust102824,tablet,4.5.11,FALSE,38:37.3
dev102825,cust102825,android,3.2.17,FALSE,57:57.4
dev102826,cust102826,android,2.7.10,FALSE,59:38.0
dev102827,cust102827,feature_phone,2.7.13,FALSE,21:37.1
dev102828,cust102828,feature_phone,3.0.14,FALSE,00:15.3
dev102829,cust102829,android,2.7.5,FALSE,19:52.2
dev102830,cust102830,feature_phone,2.1.19,FALSE,29:02.7
dev102831,cust102831,android,2.0.12,FALSE,01:55.6
dev102832,cust102832,tablet,4.7.20,FALSE,15:14.1
dev102833,cust102833,feature_phone,4.3.5,FALSE,52:23.2
dev102834,cust102834,android,3.5.18,FALSE,46:35.9
dev102835,cust102835,android,4.1.11,FALSE,53:47.7
dev102836,cust102836,ios,3.2.13,FALSE,01:48.0
dev102837,cust102837,feature_phone,4.5.16,FALSE,59:18.5
dev102838,cust102838,android,3.1.8,FALSE,32:09.7
dev102839,cust102839,feature_phone,1.0.9,FALSE,45:07.5
dev102840,cust102840,android,3.3.20,TRUE,30:14.9
dev102841,cust102841,feature_phone,4.6.9,FALSE,06:20.3
dev102842,cust102842,feature_phone,3.2.17,FALSE,01:05.3
dev102843,cust102843,feature_phone,3.5.0,FALSE,03:07.8
dev102844,cust102844,android,2.7.7,FALSE,49:19.4
dev102845,cust102845,tablet,2.9.5,FALSE,02:13.9
dev102846,cust102846,android,3.8.7,FALSE,35:15.8
dev102847,cust102847,android,4.1.18,FALSE,43:17.2
dev102848,cust102848,ios,4.0.6,FALSE,38:57.1
dev102849,cust102849,tablet,2.6.13,FALSE,20:28.0
dev102850,cust102850,ios,3.1.6,FALSE,41:44.7
dev102851,cust102851,ios,4.4.11,FALSE,31:38.2
dev102852,cust102852,ios,4.9.0,FALSE,10:30.5
dev102853,cust102853,tablet,2.1.11,FALSE,43:22.9
dev102854,cust102854,feature_phone,1.3.7,FALSE,07:15.6
dev102855,cust102855,ios,4.1.20,FALSE,28:34.1
dev102856,cust102856,tablet,4.8.20,FALSE,38:07.2
dev102857,cust102857,ios,2.6.17,FALSE,44:21.7
dev102858,cust102858,tablet,1.6.5,FALSE,29:57.0
dev102859,cust102859,android,3.7.9,FALSE,02:43.6
dev102860,cust102860,ios,1.9.14,FALSE,03:25.0
dev102861,cust102861,ios,3.0.15,FALSE,57:57.0
dev102862,cust102862,ios,4.2.0,FALSE,23:18.2
dev102863,cust102863,android,1.3.0,FALSE,15:12.0
dev102864,cust102864,android,2.1.5,FALSE,14:11.6
dev102865,cust102865,android,3.9.10,FALSE,39:34.8
dev102866,cust102866,feature_phone,4.3.12,FALSE,58:44.6
dev102867,cust102867,ios,2.1.9,FALSE,50:41.3
dev102868,cust102868,feature_phone,2.6.8,FALSE,42:59.2
dev102869,cust102869,tablet,3.1.9,FALSE,22:59.6
dev102870,cust102870,tablet,4.6.16,FALSE,30:57.4
dev102871,cust102871,tablet,2.1.19,FALSE,01:39.5
dev102872,cust102872,tablet,1.4.7,FALSE,24:48.1
dev102873,cust102873,ios,4.8.15,FALSE,12:58.7
dev102874,cust102874,tablet,2.0.19,FALSE,49:12.1
dev102875,cust102875,ios,2.0.9,FALSE,22:41.0
dev102876,cust102876,tablet,1.2.17,FALSE,30:34.2
dev102877,cust102877,feature_phone,4.4.5,FALSE,06:28.9
dev102878,cust102878,feature_phone,3.4.12,FALSE,05:18.4
dev102879,cust102879,android,4.3.6,FALSE,29:52.4
dev102880,cust102880,ios,4.9.16,FALSE,15:53.9
dev102881,cust102881,android,1.3.0,FALSE,07:19.4
dev102882,cust102882,feature_phone,3.7.1,FALSE,15:04.9
dev102883,cust102883,ios,1.5.1,FALSE,05:18.0
dev102884,cust102884,android,3.5.8,FALSE,53:44.5
dev102885,cust102885,tablet,1.1.5,FALSE,20:16.7
dev102886,cust102886,feature_phone,2.5.0,FALSE,14:02.9
dev102887,cust102887,ios,4.8.13,FALSE,22:06.3
dev102888,cust102888,feature_phone,3.0.14,FALSE,11:02.0
dev102889,cust102889,android,1.4.1,FALSE,10:02.4
dev102890,cust102890,android,3.2.8,FALSE,58:50.0
dev102891,cust102891,feature_phone,3.7.13,FALSE,26:00.2
dev102892,cust102892,android,1.8.20,FALSE,58:24.3
dev102893,cust102893,tablet,1.4.12,FALSE,59:49.6
dev102894,cust102894,android,4.5.4,FALSE,21:13.0
dev102895,cust102895,feature_phone,1.3.6,FALSE,23:22.8
dev102896,cust102896,ios,4.3.14,FALSE,11:28.7
dev102897,cust102897,tablet,4.9.15,FALSE,42:29.3
dev102898,cust102898,ios,1.7.3,FALSE,10:36.3
dev102899,cust102899,feature_phone,2.5.7,FALSE,13:46.2
dev102900,cust102900,tablet,2.6.14,FALSE,13:46.9
dev102901,cust102901,ios,3.4.14,FALSE,48:33.0
dev102902,cust102902,tablet,4.9.14,FALSE,41:00.7
dev102903,cust102903,ios,3.2.20,FALSE,40:35.1
dev102904,cust102904,android,2.5.20,FALSE,24:12.0
dev102905,cust102905,feature_phone,2.5.14,FALSE,45:04.5
dev102906,cust102906,ios,4.4.4,FALSE,38:16.6
dev102907,cust102907,feature_phone,2.3.15,FALSE,17:34.7
dev102908,cust102908,ios,4.5.3,FALSE,55:53.7
dev102909,cust102909,tablet,1.2.9,FALSE,28:38.1
dev102910,cust102910,tablet,1.8.10,FALSE,37:59.0
dev102911,cust102911,android,2.5.11,FALSE,15:53.3
dev102912,cust102912,ios,1.6.3,FALSE,48:30.0
dev102913,cust102913,ios,1.2.4,FALSE,19:49.9
dev102914,cust102914,feature_phone,4.7.14,FALSE,45:17.5
dev102915,cust102915,android,4.5.15,FALSE,17:54.8
dev102916,cust102916,android,3.1.12,FALSE,32:52.4
dev102917,cust102917,feature_phone,3.7.13,FALSE,19:50.5
dev102918,cust102918,feature_phone,4.6.14,FALSE,05:05.4
dev102919,cust102919,tablet,4.5.4,FALSE,32:30.1
dev102920,cust102920,android,1.9.20,FALSE,24:12.4
dev102921,cust102921,android,3.1.8,FALSE,39:31.2
dev102922,cust102922,ios,4.2.14,FALSE,01:24.1
dev102923,cust102923,ios,3.0.0,FALSE,54:29.9
dev102924,cust102924,android,4.0.2,FALSE,44:53.6
dev102925,cust102925,feature_phone,1.0.2,FALSE,46:44.5
dev102926,cust102926,ios,4.1.19,FALSE,57:46.8
dev102927,cust102927,tablet,3.0.17,FALSE,26:58.3
dev102928,cust102928,android,3.6.1,FALSE,10:07.4
dev102929,cust102929,feature_phone,4.4.15,FALSE,43:21.1
dev102930,cust102930,ios,3.4.12,FALSE,46:22.6
dev102931,cust102931,tablet,1.5.2,FALSE,02:06.2
dev102932,cust102932,feature_phone,3.3.4,FALSE,44:53.6
dev102933,cust102933,android,2.1.19,FALSE,51:18.0
dev102934,cust102934,feature_phone,2.7.5,FALSE,44:43.9
dev102935,cust102935,android,4.1.19,FALSE,35:19.7
dev102936,cust102936,tablet,1.9.4,FALSE,12:13.0
dev102937,cust102937,android,2.2.0,FALSE,54:12.6
dev102938,cust102938,android,3.5.12,FALSE,45:55.6
dev102939,cust102939,feature_phone,1.4.12,FALSE,07:53.3
dev102940,cust102940,feature_phone,4.0.4,FALSE,21:37.0
dev102941,cust102941,feature_phone,1.7.16,FALSE,23:18.3
dev102942,cust102942,tablet,4.2.18,FALSE,09:22.5
dev102943,cust102943,tablet,4.2.13,FALSE,28:13.9
dev102944,cust102944,ios,1.1.3,FALSE,47:23.3
dev102945,cust102945,android,1.8.10,FALSE,38:06.6
dev102946,cust102946,ios,2.5.12,FALSE,28:40.1
dev102947,cust102947,ios,1.3.2,FALSE,45:39.0
dev102948,cust102948,android,2.6.17,FALSE,25:14.1
dev102949,cust102949,tablet,1.0.14,TRUE,34:22.2
dev102950,cust102950,feature_phone,2.6.14,FALSE,46:34.1
dev102951,cust102951,android,1.5.19,FALSE,36:56.3
dev102952,cust102952,android,3.7.16,FALSE,38:18.4
dev102953,cust102953,ios,1.8.19,FALSE,31:03.1
dev102954,cust102954,android,1.7.15,FALSE,21:06.4
dev102955,cust102955,feature_phone,3.6.14,FALSE,33:21.3
dev102956,cust102956,feature_phone,4.2.3,FALSE,12:09.4
dev102957,cust102957,android,3.7.7,TRUE,05:26.1
dev102958,cust102958,ios,1.7.1,FALSE,44:42.8
dev102959,cust102959,tablet,3.6.4,FALSE,50:01.4
dev102960,cust102960,android,4.8.2,FALSE,04:10.4
dev102961,cust102961,tablet,4.6.10,FALSE,39:21.3
dev102962,cust102962,feature_phone,2.3.6,FALSE,21:56.4
dev102963,cust102963,ios,3.4.1,FALSE,15:27.9
dev102964,cust102964,tablet,3.4.5,FALSE,25:05.2
dev102965,cust102965,tablet,4.3.18,FALSE,27:21.5
dev102966,cust102966,tablet,2.2.16,FALSE,43:47.4
dev102967,cust102967,ios,3.1.6,FALSE,09:48.9
dev102968,cust102968,android,2.0.8,FALSE,41:18.4
dev102969,cust102969,ios,4.5.9,FALSE,15:27.9
dev102970,cust102970,tablet,3.6.6,FALSE,59:11.8
dev102971,cust102971,feature_phone,4.9.20,FALSE,13:48.5
dev102972,cust102972,android,3.2.13,FALSE,02:16.2
dev102973,cust102973,android,2.9.6,FALSE,34:16.5
dev102974,cust102974,tablet,1.0.20,FALSE,13:06.4
dev102975,cust102975,tablet,3.4.8,FALSE,53:18.6
dev102976,cust102976,android,3.3.6,FALSE,13:46.7
dev102977,cust102977,android,3.8.20,FALSE,38:01.8
dev102978,cust102978,android,3.5.1,FALSE,27:57.1
dev102979,cust102979,ios,3.7.4,FALSE,53:37.2
dev102980,cust102980,feature_phone,1.3.20,FALSE,26:02.1
dev102981,cust102981,ios,2.2.20,FALSE,05:28.2
dev102982,cust102982,ios,3.7.15,FALSE,56:35.7
dev102983,cust102983,ios,1.2.12,FALSE,59:39.8
dev102984,cust102984,tablet,4.3.12,FALSE,43:36.5
dev102985,cust102985,feature_phone,2.6.19,FALSE,46:49.8
dev102986,cust102986,tablet,4.1.20,FALSE,12:10.2
dev102987,cust102987,ios,1.4.5,FALSE,19:38.1
dev102988,cust102988,tablet,4.6.5,FALSE,36:58.2
dev102989,cust102989,ios,3.3.12,FALSE,15:46.3
dev102990,cust102990,ios,4.2.10,FALSE,53:30.4
dev102991,cust102991,tablet,3.1.20,FALSE,21:17.7
dev102992,cust102992,feature_phone,3.5.3,FALSE,02:50.5
dev102993,cust102993,tablet,4.1.11,FALSE,32:16.3
dev102994,cust102994,ios,1.9.18,FALSE,59:30.1
dev102995,cust102995,ios,1.5.18,FALSE,27:55.7
dev102996,cust102996,ios,1.4.6,FALSE,02:05.2
dev102997,cust102997,feature_phone,4.9.1,FALSE,03:45.5
dev102998,cust102998,feature_phone,3.8.0,FALSE,06:05.4
dev102999,cust102999,android,2.4.19,FALSE,27:22.5
dev103000,cust103000,ios,4.2.9,FALSE,48:37.5
dev103001,cust103001,feature_phone,1.4.10,FALSE,41:01.1
dev103002,cust103002,android,3.5.7,FALSE,08:52.5
dev103003,cust103003,android,1.6.16,FALSE,23:12.6
dev103004,cust103004,android,1.2.14,FALSE,34:24.1
dev103005,cust103005,tablet,2.4.11,FALSE,43:40.9
dev103006,cust103006,ios,2.0.5,FALSE,10:48.0
dev103007,cust103007,tablet,4.6.16,FALSE,19:24.3
dev103008,cust103008,feature_phone,1.0.2,FALSE,20:08.1
dev103009,cust103009,android,2.8.19,FALSE,11:59.9
dev103010,cust103010,tablet,2.5.2,FALSE,28:17.8
dev103011,cust103011,ios,1.6.9,FALSE,23:36.4
dev103012,cust103012,ios,2.1.17,FALSE,35:14.4
dev103013,cust103013,ios,1.1.14,FALSE,43:43.0
dev103014,cust103014,ios,1.9.5,FALSE,56:44.6
dev103015,cust103015,android,4.4.2,FALSE,51:30.4
dev103016,cust103016,tablet,3.8.13,FALSE,19:34.7
dev103017,cust103017,tablet,4.4.8,FALSE,14:25.1
dev103018,cust103018,ios,2.8.5,FALSE,05:24.1
dev103019,cust103019,android,2.8.1,FALSE,06:48.4
dev103020,cust103020,ios,4.2.3,FALSE,09:11.5
dev103021,cust103021,android,1.9.18,FALSE,20:04.6
dev103022,cust103022,feature_phone,1.7.3,TRUE,11:35.9
dev103023,cust103023,tablet,4.7.20,FALSE,59:17.2
dev103024,cust103024,feature_phone,4.1.10,FALSE,13:12.1
dev103025,cust103025,android,1.9.8,FALSE,33:50.6
dev103026,cust103026,ios,1.9.8,FALSE,04:18.9
dev103027,cust103027,android,2.9.0,FALSE,38:29.1
dev103028,cust103028,ios,4.6.15,FALSE,43:55.2
dev103029,cust103029,tablet,4.8.7,FALSE,09:19.4
dev103030,cust103030,ios,2.2.7,FALSE,18:39.1
dev103031,cust103031,ios,4.4.15,FALSE,19:15.9
dev103032,cust103032,feature_phone,2.7.4,FALSE,26:21.8
dev103033,cust103033,feature_phone,2.4.0,FALSE,51:23.3
dev103034,cust103034,android,4.5.7,FALSE,01:33.5
dev103035,cust103035,android,4.3.20,FALSE,18:02.7
dev103036,cust103036,ios,2.0.19,FALSE,58:36.7
dev103037,cust103037,tablet,3.5.5,FALSE,10:13.4
dev103038,cust103038,ios,3.7.6,FALSE,52:53.4
dev103039,cust103039,tablet,2.1.13,FALSE,35:44.7
dev103040,cust103040,android,4.3.10,FALSE,37:17.4
dev103041,cust103041,tablet,3.8.12,FALSE,59:06.8
dev103042,cust103042,ios,3.9.9,FALSE,43:09.1
dev103043,cust103043,android,2.4.4,FALSE,23:05.5
dev103044,cust103044,android,4.3.2,FALSE,32:13.0
dev103045,cust103045,ios,3.3.2,FALSE,42:25.2
dev103046,cust103046,tablet,3.3.15,FALSE,49:38.5
dev103047,cust103047,tablet,4.5.6,FALSE,58:17.2
dev103048,cust103048,tablet,3.2.13,TRUE,01:04.2
dev103049,cust103049,tablet,4.2.15,FALSE,18:26.4
dev103050,cust103050,android,4.6.11,FALSE,58:08.3
dev103051,cust103051,android,1.9.2,FALSE,51:15.3
dev103052,cust103052,ios,1.9.12,FALSE,05:26.1
dev103053,cust103053,feature_phone,1.3.0,FALSE,17:44.3
dev103054,cust103054,tablet,4.5.15,FALSE,04:21.8
dev103055,cust103055,ios,2.5.9,FALSE,12:19.8
dev103056,cust103056,tablet,1.5.0,FALSE,35:10.8
dev103057,cust103057,feature_phone,3.3.20,FALSE,53:32.4
dev103058,cust103058,tablet,1.4.8,FALSE,50:24.9
dev103059,cust103059,android,4.7.4,FALSE,02:51.2
dev103060,cust103060,ios,4.3.0,FALSE,51:04.8
dev103061,cust103061,tablet,3.3.20,FALSE,10:06.5
dev103062,cust103062,tablet,3.2.18,FALSE,40:22.2
dev103063,cust103063,android,3.1.20,FALSE,37:44.4
dev103064,cust103064,tablet,1.7.14,FALSE,31:03.0
dev103065,cust103065,ios,2.4.11,FALSE,14:09.7
dev103066,cust103066,tablet,1.5.13,FALSE,58:15.1
dev103067,cust103067,ios,3.5.4,FALSE,48:00.0
dev103068,cust103068,ios,2.6.19,FALSE,29:17.0
dev103069,cust103069,android,4.7.17,FALSE,02:22.9
dev103070,cust103070,android,4.8.16,FALSE,48:36.3
dev103071,cust103071,feature_phone,1.5.4,FALSE,59:15.0
dev103072,cust103072,android,4.8.20,FALSE,25:11.3
dev103073,cust103073,tablet,3.9.2,FALSE,35:50.8
dev103074,cust103074,tablet,2.4.1,FALSE,23:32.8
dev103075,cust103075,android,3.1.8,FALSE,17:12.6
dev103076,cust103076,android,4.2.13,FALSE,10:59.8
dev103077,cust103077,tablet,1.8.3,FALSE,57:01.7
dev103078,cust103078,tablet,4.1.9,FALSE,31:03.4
dev103079,cust103079,ios,3.6.7,FALSE,23:02.8
dev103080,cust103080,android,2.8.15,FALSE,53:22.5
dev103081,cust103081,android,3.0.3,FALSE,47:05.3
dev103082,cust103082,tablet,2.7.7,FALSE,45:15.0
dev103083,cust103083,android,4.5.6,FALSE,12:10.0
dev103084,cust103084,android,2.2.0,FALSE,22:42.4
dev103085,cust103085,feature_phone,2.5.1,FALSE,03:54.3
dev103086,cust103086,feature_phone,4.3.8,FALSE,44:54.3
dev103087,cust103087,feature_phone,4.1.16,FALSE,41:27.1
dev103088,cust103088,ios,1.2.1,FALSE,45:58.8
dev103089,cust103089,feature_phone,3.0.18,FALSE,22:15.4
dev103090,cust103090,ios,4.2.10,FALSE,31:31.4
dev103091,cust103091,tablet,4.8.5,FALSE,34:57.8
dev103092,cust103092,tablet,4.4.4,FALSE,03:12.7
dev103093,cust103093,android,4.5.12,FALSE,42:52.2
dev103094,cust103094,android,4.2.11,FALSE,29:50.6
dev103095,cust103095,tablet,1.4.15,FALSE,10:25.7
dev103096,cust103096,tablet,2.2.1,FALSE,00:10.0
dev103097,cust103097,ios,4.3.5,FALSE,45:19.3
dev103098,cust103098,android,3.4.15,FALSE,59:31.7
dev103099,cust103099,feature_phone,2.0.5,FALSE,31:28.5
dev103100,cust103100,android,2.0.8,FALSE,38:45.2
dev103101,cust103101,feature_phone,4.5.10,FALSE,09:48.5
dev103102,cust103102,ios,2.8.20,FALSE,26:03.4
dev103103,cust103103,ios,2.3.18,FALSE,46:39.6
dev103104,cust103104,feature_phone,3.2.9,FALSE,17:27.9
dev103105,cust103105,feature_phone,2.8.10,TRUE,38:54.6
dev103106,cust103106,tablet,4.7.6,FALSE,36:29.0
dev103107,cust103107,android,3.7.5,FALSE,48:46.4
dev103108,cust103108,ios,2.3.9,FALSE,28:41.9
dev103109,cust103109,ios,4.4.16,FALSE,54:08.9
dev103110,cust103110,tablet,3.4.17,FALSE,27:08.9
dev103111,cust103111,ios,3.5.5,FALSE,48:35.9
dev103112,cust103112,tablet,2.9.3,FALSE,20:13.2
dev103113,cust103113,android,2.7.18,FALSE,41:06.6
dev103114,cust103114,feature_phone,2.8.11,TRUE,13:42.4
dev103115,cust103115,android,1.8.4,FALSE,55:36.4
dev103116,cust103116,ios,4.0.20,FALSE,26:05.7
dev103117,cust103117,android,4.6.14,FALSE,47:55.5
dev103118,cust103118,tablet,4.3.19,FALSE,17:44.5
dev103119,cust103119,feature_phone,3.0.13,FALSE,01:25.4
dev103120,cust103120,android,4.3.5,FALSE,53:22.4
dev103121,cust103121,ios,1.0.4,FALSE,34:32.3
dev103122,cust103122,ios,3.4.13,FALSE,33:01.1
dev103123,cust103123,android,4.2.19,FALSE,59:10.8
dev103124,cust103124,ios,4.5.7,FALSE,18:48.6
dev103125,cust103125,android,3.1.14,FALSE,41:52.5
dev103126,cust103126,tablet,3.6.18,FALSE,19:34.9
dev103127,cust103127,feature_phone,1.7.15,FALSE,31:48.8
dev103128,cust103128,ios,1.9.16,FALSE,32:33.6
dev103129,cust103129,ios,3.4.0,FALSE,37:18.5
dev103130,cust103130,ios,3.5.6,FALSE,10:45.4
dev103131,cust103131,tablet,3.7.6,FALSE,43:23.2
dev103132,cust103132,ios,1.7.14,FALSE,24:09.6
dev103133,cust103133,android,1.1.10,FALSE,59:59.6
dev103134,cust103134,ios,2.4.0,FALSE,17:26.9
dev103135,cust103135,tablet,4.8.20,FALSE,57:32.2
dev103136,cust103136,android,2.3.18,FALSE,17:49.8
dev103137,cust103137,android,4.1.10,FALSE,09:27.4
dev103138,cust103138,feature_phone,2.1.11,FALSE,50:20.1
dev103139,cust103139,android,4.5.3,FALSE,20:54.3
dev103140,cust103140,android,2.9.9,FALSE,36:13.9
dev103141,cust103141,android,2.0.10,FALSE,23:53.9
dev103142,cust103142,feature_phone,3.1.19,FALSE,28:30.5
dev103143,cust103143,ios,1.0.11,FALSE,45:39.5
dev103144,cust103144,android,1.0.6,FALSE,25:14.4
dev103145,cust103145,feature_phone,3.1.8,FALSE,53:00.7
dev103146,cust103146,android,4.8.15,FALSE,13:27.5
dev103147,cust103147,tablet,3.2.11,FALSE,02:50.4
dev103148,cust103148,tablet,4.8.0,FALSE,07:03.1
dev103149,cust103149,feature_phone,2.4.12,FALSE,41:46.2
dev103150,cust103150,android,4.2.16,FALSE,28:56.6
dev103151,cust103151,feature_phone,3.1.20,FALSE,28:43.6
dev103152,cust103152,android,4.1.13,FALSE,41:49.3
dev103153,cust103153,ios,4.4.16,FALSE,51:09.9
dev103154,cust103154,tablet,3.3.13,FALSE,44:49.2
dev103155,cust103155,ios,2.3.5,FALSE,08:51.8
dev103156,cust103156,feature_phone,3.0.7,FALSE,14:40.2
dev103157,cust103157,ios,3.7.0,FALSE,17:59.9
dev103158,cust103158,android,1.9.15,FALSE,43:02.1
dev103159,cust103159,ios,2.9.3,FALSE,35:27.2
dev103160,cust103160,tablet,4.8.1,FALSE,53:57.2
dev103161,cust103161,ios,3.4.3,TRUE,41:50.1
dev103162,cust103162,android,3.7.16,FALSE,01:38.1
dev103163,cust103163,tablet,4.6.6,FALSE,41:14.6
dev103164,cust103164,android,3.7.18,FALSE,18:56.8
dev103165,cust103165,ios,1.9.3,FALSE,46:26.4
dev103166,cust103166,android,1.3.12,FALSE,30:52.2
dev103167,cust103167,ios,1.3.3,FALSE,17:42.2
dev103168,cust103168,ios,2.6.17,TRUE,38:25.4
dev103169,cust103169,tablet,1.7.13,FALSE,43:14.7
dev103170,cust103170,android,1.4.8,FALSE,59:22.6
dev103171,cust103171,feature_phone,1.3.7,FALSE,09:21.5
dev103172,cust103172,android,2.9.14,FALSE,03:43.7
dev103173,cust103173,ios,2.5.6,FALSE,13:29.7
dev103174,cust103174,feature_phone,3.6.6,FALSE,52:28.2
dev103175,cust103175,ios,3.3.4,FALSE,12:47.5
dev103176,cust103176,feature_phone,1.2.12,FALSE,45:55.5
dev103177,cust103177,android,4.1.7,FALSE,50:02.8
dev103178,cust103178,android,1.5.17,FALSE,22:28.4
dev103179,cust103179,tablet,2.3.13,FALSE,08:00.6
dev103180,cust103180,ios,2.1.19,FALSE,30:48.9
dev103181,cust103181,android,3.5.9,FALSE,36:58.2
dev103182,cust103182,feature_phone,3.9.19,FALSE,16:34.8
dev103183,cust103183,android,2.7.16,FALSE,46:13.7
dev103184,cust103184,tablet,2.5.4,FALSE,50:19.5
dev103185,cust103185,tablet,2.1.15,TRUE,26:57.7
dev103186,cust103186,tablet,1.9.5,FALSE,50:06.8
dev103187,cust103187,feature_phone,1.5.17,FALSE,58:12.7
dev103188,cust103188,ios,1.2.20,FALSE,15:08.7
dev103189,cust103189,feature_phone,2.7.4,FALSE,25:36.4
dev103190,cust103190,tablet,3.9.14,FALSE,50:26.7
dev103191,cust103191,ios,4.1.2,FALSE,59:49.0
dev103192,cust103192,android,2.1.4,FALSE,29:09.9
dev103193,cust103193,tablet,2.9.10,FALSE,24:21.1
dev103194,cust103194,tablet,4.7.13,FALSE,52:22.6
dev103195,cust103195,ios,1.5.1,FALSE,05:06.2
dev103196,cust103196,tablet,2.1.7,FALSE,45:12.2
dev103197,cust103197,feature_phone,4.4.16,FALSE,44:49.8
dev103198,cust103198,android,4.1.20,FALSE,07:31.8
dev103199,cust103199,tablet,1.5.2,FALSE,46:02.2
dev103200,cust103200,android,2.1.16,FALSE,44:09.1
dev103201,cust103201,feature_phone,1.1.5,FALSE,03:25.6
dev103202,cust103202,tablet,1.4.6,FALSE,27:50.0
dev103203,cust103203,android,4.5.15,FALSE,02:33.7
dev103204,cust103204,tablet,3.5.6,TRUE,19:09.9
dev103205,cust103205,tablet,3.3.7,FALSE,48:26.9
dev103206,cust103206,tablet,2.8.1,FALSE,51:20.8
dev103207,cust103207,ios,1.8.4,FALSE,19:49.8
dev103208,cust103208,tablet,2.5.4,FALSE,18:40.2
dev103209,cust103209,feature_phone,4.7.7,FALSE,31:53.3
dev103210,cust103210,ios,1.5.7,FALSE,32:59.7
dev103211,cust103211,android,4.9.14,FALSE,09:04.6
dev103212,cust103212,ios,4.9.13,FALSE,22:48.3
dev103213,cust103213,feature_phone,4.0.11,FALSE,31:12.1
dev103214,cust103214,tablet,3.1.2,FALSE,06:25.1
dev103215,cust103215,android,3.0.13,FALSE,01:33.0
dev103216,cust103216,ios,3.9.15,FALSE,26:47.8
dev103217,cust103217,feature_phone,4.3.17,FALSE,02:24.2
dev103218,cust103218,tablet,1.7.8,FALSE,51:15.4
dev103219,cust103219,feature_phone,3.7.5,FALSE,48:29.3
dev103220,cust103220,tablet,1.0.5,FALSE,43:03.7
dev103221,cust103221,feature_phone,3.6.17,FALSE,24:26.8
dev103222,cust103222,ios,2.2.11,FALSE,45:29.6
dev103223,cust103223,ios,2.6.11,FALSE,13:22.1
dev103224,cust103224,feature_phone,4.2.17,FALSE,55:15.2
dev103225,cust103225,feature_phone,3.2.3,FALSE,06:58.4
dev103226,cust103226,feature_phone,3.2.3,FALSE,45:53.4
dev103227,cust103227,feature_phone,2.6.15,FALSE,59:46.2
dev103228,cust103228,feature_phone,3.4.3,FALSE,05:33.6
dev103229,cust103229,tablet,4.3.8,FALSE,55:44.3
dev103230,cust103230,feature_phone,1.4.10,FALSE,08:28.7
dev103231,cust103231,tablet,3.6.10,FALSE,07:27.9
dev103232,cust103232,tablet,2.4.13,FALSE,16:04.6
dev103233,cust103233,feature_phone,3.3.11,FALSE,08:14.5
dev103234,cust103234,ios,2.2.14,FALSE,43:30.6
dev103235,cust103235,tablet,3.8.8,FALSE,52:26.2
dev103236,cust103236,android,2.3.16,FALSE,43:17.8
dev103237,cust103237,tablet,3.6.10,FALSE,24:10.6
dev103238,cust103238,ios,4.4.11,FALSE,36:31.7
dev103239,cust103239,feature_phone,1.9.1,FALSE,00:44.9
dev103240,cust103240,feature_phone,3.7.8,TRUE,26:59.1
dev103241,cust103241,feature_phone,2.4.4,FALSE,28:47.6
dev103242,cust103242,ios,2.4.14,FALSE,27:37.4
dev103243,cust103243,tablet,2.4.8,FALSE,06:39.6
dev103244,cust103244,android,4.4.16,FALSE,44:56.1
dev103245,cust103245,tablet,1.2.10,FALSE,03:21.0
dev103246,cust103246,android,1.0.6,FALSE,59:37.2
dev103247,cust103247,feature_phone,4.4.13,FALSE,48:13.6
dev103248,cust103248,feature_phone,3.3.16,FALSE,45:02.9
dev103249,cust103249,tablet,3.9.11,FALSE,33:26.9
dev103250,cust103250,ios,3.7.3,FALSE,06:55.7
dev103251,cust103251,android,3.7.11,FALSE,22:27.5
dev103252,cust103252,feature_phone,3.8.12,FALSE,11:40.3
dev103253,cust103253,android,2.8.9,FALSE,29:09.2
dev103254,cust103254,tablet,2.4.5,FALSE,52:43.2
dev103255,cust103255,feature_phone,3.4.4,FALSE,12:02.1
dev103256,cust103256,ios,4.2.17,FALSE,33:35.2
dev103257,cust103257,tablet,2.3.3,FALSE,40:20.2
dev103258,cust103258,ios,2.1.20,FALSE,42:55.6
dev103259,cust103259,tablet,3.9.2,FALSE,10:08.3
dev103260,cust103260,android,2.5.20,TRUE,23:59.8
dev103261,cust103261,tablet,1.3.16,FALSE,40:19.4
dev103262,cust103262,android,3.3.18,FALSE,45:23.7
dev103263,cust103263,feature_phone,1.6.15,FALSE,55:32.5
dev103264,cust103264,android,1.4.2,FALSE,04:48.7
dev103265,cust103265,feature_phone,3.4.16,FALSE,47:52.0
dev103266,cust103266,tablet,2.2.19,FALSE,15:14.1
dev103267,cust103267,ios,4.0.7,FALSE,05:34.0
dev103268,cust103268,tablet,1.8.9,FALSE,00:41.7
dev103269,cust103269,feature_phone,3.6.10,FALSE,44:19.6
dev103270,cust103270,feature_phone,3.2.11,FALSE,12:37.1
dev103271,cust103271,ios,1.0.14,FALSE,13:35.5
dev103272,cust103272,android,3.4.16,FALSE,39:25.3
dev103273,cust103273,android,3.5.17,FALSE,13:23.2
dev103274,cust103274,android,4.0.6,FALSE,58:04.7
dev103275,cust103275,tablet,4.9.15,FALSE,07:16.0
dev103276,cust103276,ios,3.4.17,FALSE,03:00.7
dev103277,cust103277,android,2.5.2,FALSE,59:15.0
dev103278,cust103278,feature_phone,3.7.17,FALSE,53:16.4
dev103279,cust103279,feature_phone,3.2.20,FALSE,38:54.7
dev103280,cust103280,feature_phone,4.2.10,FALSE,35:07.7
dev103281,cust103281,android,4.2.12,FALSE,22:02.0
dev103282,cust103282,ios,3.1.9,FALSE,52:53.7
dev103283,cust103283,ios,1.1.20,FALSE,14:28.9
dev103284,cust103284,ios,3.5.6,FALSE,50:21.1
dev103285,cust103285,android,4.5.13,FALSE,29:08.1
dev103286,cust103286,tablet,1.9.11,FALSE,23:23.6
dev103287,cust103287,ios,1.1.19,FALSE,26:56.9
dev103288,cust103288,tablet,1.3.9,FALSE,32:46.7
dev103289,cust103289,ios,4.8.16,FALSE,33:07.3
dev103290,cust103290,tablet,1.9.9,FALSE,13:51.3
dev103291,cust103291,feature_phone,1.5.0,FALSE,08:22.1
dev103292,cust103292,android,4.8.20,FALSE,32:21.2
dev103293,cust103293,ios,2.5.3,FALSE,36:26.2
dev103294,cust103294,ios,2.6.8,FALSE,49:48.2
dev103295,cust103295,ios,3.8.11,FALSE,20:03.7
dev103296,cust103296,android,3.2.6,FALSE,17:19.3
dev103297,cust103297,android,2.6.4,FALSE,30:45.7
dev103298,cust103298,android,3.9.0,FALSE,16:08.1
dev103299,cust103299,ios,4.6.2,FALSE,43:21.2
dev103300,cust103300,android,3.4.9,FALSE,48:05.1
dev103301,cust103301,ios,1.8.10,FALSE,18:50.0
dev103302,cust103302,feature_phone,2.1.3,FALSE,04:50.8
dev103303,cust103303,tablet,2.5.6,FALSE,04:35.1
dev103304,cust103304,ios,2.4.19,FALSE,36:39.5
dev103305,cust103305,android,3.8.13,FALSE,51:38.3
dev103306,cust103306,tablet,2.9.7,FALSE,14:00.8
dev103307,cust103307,android,1.7.12,FALSE,33:04.5
dev103308,cust103308,ios,4.6.20,FALSE,19:08.5
dev103309,cust103309,feature_phone,4.6.17,FALSE,25:20.9
dev103310,cust103310,feature_phone,2.0.4,FALSE,41:02.7
dev103311,cust103311,feature_phone,2.3.16,FALSE,58:47.5
dev103312,cust103312,feature_phone,2.3.19,FALSE,44:47.6
dev103313,cust103313,ios,1.9.11,FALSE,24:42.4
dev103314,cust103314,feature_phone,4.3.20,FALSE,14:46.8
dev103315,cust103315,ios,3.8.6,FALSE,54:16.6
dev103316,cust103316,ios,1.9.10,FALSE,19:59.1
dev103317,cust103317,android,3.3.17,FALSE,14:12.6
dev103318,cust103318,ios,2.5.19,FALSE,55:12.1
dev103319,cust103319,tablet,2.9.3,FALSE,07:52.4
dev103320,cust103320,tablet,3.7.12,FALSE,21:15.2
dev103321,cust103321,feature_phone,1.0.10,FALSE,38:20.2
dev103322,cust103322,feature_phone,3.1.7,FALSE,30:51.3
dev103323,cust103323,ios,3.5.3,FALSE,52:44.9
dev103324,cust103324,ios,2.4.3,FALSE,34:27.1
dev103325,cust103325,feature_phone,3.3.20,FALSE,43:04.6
dev103326,cust103326,ios,1.8.17,FALSE,02:42.0
dev103327,cust103327,ios,4.8.4,FALSE,58:47.6
dev103328,cust103328,feature_phone,2.2.6,FALSE,01:51.4
dev103329,cust103329,tablet,2.3.19,FALSE,26:35.2
dev103330,cust103330,feature_phone,3.2.12,FALSE,35:41.9
dev103331,cust103331,tablet,4.4.11,FALSE,16:57.4
dev103332,cust103332,feature_phone,4.1.3,FALSE,03:23.1
dev103333,cust103333,tablet,3.7.17,FALSE,10:36.4
dev103334,cust103334,feature_phone,2.8.19,FALSE,53:24.8
dev103335,cust103335,tablet,1.7.7,FALSE,16:22.0
dev103336,cust103336,feature_phone,2.0.5,FALSE,05:24.4
dev103337,cust103337,ios,2.5.3,FALSE,05:22.0
dev103338,cust103338,tablet,1.7.17,FALSE,45:14.6
dev103339,cust103339,ios,1.2.13,FALSE,54:59.3
dev103340,cust103340,ios,3.6.13,FALSE,24:36.2
dev103341,cust103341,ios,3.9.16,FALSE,43:50.7
dev103342,cust103342,feature_phone,3.2.12,FALSE,07:30.5
dev103343,cust103343,android,4.5.4,FALSE,42:27.6
dev103344,cust103344,feature_phone,1.1.6,FALSE,36:29.6
dev103345,cust103345,ios,4.0.19,FALSE,48:16.8
dev103346,cust103346,ios,2.4.2,FALSE,14:57.4
dev103347,cust103347,android,4.5.12,FALSE,15:56.3
dev103348,cust103348,tablet,4.1.12,FALSE,22:45.1
dev103349,cust103349,feature_phone,3.6.12,FALSE,26:50.4
dev103350,cust103350,tablet,3.4.7,FALSE,27:34.9
dev103351,cust103351,feature_phone,1.6.7,FALSE,58:10.1
dev103352,cust103352,tablet,1.0.14,FALSE,33:02.8
dev103353,cust103353,feature_phone,1.4.13,FALSE,43:36.1
dev103354,cust103354,ios,3.4.11,FALSE,17:09.1
dev103355,cust103355,tablet,4.9.5,FALSE,56:42.7
dev103356,cust103356,android,2.7.5,FALSE,58:33.5
dev103357,cust103357,feature_phone,1.1.4,FALSE,55:06.1
dev103358,cust103358,feature_phone,4.1.9,FALSE,29:13.7
dev103359,cust103359,android,3.0.2,FALSE,02:53.2
dev103360,cust103360,tablet,4.6.14,FALSE,04:45.0
dev103361,cust103361,ios,3.5.7,FALSE,01:39.1
dev103362,cust103362,ios,2.7.6,FALSE,30:41.7
dev103363,cust103363,tablet,4.3.9,FALSE,58:21.7
dev103364,cust103364,android,4.1.2,FALSE,09:42.7
dev103365,cust103365,tablet,4.0.11,FALSE,42:57.0
dev103366,cust103366,ios,1.2.4,FALSE,54:13.4
dev103367,cust103367,android,4.4.1,FALSE,04:46.1
dev103368,cust103368,android,4.9.19,FALSE,47:44.3
dev103369,cust103369,feature_phone,2.8.1,FALSE,51:07.1
dev103370,cust103370,ios,2.0.13,FALSE,23:05.7
dev103371,cust103371,android,3.6.5,FALSE,57:09.0
dev103372,cust103372,tablet,4.3.4,FALSE,08:04.1
dev103373,cust103373,tablet,3.7.12,FALSE,24:13.7
dev103374,cust103374,ios,4.9.0,TRUE,30:54.8
dev103375,cust103375,feature_phone,3.7.13,FALSE,24:13.8
dev103376,cust103376,android,2.1.15,FALSE,05:59.1
dev103377,cust103377,tablet,3.6.12,FALSE,11:51.3
dev103378,cust103378,feature_phone,1.9.12,FALSE,28:44.9
dev103379,cust103379,android,3.9.12,FALSE,14:45.7
dev103380,cust103380,feature_phone,2.8.15,FALSE,11:31.1
dev103381,cust103381,feature_phone,2.7.13,FALSE,58:40.9
dev103382,cust103382,ios,4.3.4,FALSE,05:30.6
dev103383,cust103383,feature_phone,1.8.3,TRUE,04:13.1
dev103384,cust103384,feature_phone,4.6.15,FALSE,31:08.3
dev103385,cust103385,ios,4.5.12,FALSE,19:25.1
dev103386,cust103386,feature_phone,1.1.2,FALSE,44:01.6
dev103387,cust103387,ios,3.8.1,FALSE,18:52.2
dev103388,cust103388,tablet,3.2.0,FALSE,52:59.8
dev103389,cust103389,feature_phone,4.6.17,FALSE,08:28.0
dev103390,cust103390,tablet,1.9.6,FALSE,54:42.7
dev103391,cust103391,android,1.9.4,FALSE,54:33.3
dev103392,cust103392,ios,4.5.16,FALSE,27:44.8
dev103393,cust103393,android,3.1.7,FALSE,05:40.6
dev103394,cust103394,ios,3.7.17,FALSE,19:50.3
dev103395,cust103395,ios,4.4.19,TRUE,02:02.3
dev103396,cust103396,tablet,2.9.20,FALSE,52:27.3
dev103397,cust103397,feature_phone,1.6.8,FALSE,13:36.4
dev103398,cust103398,ios,4.8.16,FALSE,00:47.7
dev103399,cust103399,feature_phone,1.2.3,FALSE,20:55.1
dev103400,cust103400,feature_phone,2.4.10,FALSE,26:57.0
dev103401,cust103401,tablet,2.9.6,FALSE,20:31.7
dev103402,cust103402,ios,2.2.11,FALSE,21:15.1
dev103403,cust103403,tablet,3.7.4,FALSE,36:02.5
dev103404,cust103404,ios,1.6.8,FALSE,07:04.1
dev103405,cust103405,feature_phone,1.4.13,FALSE,17:26.4
dev103406,cust103406,ios,2.3.13,FALSE,54:41.8
dev103407,cust103407,tablet,3.4.3,FALSE,32:49.6
dev103408,cust103408,tablet,4.9.18,FALSE,45:05.3
dev103409,cust103409,feature_phone,2.7.16,FALSE,56:12.9
dev103410,cust103410,ios,2.7.18,FALSE,40:16.7
dev103411,cust103411,tablet,3.2.19,FALSE,52:34.9
dev103412,cust103412,android,4.5.19,FALSE,18:21.2
dev103413,cust103413,tablet,3.1.11,FALSE,34:24.5
dev103414,cust103414,android,1.9.5,FALSE,24:31.1
dev103415,cust103415,tablet,1.9.2,FALSE,57:44.9
dev103416,cust103416,tablet,1.8.11,FALSE,51:04.2
dev103417,cust103417,ios,3.6.13,FALSE,32:19.5
dev103418,cust103418,tablet,2.7.13,FALSE,14:03.3
dev103419,cust103419,tablet,4.9.6,FALSE,22:43.9
dev103420,cust103420,ios,2.5.5,FALSE,27:31.6
dev103421,cust103421,ios,4.7.14,FALSE,23:17.0
dev103422,cust103422,feature_phone,3.3.17,FALSE,23:07.1
dev103423,cust103423,ios,4.7.19,FALSE,21:35.7
dev103424,cust103424,feature_phone,2.2.11,FALSE,49:37.3
dev103425,cust103425,android,4.5.4,FALSE,12:05.3
dev103426,cust103426,ios,2.1.10,FALSE,03:51.3
dev103427,cust103427,ios,4.4.5,FALSE,18:05.1
dev103428,cust103428,tablet,3.8.17,FALSE,30:05.1
dev103429,cust103429,ios,3.8.15,FALSE,42:00.2
dev103430,cust103430,feature_phone,2.9.20,FALSE,13:49.4
dev103431,cust103431,android,3.4.4,FALSE,12:36.9
dev103432,cust103432,feature_phone,1.4.5,FALSE,45:21.0
dev103433,cust103433,android,3.7.15,FALSE,25:48.2
dev103434,cust103434,tablet,1.7.1,FALSE,23:10.7
dev103435,cust103435,ios,2.5.8,FALSE,05:47.1
dev103436,cust103436,ios,4.9.18,FALSE,18:08.2
dev103437,cust103437,tablet,1.3.2,FALSE,07:13.1
dev103438,cust103438,ios,3.0.11,FALSE,34:29.9
dev103439,cust103439,tablet,3.4.8,FALSE,44:06.6
dev103440,cust103440,tablet,3.1.15,FALSE,31:04.5
dev103441,cust103441,ios,4.6.0,FALSE,39:39.4
dev103442,cust103442,ios,4.0.0,TRUE,24:19.2
dev103443,cust103443,tablet,1.7.19,FALSE,26:46.2
dev103444,cust103444,ios,4.8.20,FALSE,04:21.8
dev103445,cust103445,feature_phone,2.3.20,FALSE,09:03.0
dev103446,cust103446,ios,1.5.5,FALSE,01:58.3
dev103447,cust103447,ios,2.3.6,FALSE,06:18.2
dev103448,cust103448,tablet,3.9.5,FALSE,34:06.6
dev103449,cust103449,android,2.0.4,FALSE,47:15.6
dev103450,cust103450,ios,3.1.12,FALSE,47:51.6
dev103451,cust103451,ios,1.3.5,FALSE,53:21.3
dev103452,cust103452,android,2.0.17,FALSE,43:29.9
dev103453,cust103453,android,2.9.8,FALSE,08:29.4
dev103454,cust103454,android,1.7.5,FALSE,44:40.7
dev103455,cust103455,ios,3.3.3,FALSE,36:01.6
dev103456,cust103456,tablet,3.7.15,FALSE,53:53.6
dev103457,cust103457,feature_phone,4.9.12,FALSE,25:34.1
dev103458,cust103458,tablet,1.7.7,FALSE,57:09.4
dev103459,cust103459,android,1.2.10,FALSE,14:14.3
dev103460,cust103460,feature_phone,4.1.13,FALSE,19:36.9
dev103461,cust103461,tablet,4.0.12,FALSE,21:39.5
dev103462,cust103462,tablet,3.2.13,FALSE,42:12.5
dev103463,cust103463,tablet,4.2.12,FALSE,47:49.7
dev103464,cust103464,tablet,1.9.12,FALSE,10:08.3
dev103465,cust103465,android,1.2.7,FALSE,31:17.7
dev103466,cust103466,tablet,4.0.9,FALSE,18:22.8
dev103467,cust103467,tablet,3.5.7,FALSE,59:07.5
dev103468,cust103468,tablet,2.9.13,FALSE,35:36.9
dev103469,cust103469,android,3.7.9,TRUE,43:13.3
dev103470,cust103470,feature_phone,4.8.7,FALSE,44:29.1
dev103471,cust103471,ios,1.7.20,FALSE,54:41.8
dev103472,cust103472,ios,2.8.9,FALSE,24:06.6
dev103473,cust103473,ios,1.4.18,FALSE,02:59.3
dev103474,cust103474,android,1.1.14,FALSE,49:30.1
dev103475,cust103475,android,4.5.12,FALSE,30:25.7
dev103476,cust103476,ios,2.7.3,FALSE,37:08.6
dev103477,cust103477,feature_phone,1.1.12,FALSE,37:26.2
dev103478,cust103478,ios,1.4.1,FALSE,45:32.2
dev103479,cust103479,feature_phone,4.6.13,TRUE,02:43.5
dev103480,cust103480,tablet,2.4.12,FALSE,36:35.4
dev103481,cust103481,ios,1.9.16,FALSE,12:37.8
dev103482,cust103482,tablet,1.5.15,FALSE,41:27.0
dev103483,cust103483,android,4.8.2,FALSE,12:22.7
dev103484,cust103484,ios,3.2.20,FALSE,59:50.4
dev103485,cust103485,feature_phone,4.5.19,FALSE,03:54.1
dev103486,cust103486,android,4.5.6,FALSE,31:18.7
dev103487,cust103487,feature_phone,1.0.5,FALSE,30:51.7
dev103488,cust103488,feature_phone,3.5.7,FALSE,51:41.0
dev103489,cust103489,tablet,4.0.12,FALSE,37:38.4
dev103490,cust103490,tablet,3.2.18,FALSE,44:14.8
dev103491,cust103491,android,2.0.9,FALSE,50:51.2
dev103492,cust103492,android,2.4.8,FALSE,40:26.3
dev103493,cust103493,tablet,2.2.16,FALSE,29:51.5
dev103494,cust103494,tablet,1.0.18,FALSE,57:01.8
dev103495,cust103495,tablet,1.3.4,FALSE,36:59.4
dev103496,cust103496,feature_phone,4.5.19,FALSE,25:08.8
dev103497,cust103497,android,4.6.8,FALSE,35:18.5
dev103498,cust103498,tablet,2.1.13,FALSE,41:50.9
dev103499,cust103499,tablet,3.5.1,FALSE,04:29.8
dev103500,cust103500,ios,3.4.3,FALSE,19:24.2
dev103501,cust103501,ios,2.5.10,FALSE,58:20.0
dev103502,cust103502,tablet,1.0.2,FALSE,44:15.7
dev103503,cust103503,feature_phone,3.8.0,FALSE,27:47.8
dev103504,cust103504,tablet,1.8.11,FALSE,52:24.3
dev103505,cust103505,android,1.5.6,FALSE,05:03.0
dev103506,cust103506,android,4.2.12,FALSE,23:30.9
dev103507,cust103507,feature_phone,1.3.4,FALSE,19:51.0
dev103508,cust103508,android,3.3.2,FALSE,25:04.1
dev103509,cust103509,android,1.5.0,FALSE,53:06.9
dev103510,cust103510,tablet,2.4.5,FALSE,38:19.1
dev103511,cust103511,ios,2.7.3,FALSE,00:32.1
dev103512,cust103512,tablet,3.3.6,FALSE,37:36.8
dev103513,cust103513,android,4.0.3,FALSE,42:54.6
dev103514,cust103514,tablet,3.2.15,FALSE,09:48.6
dev103515,cust103515,android,2.3.1,FALSE,02:07.7
dev103516,cust103516,feature_phone,2.7.11,FALSE,44:53.3
dev103517,cust103517,feature_phone,4.3.5,FALSE,02:01.1
dev103518,cust103518,tablet,1.4.16,FALSE,49:39.7
dev103519,cust103519,feature_phone,3.4.0,FALSE,26:36.7
dev103520,cust103520,ios,4.2.7,FALSE,01:05.8
dev103521,cust103521,feature_phone,3.9.14,FALSE,52:20.8
dev103522,cust103522,android,2.1.17,FALSE,58:56.6
dev103523,cust103523,tablet,2.6.11,FALSE,02:02.0
dev103524,cust103524,ios,2.5.5,FALSE,25:45.1
dev103525,cust103525,android,4.7.1,FALSE,04:16.6
dev103526,cust103526,android,2.4.13,FALSE,22:24.6
dev103527,cust103527,android,3.8.13,FALSE,30:00.3
dev103528,cust103528,tablet,1.0.2,FALSE,17:38.2
dev103529,cust103529,android,1.9.20,FALSE,20:39.0
dev103530,cust103530,feature_phone,3.4.9,FALSE,13:18.4
dev103531,cust103531,tablet,4.1.16,FALSE,01:56.1
dev103532,cust103532,ios,1.3.2,FALSE,34:29.7
dev103533,cust103533,android,3.7.19,FALSE,00:33.5
dev103534,cust103534,android,2.5.4,FALSE,26:06.4
dev103535,cust103535,feature_phone,4.3.4,FALSE,43:11.0
dev103536,cust103536,feature_phone,3.4.7,FALSE,10:10.5
dev103537,cust103537,feature_phone,1.0.20,FALSE,38:34.8
dev103538,cust103538,android,3.2.1,FALSE,14:16.3
dev103539,cust103539,ios,3.2.13,FALSE,42:46.5
dev103540,cust103540,feature_phone,1.6.14,FALSE,16:35.5
dev103541,cust103541,feature_phone,1.1.7,FALSE,23:08.1
dev103542,cust103542,android,4.8.10,FALSE,09:48.9
dev103543,cust103543,tablet,2.4.16,FALSE,45:08.7
dev103544,cust103544,tablet,2.9.17,FALSE,31:50.0
dev103545,cust103545,android,2.4.19,FALSE,41:27.3
dev103546,cust103546,tablet,1.5.5,FALSE,45:32.9
dev103547,cust103547,ios,4.2.20,FALSE,38:34.9
dev103548,cust103548,feature_phone,3.3.12,FALSE,32:44.8
dev103549,cust103549,tablet,4.6.16,FALSE,28:38.6
dev103550,cust103550,feature_phone,1.2.11,FALSE,10:18.0
dev103551,cust103551,feature_phone,1.2.7,FALSE,23:59.8
dev103552,cust103552,ios,1.6.11,FALSE,48:08.6
dev103553,cust103553,feature_phone,2.1.15,FALSE,05:48.2
dev103554,cust103554,ios,3.6.17,FALSE,32:15.1
dev103555,cust103555,feature_phone,2.4.11,FALSE,25:03.9
dev103556,cust103556,feature_phone,3.4.14,TRUE,17:10.7
dev103557,cust103557,ios,4.3.12,FALSE,45:39.4
dev103558,cust103558,tablet,1.1.2,FALSE,38:30.0
dev103559,cust103559,android,3.1.6,FALSE,49:45.6
dev103560,cust103560,android,1.3.19,FALSE,02:44.2
dev103561,cust103561,feature_phone,1.7.5,TRUE,54:45.3
dev103562,cust103562,ios,1.9.13,FALSE,17:23.5
dev103563,cust103563,android,1.2.6,FALSE,41:34.5
dev103564,cust103564,tablet,2.6.18,FALSE,14:35.9
dev103565,cust103565,tablet,3.2.0,FALSE,51:30.3
dev103566,cust103566,android,2.4.2,FALSE,16:57.8
dev103567,cust103567,ios,4.3.8,FALSE,15:37.0
dev103568,cust103568,tablet,4.8.12,FALSE,53:04.7
dev103569,cust103569,tablet,2.3.15,FALSE,37:31.2
dev103570,cust103570,tablet,4.7.14,FALSE,33:06.4
dev103571,cust103571,tablet,1.0.2,FALSE,07:57.0
dev103572,cust103572,android,4.4.16,FALSE,54:59.5
dev103573,cust103573,android,4.7.1,FALSE,15:08.2
dev103574,cust103574,ios,2.8.17,FALSE,34:08.9
dev103575,cust103575,android,1.8.19,FALSE,01:34.1
dev103576,cust103576,android,1.3.8,FALSE,54:05.2
dev103577,cust103577,feature_phone,3.2.8,FALSE,25:00.3
dev103578,cust103578,tablet,2.6.15,FALSE,59:30.1
dev103579,cust103579,tablet,4.6.5,FALSE,53:35.0
dev103580,cust103580,tablet,4.7.14,FALSE,47:28.4
dev103581,cust103581,tablet,3.3.8,FALSE,13:19.3
dev103582,cust103582,feature_phone,2.0.6,FALSE,51:29.1
dev103583,cust103583,feature_phone,3.1.13,TRUE,39:28.0
dev103584,cust103584,android,4.0.11,FALSE,42:24.8
dev103585,cust103585,tablet,4.1.0,FALSE,04:10.1
dev103586,cust103586,android,4.8.14,FALSE,24:00.4
dev103587,cust103587,ios,4.4.13,TRUE,15:53.6
dev103588,cust103588,tablet,1.9.0,FALSE,30:39.9
dev103589,cust103589,tablet,4.6.5,FALSE,55:02.6
dev103590,cust103590,android,1.7.11,FALSE,01:52.2
dev103591,cust103591,tablet,2.4.9,FALSE,28:07.4
dev103592,cust103592,tablet,2.4.11,FALSE,12:59.8
dev103593,cust103593,feature_phone,4.7.19,FALSE,38:15.5
dev103594,cust103594,feature_phone,1.4.7,FALSE,20:37.8
dev103595,cust103595,feature_phone,3.4.8,FALSE,48:19.1
dev103596,cust103596,android,1.3.15,FALSE,25:23.4
dev103597,cust103597,android,2.8.7,FALSE,15:40.8
dev103598,cust103598,tablet,1.1.6,FALSE,55:02.4
dev103599,cust103599,tablet,1.1.12,FALSE,33:47.7
dev103600,cust103600,feature_phone,4.2.7,FALSE,11:32.1
dev103601,cust103601,feature_phone,1.6.2,FALSE,37:59.3
dev103602,cust103602,feature_phone,3.1.6,FALSE,16:27.0
dev103603,cust103603,feature_phone,4.9.5,FALSE,08:04.6
dev103604,cust103604,feature_phone,3.2.7,FALSE,15:48.4
dev103605,cust103605,tablet,3.3.7,FALSE,20:00.4
dev103606,cust103606,ios,1.0.16,FALSE,20:51.2
dev103607,cust103607,ios,2.9.4,FALSE,01:20.6
dev103608,cust103608,tablet,2.4.17,FALSE,46:01.7
dev103609,cust103609,tablet,3.2.3,FALSE,35:07.6
dev103610,cust103610,tablet,3.3.19,FALSE,23:47.7
dev103611,cust103611,android,4.0.11,FALSE,06:12.4
dev103612,cust103612,tablet,3.3.0,FALSE,13:37.0
dev103613,cust103613,ios,1.5.19,FALSE,31:09.0
dev103614,cust103614,android,3.0.13,FALSE,31:32.3
dev103615,cust103615,feature_phone,2.3.18,FALSE,29:37.8
dev103616,cust103616,ios,1.0.17,FALSE,56:55.1
dev103617,cust103617,feature_phone,1.6.8,FALSE,16:08.0
dev103618,cust103618,feature_phone,4.1.13,FALSE,08:14.5
dev103619,cust103619,feature_phone,2.4.1,FALSE,48:32.4
dev103620,cust103620,feature_phone,3.5.7,FALSE,15:29.9
dev103621,cust103621,tablet,4.7.19,FALSE,19:14.6
dev103622,cust103622,ios,2.4.19,FALSE,08:54.6
dev103623,cust103623,android,2.1.11,FALSE,24:02.8
dev103624,cust103624,feature_phone,4.4.13,FALSE,37:53.8
dev103625,cust103625,ios,4.7.1,FALSE,32:51.7
dev103626,cust103626,tablet,4.0.1,FALSE,22:11.3
dev103627,cust103627,feature_phone,1.4.7,FALSE,40:46.4
dev103628,cust103628,feature_phone,3.0.4,FALSE,58:34.1
dev103629,cust103629,android,1.2.12,FALSE,53:43.3
dev103630,cust103630,feature_phone,4.1.12,FALSE,59:47.6
dev103631,cust103631,android,1.9.8,FALSE,21:47.8
dev103632,cust103632,ios,1.2.13,FALSE,41:10.9
dev103633,cust103633,tablet,3.0.10,FALSE,07:11.5
dev103634,cust103634,ios,2.4.9,FALSE,50:17.5
dev103635,cust103635,feature_phone,4.1.20,FALSE,18:09.4
dev103636,cust103636,tablet,1.2.0,FALSE,04:28.3
dev103637,cust103637,ios,3.1.1,FALSE,56:08.4
dev103638,cust103638,android,3.9.12,FALSE,52:24.5
dev103639,cust103639,tablet,2.4.9,FALSE,47:43.0
dev103640,cust103640,ios,4.3.12,FALSE,07:13.1
dev103641,cust103641,android,4.0.18,FALSE,44:53.5
dev103642,cust103642,ios,4.5.12,FALSE,05:32.6
dev103643,cust103643,ios,3.6.19,FALSE,24:15.4
dev103644,cust103644,tablet,2.9.20,FALSE,09:47.6
dev103645,cust103645,tablet,1.7.9,FALSE,31:53.1
dev103646,cust103646,feature_phone,3.1.11,FALSE,02:27.9
dev103647,cust103647,tablet,1.4.9,FALSE,42:14.1
dev103648,cust103648,feature_phone,3.6.11,FALSE,42:05.3
dev103649,cust103649,feature_phone,4.8.14,FALSE,15:05.1
dev103650,cust103650,ios,1.4.4,FALSE,53:08.7
dev103651,cust103651,feature_phone,4.4.9,FALSE,30:50.3
dev103652,cust103652,android,4.4.1,FALSE,54:29.7
dev103653,cust103653,feature_phone,1.2.8,FALSE,43:21.0
dev103654,cust103654,tablet,1.7.11,FALSE,02:53.5
dev103655,cust103655,ios,3.6.17,FALSE,28:27.0
dev103656,cust103656,tablet,2.9.9,FALSE,09:59.8
dev103657,cust103657,ios,1.3.16,FALSE,06:57.3
dev103658,cust103658,ios,3.8.10,FALSE,57:53.4
dev103659,cust103659,ios,2.7.15,FALSE,20:28.4
dev103660,cust103660,android,4.0.10,FALSE,41:27.7
dev103661,cust103661,feature_phone,2.9.11,FALSE,09:09.1
dev103662,cust103662,tablet,3.7.16,FALSE,15:16.0
dev103663,cust103663,feature_phone,3.0.20,FALSE,56:50.2
dev103664,cust103664,android,4.3.10,FALSE,52:29.6
dev103665,cust103665,feature_phone,2.0.1,FALSE,29:05.4
dev103666,cust103666,ios,1.5.9,TRUE,11:30.1
dev103667,cust103667,ios,1.6.16,FALSE,33:07.0
dev103668,cust103668,ios,3.8.9,FALSE,17:57.8
dev103669,cust103669,ios,3.4.4,FALSE,33:34.6
dev103670,cust103670,tablet,2.2.12,FALSE,51:29.7
dev103671,cust103671,ios,2.5.1,FALSE,13:22.0
dev103672,cust103672,tablet,3.6.5,FALSE,28:35.0
dev103673,cust103673,feature_phone,1.1.17,FALSE,20:46.6
dev103674,cust103674,feature_phone,3.6.2,FALSE,50:16.0
dev103675,cust103675,ios,4.4.14,FALSE,23:49.3
dev103676,cust103676,feature_phone,2.4.19,FALSE,34:32.2
dev103677,cust103677,feature_phone,1.1.3,FALSE,07:28.5
dev103678,cust103678,tablet,3.4.15,FALSE,03:31.9
dev103679,cust103679,feature_phone,3.2.13,FALSE,49:31.9
dev103680,cust103680,feature_phone,1.9.2,FALSE,35:15.3
dev103681,cust103681,feature_phone,4.9.6,FALSE,25:07.1
dev103682,cust103682,ios,3.1.13,FALSE,02:43.8
dev103683,cust103683,android,3.1.5,FALSE,03:12.1
dev103684,cust103684,android,4.2.16,FALSE,23:30.9
dev103685,cust103685,ios,1.9.16,FALSE,30:44.8
dev103686,cust103686,feature_phone,4.9.2,TRUE,55:40.4
dev103687,cust103687,ios,2.9.17,FALSE,34:13.7
dev103688,cust103688,tablet,3.0.19,FALSE,27:17.2
dev103689,cust103689,feature_phone,3.8.0,FALSE,01:16.2
dev103690,cust103690,ios,1.5.10,FALSE,37:26.2
dev103691,cust103691,feature_phone,2.9.13,FALSE,52:40.5
dev103692,cust103692,tablet,3.1.17,FALSE,53:40.3
dev103693,cust103693,ios,2.4.5,FALSE,56:39.8
dev103694,cust103694,ios,1.8.2,FALSE,45:06.5
dev103695,cust103695,feature_phone,1.9.2,FALSE,44:49.3
dev103696,cust103696,tablet,2.3.13,FALSE,47:38.3
dev103697,cust103697,android,1.7.10,FALSE,07:15.5
dev103698,cust103698,tablet,2.7.11,FALSE,46:26.8
dev103699,cust103699,feature_phone,1.4.4,FALSE,44:22.6
dev103700,cust103700,feature_phone,4.6.4,FALSE,23:26.7
dev103701,cust103701,ios,4.9.2,FALSE,40:43.3
dev103702,cust103702,ios,2.7.5,FALSE,26:28.2
dev103703,cust103703,tablet,4.6.15,FALSE,55:41.0
dev103704,cust103704,feature_phone,4.5.2,FALSE,46:57.8
dev103705,cust103705,tablet,2.9.17,FALSE,00:26.9
dev103706,cust103706,ios,2.4.8,FALSE,39:21.5
dev103707,cust103707,feature_phone,4.9.1,FALSE,32:42.3
dev103708,cust103708,ios,2.0.2,TRUE,43:21.0
dev103709,cust103709,tablet,4.7.8,FALSE,52:44.2
dev103710,cust103710,tablet,2.7.5,FALSE,49:20.4
dev103711,cust103711,android,1.2.6,FALSE,30:58.5
dev103712,cust103712,ios,2.6.20,FALSE,45:04.0
dev103713,cust103713,feature_phone,2.4.10,FALSE,42:27.4
dev103714,cust103714,ios,4.8.2,FALSE,46:33.3
dev103715,cust103715,ios,1.5.7,FALSE,52:05.9
dev103716,cust103716,android,3.6.7,FALSE,29:47.5
dev103717,cust103717,ios,3.2.2,FALSE,15:28.8
dev103718,cust103718,android,2.7.0,FALSE,27:11.0
dev103719,cust103719,tablet,1.5.1,FALSE,24:30.0
dev103720,cust103720,tablet,3.6.16,FALSE,09:04.1
dev103721,cust103721,feature_phone,1.2.15,FALSE,42:13.5
dev103722,cust103722,ios,3.0.8,FALSE,47:47.8
dev103723,cust103723,android,3.6.2,FALSE,36:08.6
dev103724,cust103724,android,1.8.13,FALSE,36:28.1
dev103725,cust103725,ios,3.8.4,FALSE,01:47.5
dev103726,cust103726,feature_phone,4.6.11,FALSE,21:43.1
dev103727,cust103727,ios,3.1.10,FALSE,31:16.0
dev103728,cust103728,android,2.7.0,FALSE,30:06.0
dev103729,cust103729,tablet,4.7.6,FALSE,31:43.6
dev103730,cust103730,android,1.0.12,FALSE,59:34.1
dev103731,cust103731,feature_phone,3.4.18,FALSE,21:50.0
dev103732,cust103732,android,2.0.9,FALSE,37:10.6
dev103733,cust103733,android,4.7.19,FALSE,49:56.7
dev103734,cust103734,tablet,3.8.19,FALSE,14:45.6
dev103735,cust103735,ios,2.0.15,FALSE,30:35.8
dev103736,cust103736,ios,2.7.16,FALSE,48:48.8
dev103737,cust103737,feature_phone,2.6.15,FALSE,49:34.7
dev103738,cust103738,feature_phone,4.3.10,FALSE,53:37.8
dev103739,cust103739,feature_phone,4.5.1,FALSE,12:32.3
dev103740,cust103740,tablet,3.2.9,FALSE,10:50.0
dev103741,cust103741,ios,3.1.0,FALSE,30:56.2
dev103742,cust103742,feature_phone,4.3.20,FALSE,39:26.9
dev103743,cust103743,ios,3.9.10,FALSE,04:59.5
dev103744,cust103744,ios,2.2.2,FALSE,15:45.9
dev103745,cust103745,feature_phone,2.6.20,FALSE,17:31.7
dev103746,cust103746,tablet,4.1.12,FALSE,15:42.0
dev103747,cust103747,feature_phone,4.1.16,FALSE,41:32.1
dev103748,cust103748,ios,2.8.6,FALSE,24:19.9
dev103749,cust103749,tablet,2.0.18,FALSE,28:50.8
dev103750,cust103750,android,2.5.11,FALSE,12:22.8
dev103751,cust103751,android,4.4.4,FALSE,45:11.8
dev103752,cust103752,tablet,3.5.20,FALSE,31:19.5
dev103753,cust103753,feature_phone,3.6.14,FALSE,28:42.8
dev103754,cust103754,tablet,2.3.14,FALSE,25:59.5
dev103755,cust103755,feature_phone,1.6.9,FALSE,44:27.9
dev103756,cust103756,tablet,3.2.11,FALSE,01:47.7
dev103757,cust103757,ios,4.8.8,FALSE,19:25.7
dev103758,cust103758,tablet,2.3.11,FALSE,48:16.9
dev103759,cust103759,android,2.5.6,FALSE,59:06.9
dev103760,cust103760,ios,3.8.12,FALSE,00:32.8
dev103761,cust103761,tablet,4.6.12,FALSE,08:07.3
dev103762,cust103762,feature_phone,3.9.5,FALSE,25:24.9
dev103763,cust103763,android,3.9.5,FALSE,08:26.7
dev103764,cust103764,feature_phone,4.3.15,FALSE,40:30.1
dev103765,cust103765,tablet,2.4.13,FALSE,31:49.1
dev103766,cust103766,tablet,4.7.2,FALSE,20:42.9
dev103767,cust103767,tablet,1.2.1,FALSE,53:37.7
dev103768,cust103768,android,2.5.14,FALSE,40:11.3
dev103769,cust103769,android,1.7.19,FALSE,29:49.0
dev103770,cust103770,android,2.5.6,FALSE,34:31.1
dev103771,cust103771,feature_phone,3.9.15,FALSE,45:19.0
dev103772,cust103772,android,4.8.3,FALSE,40:34.2
dev103773,cust103773,android,1.9.9,FALSE,36:26.4
dev103774,cust103774,tablet,3.2.5,FALSE,29:36.7
dev103775,cust103775,tablet,1.3.20,TRUE,18:24.8
dev103776,cust103776,tablet,2.2.15,FALSE,50:15.8
dev103777,cust103777,ios,2.6.13,FALSE,26:01.5
dev103778,cust103778,feature_phone,2.0.4,FALSE,10:51.1
dev103779,cust103779,android,2.3.14,FALSE,58:22.4
dev103780,cust103780,android,4.6.17,FALSE,11:34.3
dev103781,cust103781,android,3.4.2,FALSE,22:08.3
dev103782,cust103782,ios,4.2.18,FALSE,57:29.3
dev103783,cust103783,feature_phone,4.5.20,FALSE,43:49.3
dev103784,cust103784,tablet,3.3.2,FALSE,36:03.6
dev103785,cust103785,ios,1.7.9,FALSE,26:32.9
dev103786,cust103786,feature_phone,1.3.7,FALSE,33:42.0
dev103787,cust103787,feature_phone,2.5.4,FALSE,54:46.1
dev103788,cust103788,tablet,3.4.17,FALSE,32:59.3
dev103789,cust103789,feature_phone,2.2.7,FALSE,23:16.5
dev103790,cust103790,ios,1.4.9,FALSE,11:38.4
dev103791,cust103791,ios,3.0.15,FALSE,02:57.7
dev103792,cust103792,ios,1.0.19,FALSE,59:36.8
dev103793,cust103793,tablet,3.9.8,FALSE,37:42.4
dev103794,cust103794,feature_phone,1.4.16,FALSE,07:13.1
dev103795,cust103795,ios,2.2.5,FALSE,36:31.8
dev103796,cust103796,feature_phone,3.6.4,FALSE,21:22.9
dev103797,cust103797,android,3.6.17,FALSE,32:09.6
dev103798,cust103798,android,1.9.2,FALSE,07:45.2
dev103799,cust103799,feature_phone,4.9.5,FALSE,27:34.7
dev103800,cust103800,feature_phone,4.4.17,FALSE,27:47.8
dev103801,cust103801,tablet,4.8.14,FALSE,26:02.4
dev103802,cust103802,android,1.2.20,FALSE,12:27.4
dev103803,cust103803,tablet,2.1.1,FALSE,36:45.1
dev103804,cust103804,tablet,4.3.12,FALSE,11:45.0
dev103805,cust103805,android,2.1.4,FALSE,25:57.7
dev103806,cust103806,tablet,4.6.12,FALSE,34:22.4
dev103807,cust103807,ios,4.8.20,FALSE,36:37.0
dev103808,cust103808,feature_phone,4.9.6,FALSE,02:11.5
dev103809,cust103809,android,1.1.4,FALSE,40:54.1
dev103810,cust103810,android,3.2.11,FALSE,15:07.8
dev103811,cust103811,ios,2.6.15,FALSE,47:38.4
dev103812,cust103812,tablet,2.7.17,FALSE,46:56.1
dev103813,cust103813,feature_phone,1.8.20,FALSE,34:04.9
dev103814,cust103814,android,4.7.7,FALSE,29:24.0
dev103815,cust103815,android,4.3.12,FALSE,33:06.7
dev103816,cust103816,ios,3.6.13,FALSE,59:25.7
dev103817,cust103817,tablet,2.4.13,FALSE,16:10.7
dev103818,cust103818,android,4.9.18,FALSE,35:24.2
dev103819,cust103819,feature_phone,1.4.19,FALSE,55:09.8
dev103820,cust103820,android,2.8.10,FALSE,15:23.2
dev103821,cust103821,ios,3.6.3,FALSE,03:24.9
dev103822,cust103822,tablet,4.6.2,FALSE,31:15.2
dev103823,cust103823,android,3.7.5,FALSE,12:38.1
dev103824,cust103824,android,3.6.11,FALSE,52:37.6
dev103825,cust103825,feature_phone,1.6.13,FALSE,06:45.1
dev103826,cust103826,feature_phone,2.4.16,FALSE,09:22.5
dev103827,cust103827,ios,4.0.12,FALSE,42:59.3
dev103828,cust103828,android,4.5.1,FALSE,41:45.5
dev103829,cust103829,android,4.6.17,FALSE,29:39.8
dev103830,cust103830,ios,2.8.19,FALSE,05:56.3
dev103831,cust103831,feature_phone,4.6.16,FALSE,52:54.9
dev103832,cust103832,android,2.0.18,FALSE,13:24.2
dev103833,cust103833,feature_phone,4.6.16,FALSE,03:40.2
dev103834,cust103834,ios,3.2.15,FALSE,51:13.6
dev103835,cust103835,feature_phone,3.6.4,FALSE,00:10.5
dev103836,cust103836,tablet,2.2.14,FALSE,45:44.1
dev103837,cust103837,android,3.0.6,FALSE,46:55.3
dev103838,cust103838,tablet,4.9.3,FALSE,18:01.1
dev103839,cust103839,ios,2.6.5,FALSE,05:25.2
dev103840,cust103840,tablet,2.6.6,FALSE,43:58.8
dev103841,cust103841,android,2.8.3,FALSE,07:54.2
dev103842,cust103842,android,2.1.14,FALSE,30:32.7
dev103843,cust103843,feature_phone,4.8.1,FALSE,39:17.6
dev103844,cust103844,feature_phone,1.2.6,FALSE,48:10.0
dev103845,cust103845,tablet,1.1.10,FALSE,57:11.7
dev103846,cust103846,tablet,4.2.4,FALSE,44:56.8
dev103847,cust103847,feature_phone,4.5.2,FALSE,16:58.2
dev103848,cust103848,feature_phone,4.4.12,FALSE,28:30.2
dev103849,cust103849,tablet,4.3.7,TRUE,05:38.3
dev103850,cust103850,ios,2.7.2,FALSE,09:04.1
dev103851,cust103851,ios,2.4.13,FALSE,57:03.8
dev103852,cust103852,feature_phone,1.8.9,FALSE,10:47.1
dev103853,cust103853,android,1.9.18,FALSE,50:54.3
dev103854,cust103854,tablet,2.7.4,FALSE,16:09.1
dev103855,cust103855,tablet,1.0.0,FALSE,00:36.3
dev103856,cust103856,feature_phone,3.2.15,FALSE,13:24.1
dev103857,cust103857,feature_phone,4.1.10,FALSE,03:38.0
dev103858,cust103858,feature_phone,1.4.9,FALSE,43:21.2
dev103859,cust103859,android,2.0.14,FALSE,42:59.9
dev103860,cust103860,feature_phone,4.1.19,FALSE,36:17.7
dev103861,cust103861,android,2.6.4,FALSE,07:09.7
dev103862,cust103862,feature_phone,2.1.4,FALSE,38:27.5
dev103863,cust103863,feature_phone,4.3.5,FALSE,03:50.4
dev103864,cust103864,feature_phone,4.4.0,FALSE,09:09.5
dev103865,cust103865,ios,4.2.8,FALSE,34:02.4
dev103866,cust103866,ios,4.9.9,FALSE,29:22.0
dev103867,cust103867,tablet,4.3.6,FALSE,22:39.5
dev103868,cust103868,tablet,4.2.11,FALSE,24:16.4
dev103869,cust103869,ios,4.2.8,FALSE,37:25.8
dev103870,cust103870,android,4.2.0,FALSE,33:05.3
dev103871,cust103871,ios,4.4.18,FALSE,20:09.6
dev103872,cust103872,feature_phone,3.0.18,FALSE,29:45.5
dev103873,cust103873,ios,4.2.20,FALSE,38:33.1
dev103874,cust103874,ios,1.2.9,FALSE,23:59.7
dev103875,cust103875,tablet,2.3.16,FALSE,53:52.9
dev103876,cust103876,android,4.7.12,FALSE,53:19.0
dev103877,cust103877,feature_phone,2.6.17,FALSE,38:11.2
dev103878,cust103878,android,4.3.15,FALSE,04:06.4
dev103879,cust103879,ios,3.3.10,FALSE,56:46.9
dev103880,cust103880,tablet,1.9.5,FALSE,39:58.1
dev103881,cust103881,android,3.3.1,FALSE,08:08.7
dev103882,cust103882,ios,4.6.16,FALSE,06:09.5
dev103883,cust103883,ios,3.3.7,FALSE,16:10.8
dev103884,cust103884,android,3.7.2,FALSE,57:37.0
dev103885,cust103885,feature_phone,2.5.0,FALSE,25:02.9
dev103886,cust103886,android,3.5.9,FALSE,21:43.1
dev103887,cust103887,feature_phone,2.7.17,FALSE,36:57.2
dev103888,cust103888,ios,1.0.11,FALSE,42:18.5
dev103889,cust103889,ios,1.9.12,FALSE,25:11.4
dev103890,cust103890,android,2.3.3,FALSE,27:07.8
dev103891,cust103891,ios,4.1.4,FALSE,06:48.1
dev103892,cust103892,ios,3.9.7,FALSE,40:19.0
dev103893,cust103893,feature_phone,4.6.9,TRUE,07:51.1
dev103894,cust103894,android,1.0.18,FALSE,11:23.4
dev103895,cust103895,tablet,1.3.6,FALSE,46:06.1
dev103896,cust103896,android,3.4.2,FALSE,37:23.6
dev103897,cust103897,tablet,2.2.17,FALSE,28:14.6
dev103898,cust103898,tablet,3.3.12,FALSE,00:59.0
dev103899,cust103899,feature_phone,4.1.0,FALSE,25:33.0
dev103900,cust103900,ios,1.3.4,FALSE,49:27.4
dev103901,cust103901,ios,4.8.1,FALSE,05:39.6
dev103902,cust103902,feature_phone,1.4.14,FALSE,17:18.6
dev103903,cust103903,ios,3.0.2,FALSE,33:04.6
dev103904,cust103904,feature_phone,1.8.1,FALSE,50:41.8
dev103905,cust103905,tablet,1.0.3,FALSE,57:45.2
dev103906,cust103906,ios,4.0.3,FALSE,43:10.5
dev103907,cust103907,ios,3.2.8,FALSE,02:33.1
dev103908,cust103908,feature_phone,3.7.8,FALSE,34:22.3
dev103909,cust103909,tablet,2.7.18,FALSE,14:51.9
dev103910,cust103910,feature_phone,4.2.18,FALSE,04:46.9
dev103911,cust103911,android,3.3.1,FALSE,15:59.0
dev103912,cust103912,feature_phone,4.8.13,FALSE,33:22.6
dev103913,cust103913,android,1.1.14,FALSE,09:54.8
dev103914,cust103914,tablet,2.5.18,FALSE,08:42.4
dev103915,cust103915,android,4.4.5,FALSE,23:47.3
dev103916,cust103916,android,3.0.4,TRUE,11:06.5
dev103917,cust103917,ios,3.6.17,FALSE,47:23.2
dev103918,cust103918,android,4.8.17,FALSE,41:41.4
dev103919,cust103919,ios,3.0.1,FALSE,59:39.9
dev103920,cust103920,tablet,2.7.14,FALSE,38:00.4
dev103921,cust103921,feature_phone,4.7.19,FALSE,04:33.5
dev103922,cust103922,tablet,2.0.10,FALSE,55:53.5
dev103923,cust103923,ios,4.5.17,FALSE,52:23.8
dev103924,cust103924,feature_phone,2.1.0,FALSE,14:30.3
dev103925,cust103925,tablet,3.7.5,FALSE,43:01.5
dev103926,cust103926,feature_phone,3.6.16,TRUE,14:07.5
dev103927,cust103927,feature_phone,4.2.18,FALSE,03:03.2
dev103928,cust103928,ios,4.6.7,FALSE,57:02.4
dev103929,cust103929,tablet,4.0.3,FALSE,17:56.7
dev103930,cust103930,android,4.3.12,FALSE,54:50.3
dev103931,cust103931,tablet,2.0.18,FALSE,53:40.7
dev103932,cust103932,android,3.8.2,FALSE,02:43.9
dev103933,cust103933,feature_phone,4.2.1,FALSE,26:53.8
dev103934,cust103934,ios,4.6.4,FALSE,31:12.9
dev103935,cust103935,tablet,2.2.7,FALSE,56:36.3
dev103936,cust103936,tablet,2.7.8,FALSE,14:29.0
dev103937,cust103937,feature_phone,2.2.15,FALSE,36:47.9
dev103938,cust103938,android,1.7.2,FALSE,10:42.2
dev103939,cust103939,android,3.1.4,FALSE,10:50.6
dev103940,cust103940,ios,4.9.2,FALSE,05:47.1
dev103941,cust103941,ios,1.4.12,FALSE,58:50.3
dev103942,cust103942,feature_phone,1.9.6,FALSE,27:07.8
dev103943,cust103943,feature_phone,3.9.3,FALSE,30:14.5
dev103944,cust103944,tablet,4.6.18,FALSE,42:13.7
dev103945,cust103945,ios,1.8.17,FALSE,36:23.5
dev103946,cust103946,tablet,4.7.16,FALSE,54:21.9
dev103947,cust103947,ios,3.8.11,FALSE,03:07.4
dev103948,cust103948,feature_phone,3.0.8,FALSE,26:18.7
dev103949,cust103949,tablet,1.5.18,FALSE,12:34.0
dev103950,cust103950,tablet,4.9.18,FALSE,49:03.0
dev103951,cust103951,tablet,4.0.16,FALSE,46:27.6
dev103952,cust103952,tablet,1.3.5,FALSE,29:30.6
dev103953,cust103953,ios,2.2.12,FALSE,53:23.9
dev103954,cust103954,tablet,3.6.8,FALSE,19:08.3
dev103955,cust103955,feature_phone,3.4.20,FALSE,43:29.6
dev103956,cust103956,tablet,2.9.9,FALSE,09:39.7
dev103957,cust103957,tablet,2.8.11,FALSE,26:32.8
dev103958,cust103958,ios,3.1.9,FALSE,37:59.6
dev103959,cust103959,ios,2.6.7,FALSE,02:18.5
dev103960,cust103960,ios,4.9.8,FALSE,16:40.3
dev103961,cust103961,android,4.9.11,FALSE,04:15.3
dev103962,cust103962,feature_phone,3.8.19,FALSE,59:06.9
dev103963,cust103963,feature_phone,2.4.17,FALSE,31:40.2
dev103964,cust103964,tablet,4.2.10,FALSE,29:31.8
dev103965,cust103965,ios,1.0.16,FALSE,38:23.9
dev103966,cust103966,ios,2.4.15,FALSE,18:32.4
dev103967,cust103967,android,4.3.8,FALSE,07:26.0
dev103968,cust103968,ios,1.9.14,FALSE,30:04.2
dev103969,cust103969,feature_phone,4.0.17,FALSE,11:50.7
dev103970,cust103970,ios,2.7.14,FALSE,32:49.3
dev103971,cust103971,tablet,3.9.7,FALSE,46:18.4
dev103972,cust103972,ios,3.4.5,FALSE,09:40.8
dev103973,cust103973,android,2.6.5,FALSE,00:26.8
dev103974,cust103974,ios,4.3.10,FALSE,22:13.2
dev103975,cust103975,feature_phone,2.2.4,FALSE,48:33.1
dev103976,cust103976,ios,4.8.9,FALSE,07:55.2
dev103977,cust103977,android,4.5.15,FALSE,22:09.5
dev103978,cust103978,android,4.9.7,FALSE,21:29.7
dev103979,cust103979,tablet,4.3.15,FALSE,37:12.1
dev103980,cust103980,android,4.0.16,FALSE,07:02.9
dev103981,cust103981,feature_phone,1.6.12,FALSE,45:24.1
dev103982,cust103982,tablet,3.3.3,FALSE,02:33.3
dev103983,cust103983,ios,3.7.7,FALSE,37:10.0
dev103984,cust103984,android,4.4.8,FALSE,46:59.6
dev103985,cust103985,feature_phone,4.2.4,FALSE,29:59.3
dev103986,cust103986,android,3.1.14,FALSE,33:59.1
dev103987,cust103987,tablet,2.9.16,FALSE,49:09.6
dev103988,cust103988,android,2.4.14,FALSE,52:05.1
dev103989,cust103989,tablet,4.4.14,FALSE,20:32.3
dev103990,cust103990,android,2.0.17,FALSE,08:43.8
dev103991,cust103991,feature_phone,2.6.18,FALSE,29:08.3
dev103992,cust103992,feature_phone,2.7.5,FALSE,54:50.5
dev103993,cust103993,android,3.2.17,FALSE,49:13.4
dev103994,cust103994,android,3.6.16,FALSE,34:59.2
dev103995,cust103995,tablet,3.7.12,FALSE,18:32.3
dev103996,cust103996,ios,3.8.16,FALSE,47:04.5
dev103997,cust103997,ios,1.4.20,FALSE,10:34.9
dev103998,cust103998,android,1.2.18,FALSE,55:18.1
dev103999,cust103999,tablet,2.4.15,FALSE,03:16.9
dev104000,cust104000,ios,1.4.15,FALSE,15:39.3
dev104001,cust104001,feature_phone,2.7.20,FALSE,30:37.5
dev104002,cust104002,ios,3.3.10,FALSE,34:22.2
dev104003,cust104003,ios,1.5.20,FALSE,26:04.0
dev104004,cust104004,feature_phone,3.7.5,FALSE,30:17.9
dev104005,cust104005,android,4.5.18,FALSE,30:58.0
dev104006,cust104006,android,3.3.0,FALSE,31:55.6
dev104007,cust104007,android,3.2.19,FALSE,03:02.4
dev104008,cust104008,feature_phone,4.5.15,FALSE,17:17.9
dev104009,cust104009,tablet,3.4.2,FALSE,34:10.6
dev104010,cust104010,android,3.3.6,FALSE,05:46.1
dev104011,cust104011,android,3.3.11,FALSE,16:11.2
dev104012,cust104012,android,2.7.12,FALSE,27:12.4
dev104013,cust104013,feature_phone,3.7.18,FALSE,26:36.7
dev104014,cust104014,ios,1.1.2,FALSE,12:16.9
dev104015,cust104015,ios,2.4.11,FALSE,40:38.3
dev104016,cust104016,tablet,1.0.2,FALSE,06:31.3
dev104017,cust104017,feature_phone,2.2.9,FALSE,31:35.7
dev104018,cust104018,tablet,3.7.10,FALSE,06:53.3
dev104019,cust104019,ios,4.1.5,FALSE,37:13.0
dev104020,cust104020,tablet,3.3.19,FALSE,49:14.1
dev104021,cust104021,android,2.6.11,FALSE,26:37.5
dev104022,cust104022,ios,3.1.13,TRUE,34:58.8
dev104023,cust104023,ios,4.7.11,FALSE,28:21.8
dev104024,cust104024,tablet,4.5.1,FALSE,49:56.1
dev104025,cust104025,android,4.5.20,FALSE,02:51.6
dev104026,cust104026,tablet,2.5.5,FALSE,52:26.5
dev104027,cust104027,feature_phone,4.8.13,FALSE,54:19.0
dev104028,cust104028,tablet,4.8.11,FALSE,41:26.8
dev104029,cust104029,ios,2.6.9,FALSE,24:25.7
dev104030,cust104030,ios,2.0.16,FALSE,06:10.5
dev104031,cust104031,tablet,4.3.15,FALSE,23:38.5
dev104032,cust104032,feature_phone,1.0.12,FALSE,02:41.6
dev104033,cust104033,tablet,1.2.5,FALSE,21:18.9
dev104034,cust104034,feature_phone,1.8.18,FALSE,14:19.9
dev104035,cust104035,feature_phone,3.8.13,FALSE,55:56.4
dev104036,cust104036,android,1.9.15,FALSE,58:13.0
dev104037,cust104037,ios,2.0.13,FALSE,30:21.3
dev104038,cust104038,tablet,2.5.15,TRUE,12:05.9
dev104039,cust104039,ios,4.6.14,FALSE,01:13.7
dev104040,cust104040,android,3.7.1,FALSE,47:34.4
dev104041,cust104041,tablet,1.3.3,FALSE,38:06.3
dev104042,cust104042,android,2.6.15,FALSE,40:30.8
dev104043,cust104043,ios,3.5.1,FALSE,48:02.4
dev104044,cust104044,android,4.3.15,FALSE,46:11.7
dev104045,cust104045,android,1.5.13,FALSE,30:39.5
dev104046,cust104046,feature_phone,3.9.9,FALSE,18:35.5
dev104047,cust104047,tablet,1.5.3,FALSE,58:57.0
dev104048,cust104048,ios,4.4.3,FALSE,54:01.0
dev104049,cust104049,ios,3.4.11,FALSE,37:38.2
dev104050,cust104050,feature_phone,1.4.13,FALSE,00:44.8
dev104051,cust104051,tablet,2.6.15,FALSE,19:03.4
dev104052,cust104052,feature_phone,3.5.18,FALSE,03:38.6
dev104053,cust104053,feature_phone,4.1.11,FALSE,47:49.7
dev104054,cust104054,feature_phone,3.6.2,FALSE,39:39.5
dev104055,cust104055,android,4.8.18,FALSE,24:04.3
dev104056,cust104056,feature_phone,3.3.2,FALSE,20:32.6
dev104057,cust104057,ios,1.4.0,FALSE,37:11.2
dev104058,cust104058,ios,4.7.2,FALSE,58:22.6
dev104059,cust104059,android,3.9.19,FALSE,14:26.5
dev104060,cust104060,feature_phone,1.6.10,FALSE,21:52.1
dev104061,cust104061,android,3.3.12,FALSE,12:28.7
dev104062,cust104062,feature_phone,4.5.3,FALSE,52:03.7
dev104063,cust104063,ios,1.1.1,TRUE,59:24.5
dev104064,cust104064,tablet,3.0.14,FALSE,52:33.2
dev104065,cust104065,android,3.9.10,FALSE,50:58.0
dev104066,cust104066,tablet,4.6.10,FALSE,43:15.3
dev104067,cust104067,android,2.2.7,FALSE,24:18.0
dev104068,cust104068,android,3.2.14,FALSE,41:18.4
dev104069,cust104069,android,2.2.7,FALSE,11:08.6
dev104070,cust104070,ios,4.7.16,FALSE,47:44.7
dev104071,cust104071,android,4.1.20,FALSE,05:59.1
dev104072,cust104072,tablet,1.0.16,FALSE,21:38.6
dev104073,cust104073,ios,1.3.0,FALSE,33:48.8
dev104074,cust104074,feature_phone,2.5.11,FALSE,16:09.1
dev104075,cust104075,tablet,1.2.18,FALSE,52:57.6
dev104076,cust104076,ios,1.9.16,FALSE,43:23.5
dev104077,cust104077,feature_phone,4.2.20,FALSE,19:23.9
dev104078,cust104078,feature_phone,1.9.17,FALSE,30:53.7
dev104079,cust104079,ios,2.4.9,FALSE,19:34.1
dev104080,cust104080,feature_phone,3.5.17,FALSE,07:53.1
dev104081,cust104081,feature_phone,2.9.0,FALSE,52:23.0
dev104082,cust104082,android,3.7.12,FALSE,10:15.3
dev104083,cust104083,tablet,3.1.19,FALSE,51:52.7
dev104084,cust104084,android,1.2.2,FALSE,50:38.9
dev104085,cust104085,android,4.6.6,FALSE,25:26.8
dev104086,cust104086,tablet,4.9.17,FALSE,51:14.5
dev104087,cust104087,ios,4.0.5,FALSE,55:43.3
dev104088,cust104088,android,3.4.13,FALSE,53:32.9
dev104089,cust104089,feature_phone,4.7.16,FALSE,36:47.6
dev104090,cust104090,android,4.4.16,FALSE,10:02.6
dev104091,cust104091,tablet,4.3.9,FALSE,32:48.3
dev104092,cust104092,feature_phone,1.2.3,FALSE,08:49.9
dev104093,cust104093,ios,4.9.19,FALSE,20:47.8
dev104094,cust104094,tablet,1.3.1,FALSE,27:15.1
dev104095,cust104095,ios,3.1.14,FALSE,37:24.6
dev104096,cust104096,feature_phone,4.6.8,FALSE,24:41.0
dev104097,cust104097,feature_phone,4.9.19,FALSE,47:32.1
dev104098,cust104098,android,4.7.8,FALSE,26:56.9
dev104099,cust104099,tablet,3.6.0,FALSE,35:47.5
dev104100,cust104100,tablet,3.4.0,FALSE,58:09.6
dev104101,cust104101,feature_phone,1.2.19,FALSE,35:34.0
dev104102,cust104102,feature_phone,4.1.5,FALSE,11:57.2
dev104103,cust104103,feature_phone,3.6.3,FALSE,44:37.7
dev104104,cust104104,tablet,2.8.7,FALSE,37:34.1
dev104105,cust104105,feature_phone,3.2.6,TRUE,20:00.0
dev104106,cust104106,ios,2.9.10,FALSE,01:10.0
dev104107,cust104107,ios,1.5.17,FALSE,05:12.4
dev104108,cust104108,ios,2.8.20,FALSE,05:23.9
dev104109,cust104109,ios,3.0.18,FALSE,50:45.3
dev104110,cust104110,ios,3.8.15,FALSE,18:49.0
dev104111,cust104111,ios,2.0.18,FALSE,14:37.4
dev104112,cust104112,android,2.2.20,FALSE,57:44.6
dev104113,cust104113,ios,4.4.11,FALSE,48:22.4
dev104114,cust104114,feature_phone,1.6.3,FALSE,16:46.1
dev104115,cust104115,android,3.0.0,FALSE,42:17.3
dev104116,cust104116,feature_phone,2.2.15,FALSE,01:05.6
dev104117,cust104117,feature_phone,4.0.2,FALSE,33:53.8
dev104118,cust104118,ios,1.8.2,FALSE,44:27.0
dev104119,cust104119,feature_phone,1.5.5,FALSE,37:53.7
dev104120,cust104120,tablet,4.9.12,FALSE,39:34.4
dev104121,cust104121,ios,1.9.13,FALSE,52:48.9
dev104122,cust104122,android,2.4.9,FALSE,15:33.6
dev104123,cust104123,ios,4.4.9,FALSE,16:06.3
dev104124,cust104124,feature_phone,4.2.11,FALSE,19:08.6
dev104125,cust104125,feature_phone,4.2.4,FALSE,16:51.9
dev104126,cust104126,android,3.1.0,FALSE,17:59.9
dev104127,cust104127,tablet,4.5.13,FALSE,18:33.5
dev104128,cust104128,ios,4.1.20,FALSE,44:06.1
dev104129,cust104129,android,1.8.7,FALSE,57:56.2
dev104130,cust104130,tablet,1.0.15,FALSE,37:42.7
dev104131,cust104131,feature_phone,3.8.20,FALSE,40:12.6
dev104132,cust104132,tablet,3.9.1,FALSE,33:54.5
dev104133,cust104133,ios,1.1.20,FALSE,46:13.0
dev104134,cust104134,tablet,1.4.14,FALSE,57:33.9
dev104135,cust104135,android,3.4.1,FALSE,37:52.7
dev104136,cust104136,ios,4.0.18,FALSE,03:23.1
dev104137,cust104137,android,4.5.18,FALSE,23:26.5
dev104138,cust104138,feature_phone,3.7.8,FALSE,07:09.3
dev104139,cust104139,android,2.1.2,FALSE,21:53.8
dev104140,cust104140,feature_phone,1.4.12,TRUE,29:18.4
dev104141,cust104141,android,3.6.19,FALSE,23:55.2
dev104142,cust104142,feature_phone,2.5.2,FALSE,03:20.6
dev104143,cust104143,ios,2.6.10,FALSE,46:33.2
dev104144,cust104144,feature_phone,3.4.2,FALSE,05:02.3
dev104145,cust104145,android,4.8.18,FALSE,47:47.0
dev104146,cust104146,feature_phone,3.6.0,FALSE,59:52.7
dev104147,cust104147,ios,2.9.10,FALSE,15:10.7
dev104148,cust104148,feature_phone,3.1.14,FALSE,55:06.0
dev104149,cust104149,tablet,4.9.15,FALSE,04:07.9
dev104150,cust104150,android,3.5.11,FALSE,11:03.0
dev104151,cust104151,feature_phone,4.1.14,FALSE,07:20.8
dev104152,cust104152,ios,4.0.15,FALSE,34:47.4
dev104153,cust104153,android,2.8.0,FALSE,53:09.3
dev104154,cust104154,tablet,2.9.20,TRUE,48:34.9
dev104155,cust104155,feature_phone,2.5.7,FALSE,36:58.8
dev104156,cust104156,ios,4.9.19,FALSE,10:17.3
dev104157,cust104157,android,3.5.13,FALSE,34:47.5
dev104158,cust104158,feature_phone,1.3.16,FALSE,45:00.0
dev104159,cust104159,android,1.3.15,FALSE,31:09.5
dev104160,cust104160,tablet,3.0.6,FALSE,56:04.2
dev104161,cust104161,android,3.7.6,FALSE,55:43.7
dev104162,cust104162,feature_phone,3.1.1,FALSE,26:00.6
dev104163,cust104163,ios,4.9.9,FALSE,51:41.7
dev104164,cust104164,feature_phone,4.7.11,FALSE,51:11.6
dev104165,cust104165,android,4.3.2,TRUE,16:12.0
dev104166,cust104166,android,3.9.19,FALSE,13:53.7
dev104167,cust104167,feature_phone,2.8.12,FALSE,21:24.1
dev104168,cust104168,android,1.7.18,FALSE,44:23.3
dev104169,cust104169,android,3.0.19,FALSE,56:30.6
dev104170,cust104170,android,3.6.8,FALSE,50:42.6
dev104171,cust104171,ios,3.8.12,FALSE,33:12.2
dev104172,cust104172,android,3.8.0,FALSE,21:55.0
dev104173,cust104173,android,4.0.18,FALSE,23:37.5
dev104174,cust104174,tablet,4.5.14,FALSE,12:01.4
dev104175,cust104175,feature_phone,2.1.2,FALSE,14:21.0
dev104176,cust104176,feature_phone,2.9.7,FALSE,50:25.3
dev104177,cust104177,feature_phone,2.9.6,FALSE,52:07.5
dev104178,cust104178,feature_phone,4.1.10,FALSE,59:59.2
dev104179,cust104179,ios,2.6.0,FALSE,42:52.5
dev104180,cust104180,ios,1.4.4,FALSE,47:23.3
dev104181,cust104181,ios,1.7.18,FALSE,27:39.5
dev104182,cust104182,ios,1.4.6,FALSE,15:00.2
dev104183,cust104183,android,2.8.8,FALSE,29:20.5
dev104184,cust104184,tablet,2.5.17,FALSE,22:04.7
dev104185,cust104185,ios,4.4.2,FALSE,03:11.6
dev104186,cust104186,feature_phone,2.7.16,FALSE,51:52.2
dev104187,cust104187,feature_phone,3.4.14,FALSE,38:39.8
dev104188,cust104188,feature_phone,1.4.17,FALSE,59:45.7
dev104189,cust104189,ios,4.7.7,FALSE,31:22.3
dev104190,cust104190,android,3.0.4,FALSE,59:44.8
dev104191,cust104191,tablet,1.5.3,TRUE,39:40.5
dev104192,cust104192,tablet,4.6.0,FALSE,00:17.5
dev104193,cust104193,ios,1.7.5,FALSE,11:04.8
dev104194,cust104194,android,1.6.6,FALSE,51:18.0
dev104195,cust104195,feature_phone,2.1.14,FALSE,43:55.3
dev104196,cust104196,ios,2.0.8,FALSE,06:30.0
dev104197,cust104197,android,4.7.8,FALSE,25:56.2
dev104198,cust104198,tablet,1.9.19,FALSE,27:58.0
dev104199,cust104199,tablet,1.5.19,FALSE,16:08.2
dev104200,cust104200,feature_phone,4.7.17,FALSE,10:03.6
dev104201,cust104201,tablet,1.9.10,FALSE,43:18.3
dev104202,cust104202,tablet,3.3.15,FALSE,15:45.9
dev104203,cust104203,android,1.7.17,FALSE,47:19.1
dev104204,cust104204,tablet,3.8.0,FALSE,11:59.1
dev104205,cust104205,feature_phone,2.5.11,FALSE,11:00.6
dev104206,cust104206,feature_phone,2.9.0,FALSE,27:37.2
dev104207,cust104207,android,1.2.0,FALSE,46:05.1
dev104208,cust104208,tablet,4.2.17,FALSE,32:39.6
dev104209,cust104209,ios,1.2.18,FALSE,54:24.1
dev104210,cust104210,android,3.9.20,FALSE,31:30.5
dev104211,cust104211,feature_phone,2.9.5,FALSE,38:46.5
dev104212,cust104212,feature_phone,2.2.12,FALSE,45:33.0
dev104213,cust104213,android,3.7.19,FALSE,54:02.8
dev104214,cust104214,android,3.9.1,FALSE,28:41.6
dev104215,cust104215,feature_phone,3.9.9,FALSE,19:59.9
dev104216,cust104216,feature_phone,1.6.1,FALSE,46:19.3
dev104217,cust104217,android,1.6.17,FALSE,18:27.3
dev104218,cust104218,feature_phone,1.4.19,FALSE,39:28.3
dev104219,cust104219,feature_phone,4.3.18,FALSE,09:59.4
dev104220,cust104220,feature_phone,2.1.2,FALSE,06:41.9
dev104221,cust104221,ios,1.0.1,FALSE,50:49.8
dev104222,cust104222,tablet,4.3.17,FALSE,59:55.5
dev104223,cust104223,feature_phone,1.4.15,FALSE,50:11.5
dev104224,cust104224,feature_phone,2.6.9,FALSE,51:00.2
dev104225,cust104225,ios,1.0.7,FALSE,51:14.8
dev104226,cust104226,ios,1.9.11,FALSE,28:36.0
dev104227,cust104227,ios,4.6.18,FALSE,56:45.7
dev104228,cust104228,feature_phone,4.8.15,FALSE,28:46.8
dev104229,cust104229,tablet,4.0.12,FALSE,58:17.6
dev104230,cust104230,ios,1.9.15,FALSE,32:44.9
dev104231,cust104231,feature_phone,3.3.20,FALSE,22:50.0
dev104232,cust104232,feature_phone,2.7.6,FALSE,53:28.0
dev104233,cust104233,ios,1.1.15,FALSE,49:09.5
dev104234,cust104234,tablet,1.5.1,FALSE,21:23.8
dev104235,cust104235,android,2.1.11,FALSE,59:41.7
dev104236,cust104236,android,2.9.16,FALSE,46:51.1
dev104237,cust104237,android,2.6.13,FALSE,53:15.1
dev104238,cust104238,android,3.6.2,FALSE,51:34.2
dev104239,cust104239,ios,3.1.11,FALSE,41:16.8
dev104240,cust104240,android,2.8.17,FALSE,14:46.5
dev104241,cust104241,ios,4.7.19,FALSE,25:10.5
dev104242,cust104242,ios,3.7.11,FALSE,13:19.0
dev104243,cust104243,tablet,1.9.7,FALSE,25:32.6
dev104244,cust104244,feature_phone,2.3.18,FALSE,36:54.7
dev104245,cust104245,tablet,3.2.6,FALSE,32:00.1
dev104246,cust104246,feature_phone,2.7.1,FALSE,24:15.6
dev104247,cust104247,ios,3.6.4,FALSE,55:41.0
dev104248,cust104248,feature_phone,4.8.11,FALSE,35:20.2
dev104249,cust104249,feature_phone,1.6.20,FALSE,33:47.4
dev104250,cust104250,feature_phone,1.1.14,FALSE,22:03.0
dev104251,cust104251,ios,1.8.1,FALSE,00:16.2
dev104252,cust104252,feature_phone,2.7.18,FALSE,22:04.2
dev104253,cust104253,tablet,2.7.20,FALSE,23:56.6
dev104254,cust104254,ios,2.8.8,FALSE,20:50.3
dev104255,cust104255,tablet,1.3.3,FALSE,22:47.7
dev104256,cust104256,tablet,3.9.17,FALSE,25:45.6
dev104257,cust104257,feature_phone,4.3.13,FALSE,14:57.3
dev104258,cust104258,tablet,1.5.13,TRUE,21:34.1
dev104259,cust104259,ios,4.8.11,FALSE,25:54.6
dev104260,cust104260,feature_phone,2.5.7,FALSE,26:44.9
dev104261,cust104261,ios,4.8.13,FALSE,13:47.8
dev104262,cust104262,tablet,2.4.15,FALSE,03:15.4
dev104263,cust104263,tablet,4.8.18,FALSE,40:17.5
dev104264,cust104264,android,1.7.2,FALSE,49:15.6
dev104265,cust104265,tablet,4.7.7,FALSE,44:55.8
dev104266,cust104266,tablet,2.8.10,FALSE,35:15.6
dev104267,cust104267,tablet,3.0.9,FALSE,37:57.7
dev104268,cust104268,tablet,2.8.5,FALSE,50:03.6
dev104269,cust104269,tablet,1.0.18,FALSE,56:08.7
dev104270,cust104270,feature_phone,1.7.18,FALSE,22:31.3
dev104271,cust104271,feature_phone,1.0.1,FALSE,56:17.1
dev104272,cust104272,feature_phone,2.3.5,FALSE,11:18.2
dev104273,cust104273,tablet,4.1.10,FALSE,47:52.7
dev104274,cust104274,feature_phone,3.9.18,FALSE,03:36.8
dev104275,cust104275,feature_phone,1.0.19,FALSE,45:26.6
dev104276,cust104276,android,4.9.6,TRUE,28:00.0
dev104277,cust104277,feature_phone,3.3.16,TRUE,13:05.4
dev104278,cust104278,android,4.0.1,FALSE,20:05.9
dev104279,cust104279,feature_phone,1.3.2,FALSE,42:01.6
dev104280,cust104280,android,1.5.6,FALSE,27:05.3
dev104281,cust104281,feature_phone,1.5.15,FALSE,54:12.0
dev104282,cust104282,android,1.0.17,FALSE,28:43.8
dev104283,cust104283,tablet,3.5.0,FALSE,59:15.3
dev104284,cust104284,android,4.7.5,FALSE,24:32.0
dev104285,cust104285,feature_phone,3.0.10,FALSE,18:04.8
dev104286,cust104286,tablet,2.6.3,FALSE,24:45.9
dev104287,cust104287,android,1.1.8,FALSE,19:04.9
dev104288,cust104288,android,1.0.20,FALSE,34:05.5
dev104289,cust104289,tablet,2.0.8,FALSE,38:35.4
dev104290,cust104290,ios,4.6.7,FALSE,54:56.6
dev104291,cust104291,android,3.9.11,FALSE,14:19.5
dev104292,cust104292,android,4.3.1,TRUE,19:20.0
dev104293,cust104293,tablet,1.0.13,FALSE,41:48.9
dev104294,cust104294,ios,2.6.13,FALSE,21:54.8
dev104295,cust104295,feature_phone,1.9.4,FALSE,03:07.1
dev104296,cust104296,ios,4.8.13,FALSE,51:35.9
dev104297,cust104297,tablet,3.9.4,FALSE,56:40.8
dev104298,cust104298,ios,3.6.12,FALSE,47:32.4
dev104299,cust104299,android,4.8.3,FALSE,35:18.4
dev104300,cust104300,feature_phone,3.9.4,FALSE,40:49.2
dev104301,cust104301,feature_phone,2.0.7,FALSE,12:37.3
dev104302,cust104302,tablet,2.2.15,FALSE,35:11.9
dev104303,cust104303,android,1.9.7,FALSE,40:15.9
dev104304,cust104304,ios,1.3.18,FALSE,37:04.4
dev104305,cust104305,tablet,4.0.15,FALSE,17:48.1
dev104306,cust104306,ios,3.1.11,FALSE,49:48.7
dev104307,cust104307,ios,3.3.2,FALSE,31:40.5
dev104308,cust104308,ios,3.3.12,FALSE,59:08.7
dev104309,cust104309,feature_phone,4.1.8,FALSE,25:33.9
dev104310,cust104310,feature_phone,4.9.2,FALSE,07:14.1
dev104311,cust104311,feature_phone,4.8.3,FALSE,27:52.6
dev104312,cust104312,feature_phone,1.7.3,FALSE,37:57.9
dev104313,cust104313,ios,4.9.1,FALSE,49:32.7
dev104314,cust104314,tablet,4.6.19,FALSE,32:58.5
dev104315,cust104315,tablet,1.6.12,FALSE,41:42.3
dev104316,cust104316,android,2.6.16,FALSE,33:05.4
dev104317,cust104317,ios,1.6.4,FALSE,52:34.7
dev104318,cust104318,feature_phone,2.4.19,FALSE,09:54.9
dev104319,cust104319,tablet,1.9.11,FALSE,07:47.4
dev104320,cust104320,feature_phone,1.7.11,FALSE,40:07.9
dev104321,cust104321,feature_phone,2.7.8,FALSE,49:50.0
dev104322,cust104322,android,3.3.1,FALSE,32:51.8
dev104323,cust104323,tablet,1.5.7,FALSE,26:05.7
dev104324,cust104324,feature_phone,1.8.12,FALSE,16:29.3
dev104325,cust104325,feature_phone,3.7.6,FALSE,51:19.8
dev104326,cust104326,feature_phone,4.0.8,FALSE,49:09.0
dev104327,cust104327,android,3.4.10,FALSE,50:19.7
dev104328,cust104328,feature_phone,4.9.11,FALSE,45:01.5
dev104329,cust104329,ios,4.8.16,TRUE,26:44.0
dev104330,cust104330,android,3.0.19,FALSE,04:01.6
dev104331,cust104331,android,2.2.13,FALSE,48:32.1
dev104332,cust104332,ios,4.0.18,FALSE,27:39.3
dev104333,cust104333,tablet,1.5.8,FALSE,55:05.4
dev104334,cust104334,tablet,3.4.8,FALSE,33:47.6
dev104335,cust104335,ios,1.1.11,FALSE,02:41.1
dev104336,cust104336,feature_phone,3.2.0,FALSE,42:01.2
dev104337,cust104337,ios,4.7.8,FALSE,20:56.2
dev104338,cust104338,ios,1.3.4,FALSE,31:19.3
dev104339,cust104339,feature_phone,1.1.9,FALSE,05:26.2
dev104340,cust104340,feature_phone,4.1.10,FALSE,01:25.7
dev104341,cust104341,tablet,1.7.8,FALSE,54:59.8
dev104342,cust104342,ios,2.9.17,FALSE,16:36.6
dev104343,cust104343,tablet,1.1.12,FALSE,58:20.8
dev104344,cust104344,feature_phone,1.5.4,FALSE,08:10.2
dev104345,cust104345,ios,1.9.9,FALSE,45:41.3
dev104346,cust104346,android,4.7.1,FALSE,26:42.4
dev104347,cust104347,tablet,2.0.14,FALSE,35:14.5
dev104348,cust104348,android,1.8.11,FALSE,15:32.1
dev104349,cust104349,ios,3.8.6,FALSE,33:29.2
dev104350,cust104350,ios,3.8.11,FALSE,10:50.1
dev104351,cust104351,feature_phone,2.4.5,FALSE,38:35.6
dev104352,cust104352,feature_phone,4.5.14,FALSE,37:47.4
dev104353,cust104353,ios,2.0.5,FALSE,27:01.8
dev104354,cust104354,tablet,3.4.20,FALSE,07:57.2
dev104355,cust104355,tablet,4.4.12,FALSE,37:54.6
dev104356,cust104356,ios,4.3.0,FALSE,14:52.0
dev104357,cust104357,tablet,1.7.1,TRUE,26:29.6
dev104358,cust104358,android,1.3.10,FALSE,08:40.1
dev104359,cust104359,tablet,1.7.1,FALSE,05:53.2
dev104360,cust104360,android,1.9.16,FALSE,21:37.8
dev104361,cust104361,android,1.9.4,FALSE,31:18.1
dev104362,cust104362,android,3.2.18,FALSE,21:57.0
dev104363,cust104363,tablet,3.8.18,FALSE,08:28.7
dev104364,cust104364,android,3.2.5,FALSE,50:18.5
dev104365,cust104365,ios,4.1.16,FALSE,40:47.5
dev104366,cust104366,android,2.5.16,FALSE,54:36.5
dev104367,cust104367,ios,1.3.3,FALSE,54:53.0
dev104368,cust104368,feature_phone,2.0.14,FALSE,19:59.0
dev104369,cust104369,android,1.1.10,FALSE,47:57.2
dev104370,cust104370,ios,2.5.19,FALSE,51:18.9
dev104371,cust104371,ios,4.9.5,FALSE,01:15.2
dev104372,cust104372,android,1.7.7,FALSE,14:13.2
dev104373,cust104373,tablet,1.7.20,FALSE,08:36.9
dev104374,cust104374,tablet,1.1.17,FALSE,59:21.9
dev104375,cust104375,android,4.0.18,FALSE,23:39.7
dev104376,cust104376,feature_phone,3.2.1,FALSE,13:58.9
dev104377,cust104377,ios,4.5.4,FALSE,37:39.2
dev104378,cust104378,tablet,1.4.4,FALSE,39:54.4
dev104379,cust104379,ios,2.1.7,FALSE,46:18.9
dev104380,cust104380,feature_phone,3.6.19,FALSE,19:44.3
dev104381,cust104381,android,1.9.12,FALSE,59:01.6
dev104382,cust104382,ios,2.2.19,FALSE,37:12.2
dev104383,cust104383,tablet,2.2.3,FALSE,16:17.8
dev104384,cust104384,android,4.6.16,FALSE,55:23.0
dev104385,cust104385,ios,1.3.2,FALSE,28:44.7
dev104386,cust104386,ios,3.9.20,FALSE,32:09.2
dev104387,cust104387,tablet,4.1.11,FALSE,59:35.3
dev104388,cust104388,feature_phone,3.7.4,FALSE,37:58.8
dev104389,cust104389,ios,3.1.12,FALSE,13:09.2
dev104390,cust104390,feature_phone,1.7.18,FALSE,27:06.7
dev104391,cust104391,ios,1.9.9,FALSE,12:17.8
dev104392,cust104392,ios,3.9.5,FALSE,39:41.5
dev104393,cust104393,feature_phone,4.5.20,FALSE,47:48.8
dev104394,cust104394,feature_phone,2.8.10,FALSE,19:01.1
dev104395,cust104395,tablet,1.6.17,FALSE,26:20.5
dev104396,cust104396,ios,2.4.8,FALSE,44:48.5
dev104397,cust104397,android,4.0.1,FALSE,18:50.6
dev104398,cust104398,android,4.4.12,FALSE,59:33.5
dev104399,cust104399,ios,3.4.5,FALSE,49:25.6
dev104400,cust104400,android,2.3.0,FALSE,14:41.8
dev104401,cust104401,feature_phone,4.0.18,TRUE,48:20.8
dev104402,cust104402,android,3.8.9,FALSE,51:13.2
dev104403,cust104403,feature_phone,2.5.0,FALSE,23:03.3
dev104404,cust104404,tablet,1.0.8,FALSE,47:43.6
dev104405,cust104405,android,2.1.10,FALSE,55:07.1
dev104406,cust104406,ios,4.8.16,FALSE,53:18.3
dev104407,cust104407,tablet,1.3.12,FALSE,03:18.3
dev104408,cust104408,android,2.1.18,FALSE,38:45.3
dev104409,cust104409,tablet,4.5.2,FALSE,27:49.0
dev104410,cust104410,tablet,2.8.19,FALSE,39:05.1
dev104411,cust104411,android,4.4.20,FALSE,27:04.0
dev104412,cust104412,feature_phone,2.7.14,FALSE,13:09.3
dev104413,cust104413,tablet,1.2.15,FALSE,25:33.1
dev104414,cust104414,tablet,1.5.12,FALSE,23:25.7
dev104415,cust104415,ios,2.9.3,FALSE,51:49.2
dev104416,cust104416,ios,2.8.18,FALSE,35:58.1
dev104417,cust104417,feature_phone,1.8.16,FALSE,16:27.6
dev104418,cust104418,feature_phone,2.9.14,FALSE,05:26.0
dev104419,cust104419,feature_phone,2.0.3,FALSE,23:10.6
dev104420,cust104420,android,2.8.11,FALSE,17:09.6
dev104421,cust104421,feature_phone,4.5.8,FALSE,38:51.1
dev104422,cust104422,feature_phone,2.1.15,FALSE,41:18.2
dev104423,cust104423,android,4.2.6,FALSE,58:51.1
dev104424,cust104424,ios,1.8.15,FALSE,43:05.7
dev104425,cust104425,android,1.1.0,FALSE,23:29.0
dev104426,cust104426,tablet,3.7.13,FALSE,30:34.2
dev104427,cust104427,tablet,3.7.7,FALSE,08:42.4
dev104428,cust104428,tablet,4.5.1,FALSE,52:13.6
dev104429,cust104429,tablet,4.9.5,FALSE,59:57.5
dev104430,cust104430,android,3.8.1,FALSE,12:04.2
dev104431,cust104431,android,3.8.0,FALSE,23:37.5
dev104432,cust104432,android,3.0.12,FALSE,03:09.2
dev104433,cust104433,android,1.6.3,FALSE,58:57.2
dev104434,cust104434,ios,4.3.2,FALSE,55:18.1
dev104435,cust104435,ios,2.1.17,FALSE,36:49.5
dev104436,cust104436,android,4.9.16,FALSE,12:56.2
dev104437,cust104437,android,1.8.2,FALSE,14:10.4
dev104438,cust104438,tablet,1.6.4,FALSE,48:55.4
dev104439,cust104439,ios,1.6.19,FALSE,17:54.5
dev104440,cust104440,android,2.8.5,FALSE,35:59.5
dev104441,cust104441,tablet,4.7.19,FALSE,05:14.3
dev104442,cust104442,ios,4.0.14,FALSE,17:44.8
dev104443,cust104443,feature_phone,2.6.4,TRUE,05:58.6
dev104444,cust104444,feature_phone,3.3.0,FALSE,18:01.3
dev104445,cust104445,tablet,4.9.5,FALSE,50:51.2
dev104446,cust104446,tablet,3.0.14,FALSE,00:01.3
dev104447,cust104447,tablet,2.0.8,FALSE,43:53.2
dev104448,cust104448,android,1.5.17,FALSE,45:50.6
dev104449,cust104449,feature_phone,1.3.17,FALSE,41:05.1
dev104450,cust104450,tablet,2.8.17,FALSE,41:39.7
dev104451,cust104451,tablet,1.6.1,FALSE,27:36.3
dev104452,cust104452,ios,2.8.0,FALSE,34:35.4
dev104453,cust104453,android,2.6.8,FALSE,28:52.0
dev104454,cust104454,tablet,1.9.19,FALSE,43:37.2
dev104455,cust104455,android,4.9.9,FALSE,12:03.7
dev104456,cust104456,feature_phone,1.9.10,FALSE,15:26.8
dev104457,cust104457,tablet,1.4.2,FALSE,46:57.7
dev104458,cust104458,android,2.4.7,FALSE,53:16.8
dev104459,cust104459,android,2.2.14,FALSE,29:04.3
dev104460,cust104460,ios,3.2.11,FALSE,52:08.4
dev104461,cust104461,ios,3.6.20,FALSE,39:23.4
dev104462,cust104462,ios,2.8.20,FALSE,47:56.5
dev104463,cust104463,tablet,1.4.17,FALSE,15:30.6
dev104464,cust104464,feature_phone,1.6.17,FALSE,46:26.8
dev104465,cust104465,feature_phone,2.0.2,FALSE,49:57.6
dev104466,cust104466,ios,1.2.8,FALSE,36:47.8
dev104467,cust104467,ios,1.6.8,FALSE,40:38.2
dev104468,cust104468,android,4.9.19,FALSE,43:59.6
dev104469,cust104469,android,1.3.9,FALSE,14:20.1
dev104470,cust104470,ios,1.3.12,FALSE,44:04.8
dev104471,cust104471,ios,1.7.2,FALSE,13:08.8
dev104472,cust104472,android,2.7.7,FALSE,56:45.4
dev104473,cust104473,tablet,2.4.4,FALSE,50:50.2
dev104474,cust104474,android,1.1.6,FALSE,52:26.8
dev104475,cust104475,android,2.0.0,FALSE,46:26.1
dev104476,cust104476,tablet,2.9.3,FALSE,54:57.7
dev104477,cust104477,feature_phone,4.8.10,FALSE,43:15.7
dev104478,cust104478,android,4.3.17,FALSE,42:12.9
dev104479,cust104479,feature_phone,3.8.0,FALSE,26:41.9
dev104480,cust104480,tablet,3.0.10,FALSE,35:26.3
dev104481,cust104481,android,3.2.13,FALSE,17:23.3
dev104482,cust104482,ios,2.6.14,FALSE,28:20.9
dev104483,cust104483,android,4.5.10,FALSE,12:55.4
dev104484,cust104484,android,1.8.17,FALSE,06:57.9
dev104485,cust104485,feature_phone,1.0.8,FALSE,48:38.2
dev104486,cust104486,android,4.2.6,FALSE,58:21.8
dev104487,cust104487,tablet,1.3.11,FALSE,33:19.1
dev104488,cust104488,tablet,4.1.13,FALSE,31:41.7
dev104489,cust104489,android,2.8.17,FALSE,14:07.1
dev104490,cust104490,feature_phone,3.4.6,FALSE,06:56.5
dev104491,cust104491,feature_phone,3.8.1,TRUE,02:15.6
dev104492,cust104492,tablet,3.7.17,FALSE,41:19.5
dev104493,cust104493,ios,4.7.17,FALSE,36:40.9
dev104494,cust104494,feature_phone,1.8.11,FALSE,47:19.6
dev104495,cust104495,feature_phone,3.4.14,FALSE,46:49.0
dev104496,cust104496,ios,4.6.16,FALSE,56:21.3
dev104497,cust104497,ios,2.4.19,FALSE,02:44.2
dev104498,cust104498,ios,4.2.0,FALSE,32:27.3
dev104499,cust104499,ios,4.4.10,FALSE,51:13.6
dev104500,cust104500,android,2.7.4,FALSE,00:24.3
dev104501,cust104501,ios,1.9.9,FALSE,25:35.3
dev104502,cust104502,ios,4.5.3,FALSE,49:00.0
dev104503,cust104503,tablet,1.0.13,FALSE,29:37.0
dev104504,cust104504,tablet,3.1.3,TRUE,10:09.7
dev104505,cust104505,android,2.3.15,FALSE,22:15.6
dev104506,cust104506,feature_phone,4.9.0,TRUE,17:24.5
dev104507,cust104507,feature_phone,3.5.9,FALSE,33:49.3
dev104508,cust104508,ios,1.2.7,FALSE,00:04.1
dev104509,cust104509,android,4.3.10,FALSE,17:04.1
dev104510,cust104510,android,1.4.16,FALSE,45:43.0
dev104511,cust104511,feature_phone,3.2.1,FALSE,55:16.0
dev104512,cust104512,tablet,1.8.6,FALSE,06:17.9
dev104513,cust104513,tablet,1.4.5,FALSE,30:43.5
dev104514,cust104514,tablet,4.7.5,FALSE,53:38.9
dev104515,cust104515,android,2.7.3,FALSE,41:31.8
dev104516,cust104516,android,2.9.11,FALSE,32:25.5
dev104517,cust104517,tablet,2.4.18,FALSE,50:10.3
dev104518,cust104518,ios,4.4.11,FALSE,17:29.0
dev104519,cust104519,tablet,3.9.11,FALSE,00:13.8
dev104520,cust104520,android,4.6.17,FALSE,44:39.2
dev104521,cust104521,tablet,4.7.1,FALSE,07:43.4
dev104522,cust104522,android,1.8.20,FALSE,07:28.5
dev104523,cust104523,android,2.3.14,FALSE,11:05.6
dev104524,cust104524,tablet,2.0.4,FALSE,22:00.8
dev104525,cust104525,feature_phone,3.2.3,FALSE,38:25.4
dev104526,cust104526,tablet,4.9.1,FALSE,27:30.8
dev104527,cust104527,tablet,4.9.10,FALSE,36:08.6
dev104528,cust104528,android,2.7.6,FALSE,14:24.6
dev104529,cust104529,android,4.7.5,FALSE,21:45.9
dev104530,cust104530,tablet,2.3.15,FALSE,16:10.0
dev104531,cust104531,ios,2.3.8,FALSE,03:11.5
dev104532,cust104532,tablet,3.2.0,FALSE,09:23.7
dev104533,cust104533,android,4.6.8,FALSE,37:22.0
dev104534,cust104534,android,2.2.17,FALSE,11:58.2
dev104535,cust104535,tablet,3.1.1,FALSE,08:48.5
dev104536,cust104536,tablet,4.5.13,FALSE,21:44.4
dev104537,cust104537,android,1.6.12,FALSE,59:50.0
dev104538,cust104538,android,3.9.14,FALSE,16:49.2
dev104539,cust104539,tablet,3.4.11,FALSE,46:38.4
dev104540,cust104540,android,4.8.5,FALSE,56:32.4
dev104541,cust104541,ios,1.6.15,FALSE,00:33.1
dev104542,cust104542,tablet,2.9.20,FALSE,16:27.3
dev104543,cust104543,ios,2.1.8,FALSE,30:09.4
dev104544,cust104544,ios,2.3.6,FALSE,47:01.9
dev104545,cust104545,feature_phone,1.2.14,FALSE,31:32.1
dev104546,cust104546,feature_phone,3.8.3,FALSE,49:59.8
dev104547,cust104547,ios,3.0.6,FALSE,27:15.3
dev104548,cust104548,android,1.0.5,FALSE,57:14.5
dev104549,cust104549,tablet,4.4.0,FALSE,41:33.7
dev104550,cust104550,feature_phone,3.7.10,FALSE,51:06.2
dev104551,cust104551,tablet,2.2.13,FALSE,34:45.1
dev104552,cust104552,feature_phone,3.4.12,FALSE,18:24.1
dev104553,cust104553,ios,2.7.5,FALSE,23:23.2
dev104554,cust104554,tablet,4.0.19,FALSE,19:55.1
dev104555,cust104555,tablet,1.9.6,FALSE,54:37.9
dev104556,cust104556,feature_phone,1.9.7,FALSE,03:56.3
dev104557,cust104557,ios,1.1.14,FALSE,56:51.9
dev104558,cust104558,android,1.5.8,FALSE,24:31.7
dev104559,cust104559,feature_phone,2.8.7,FALSE,43:50.8
dev104560,cust104560,feature_phone,4.3.15,FALSE,35:00.1
dev104561,cust104561,android,3.8.20,FALSE,13:44.8
dev104562,cust104562,feature_phone,1.0.14,FALSE,16:54.7
dev104563,cust104563,tablet,3.3.1,FALSE,44:41.1
dev104564,cust104564,ios,1.1.1,FALSE,39:07.7
dev104565,cust104565,android,3.7.17,FALSE,27:45.2
dev104566,cust104566,ios,1.6.12,FALSE,04:18.1
dev104567,cust104567,feature_phone,3.5.12,FALSE,56:04.2
dev104568,cust104568,feature_phone,3.4.18,FALSE,31:11.0
dev104569,cust104569,feature_phone,3.4.6,FALSE,35:10.3
dev104570,cust104570,feature_phone,1.1.20,TRUE,49:53.9
dev104571,cust104571,feature_phone,4.9.13,FALSE,02:51.8
dev104572,cust104572,tablet,3.6.3,FALSE,33:26.5
dev104573,cust104573,feature_phone,3.0.2,FALSE,34:03.9
dev104574,cust104574,tablet,2.9.19,FALSE,20:35.5
dev104575,cust104575,ios,3.1.11,FALSE,52:59.2
dev104576,cust104576,ios,2.0.17,FALSE,37:51.5
dev104577,cust104577,feature_phone,2.4.18,FALSE,15:39.9
dev104578,cust104578,android,2.0.9,FALSE,26:38.3
dev104579,cust104579,tablet,3.5.9,FALSE,44:26.0
dev104580,cust104580,tablet,3.8.16,FALSE,26:20.9
dev104581,cust104581,ios,2.2.8,FALSE,08:45.6
dev104582,cust104582,tablet,2.4.11,FALSE,49:52.4
dev104583,cust104583,feature_phone,3.7.4,FALSE,04:25.2
dev104584,cust104584,android,1.7.1,FALSE,19:14.7
dev104585,cust104585,android,4.5.2,FALSE,23:19.2
dev104586,cust104586,android,4.0.13,FALSE,48:16.7
dev104587,cust104587,ios,2.5.14,FALSE,03:39.3
dev104588,cust104588,ios,3.6.15,FALSE,13:01.1
dev104589,cust104589,android,2.3.12,FALSE,26:12.2
dev104590,cust104590,ios,2.7.20,FALSE,21:01.7
dev104591,cust104591,ios,2.0.14,FALSE,14:04.0
dev104592,cust104592,feature_phone,3.1.13,FALSE,19:37.5
dev104593,cust104593,ios,3.5.2,FALSE,58:37.1
dev104594,cust104594,tablet,4.5.9,FALSE,47:13.6
dev104595,cust104595,ios,2.7.1,FALSE,49:58.9
dev104596,cust104596,ios,2.7.10,FALSE,14:28.5
dev104597,cust104597,ios,4.0.6,FALSE,28:45.4
dev104598,cust104598,tablet,4.5.11,FALSE,04:35.3
dev104599,cust104599,feature_phone,2.8.12,FALSE,02:08.2
dev104600,cust104600,tablet,3.9.8,FALSE,30:04.0
dev104601,cust104601,ios,1.2.10,FALSE,00:39.5
dev104602,cust104602,feature_phone,2.0.18,FALSE,17:51.8
dev104603,cust104603,android,1.2.18,FALSE,41:25.5
dev104604,cust104604,feature_phone,3.0.12,FALSE,07:19.1
dev104605,cust104605,tablet,1.1.3,FALSE,50:52.3
dev104606,cust104606,android,1.0.10,FALSE,32:44.8
dev104607,cust104607,feature_phone,2.1.7,FALSE,00:39.2
dev104608,cust104608,feature_phone,4.7.0,FALSE,04:15.0
dev104609,cust104609,android,3.0.0,FALSE,56:29.0
dev104610,cust104610,feature_phone,2.7.3,FALSE,29:07.0
dev104611,cust104611,feature_phone,2.9.15,FALSE,29:01.0
dev104612,cust104612,tablet,2.7.2,FALSE,42:09.0
dev104613,cust104613,android,1.3.15,FALSE,46:47.1
dev104614,cust104614,tablet,4.8.2,FALSE,36:45.7
dev104615,cust104615,android,1.6.19,FALSE,20:06.4
dev104616,cust104616,tablet,3.2.17,FALSE,21:17.1
dev104617,cust104617,ios,3.9.16,FALSE,08:54.1
dev104618,cust104618,feature_phone,3.8.8,FALSE,28:49.8
dev104619,cust104619,feature_phone,2.2.12,TRUE,51:41.1
dev104620,cust104620,tablet,3.3.16,FALSE,28:16.5
dev104621,cust104621,tablet,1.9.1,FALSE,51:58.0
dev104622,cust104622,feature_phone,4.2.0,FALSE,28:18.7
dev104623,cust104623,tablet,2.2.0,FALSE,21:51.0
dev104624,cust104624,ios,1.9.11,FALSE,39:38.4
dev104625,cust104625,feature_phone,3.5.10,FALSE,16:27.9
dev104626,cust104626,android,2.0.18,FALSE,11:18.5
dev104627,cust104627,android,4.7.12,FALSE,04:31.5
dev104628,cust104628,tablet,2.2.6,FALSE,38:14.3
dev104629,cust104629,ios,1.0.9,FALSE,41:57.9
dev104630,cust104630,tablet,2.6.8,FALSE,18:41.6
dev104631,cust104631,tablet,4.6.20,FALSE,30:10.7
dev104632,cust104632,feature_phone,2.6.6,FALSE,07:38.0
dev104633,cust104633,feature_phone,1.6.17,FALSE,42:42.7
dev104634,cust104634,android,2.8.8,FALSE,59:05.5
dev104635,cust104635,android,3.4.5,FALSE,52:39.6
dev104636,cust104636,feature_phone,1.6.2,FALSE,09:39.5
dev104637,cust104637,feature_phone,2.2.5,FALSE,11:10.4
dev104638,cust104638,android,4.3.18,FALSE,04:18.9
dev104639,cust104639,ios,1.0.4,FALSE,17:51.7
dev104640,cust104640,tablet,3.6.11,FALSE,37:25.5
dev104641,cust104641,feature_phone,4.2.3,FALSE,39:02.5
dev104642,cust104642,ios,2.0.12,FALSE,41:06.6
dev104643,cust104643,tablet,1.5.7,FALSE,04:39.5
dev104644,cust104644,ios,4.0.11,FALSE,33:43.3
dev104645,cust104645,feature_phone,4.7.6,FALSE,08:00.4
dev104646,cust104646,tablet,2.8.7,FALSE,17:09.8
dev104647,cust104647,tablet,4.6.19,FALSE,53:45.9
dev104648,cust104648,android,2.7.9,FALSE,57:15.8
dev104649,cust104649,feature_phone,3.7.1,FALSE,16:33.1
dev104650,cust104650,android,4.3.9,FALSE,29:10.5
dev104651,cust104651,android,1.5.5,FALSE,00:11.6
dev104652,cust104652,feature_phone,2.3.5,FALSE,06:04.9
dev104653,cust104653,android,1.6.2,FALSE,50:13.4
dev104654,cust104654,android,1.7.9,FALSE,09:09.6
dev104655,cust104655,ios,3.0.11,FALSE,16:14.0
dev104656,cust104656,ios,1.4.17,FALSE,41:50.8
dev104657,cust104657,ios,1.6.19,FALSE,29:16.6
dev104658,cust104658,feature_phone,2.8.16,FALSE,35:31.4
dev104659,cust104659,feature_phone,2.7.10,FALSE,37:43.9
dev104660,cust104660,ios,2.2.5,FALSE,51:02.1
dev104661,cust104661,tablet,1.2.15,FALSE,46:07.6
dev104662,cust104662,feature_phone,3.8.0,FALSE,46:58.8
dev104663,cust104663,ios,1.5.7,TRUE,05:17.7
dev104664,cust104664,android,2.4.13,FALSE,45:11.2
dev104665,cust104665,ios,2.3.4,FALSE,28:18.8
dev104666,cust104666,android,2.9.7,FALSE,12:06.1
dev104667,cust104667,android,4.3.8,FALSE,54:23.8
dev104668,cust104668,feature_phone,2.3.3,FALSE,46:53.8
dev104669,cust104669,tablet,3.7.20,FALSE,10:40.3
dev104670,cust104670,feature_phone,2.8.12,FALSE,46:04.3
dev104671,cust104671,tablet,1.6.7,FALSE,53:43.8
dev104672,cust104672,android,4.2.7,FALSE,43:08.6
dev104673,cust104673,tablet,4.1.18,FALSE,32:02.8
dev104674,cust104674,feature_phone,3.7.16,FALSE,19:20.9
dev104675,cust104675,tablet,3.9.2,FALSE,06:56.5
dev104676,cust104676,tablet,2.2.10,FALSE,06:51.3
dev104677,cust104677,tablet,4.4.3,FALSE,38:47.6
dev104678,cust104678,tablet,1.1.10,FALSE,00:59.1
dev104679,cust104679,feature_phone,4.6.4,FALSE,32:23.1
dev104680,cust104680,android,2.3.0,TRUE,38:18.8
dev104681,cust104681,ios,3.3.5,FALSE,56:45.4
dev104682,cust104682,ios,3.6.15,FALSE,26:39.2
dev104683,cust104683,tablet,2.1.11,FALSE,19:03.4
dev104684,cust104684,feature_phone,2.6.5,FALSE,09:55.2
dev104685,cust104685,tablet,4.8.16,FALSE,48:42.8
dev104686,cust104686,feature_phone,3.9.19,FALSE,48:11.7
dev104687,cust104687,feature_phone,2.5.5,FALSE,35:24.1
dev104688,cust104688,ios,3.8.9,FALSE,17:56.6
dev104689,cust104689,android,3.8.0,FALSE,20:27.6
dev104690,cust104690,android,4.1.2,FALSE,42:06.0
dev104691,cust104691,android,2.1.14,FALSE,36:53.2
dev104692,cust104692,feature_phone,1.2.0,FALSE,09:18.6
dev104693,cust104693,android,3.0.13,FALSE,00:24.9
dev104694,cust104694,ios,2.0.8,FALSE,49:00.4
dev104695,cust104695,android,1.3.6,FALSE,46:06.2
dev104696,cust104696,tablet,1.0.1,FALSE,09:17.8
dev104697,cust104697,tablet,4.4.11,FALSE,49:41.1
dev104698,cust104698,feature_phone,3.7.7,FALSE,21:49.7
dev104699,cust104699,feature_phone,2.5.17,FALSE,21:25.0
dev104700,cust104700,android,3.3.5,FALSE,19:25.1
dev104701,cust104701,ios,3.8.5,FALSE,18:57.8
dev104702,cust104702,ios,2.6.10,FALSE,23:47.4
dev104703,cust104703,feature_phone,4.1.1,FALSE,33:17.7
dev104704,cust104704,ios,4.7.11,TRUE,34:02.1
dev104705,cust104705,feature_phone,3.8.20,FALSE,17:40.0
dev104706,cust104706,feature_phone,1.9.5,FALSE,14:50.6
dev104707,cust104707,android,2.1.10,FALSE,54:08.5
dev104708,cust104708,android,4.6.10,FALSE,48:10.4
dev104709,cust104709,android,3.8.10,FALSE,41:21.5
dev104710,cust104710,tablet,3.2.16,FALSE,16:18.4
dev104711,cust104711,android,2.2.10,FALSE,13:38.3
dev104712,cust104712,android,1.5.13,FALSE,14:49.1
dev104713,cust104713,android,4.6.16,FALSE,52:28.3
dev104714,cust104714,android,4.8.17,FALSE,10:10.8
dev104715,cust104715,feature_phone,4.9.9,FALSE,17:32.8
dev104716,cust104716,tablet,4.9.20,FALSE,04:24.4
dev104717,cust104717,android,4.9.3,FALSE,17:37.7
dev104718,cust104718,ios,3.2.10,FALSE,05:26.6
dev104719,cust104719,android,1.7.17,FALSE,48:43.6
dev104720,cust104720,ios,4.6.7,FALSE,31:13.5
dev104721,cust104721,tablet,1.8.15,FALSE,04:15.0
dev104722,cust104722,ios,1.3.20,FALSE,17:50.6
dev104723,cust104723,tablet,1.8.3,FALSE,49:51.8
dev104724,cust104724,ios,1.4.9,FALSE,46:25.6
dev104725,cust104725,feature_phone,3.7.18,FALSE,57:11.0
dev104726,cust104726,feature_phone,4.0.20,FALSE,03:13.7
dev104727,cust104727,tablet,3.8.16,FALSE,43:06.5
dev104728,cust104728,ios,2.6.3,FALSE,14:55.4
dev104729,cust104729,feature_phone,2.2.17,FALSE,25:50.4
dev104730,cust104730,tablet,4.1.16,FALSE,48:48.7
dev104731,cust104731,feature_phone,2.2.5,FALSE,46:37.8
dev104732,cust104732,android,4.7.9,FALSE,57:44.5
dev104733,cust104733,android,4.1.6,FALSE,30:59.4
dev104734,cust104734,android,2.0.7,FALSE,13:34.3
dev104735,cust104735,tablet,2.1.16,FALSE,50:18.5
dev104736,cust104736,android,4.7.14,FALSE,52:24.3
dev104737,cust104737,tablet,3.3.1,FALSE,15:23.5
dev104738,cust104738,ios,4.6.4,FALSE,33:11.2
dev104739,cust104739,feature_phone,3.2.7,FALSE,55:37.0
dev104740,cust104740,ios,2.0.12,FALSE,41:14.3
dev104741,cust104741,tablet,1.2.7,FALSE,02:07.0
dev104742,cust104742,android,4.9.3,FALSE,02:35.2
dev104743,cust104743,tablet,4.5.10,FALSE,06:57.0
dev104744,cust104744,tablet,2.0.13,FALSE,09:59.2
dev104745,cust104745,feature_phone,4.2.6,FALSE,59:23.0
dev104746,cust104746,ios,2.6.17,FALSE,10:22.1
dev104747,cust104747,feature_phone,4.1.8,FALSE,28:48.8
dev104748,cust104748,android,1.0.19,FALSE,20:10.1
dev104749,cust104749,feature_phone,4.2.10,FALSE,37:43.8
dev104750,cust104750,ios,4.9.11,FALSE,10:35.9
dev104751,cust104751,android,2.3.1,FALSE,30:16.5
dev104752,cust104752,android,3.4.0,FALSE,51:33.4
dev104753,cust104753,tablet,2.1.17,FALSE,24:14.1
dev104754,cust104754,android,3.7.3,FALSE,15:25.1
dev104755,cust104755,android,1.9.11,FALSE,53:44.4
dev104756,cust104756,feature_phone,2.1.6,FALSE,00:02.9
dev104757,cust104757,android,3.9.12,FALSE,37:31.1
dev104758,cust104758,tablet,4.6.17,FALSE,19:24.7
dev104759,cust104759,ios,2.5.9,FALSE,01:37.5
dev104760,cust104760,android,1.0.13,FALSE,10:16.1
dev104761,cust104761,android,1.2.11,FALSE,14:27.3
dev104762,cust104762,android,2.1.2,FALSE,26:10.8
dev104763,cust104763,ios,3.5.19,FALSE,09:37.6
dev104764,cust104764,ios,2.0.1,FALSE,17:48.5
dev104765,cust104765,tablet,3.4.11,FALSE,12:32.3
dev104766,cust104766,ios,4.8.20,FALSE,29:21.3
dev104767,cust104767,tablet,4.4.0,FALSE,36:55.9
dev104768,cust104768,tablet,1.0.9,FALSE,45:16.5
dev104769,cust104769,ios,3.4.20,FALSE,12:08.3
dev104770,cust104770,tablet,2.8.9,TRUE,30:37.2
dev104771,cust104771,android,3.4.14,FALSE,08:34.5
dev104772,cust104772,ios,1.7.13,FALSE,54:53.1
dev104773,cust104773,android,4.4.18,TRUE,25:13.5
dev104774,cust104774,tablet,4.1.11,FALSE,29:58.8
dev104775,cust104775,tablet,2.6.19,FALSE,15:18.2
dev104776,cust104776,tablet,2.8.17,FALSE,30:36.3
dev104777,cust104777,feature_phone,3.7.20,FALSE,18:17.4
dev104778,cust104778,feature_phone,2.2.17,FALSE,02:32.0
dev104779,cust104779,tablet,2.8.2,FALSE,41:01.6
dev104780,cust104780,ios,3.9.17,FALSE,24:28.0
dev104781,cust104781,ios,3.2.4,FALSE,16:10.1
dev104782,cust104782,feature_phone,2.8.4,FALSE,01:36.6
dev104783,cust104783,feature_phone,2.3.20,FALSE,08:03.6
dev104784,cust104784,feature_phone,1.9.7,FALSE,47:57.8
dev104785,cust104785,feature_phone,1.4.17,FALSE,58:22.1
dev104786,cust104786,feature_phone,3.8.20,FALSE,52:57.9
dev104787,cust104787,tablet,4.7.9,FALSE,12:56.1
dev104788,cust104788,feature_phone,2.8.17,FALSE,12:11.4
dev104789,cust104789,feature_phone,3.1.2,FALSE,34:53.4
dev104790,cust104790,feature_phone,2.8.12,FALSE,38:06.2
dev104791,cust104791,feature_phone,4.7.16,FALSE,31:34.6
dev104792,cust104792,ios,3.2.14,FALSE,09:54.6
dev104793,cust104793,feature_phone,3.5.15,FALSE,44:50.6
dev104794,cust104794,tablet,1.7.7,FALSE,21:36.2
dev104795,cust104795,ios,4.1.3,FALSE,41:20.0
dev104796,cust104796,ios,1.1.3,FALSE,22:28.6
dev104797,cust104797,feature_phone,1.9.17,FALSE,51:16.4
dev104798,cust104798,tablet,4.8.17,FALSE,48:53.9
dev104799,cust104799,ios,2.9.5,FALSE,45:47.7
dev104800,cust104800,android,2.9.12,FALSE,12:49.9
dev104801,cust104801,feature_phone,2.9.12,FALSE,03:17.5
dev104802,cust104802,ios,1.0.9,FALSE,28:59.3
dev104803,cust104803,android,2.5.5,FALSE,33:43.4
dev104804,cust104804,feature_phone,1.2.4,FALSE,24:31.0
dev104805,cust104805,feature_phone,1.2.14,TRUE,10:03.2
dev104806,cust104806,feature_phone,4.0.18,FALSE,19:11.8
dev104807,cust104807,feature_phone,3.3.18,FALSE,06:38.5
dev104808,cust104808,ios,4.0.13,FALSE,48:39.2
dev104809,cust104809,tablet,3.6.20,FALSE,01:55.1
dev104810,cust104810,ios,1.4.9,TRUE,25:32.8
dev104811,cust104811,feature_phone,3.1.7,FALSE,27:18.1
dev104812,cust104812,ios,1.5.18,FALSE,06:15.4
dev104813,cust104813,ios,3.3.1,FALSE,22:40.9
dev104814,cust104814,tablet,4.9.16,FALSE,46:06.2
dev104815,cust104815,tablet,2.5.17,FALSE,15:29.6
dev104816,cust104816,tablet,4.1.20,FALSE,38:53.5
dev104817,cust104817,tablet,3.6.12,FALSE,54:55.2
dev104818,cust104818,android,1.0.19,FALSE,35:03.1
dev104819,cust104819,tablet,2.7.5,FALSE,38:55.6
dev104820,cust104820,tablet,1.9.7,TRUE,44:00.5
dev104821,cust104821,android,3.4.19,FALSE,50:16.8
dev104822,cust104822,tablet,4.3.17,FALSE,22:18.5
dev104823,cust104823,feature_phone,3.1.3,FALSE,56:57.7
dev104824,cust104824,android,3.3.4,FALSE,13:07.7
dev104825,cust104825,tablet,3.1.7,FALSE,27:58.9
dev104826,cust104826,android,4.5.5,FALSE,14:47.9
dev104827,cust104827,tablet,3.0.10,FALSE,57:51.9
dev104828,cust104828,tablet,1.2.19,FALSE,22:42.8
dev104829,cust104829,feature_phone,3.3.16,FALSE,33:50.1
dev104830,cust104830,feature_phone,4.9.2,FALSE,07:31.5
dev104831,cust104831,ios,4.8.12,FALSE,19:35.5
dev104832,cust104832,ios,3.1.12,FALSE,57:26.0
dev104833,cust104833,android,3.5.19,FALSE,20:53.9
dev104834,cust104834,tablet,3.6.11,FALSE,23:14.1
dev104835,cust104835,feature_phone,4.4.12,TRUE,20:39.1
dev104836,cust104836,feature_phone,3.6.14,FALSE,51:57.7
dev104837,cust104837,feature_phone,3.1.12,FALSE,14:07.7
dev104838,cust104838,tablet,1.6.14,FALSE,25:29.4
dev104839,cust104839,ios,4.4.1,FALSE,08:18.7
dev104840,cust104840,android,1.8.15,FALSE,58:24.1
dev104841,cust104841,ios,4.0.5,FALSE,48:51.7
dev104842,cust104842,tablet,1.3.3,FALSE,46:46.7
dev104843,cust104843,feature_phone,4.7.14,FALSE,01:43.5
dev104844,cust104844,ios,2.5.19,FALSE,01:51.1
dev104845,cust104845,tablet,4.2.6,FALSE,14:36.1
dev104846,cust104846,tablet,1.6.5,FALSE,18:00.2
dev104847,cust104847,feature_phone,3.4.17,FALSE,20:07.5
dev104848,cust104848,android,1.2.11,FALSE,59:46.5
dev104849,cust104849,ios,3.8.1,FALSE,45:17.1
dev104850,cust104850,ios,1.8.9,FALSE,36:45.1
dev104851,cust104851,feature_phone,1.8.5,FALSE,19:19.8
dev104852,cust104852,ios,4.3.15,FALSE,39:37.1
dev104853,cust104853,android,4.3.16,FALSE,11:51.3
dev104854,cust104854,feature_phone,3.3.17,FALSE,12:30.4
dev104855,cust104855,ios,1.7.0,FALSE,21:37.4
dev104856,cust104856,ios,4.6.8,FALSE,37:46.0
dev104857,cust104857,android,2.2.20,FALSE,31:26.8
dev104858,cust104858,feature_phone,4.7.19,FALSE,53:15.6
dev104859,cust104859,android,3.6.1,FALSE,36:52.8
dev104860,cust104860,android,2.6.11,FALSE,12:45.6
dev104861,cust104861,feature_phone,4.7.0,FALSE,34:15.5
dev104862,cust104862,ios,4.8.10,FALSE,09:28.1
dev104863,cust104863,ios,3.7.13,FALSE,36:51.8
dev104864,cust104864,android,4.6.5,FALSE,40:02.7
dev104865,cust104865,android,4.0.15,FALSE,07:12.6
dev104866,cust104866,tablet,3.8.14,FALSE,11:42.3
dev104867,cust104867,feature_phone,1.0.7,FALSE,40:05.2
dev104868,cust104868,android,2.2.7,FALSE,09:14.7
dev104869,cust104869,ios,2.8.9,FALSE,25:31.2
dev104870,cust104870,tablet,2.5.2,FALSE,38:53.1
dev104871,cust104871,tablet,3.1.13,FALSE,10:46.3
dev104872,cust104872,tablet,4.6.7,FALSE,20:08.3
dev104873,cust104873,feature_phone,2.7.20,FALSE,28:33.5
dev104874,cust104874,tablet,4.7.7,FALSE,29:29.6
dev104875,cust104875,tablet,2.9.14,FALSE,55:40.8
dev104876,cust104876,ios,3.1.13,FALSE,58:38.1
dev104877,cust104877,ios,4.4.2,FALSE,28:08.9
dev104878,cust104878,feature_phone,1.5.7,FALSE,47:15.3
dev104879,cust104879,feature_phone,4.3.11,FALSE,21:38.9
dev104880,cust104880,tablet,2.9.17,FALSE,23:49.8
dev104881,cust104881,android,4.9.9,FALSE,00:19.2
dev104882,cust104882,feature_phone,2.1.11,FALSE,08:59.1
dev104883,cust104883,android,4.5.10,FALSE,41:24.0
dev104884,cust104884,tablet,1.8.3,FALSE,59:20.5
dev104885,cust104885,feature_phone,1.3.12,FALSE,36:18.1
dev104886,cust104886,tablet,1.0.13,FALSE,48:34.2
dev104887,cust104887,tablet,1.4.15,FALSE,58:25.6
dev104888,cust104888,feature_phone,2.9.20,FALSE,53:37.2
dev104889,cust104889,android,1.9.2,FALSE,50:01.7
dev104890,cust104890,tablet,1.7.14,FALSE,22:04.7
dev104891,cust104891,feature_phone,2.4.11,FALSE,41:24.8
dev104892,cust104892,tablet,2.6.6,FALSE,48:27.7
dev104893,cust104893,android,1.8.10,FALSE,07:20.3
dev104894,cust104894,android,1.4.8,FALSE,09:32.5
dev104895,cust104895,android,3.3.6,FALSE,19:10.3
dev104896,cust104896,android,2.5.12,FALSE,55:27.6
dev104897,cust104897,android,2.4.15,FALSE,26:49.7
dev104898,cust104898,ios,2.3.2,FALSE,59:02.9
dev104899,cust104899,feature_phone,3.8.18,FALSE,34:38.7
dev104900,cust104900,android,3.1.1,FALSE,33:19.0
dev104901,cust104901,android,4.5.19,FALSE,08:07.1
dev104902,cust104902,tablet,4.5.17,FALSE,50:10.2
dev104903,cust104903,tablet,1.9.17,FALSE,23:05.7
dev104904,cust104904,feature_phone,1.3.14,FALSE,30:03.2
dev104905,cust104905,tablet,2.8.20,FALSE,51:30.9
dev104906,cust104906,feature_phone,1.5.3,FALSE,37:15.2
dev104907,cust104907,feature_phone,1.0.10,FALSE,14:51.8
dev104908,cust104908,android,2.5.11,FALSE,22:38.8
dev104909,cust104909,tablet,4.7.8,FALSE,12:14.5
dev104910,cust104910,feature_phone,1.7.20,FALSE,36:34.7
dev104911,cust104911,tablet,1.6.10,FALSE,22:03.4
dev104912,cust104912,tablet,1.6.16,FALSE,17:08.1
dev104913,cust104913,android,2.2.6,FALSE,27:28.0
dev104914,cust104914,tablet,4.8.11,FALSE,55:44.0
dev104915,cust104915,tablet,3.8.8,FALSE,40:25.7
dev104916,cust104916,android,3.5.7,FALSE,37:30.0
dev104917,cust104917,android,3.3.17,FALSE,46:04.5
dev104918,cust104918,android,3.5.2,FALSE,59:10.6
dev104919,cust104919,tablet,4.5.19,FALSE,12:10.3
dev104920,cust104920,tablet,1.6.15,TRUE,23:14.9
dev104921,cust104921,ios,3.2.6,FALSE,14:57.0
dev104922,cust104922,ios,1.0.6,FALSE,35:04.2
dev104923,cust104923,tablet,4.7.20,FALSE,18:59.1
dev104924,cust104924,ios,1.9.15,FALSE,04:21.6
dev104925,cust104925,ios,4.2.11,FALSE,03:48.0
dev104926,cust104926,android,3.4.9,FALSE,26:31.8
dev104927,cust104927,android,1.9.13,FALSE,10:23.5
dev104928,cust104928,feature_phone,4.6.19,FALSE,44:14.1
dev104929,cust104929,ios,1.1.19,FALSE,49:17.9
dev104930,cust104930,ios,2.4.10,FALSE,26:58.8
dev104931,cust104931,ios,4.8.13,FALSE,36:20.5
dev104932,cust104932,tablet,4.3.14,FALSE,11:36.7
dev104933,cust104933,android,3.6.7,FALSE,39:29.0
dev104934,cust104934,android,3.4.10,FALSE,14:58.1
dev104935,cust104935,android,2.9.17,FALSE,07:13.9
dev104936,cust104936,ios,4.9.17,FALSE,11:20.0
dev104937,cust104937,android,2.1.9,FALSE,15:09.7
dev104938,cust104938,feature_phone,4.8.1,FALSE,59:55.8
dev104939,cust104939,ios,2.7.3,FALSE,12:00.6
dev104940,cust104940,feature_phone,3.8.10,FALSE,37:32.2
dev104941,cust104941,ios,1.9.18,FALSE,00:35.1
dev104942,cust104942,feature_phone,3.2.10,FALSE,43:30.8
dev104943,cust104943,android,4.6.20,FALSE,23:30.8
dev104944,cust104944,android,4.4.20,FALSE,00:52.9
dev104945,cust104945,tablet,2.8.6,FALSE,09:40.9
dev104946,cust104946,tablet,3.3.19,FALSE,58:08.8
dev104947,cust104947,ios,3.9.1,FALSE,19:46.7
dev104948,cust104948,feature_phone,4.0.19,FALSE,57:37.0
dev104949,cust104949,tablet,3.9.7,FALSE,08:18.0
dev104950,cust104950,android,3.2.5,FALSE,07:29.1
dev104951,cust104951,android,3.1.15,FALSE,22:55.7
dev104952,cust104952,ios,3.3.18,FALSE,01:18.9
dev104953,cust104953,feature_phone,2.8.0,FALSE,42:28.5
dev104954,cust104954,ios,1.9.18,FALSE,21:52.2
dev104955,cust104955,feature_phone,1.6.10,FALSE,25:58.2
dev104956,cust104956,feature_phone,2.6.8,FALSE,29:28.2
dev104957,cust104957,android,1.8.17,FALSE,01:34.8
dev104958,cust104958,tablet,3.6.12,FALSE,10:56.3
dev104959,cust104959,ios,1.7.4,FALSE,02:08.3
dev104960,cust104960,tablet,4.7.18,FALSE,46:56.0
dev104961,cust104961,android,4.1.20,FALSE,40:39.2
dev104962,cust104962,android,1.8.13,FALSE,27:25.0
dev104963,cust104963,feature_phone,1.0.5,FALSE,20:10.2
dev104964,cust104964,android,4.5.1,FALSE,16:35.2
dev104965,cust104965,ios,1.0.7,TRUE,28:59.2
dev104966,cust104966,tablet,1.2.10,FALSE,09:21.5
dev104967,cust104967,ios,1.2.6,FALSE,23:34.0
dev104968,cust104968,feature_phone,4.6.14,FALSE,29:20.0
dev104969,cust104969,feature_phone,4.4.18,FALSE,46:33.7
dev104970,cust104970,android,3.2.17,FALSE,05:49.3
dev104971,cust104971,android,1.9.17,FALSE,35:34.8
dev104972,cust104972,ios,2.7.16,FALSE,34:29.8
dev104973,cust104973,feature_phone,1.6.6,FALSE,03:58.2
dev104974,cust104974,tablet,4.7.7,FALSE,17:00.8
dev104975,cust104975,feature_phone,1.4.2,FALSE,03:14.4
dev104976,cust104976,ios,1.2.11,FALSE,50:36.9
dev104977,cust104977,android,1.9.18,FALSE,46:10.8
dev104978,cust104978,tablet,2.0.11,FALSE,30:49.2
dev104979,cust104979,feature_phone,3.6.12,FALSE,28:02.4
dev104980,cust104980,ios,2.9.11,FALSE,46:08.8
dev104981,cust104981,feature_phone,3.2.9,FALSE,09:54.7
dev104982,cust104982,android,3.2.5,FALSE,31:08.8
dev104983,cust104983,ios,1.2.9,FALSE,35:54.7
dev104984,cust104984,feature_phone,4.2.0,FALSE,50:19.8
dev104985,cust104985,feature_phone,3.5.1,FALSE,31:44.1
dev104986,cust104986,feature_phone,1.7.3,FALSE,44:47.5
dev104987,cust104987,android,3.7.17,FALSE,42:35.4
dev104988,cust104988,ios,1.1.6,FALSE,34:48.0
dev104989,cust104989,android,3.0.14,FALSE,41:00.0
dev104990,cust104990,tablet,2.2.14,FALSE,23:00.4
dev104991,cust104991,ios,1.6.5,FALSE,37:58.9
dev104992,cust104992,ios,3.4.15,FALSE,33:08.4
dev104993,cust104993,android,1.0.14,FALSE,03:22.3
dev104994,cust104994,ios,2.3.11,FALSE,50:36.5
dev104995,cust104995,feature_phone,1.3.7,FALSE,12:26.6
dev104996,cust104996,android,4.0.9,FALSE,28:06.8
dev104997,cust104997,android,4.1.11,FALSE,23:51.3
dev104998,cust104998,tablet,4.6.20,FALSE,09:24.3
dev104999,cust104999,feature_phone,1.2.0,FALSE,40:59.1
dev105000,cust105000,ios,3.8.12,FALSE,26:42.9
dev105001,cust105001,feature_phone,2.5.3,FALSE,27:45.4
dev105002,cust105002,ios,1.1.18,FALSE,56:53.5
dev105003,cust105003,ios,2.7.1,FALSE,55:10.0
dev105004,cust105004,android,3.4.16,FALSE,25:34.7
dev105005,cust105005,ios,2.6.4,FALSE,05:36.0
dev105006,cust105006,android,4.5.3,FALSE,37:33.0
dev105007,cust105007,ios,3.2.18,FALSE,53:10.4
dev105008,cust105008,tablet,4.8.13,FALSE,44:12.6
dev105009,cust105009,ios,3.0.4,FALSE,55:44.1
dev105010,cust105010,feature_phone,1.7.18,FALSE,08:29.7
dev105011,cust105011,ios,1.5.15,FALSE,40:38.2
dev105012,cust105012,ios,1.7.16,FALSE,10:39.7
dev105013,cust105013,android,2.5.12,FALSE,35:27.8
dev105014,cust105014,ios,3.7.6,FALSE,39:49.0
dev105015,cust105015,tablet,3.2.5,FALSE,32:27.5
dev105016,cust105016,ios,4.1.2,FALSE,42:33.9
dev105017,cust105017,tablet,4.7.8,FALSE,39:00.2
dev105018,cust105018,tablet,2.6.10,FALSE,39:31.3
dev105019,cust105019,ios,2.2.14,FALSE,57:23.7
dev105020,cust105020,tablet,2.6.3,FALSE,52:50.9
dev105021,cust105021,ios,3.1.1,FALSE,30:24.2
dev105022,cust105022,feature_phone,1.7.14,FALSE,30:26.5
dev105023,cust105023,feature_phone,3.1.14,FALSE,09:31.5
dev105024,cust105024,tablet,1.8.6,FALSE,55:36.2
dev105025,cust105025,feature_phone,3.1.9,FALSE,51:05.7
dev105026,cust105026,android,4.1.8,FALSE,26:31.5
dev105027,cust105027,ios,1.9.14,FALSE,01:20.8
dev105028,cust105028,ios,3.8.19,FALSE,33:34.8
dev105029,cust105029,android,4.8.20,FALSE,42:58.1
dev105030,cust105030,feature_phone,4.5.16,FALSE,44:19.4
dev105031,cust105031,feature_phone,2.7.1,FALSE,58:14.0
dev105032,cust105032,android,3.0.15,FALSE,02:24.1
dev105033,cust105033,android,2.7.17,FALSE,41:03.6
dev105034,cust105034,feature_phone,2.3.0,FALSE,32:10.1
dev105035,cust105035,ios,4.2.4,FALSE,21:04.3
dev105036,cust105036,feature_phone,4.3.8,FALSE,10:58.1
dev105037,cust105037,tablet,4.2.3,FALSE,08:39.7
dev105038,cust105038,ios,4.2.20,FALSE,14:26.0
dev105039,cust105039,tablet,3.5.11,FALSE,17:08.8
dev105040,cust105040,ios,4.6.4,FALSE,14:14.1
dev105041,cust105041,android,3.1.12,FALSE,00:36.1
dev105042,cust105042,ios,2.4.11,FALSE,38:24.1
dev105043,cust105043,android,2.5.20,FALSE,10:01.9
dev105044,cust105044,feature_phone,2.2.13,FALSE,12:57.0
dev105045,cust105045,android,4.7.20,FALSE,00:28.4
dev105046,cust105046,ios,3.1.20,FALSE,25:30.8
dev105047,cust105047,feature_phone,1.6.9,FALSE,59:13.8
dev105048,cust105048,android,1.2.8,FALSE,38:17.2
dev105049,cust105049,ios,1.2.9,FALSE,32:46.1
dev105050,cust105050,feature_phone,4.9.13,FALSE,42:17.8
dev105051,cust105051,android,3.7.16,FALSE,07:54.8
dev105052,cust105052,feature_phone,1.5.20,FALSE,43:09.7
dev105053,cust105053,feature_phone,3.3.7,FALSE,54:46.8
dev105054,cust105054,ios,4.9.7,FALSE,13:35.3
dev105055,cust105055,ios,4.2.16,FALSE,12:50.4
dev105056,cust105056,ios,3.1.5,FALSE,40:27.7
dev105057,cust105057,tablet,2.8.4,FALSE,58:07.0
dev105058,cust105058,feature_phone,1.1.2,FALSE,34:36.1
dev105059,cust105059,tablet,1.5.8,FALSE,01:24.2
dev105060,cust105060,android,2.7.18,FALSE,38:29.2
dev105061,cust105061,ios,1.5.14,FALSE,27:00.6
dev105062,cust105062,tablet,2.6.11,FALSE,57:22.8
dev105063,cust105063,ios,1.0.18,FALSE,28:09.5
dev105064,cust105064,feature_phone,1.6.15,FALSE,57:32.8
dev105065,cust105065,tablet,2.0.17,FALSE,05:37.1
dev105066,cust105066,android,1.8.6,FALSE,18:16.6
dev105067,cust105067,ios,1.0.5,FALSE,12:17.9
dev105068,cust105068,tablet,3.9.2,FALSE,52:42.7
dev105069,cust105069,ios,2.9.0,FALSE,29:11.5
dev105070,cust105070,ios,3.4.11,FALSE,52:09.2
dev105071,cust105071,ios,4.4.8,FALSE,13:03.4
dev105072,cust105072,android,4.1.5,FALSE,17:50.3
dev105073,cust105073,feature_phone,3.5.8,FALSE,18:57.0
dev105074,cust105074,ios,1.8.17,FALSE,03:44.2
dev105075,cust105075,ios,1.9.10,FALSE,23:57.9
dev105076,cust105076,feature_phone,3.1.3,FALSE,28:18.4
dev105077,cust105077,android,2.7.3,FALSE,48:57.1
dev105078,cust105078,android,2.9.4,FALSE,38:13.7
dev105079,cust105079,feature_phone,3.3.8,FALSE,15:15.0
dev105080,cust105080,tablet,2.4.16,FALSE,24:39.4
dev105081,cust105081,ios,1.2.19,FALSE,23:59.5
dev105082,cust105082,tablet,3.7.20,FALSE,50:38.4
dev105083,cust105083,feature_phone,1.9.12,FALSE,15:15.1
dev105084,cust105084,tablet,4.1.17,FALSE,20:29.1
dev105085,cust105085,android,4.3.9,FALSE,25:35.4
dev105086,cust105086,ios,2.6.11,FALSE,48:01.1
dev105087,cust105087,android,3.4.15,FALSE,03:11.9
dev105088,cust105088,feature_phone,2.1.12,FALSE,35:26.6
dev105089,cust105089,ios,4.2.11,FALSE,22:13.4
dev105090,cust105090,tablet,3.4.9,FALSE,06:53.4
dev105091,cust105091,ios,1.5.12,FALSE,33:08.8
dev105092,cust105092,feature_phone,2.8.0,FALSE,41:20.5
dev105093,cust105093,ios,4.2.10,FALSE,16:54.1
dev105094,cust105094,ios,4.5.13,FALSE,15:16.8
dev105095,cust105095,android,2.2.1,FALSE,01:31.3
dev105096,cust105096,tablet,1.8.1,FALSE,14:10.3
dev105097,cust105097,android,1.9.11,TRUE,45:42.6
dev105098,cust105098,ios,3.9.9,FALSE,44:26.7
dev105099,cust105099,ios,4.0.1,FALSE,48:14.5
dev105100,cust105100,ios,4.9.1,FALSE,48:21.8
dev105101,cust105101,ios,1.2.0,FALSE,02:15.6
dev105102,cust105102,feature_phone,3.9.20,FALSE,28:16.0
dev105103,cust105103,android,3.4.5,FALSE,58:49.4
dev105104,cust105104,tablet,1.6.17,FALSE,10:02.7
dev105105,cust105105,android,1.0.11,FALSE,35:48.7
dev105106,cust105106,feature_phone,4.6.2,FALSE,39:15.9
dev105107,cust105107,feature_phone,4.5.4,FALSE,44:42.6
dev105108,cust105108,tablet,3.0.11,FALSE,04:04.3
dev105109,cust105109,tablet,1.4.8,FALSE,01:11.4
dev105110,cust105110,feature_phone,4.5.11,FALSE,00:16.8
dev105111,cust105111,tablet,2.7.4,FALSE,32:20.1
dev105112,cust105112,tablet,4.5.16,FALSE,56:05.2
dev105113,cust105113,android,2.1.8,FALSE,00:15.1
dev105114,cust105114,ios,3.3.12,FALSE,16:39.8
dev105115,cust105115,ios,2.5.1,FALSE,46:35.7
dev105116,cust105116,feature_phone,4.6.15,FALSE,18:28.2
dev105117,cust105117,ios,2.7.4,FALSE,53:52.9
dev105118,cust105118,ios,2.3.12,FALSE,27:00.5
dev105119,cust105119,android,4.9.2,FALSE,36:37.3
dev105120,cust105120,android,1.2.0,FALSE,52:29.5
dev105121,cust105121,feature_phone,1.2.18,FALSE,41:56.8
dev105122,cust105122,tablet,3.0.11,FALSE,33:20.4
dev105123,cust105123,tablet,3.3.19,FALSE,54:34.5
dev105124,cust105124,tablet,1.7.15,FALSE,27:41.9
dev105125,cust105125,android,4.9.18,FALSE,03:46.9
dev105126,cust105126,tablet,1.0.9,FALSE,15:34.8
dev105127,cust105127,ios,4.8.5,TRUE,38:13.5
dev105128,cust105128,tablet,1.2.15,FALSE,11:48.9
dev105129,cust105129,feature_phone,2.3.10,FALSE,25:26.4
dev105130,cust105130,tablet,2.7.7,FALSE,01:24.5
dev105131,cust105131,ios,4.3.13,FALSE,18:21.5
dev105132,cust105132,ios,3.4.12,FALSE,19:06.6
dev105133,cust105133,android,3.5.6,FALSE,48:01.5
dev105134,cust105134,android,3.6.2,FALSE,26:03.9
dev105135,cust105135,android,2.8.2,FALSE,46:28.7
dev105136,cust105136,android,3.0.15,FALSE,52:04.1
dev105137,cust105137,ios,3.1.17,FALSE,49:59.7
dev105138,cust105138,tablet,3.8.17,FALSE,35:04.8
dev105139,cust105139,android,4.9.10,FALSE,13:20.2
dev105140,cust105140,feature_phone,3.2.18,FALSE,14:31.3
dev105141,cust105141,android,3.4.19,FALSE,48:18.7
dev105142,cust105142,ios,2.0.13,FALSE,42:01.2
dev105143,cust105143,android,3.7.16,FALSE,56:52.3
dev105144,cust105144,feature_phone,2.3.17,FALSE,27:19.7
dev105145,cust105145,ios,2.3.2,FALSE,21:25.9
dev105146,cust105146,feature_phone,2.0.15,FALSE,49:48.9
dev105147,cust105147,ios,4.6.2,TRUE,31:58.7
dev105148,cust105148,feature_phone,2.5.3,FALSE,20:04.1
dev105149,cust105149,android,1.4.13,FALSE,14:24.8
dev105150,cust105150,feature_phone,1.5.2,FALSE,39:59.2
dev105151,cust105151,ios,2.9.10,FALSE,29:43.1
dev105152,cust105152,tablet,3.4.15,FALSE,27:31.6
dev105153,cust105153,feature_phone,2.6.7,FALSE,44:47.2
dev105154,cust105154,android,2.3.15,FALSE,57:41.4
dev105155,cust105155,tablet,4.0.4,FALSE,25:22.4
dev105156,cust105156,tablet,1.1.12,FALSE,55:23.1
dev105157,cust105157,ios,2.8.4,FALSE,34:35.1
dev105158,cust105158,feature_phone,3.9.0,FALSE,34:44.0
dev105159,cust105159,ios,2.4.2,FALSE,21:37.1
dev105160,cust105160,ios,4.0.0,FALSE,42:57.0
dev105161,cust105161,ios,3.9.20,FALSE,32:52.4
dev105162,cust105162,android,4.2.18,FALSE,26:15.2
dev105163,cust105163,feature_phone,3.8.3,FALSE,06:04.2
dev105164,cust105164,android,4.5.13,FALSE,12:54.3
dev105165,cust105165,tablet,3.4.17,FALSE,23:46.8
dev105166,cust105166,android,3.2.11,FALSE,50:22.2
dev105167,cust105167,tablet,1.0.14,TRUE,33:32.9
dev105168,cust105168,ios,1.6.2,FALSE,56:21.1
dev105169,cust105169,feature_phone,3.1.16,FALSE,10:19.9
dev105170,cust105170,tablet,3.3.19,FALSE,45:40.7
dev105171,cust105171,android,1.6.3,FALSE,37:15.2
dev105172,cust105172,tablet,2.7.1,FALSE,03:24.8
dev105173,cust105173,tablet,4.2.14,FALSE,39:58.4
dev105174,cust105174,android,4.8.18,FALSE,29:58.3
dev105175,cust105175,feature_phone,2.7.20,FALSE,33:38.0
dev105176,cust105176,android,2.7.11,TRUE,46:41.2
dev105177,cust105177,feature_phone,1.8.1,FALSE,49:36.9
dev105178,cust105178,ios,3.4.12,FALSE,32:28.5
dev105179,cust105179,android,2.3.0,FALSE,42:52.8
dev105180,cust105180,feature_phone,4.4.8,FALSE,22:15.0
dev105181,cust105181,tablet,3.7.8,FALSE,00:05.2
dev105182,cust105182,feature_phone,3.4.17,FALSE,09:53.6
dev105183,cust105183,ios,1.2.16,FALSE,40:27.9
dev105184,cust105184,feature_phone,4.8.1,FALSE,10:26.8
dev105185,cust105185,feature_phone,1.1.3,FALSE,41:14.4
dev105186,cust105186,android,3.3.2,FALSE,56:01.7
dev105187,cust105187,feature_phone,3.2.13,FALSE,44:08.5
dev105188,cust105188,feature_phone,2.8.1,FALSE,56:28.2
dev105189,cust105189,feature_phone,4.8.13,FALSE,52:56.5
dev105190,cust105190,tablet,3.6.8,FALSE,47:28.7
dev105191,cust105191,tablet,2.1.4,FALSE,03:56.5
dev105192,cust105192,tablet,4.4.15,FALSE,15:54.9
dev105193,cust105193,tablet,3.1.12,FALSE,42:58.6
dev105194,cust105194,tablet,1.5.5,FALSE,32:43.9
dev105195,cust105195,android,2.8.17,FALSE,48:11.4
dev105196,cust105196,ios,1.0.5,FALSE,04:24.7
dev105197,cust105197,android,1.0.7,FALSE,04:44.1
dev105198,cust105198,feature_phone,4.5.9,FALSE,46:25.0
dev105199,cust105199,feature_phone,4.5.14,FALSE,39:31.9
dev105200,cust105200,ios,4.4.16,FALSE,13:37.0
dev105201,cust105201,android,2.9.9,FALSE,01:04.9
dev105202,cust105202,ios,1.6.9,FALSE,34:20.2
dev105203,cust105203,ios,4.6.14,FALSE,41:35.0
dev105204,cust105204,android,3.0.5,FALSE,25:28.9
dev105205,cust105205,tablet,3.3.20,FALSE,12:38.1
dev105206,cust105206,feature_phone,3.9.9,TRUE,49:43.8
dev105207,cust105207,ios,1.2.3,FALSE,17:12.5
dev105208,cust105208,ios,1.0.4,FALSE,40:11.8
dev105209,cust105209,android,3.0.11,FALSE,19:25.0
dev105210,cust105210,android,4.7.20,FALSE,50:00.8
dev105211,cust105211,tablet,4.5.5,FALSE,31:41.6
dev105212,cust105212,android,3.9.12,FALSE,27:30.6
dev105213,cust105213,ios,4.7.15,FALSE,29:11.9
dev105214,cust105214,feature_phone,2.1.5,FALSE,40:40.6
dev105215,cust105215,tablet,3.7.9,FALSE,50:25.6
dev105216,cust105216,ios,4.2.20,FALSE,47:49.1
dev105217,cust105217,feature_phone,3.0.16,FALSE,18:49.8
dev105218,cust105218,android,4.6.11,FALSE,49:23.9
dev105219,cust105219,ios,3.2.18,FALSE,03:00.6
dev105220,cust105220,feature_phone,4.0.16,TRUE,07:30.5
dev105221,cust105221,feature_phone,4.2.7,FALSE,00:40.3
dev105222,cust105222,tablet,3.2.0,FALSE,34:57.2
dev105223,cust105223,feature_phone,4.4.4,FALSE,54:32.4
dev105224,cust105224,tablet,4.4.12,FALSE,03:30.3
dev105225,cust105225,feature_phone,1.1.16,FALSE,37:18.1
dev105226,cust105226,android,1.2.4,FALSE,43:16.0
dev105227,cust105227,ios,4.5.14,FALSE,41:22.7
dev105228,cust105228,tablet,2.9.19,FALSE,28:11.7
dev105229,cust105229,android,1.6.12,FALSE,04:16.0
dev105230,cust105230,ios,4.7.12,FALSE,34:25.1
dev105231,cust105231,feature_phone,2.4.18,FALSE,50:33.7
dev105232,cust105232,feature_phone,3.8.13,FALSE,52:12.0
dev105233,cust105233,tablet,3.7.0,FALSE,07:22.2
dev105234,cust105234,ios,3.6.20,FALSE,26:32.0
dev105235,cust105235,android,2.6.12,FALSE,34:48.6
dev105236,cust105236,tablet,1.8.8,FALSE,04:39.7
dev105237,cust105237,ios,3.1.9,FALSE,03:16.4
dev105238,cust105238,feature_phone,1.2.14,FALSE,32:22.7
dev105239,cust105239,ios,3.2.20,FALSE,20:35.9
dev105240,cust105240,android,4.9.14,FALSE,41:52.5
dev105241,cust105241,ios,4.1.19,FALSE,53:47.1
dev105242,cust105242,ios,2.4.11,FALSE,18:18.7
dev105243,cust105243,android,3.1.18,FALSE,19:09.5
dev105244,cust105244,feature_phone,4.8.16,FALSE,51:52.0
dev105245,cust105245,ios,3.8.3,FALSE,14:53.0
dev105246,cust105246,ios,3.5.8,FALSE,32:49.8
dev105247,cust105247,android,4.1.4,FALSE,31:13.6
dev105248,cust105248,tablet,2.5.10,FALSE,27:17.5
dev105249,cust105249,tablet,1.9.0,FALSE,30:14.1
dev105250,cust105250,ios,2.3.18,FALSE,01:10.1
dev105251,cust105251,android,3.4.9,FALSE,36:45.0
dev105252,cust105252,feature_phone,2.4.10,FALSE,31:19.6
dev105253,cust105253,android,4.8.12,FALSE,23:48.4
dev105254,cust105254,feature_phone,3.9.14,FALSE,02:19.7
dev105255,cust105255,feature_phone,1.0.9,FALSE,10:53.4
dev105256,cust105256,android,4.8.7,FALSE,58:42.0
dev105257,cust105257,android,4.4.16,FALSE,05:58.9
dev105258,cust105258,ios,4.4.5,FALSE,51:42.5
dev105259,cust105259,tablet,1.8.9,FALSE,37:30.3
dev105260,cust105260,ios,4.5.0,FALSE,55:53.6
dev105261,cust105261,ios,2.6.7,FALSE,36:57.2
dev105262,cust105262,ios,2.0.13,FALSE,43:22.7
dev105263,cust105263,ios,3.0.17,FALSE,51:11.0
dev105264,cust105264,feature_phone,4.2.5,FALSE,44:48.9
dev105265,cust105265,tablet,3.6.9,FALSE,50:54.1
dev105266,cust105266,tablet,1.7.18,FALSE,02:06.1
dev105267,cust105267,tablet,1.6.7,FALSE,33:07.3
dev105268,cust105268,ios,1.8.2,FALSE,42:40.3
dev105269,cust105269,tablet,4.0.18,FALSE,46:37.5
dev105270,cust105270,feature_phone,1.6.17,FALSE,07:56.6
dev105271,cust105271,feature_phone,4.8.8,FALSE,33:08.3
dev105272,cust105272,tablet,4.9.6,FALSE,21:16.1
dev105273,cust105273,tablet,1.1.7,FALSE,10:22.4
dev105274,cust105274,ios,4.5.2,FALSE,52:20.0
dev105275,cust105275,android,4.6.10,FALSE,30:25.9
dev105276,cust105276,tablet,3.3.8,FALSE,34:11.1
dev105277,cust105277,tablet,1.6.14,FALSE,44:34.4
dev105278,cust105278,feature_phone,2.3.4,FALSE,47:58.0
dev105279,cust105279,feature_phone,1.7.3,FALSE,45:25.6
dev105280,cust105280,android,4.7.0,FALSE,53:59.3
dev105281,cust105281,feature_phone,1.0.17,FALSE,38:57.1
dev105282,cust105282,feature_phone,4.3.0,FALSE,31:28.2
dev105283,cust105283,android,4.7.0,FALSE,32:01.0
dev105284,cust105284,ios,3.1.5,FALSE,00:31.2
dev105285,cust105285,ios,3.3.3,FALSE,54:50.3
dev105286,cust105286,ios,2.6.19,FALSE,39:05.7
dev105287,cust105287,tablet,1.9.13,FALSE,49:22.8
dev105288,cust105288,android,1.8.10,FALSE,19:59.3
dev105289,cust105289,ios,2.1.17,FALSE,14:03.4
dev105290,cust105290,ios,1.9.2,FALSE,59:53.7
dev105291,cust105291,ios,4.5.18,TRUE,44:03.4
dev105292,cust105292,ios,3.2.11,FALSE,31:46.6
dev105293,cust105293,feature_phone,3.7.0,FALSE,11:56.5
dev105294,cust105294,tablet,1.0.0,FALSE,55:05.0
dev105295,cust105295,android,2.3.12,FALSE,23:44.8
dev105296,cust105296,tablet,1.8.6,FALSE,47:51.3
dev105297,cust105297,tablet,2.8.7,FALSE,28:51.5
dev105298,cust105298,android,1.7.8,FALSE,15:09.0
dev105299,cust105299,ios,2.3.0,FALSE,39:27.8
dev105300,cust105300,feature_phone,1.7.1,FALSE,28:51.5
dev105301,cust105301,ios,1.3.2,FALSE,34:10.7
dev105302,cust105302,android,3.9.5,FALSE,56:39.1
dev105303,cust105303,android,2.0.18,FALSE,10:51.1
dev105304,cust105304,ios,4.5.11,FALSE,22:05.2
dev105305,cust105305,ios,1.4.12,FALSE,54:51.6
dev105306,cust105306,ios,4.3.18,FALSE,48:18.5
dev105307,cust105307,tablet,1.5.6,FALSE,47:27.7
dev105308,cust105308,feature_phone,3.5.4,FALSE,25:29.1
dev105309,cust105309,android,3.8.0,FALSE,52:08.6
dev105310,cust105310,android,3.3.13,FALSE,09:20.8
dev105311,cust105311,tablet,3.1.19,FALSE,47:24.7
dev105312,cust105312,ios,4.3.3,FALSE,22:56.6
dev105313,cust105313,tablet,3.5.6,FALSE,33:10.2
dev105314,cust105314,tablet,1.3.10,FALSE,22:44.2
dev105315,cust105315,ios,2.4.4,FALSE,20:48.4
dev105316,cust105316,feature_phone,3.2.3,FALSE,35:48.8
dev105317,cust105317,tablet,1.2.5,FALSE,56:12.6
dev105318,cust105318,android,4.3.14,FALSE,08:14.7
dev105319,cust105319,tablet,2.0.12,FALSE,43:40.4
dev105320,cust105320,ios,4.7.19,FALSE,22:30.5
dev105321,cust105321,feature_phone,1.4.20,FALSE,05:17.3
dev105322,cust105322,ios,4.9.1,FALSE,55:45.5
dev105323,cust105323,ios,2.2.1,FALSE,44:15.9
dev105324,cust105324,tablet,2.7.14,FALSE,57:51.9
dev105325,cust105325,android,1.7.5,FALSE,43:42.3
dev105326,cust105326,tablet,4.3.7,FALSE,54:00.9
dev105327,cust105327,ios,3.7.7,FALSE,02:44.1
dev105328,cust105328,feature_phone,3.6.11,FALSE,57:37.4
dev105329,cust105329,android,4.8.5,FALSE,43:46.4
dev105330,cust105330,tablet,3.2.12,FALSE,33:35.5
dev105331,cust105331,feature_phone,1.6.8,FALSE,33:03.4
dev105332,cust105332,feature_phone,4.9.20,FALSE,40:45.6
dev105333,cust105333,tablet,1.0.2,FALSE,11:20.3
dev105334,cust105334,ios,2.2.5,FALSE,52:52.4
dev105335,cust105335,feature_phone,4.8.1,FALSE,39:42.7
dev105336,cust105336,android,4.7.9,FALSE,29:19.8
dev105337,cust105337,ios,1.4.15,FALSE,44:11.4
dev105338,cust105338,android,1.9.12,FALSE,46:32.4
dev105339,cust105339,ios,3.6.19,FALSE,38:40.0
dev105340,cust105340,ios,1.9.14,FALSE,56:46.0
dev105341,cust105341,ios,1.4.3,FALSE,20:52.5
dev105342,cust105342,feature_phone,4.4.18,FALSE,56:22.6
dev105343,cust105343,android,3.6.12,FALSE,25:54.1
dev105344,cust105344,android,1.1.0,FALSE,25:51.8
dev105345,cust105345,feature_phone,3.9.19,FALSE,06:47.0
dev105346,cust105346,android,2.3.14,FALSE,37:32.8
dev105347,cust105347,tablet,4.7.18,FALSE,36:34.3
dev105348,cust105348,android,3.3.7,FALSE,08:58.1
dev105349,cust105349,android,3.0.19,FALSE,48:54.3
dev105350,cust105350,android,3.4.13,FALSE,34:36.9
dev105351,cust105351,tablet,3.7.3,FALSE,29:06.2
dev105352,cust105352,tablet,1.0.15,FALSE,17:29.4
dev105353,cust105353,ios,4.0.6,FALSE,52:25.8
dev105354,cust105354,tablet,1.3.5,FALSE,57:41.5
dev105355,cust105355,ios,3.8.15,FALSE,08:04.9
dev105356,cust105356,feature_phone,4.5.10,FALSE,59:23.4
dev105357,cust105357,feature_phone,2.9.17,FALSE,06:17.7
dev105358,cust105358,android,2.5.0,FALSE,54:38.7
dev105359,cust105359,ios,4.0.18,FALSE,26:18.4
dev105360,cust105360,android,3.6.18,FALSE,24:49.4
dev105361,cust105361,tablet,3.5.7,FALSE,31:33.3
dev105362,cust105362,feature_phone,2.1.5,FALSE,48:49.8
dev105363,cust105363,feature_phone,1.4.18,FALSE,56:39.8
dev105364,cust105364,ios,2.9.13,FALSE,20:13.8
dev105365,cust105365,ios,3.7.0,FALSE,20:17.3
dev105366,cust105366,feature_phone,3.4.10,FALSE,28:21.8
dev105367,cust105367,android,2.9.3,FALSE,26:56.9
dev105368,cust105368,feature_phone,4.5.19,FALSE,07:01.6
dev105369,cust105369,ios,3.3.8,FALSE,59:28.9
dev105370,cust105370,ios,4.4.0,FALSE,37:31.9
dev105371,cust105371,tablet,1.1.1,FALSE,28:56.7
dev105372,cust105372,ios,3.8.16,FALSE,42:42.2
dev105373,cust105373,android,3.8.9,FALSE,54:56.5
dev105374,cust105374,ios,1.7.14,FALSE,20:10.2
dev105375,cust105375,ios,3.0.2,FALSE,06:55.8
dev105376,cust105376,ios,3.8.0,FALSE,40:03.5
dev105377,cust105377,feature_phone,1.8.17,FALSE,29:09.4
dev105378,cust105378,feature_phone,3.2.1,FALSE,56:04.6
dev105379,cust105379,feature_phone,3.4.15,FALSE,17:58.2
dev105380,cust105380,feature_phone,2.3.20,FALSE,50:33.3
dev105381,cust105381,feature_phone,4.0.18,FALSE,13:40.2
dev105382,cust105382,tablet,2.0.20,FALSE,06:10.0
dev105383,cust105383,android,1.6.7,FALSE,18:48.4
dev105384,cust105384,android,2.9.11,FALSE,36:26.8
dev105385,cust105385,feature_phone,4.0.18,FALSE,24:01.5
dev105386,cust105386,feature_phone,3.5.15,FALSE,55:16.7
dev105387,cust105387,ios,3.4.6,FALSE,10:28.9
dev105388,cust105388,ios,3.6.9,FALSE,42:02.8
dev105389,cust105389,tablet,4.8.14,FALSE,18:03.4
dev105390,cust105390,ios,3.2.16,FALSE,36:06.4
dev105391,cust105391,android,3.5.12,FALSE,11:00.7
dev105392,cust105392,tablet,3.0.6,FALSE,46:53.6
dev105393,cust105393,ios,3.6.2,FALSE,21:26.6
dev105394,cust105394,android,4.8.14,FALSE,23:02.3
dev105395,cust105395,feature_phone,4.0.3,FALSE,12:31.4
dev105396,cust105396,ios,1.6.17,FALSE,34:34.2
dev105397,cust105397,feature_phone,2.7.11,FALSE,35:45.5
dev105398,cust105398,tablet,2.2.11,FALSE,04:38.7
dev105399,cust105399,android,2.9.8,FALSE,39:32.0
dev105400,cust105400,android,1.3.15,FALSE,25:50.0
dev105401,cust105401,android,1.0.15,FALSE,18:05.9
dev105402,cust105402,ios,3.6.13,FALSE,04:08.5
dev105403,cust105403,tablet,4.8.14,FALSE,41:34.0
dev105404,cust105404,tablet,4.4.0,FALSE,38:54.8
dev105405,cust105405,feature_phone,3.6.12,FALSE,57:11.9
dev105406,cust105406,android,1.0.13,TRUE,49:50.5
dev105407,cust105407,android,2.7.11,FALSE,18:16.6
dev105408,cust105408,feature_phone,2.1.6,FALSE,36:55.2
dev105409,cust105409,tablet,2.7.5,TRUE,20:57.4
dev105410,cust105410,android,3.1.13,FALSE,43:07.1
dev105411,cust105411,android,3.8.15,FALSE,00:41.7
dev105412,cust105412,android,2.3.19,FALSE,52:28.3
dev105413,cust105413,ios,2.4.20,FALSE,24:58.4
dev105414,cust105414,android,3.5.9,FALSE,45:39.6
dev105415,cust105415,ios,2.1.3,FALSE,21:06.5
dev105416,cust105416,android,1.8.14,FALSE,22:41.4
dev105417,cust105417,tablet,1.3.15,FALSE,40:46.4
dev105418,cust105418,feature_phone,4.4.20,FALSE,18:55.6
dev105419,cust105419,feature_phone,2.9.16,FALSE,59:33.1
dev105420,cust105420,android,3.5.16,FALSE,05:47.9
dev105421,cust105421,android,3.0.0,FALSE,50:23.5
dev105422,cust105422,android,2.4.11,FALSE,38:48.1
dev105423,cust105423,android,1.3.11,FALSE,47:39.7
dev105424,cust105424,ios,1.5.6,FALSE,31:36.2
dev105425,cust105425,feature_phone,3.7.6,FALSE,47:49.3
dev105426,cust105426,ios,3.5.19,FALSE,50:15.3
dev105427,cust105427,ios,4.5.1,FALSE,20:06.6
dev105428,cust105428,tablet,3.9.14,FALSE,23:25.6
dev105429,cust105429,feature_phone,3.6.6,FALSE,41:30.4
dev105430,cust105430,ios,2.9.16,FALSE,42:04.2
dev105431,cust105431,tablet,1.5.1,FALSE,10:19.0
dev105432,cust105432,feature_phone,3.5.16,TRUE,53:15.6
dev105433,cust105433,ios,4.2.1,FALSE,26:13.9
dev105434,cust105434,tablet,2.4.12,FALSE,18:13.7
dev105435,cust105435,tablet,2.2.14,FALSE,43:35.7
dev105436,cust105436,feature_phone,1.8.15,FALSE,59:11.5
dev105437,cust105437,feature_phone,2.2.14,FALSE,53:52.5
dev105438,cust105438,ios,3.5.3,FALSE,49:37.0
dev105439,cust105439,android,4.8.9,FALSE,01:55.7
dev105440,cust105440,tablet,3.2.13,FALSE,15:57.0
dev105441,cust105441,android,2.7.13,FALSE,10:21.1
dev105442,cust105442,android,1.0.14,FALSE,25:47.7
dev105443,cust105443,android,1.2.5,FALSE,31:35.4
dev105444,cust105444,android,3.4.10,FALSE,12:35.4
dev105445,cust105445,android,2.1.13,FALSE,09:14.9
dev105446,cust105446,tablet,3.4.4,FALSE,19:34.5
dev105447,cust105447,feature_phone,4.2.9,FALSE,04:49.2
dev105448,cust105448,tablet,4.9.4,FALSE,12:40.4
dev105449,cust105449,feature_phone,3.2.18,FALSE,17:27.1
dev105450,cust105450,tablet,3.0.6,FALSE,36:23.0
dev105451,cust105451,tablet,1.4.12,FALSE,21:38.2
dev105452,cust105452,feature_phone,3.5.3,FALSE,28:54.6
dev105453,cust105453,ios,2.1.19,FALSE,23:14.1
dev105454,cust105454,tablet,3.9.10,FALSE,56:54.7
dev105455,cust105455,tablet,4.3.5,FALSE,35:17.9
dev105456,cust105456,ios,2.6.19,FALSE,56:22.2
dev105457,cust105457,android,1.3.14,FALSE,17:38.9
dev105458,cust105458,android,3.1.3,FALSE,28:01.2
dev105459,cust105459,tablet,2.0.4,FALSE,13:22.0
dev105460,cust105460,android,4.2.4,FALSE,05:12.8
dev105461,cust105461,android,4.0.2,FALSE,37:38.3
dev105462,cust105462,feature_phone,1.1.8,FALSE,31:33.9
dev105463,cust105463,tablet,3.3.5,FALSE,17:58.3
dev105464,cust105464,feature_phone,3.6.7,TRUE,36:43.3
dev105465,cust105465,tablet,1.9.17,FALSE,12:01.9
dev105466,cust105466,feature_phone,3.6.2,FALSE,37:17.5
dev105467,cust105467,android,1.1.16,FALSE,22:13.6
dev105468,cust105468,ios,2.8.12,FALSE,21:05.9
dev105469,cust105469,ios,4.6.19,FALSE,55:13.3
dev105470,cust105470,ios,3.3.18,FALSE,46:39.1
dev105471,cust105471,ios,1.0.15,FALSE,56:36.4
dev105472,cust105472,android,3.9.20,FALSE,54:54.5
dev105473,cust105473,android,2.4.8,FALSE,32:45.5
dev105474,cust105474,android,4.5.19,FALSE,41:58.8
dev105475,cust105475,tablet,1.3.20,FALSE,38:46.5
dev105476,cust105476,android,1.7.10,TRUE,25:15.7
dev105477,cust105477,ios,2.0.2,FALSE,47:21.3
dev105478,cust105478,feature_phone,3.2.20,FALSE,43:55.7
dev105479,cust105479,tablet,4.3.17,FALSE,31:26.4
dev105480,cust105480,ios,4.4.5,FALSE,41:32.9
dev105481,cust105481,tablet,4.5.7,FALSE,43:01.5
dev105482,cust105482,android,2.6.11,FALSE,23:59.4
dev105483,cust105483,ios,2.5.6,FALSE,01:46.8
dev105484,cust105484,ios,2.8.0,FALSE,56:52.5
dev105485,cust105485,feature_phone,4.5.16,FALSE,27:09.6
dev105486,cust105486,feature_phone,2.0.10,FALSE,46:43.8
dev105487,cust105487,ios,4.0.20,FALSE,05:43.1
dev105488,cust105488,tablet,3.6.4,FALSE,03:21.5
dev105489,cust105489,ios,1.9.9,TRUE,35:59.4
dev105490,cust105490,tablet,2.5.15,FALSE,08:22.3
dev105491,cust105491,ios,4.8.1,FALSE,35:27.8
dev105492,cust105492,tablet,1.3.1,FALSE,52:11.4
dev105493,cust105493,android,4.4.10,FALSE,44:21.1
dev105494,cust105494,android,2.9.1,FALSE,05:52.7
dev105495,cust105495,feature_phone,2.8.0,FALSE,28:26.6
dev105496,cust105496,tablet,1.0.14,FALSE,38:46.7
dev105497,cust105497,tablet,1.0.18,FALSE,52:47.8
dev105498,cust105498,ios,4.1.14,FALSE,41:22.1
dev105499,cust105499,android,2.1.11,FALSE,48:06.5
dev105500,cust105500,feature_phone,3.1.11,FALSE,40:57.0
dev105501,cust105501,ios,1.9.9,FALSE,29:23.0
dev105502,cust105502,ios,2.4.7,FALSE,21:25.7
dev105503,cust105503,tablet,1.5.2,FALSE,54:01.4
dev105504,cust105504,tablet,2.3.2,FALSE,49:50.2
dev105505,cust105505,tablet,3.2.14,FALSE,54:00.3
dev105506,cust105506,tablet,2.8.11,FALSE,54:44.6
dev105507,cust105507,ios,4.4.9,FALSE,18:26.5
dev105508,cust105508,tablet,4.6.3,TRUE,17:35.0
dev105509,cust105509,ios,4.2.8,FALSE,20:26.3
dev105510,cust105510,ios,3.9.6,FALSE,57:24.7
dev105511,cust105511,feature_phone,2.8.8,FALSE,43:40.3
dev105512,cust105512,tablet,4.2.12,FALSE,19:49.7
dev105513,cust105513,feature_phone,1.3.13,FALSE,43:54.0
dev105514,cust105514,android,2.7.5,FALSE,51:21.8
dev105515,cust105515,android,3.4.11,FALSE,06:29.1
dev105516,cust105516,android,1.8.4,FALSE,43:22.7
dev105517,cust105517,ios,1.1.6,FALSE,34:16.2
dev105518,cust105518,tablet,3.6.12,FALSE,21:15.5
dev105519,cust105519,feature_phone,3.1.1,FALSE,59:06.6
dev105520,cust105520,feature_phone,3.3.10,FALSE,09:14.0
dev105521,cust105521,tablet,1.0.17,FALSE,20:52.3
dev105522,cust105522,feature_phone,2.6.5,FALSE,30:05.4
dev105523,cust105523,tablet,4.0.17,FALSE,02:18.6
dev105524,cust105524,tablet,1.5.13,FALSE,11:49.8
dev105525,cust105525,tablet,1.2.19,FALSE,46:14.2
dev105526,cust105526,tablet,2.7.12,FALSE,58:29.6
dev105527,cust105527,tablet,3.0.12,FALSE,34:42.7
dev105528,cust105528,tablet,3.8.4,FALSE,36:02.1
dev105529,cust105529,ios,1.8.4,FALSE,10:36.0
dev105530,cust105530,android,2.7.18,FALSE,41:10.7
dev105531,cust105531,ios,1.9.12,FALSE,12:14.3
dev105532,cust105532,tablet,1.1.10,FALSE,39:25.1
dev105533,cust105533,tablet,1.8.5,FALSE,51:24.5
dev105534,cust105534,tablet,1.6.12,FALSE,16:53.1
dev105535,cust105535,tablet,3.1.7,FALSE,59:41.7
dev105536,cust105536,feature_phone,2.2.18,FALSE,16:25.1
dev105537,cust105537,android,2.5.13,FALSE,44:42.9
dev105538,cust105538,ios,3.6.10,FALSE,59:37.4
dev105539,cust105539,tablet,4.5.2,FALSE,57:24.7
dev105540,cust105540,ios,3.3.17,FALSE,05:43.8
dev105541,cust105541,android,3.0.18,FALSE,13:53.5
dev105542,cust105542,ios,2.7.13,FALSE,09:09.3
dev105543,cust105543,android,3.2.4,FALSE,07:32.9
dev105544,cust105544,android,3.4.7,FALSE,00:48.0
dev105545,cust105545,tablet,2.5.0,FALSE,58:52.5
dev105546,cust105546,ios,3.1.17,FALSE,34:00.9
dev105547,cust105547,feature_phone,3.2.5,FALSE,39:23.6
dev105548,cust105548,ios,2.3.7,FALSE,27:11.9
dev105549,cust105549,ios,3.1.19,FALSE,54:27.0
dev105550,cust105550,feature_phone,1.6.3,FALSE,22:42.1
dev105551,cust105551,feature_phone,4.1.19,FALSE,54:37.9
dev105552,cust105552,tablet,1.5.1,FALSE,03:20.2
dev105553,cust105553,feature_phone,2.5.4,FALSE,58:19.3
dev105554,cust105554,ios,1.9.16,FALSE,44:19.6
dev105555,cust105555,ios,1.4.6,FALSE,33:12.6
dev105556,cust105556,android,2.9.9,FALSE,18:02.6
dev105557,cust105557,feature_phone,2.3.9,TRUE,07:48.6
dev105558,cust105558,tablet,1.6.5,FALSE,32:16.8
dev105559,cust105559,tablet,3.4.11,FALSE,21:29.7
dev105560,cust105560,android,3.5.6,FALSE,00:23.6
dev105561,cust105561,android,4.5.13,FALSE,48:40.8
dev105562,cust105562,tablet,3.2.0,FALSE,16:08.6
dev105563,cust105563,feature_phone,4.8.7,FALSE,53:43.0
dev105564,cust105564,feature_phone,2.0.20,FALSE,42:44.5
dev105565,cust105565,android,1.8.17,FALSE,43:58.8
dev105566,cust105566,android,2.0.1,FALSE,35:03.4
dev105567,cust105567,android,4.2.12,FALSE,51:33.2
dev105568,cust105568,feature_phone,1.0.19,FALSE,03:37.4
dev105569,cust105569,tablet,2.5.0,FALSE,28:12.6
dev105570,cust105570,tablet,3.9.3,FALSE,59:16.6
dev105571,cust105571,feature_phone,4.4.5,FALSE,24:24.4
dev105572,cust105572,feature_phone,1.8.17,FALSE,24:20.8
dev105573,cust105573,android,2.4.20,FALSE,26:01.1
dev105574,cust105574,ios,3.9.0,FALSE,14:32.3
dev105575,cust105575,ios,4.4.12,FALSE,52:41.7
dev105576,cust105576,android,1.6.17,FALSE,12:30.7
dev105577,cust105577,feature_phone,3.1.0,FALSE,35:40.2
dev105578,cust105578,android,3.3.1,FALSE,20:45.3
dev105579,cust105579,ios,2.3.11,FALSE,36:44.8
dev105580,cust105580,android,2.4.15,FALSE,36:29.8
dev105581,cust105581,android,4.6.1,FALSE,55:53.0
dev105582,cust105582,tablet,2.5.13,FALSE,22:47.1
dev105583,cust105583,tablet,1.3.6,FALSE,31:56.5
dev105584,cust105584,android,3.5.15,FALSE,35:09.2
dev105585,cust105585,android,1.6.7,FALSE,46:31.6
dev105586,cust105586,android,4.5.15,FALSE,36:28.3
dev105587,cust105587,android,2.8.3,FALSE,06:49.0
dev105588,cust105588,tablet,2.8.15,FALSE,15:25.4
dev105589,cust105589,feature_phone,2.0.20,FALSE,23:15.5
dev105590,cust105590,feature_phone,4.0.20,FALSE,05:53.2
dev105591,cust105591,tablet,3.9.20,FALSE,13:29.4
dev105592,cust105592,android,4.1.15,FALSE,32:42.0
dev105593,cust105593,android,3.0.16,FALSE,01:16.1
dev105594,cust105594,tablet,3.2.11,FALSE,33:54.0
dev105595,cust105595,android,1.1.16,FALSE,05:47.0
dev105596,cust105596,feature_phone,2.0.18,FALSE,11:30.5
dev105597,cust105597,feature_phone,2.5.16,FALSE,50:51.8
dev105598,cust105598,android,1.3.10,FALSE,25:10.6
dev105599,cust105599,android,3.8.19,FALSE,33:32.8
dev105600,cust105600,tablet,1.0.17,FALSE,47:42.5
dev105601,cust105601,ios,3.9.12,FALSE,33:51.5
dev105602,cust105602,tablet,4.8.19,FALSE,08:45.7
dev105603,cust105603,feature_phone,1.1.13,FALSE,18:13.8
dev105604,cust105604,feature_phone,1.2.19,FALSE,24:47.6
dev105605,cust105605,tablet,3.6.1,FALSE,18:12.1
dev105606,cust105606,android,3.7.4,FALSE,46:27.9
dev105607,cust105607,tablet,4.0.16,FALSE,21:19.6
dev105608,cust105608,ios,1.7.11,FALSE,21:39.3
dev105609,cust105609,feature_phone,3.9.3,FALSE,29:00.8
dev105610,cust105610,tablet,2.3.5,FALSE,47:23.0
dev105611,cust105611,android,3.6.7,FALSE,45:30.1
dev105612,cust105612,ios,3.7.11,FALSE,42:39.4
dev105613,cust105613,android,2.6.6,FALSE,41:48.7
dev105614,cust105614,ios,1.6.3,FALSE,05:48.7
dev105615,cust105615,feature_phone,2.0.7,FALSE,45:05.9
dev105616,cust105616,feature_phone,4.9.16,FALSE,44:01.8
dev105617,cust105617,tablet,1.3.8,TRUE,44:33.1
dev105618,cust105618,tablet,2.6.0,FALSE,59:24.0
dev105619,cust105619,android,4.0.9,FALSE,49:31.1
dev105620,cust105620,ios,2.1.7,FALSE,23:41.7
dev105621,cust105621,tablet,3.2.3,FALSE,28:49.1
dev105622,cust105622,android,4.9.13,FALSE,35:54.4
dev105623,cust105623,android,3.2.1,FALSE,51:45.3
dev105624,cust105624,android,4.2.17,FALSE,03:55.0
dev105625,cust105625,tablet,3.7.18,FALSE,08:45.2
dev105626,cust105626,feature_phone,1.6.20,FALSE,35:37.5
dev105627,cust105627,ios,2.7.12,FALSE,40:22.9
dev105628,cust105628,android,4.7.17,FALSE,05:21.0
dev105629,cust105629,ios,2.2.9,FALSE,59:06.3
dev105630,cust105630,ios,4.2.12,FALSE,36:41.5
dev105631,cust105631,tablet,4.4.12,FALSE,45:33.4
dev105632,cust105632,android,2.1.6,FALSE,25:10.1
dev105633,cust105633,ios,1.8.19,FALSE,36:29.8
dev105634,cust105634,android,2.1.8,FALSE,31:56.0
dev105635,cust105635,android,1.6.10,FALSE,58:52.7
dev105636,cust105636,android,1.9.9,TRUE,48:07.3
dev105637,cust105637,feature_phone,4.9.14,TRUE,37:37.6
dev105638,cust105638,android,2.0.9,FALSE,42:28.0
dev105639,cust105639,tablet,2.1.9,FALSE,29:07.9
dev105640,cust105640,android,2.7.9,FALSE,48:56.0
dev105641,cust105641,tablet,2.8.2,FALSE,11:42.7
dev105642,cust105642,feature_phone,2.1.7,FALSE,27:20.9
dev105643,cust105643,tablet,2.7.17,FALSE,30:10.2
dev105644,cust105644,ios,1.9.13,FALSE,55:09.1
dev105645,cust105645,tablet,3.2.5,FALSE,16:32.8
dev105646,cust105646,tablet,2.0.7,FALSE,22:55.4
dev105647,cust105647,android,2.7.14,FALSE,31:42.8
dev105648,cust105648,feature_phone,4.8.0,FALSE,23:20.0
dev105649,cust105649,feature_phone,3.7.12,FALSE,52:59.9
dev105650,cust105650,android,1.9.10,FALSE,16:42.0
dev105651,cust105651,android,2.0.10,FALSE,11:36.3
dev105652,cust105652,ios,1.8.11,FALSE,23:26.7
dev105653,cust105653,tablet,1.6.8,TRUE,14:46.8
dev105654,cust105654,feature_phone,3.5.1,FALSE,50:01.5
dev105655,cust105655,feature_phone,1.6.17,FALSE,43:29.4
dev105656,cust105656,feature_phone,4.4.1,FALSE,38:13.1
dev105657,cust105657,ios,1.9.6,FALSE,57:45.0
dev105658,cust105658,android,2.7.16,FALSE,26:59.3
dev105659,cust105659,android,2.6.18,FALSE,32:27.2
dev105660,cust105660,ios,3.0.1,FALSE,36:01.5
dev105661,cust105661,ios,4.3.2,FALSE,06:44.2
dev105662,cust105662,android,2.0.0,FALSE,01:54.2
dev105663,cust105663,android,2.0.1,FALSE,53:23.2
dev105664,cust105664,ios,4.8.8,FALSE,02:46.5
dev105665,cust105665,ios,3.5.11,FALSE,12:56.3
dev105666,cust105666,feature_phone,4.2.3,FALSE,13:16.8
dev105667,cust105667,android,4.7.20,FALSE,51:02.3
dev105668,cust105668,android,1.9.9,FALSE,54:31.2
dev105669,cust105669,ios,3.0.19,FALSE,51:58.1
dev105670,cust105670,tablet,3.5.14,FALSE,03:16.5
dev105671,cust105671,tablet,3.0.17,FALSE,42:00.7
dev105672,cust105672,tablet,4.6.0,TRUE,00:41.2
dev105673,cust105673,tablet,2.5.18,FALSE,03:06.7
dev105674,cust105674,tablet,2.2.8,FALSE,49:06.6
dev105675,cust105675,tablet,3.7.11,FALSE,32:56.6
dev105676,cust105676,android,3.2.3,FALSE,47:56.9
dev105677,cust105677,tablet,4.4.6,FALSE,34:29.1
dev105678,cust105678,android,4.8.6,FALSE,33:34.1
dev105679,cust105679,ios,1.4.20,FALSE,32:31.5
dev105680,cust105680,android,2.8.20,TRUE,40:27.6
dev105681,cust105681,tablet,3.2.13,FALSE,01:13.6
dev105682,cust105682,feature_phone,3.7.15,FALSE,21:02.1
dev105683,cust105683,ios,4.1.12,FALSE,27:03.0
dev105684,cust105684,feature_phone,3.1.16,FALSE,44:49.4
dev105685,cust105685,ios,2.4.7,FALSE,11:23.9
dev105686,cust105686,tablet,2.4.5,FALSE,38:34.6
dev105687,cust105687,android,4.6.19,FALSE,55:54.7
dev105688,cust105688,tablet,4.7.13,FALSE,47:10.2
dev105689,cust105689,ios,1.9.6,FALSE,51:45.8
dev105690,cust105690,ios,3.4.1,FALSE,08:36.7
dev105691,cust105691,tablet,2.6.8,FALSE,07:35.1
dev105692,cust105692,tablet,4.7.15,FALSE,47:18.3
dev105693,cust105693,ios,4.7.7,FALSE,01:32.2
dev105694,cust105694,tablet,3.8.14,FALSE,21:14.9
dev105695,cust105695,android,4.9.0,FALSE,10:14.7
dev105696,cust105696,feature_phone,3.6.18,FALSE,57:26.3
dev105697,cust105697,ios,1.9.16,FALSE,49:38.1
dev105698,cust105698,android,4.6.9,FALSE,09:42.5
dev105699,cust105699,ios,4.6.17,FALSE,29:05.0
dev105700,cust105700,feature_phone,4.6.4,FALSE,44:33.2
dev105701,cust105701,android,2.6.3,FALSE,16:45.6
dev105702,cust105702,tablet,3.6.19,FALSE,07:30.5
dev105703,cust105703,ios,2.0.19,TRUE,52:35.5
dev105704,cust105704,feature_phone,2.4.16,FALSE,25:50.9
dev105705,cust105705,android,2.9.4,FALSE,42:57.8
dev105706,cust105706,feature_phone,4.6.4,FALSE,33:02.4
dev105707,cust105707,tablet,1.3.8,FALSE,02:04.6
dev105708,cust105708,tablet,2.4.8,FALSE,46:34.5
dev105709,cust105709,android,3.0.6,FALSE,24:43.9
dev105710,cust105710,android,3.8.11,FALSE,31:39.4
dev105711,cust105711,feature_phone,2.3.18,FALSE,08:12.5
dev105712,cust105712,feature_phone,2.5.12,FALSE,04:38.5
dev105713,cust105713,tablet,2.6.13,FALSE,37:17.7
dev105714,cust105714,ios,1.1.3,FALSE,08:47.8
dev105715,cust105715,tablet,4.0.8,FALSE,28:32.4
dev105716,cust105716,android,1.2.15,FALSE,14:21.3
dev105717,cust105717,tablet,2.3.6,FALSE,06:32.5
dev105718,cust105718,android,1.0.4,FALSE,10:28.8
dev105719,cust105719,tablet,1.1.20,FALSE,26:56.8
dev105720,cust105720,android,1.3.0,FALSE,11:19.7
dev105721,cust105721,android,4.7.8,FALSE,51:58.4
dev105722,cust105722,android,1.9.8,FALSE,26:04.1
dev105723,cust105723,tablet,3.7.12,FALSE,36:08.6
dev105724,cust105724,tablet,3.7.4,FALSE,44:36.5
dev105725,cust105725,ios,1.2.7,FALSE,49:28.1
dev105726,cust105726,android,1.2.13,FALSE,54:41.3
dev105727,cust105727,android,2.5.20,FALSE,54:32.7
dev105728,cust105728,feature_phone,3.7.15,FALSE,29:06.3
dev105729,cust105729,ios,4.4.1,FALSE,15:35.6
dev105730,cust105730,tablet,2.3.14,FALSE,52:06.5
dev105731,cust105731,tablet,1.2.8,FALSE,03:38.0
dev105732,cust105732,android,2.5.18,FALSE,57:40.1
dev105733,cust105733,tablet,2.9.7,FALSE,30:47.7
dev105734,cust105734,feature_phone,1.3.0,FALSE,16:32.9
dev105735,cust105735,tablet,1.8.9,FALSE,43:05.7
dev105736,cust105736,feature_phone,2.0.19,FALSE,13:29.3
dev105737,cust105737,android,1.8.3,FALSE,28:33.3
dev105738,cust105738,android,3.6.12,TRUE,04:24.6
dev105739,cust105739,tablet,2.0.12,FALSE,26:52.5
dev105740,cust105740,feature_phone,1.5.5,FALSE,51:19.2
dev105741,cust105741,android,3.2.16,FALSE,30:55.1
dev105742,cust105742,feature_phone,3.0.6,FALSE,34:30.6
dev105743,cust105743,tablet,4.3.20,FALSE,51:25.2
dev105744,cust105744,feature_phone,3.3.13,FALSE,39:20.1
dev105745,cust105745,android,4.3.15,FALSE,28:41.0
dev105746,cust105746,tablet,1.6.3,FALSE,44:37.5
dev105747,cust105747,tablet,4.8.10,FALSE,17:38.5
dev105748,cust105748,tablet,2.5.4,FALSE,14:40.4
dev105749,cust105749,ios,2.4.9,FALSE,14:43.8
dev105750,cust105750,feature_phone,1.4.6,FALSE,34:41.6
dev105751,cust105751,ios,2.9.11,FALSE,46:52.2
dev105752,cust105752,feature_phone,3.8.14,FALSE,19:04.6
dev105753,cust105753,ios,4.8.19,FALSE,02:54.8
dev105754,cust105754,feature_phone,3.1.1,FALSE,21:56.2
dev105755,cust105755,android,1.5.7,FALSE,03:01.7
dev105756,cust105756,tablet,3.0.12,FALSE,04:08.4
dev105757,cust105757,tablet,4.8.2,FALSE,04:17.6
dev105758,cust105758,ios,3.7.9,FALSE,55:49.3
dev105759,cust105759,tablet,1.6.3,FALSE,30:54.6
dev105760,cust105760,ios,2.6.20,FALSE,36:12.6
dev105761,cust105761,ios,4.9.17,FALSE,05:15.2
dev105762,cust105762,feature_phone,2.6.19,FALSE,48:46.9
dev105763,cust105763,tablet,3.2.1,TRUE,18:47.5
dev105764,cust105764,android,1.9.18,FALSE,28:52.1
dev105765,cust105765,feature_phone,1.0.12,FALSE,01:45.7
dev105766,cust105766,tablet,2.1.6,FALSE,42:53.7
dev105767,cust105767,ios,4.1.14,FALSE,13:01.3
dev105768,cust105768,ios,2.6.5,FALSE,42:56.3
dev105769,cust105769,feature_phone,3.0.3,FALSE,40:46.1
dev105770,cust105770,feature_phone,4.3.2,FALSE,51:41.0
dev105771,cust105771,android,2.7.18,FALSE,49:16.1
dev105772,cust105772,feature_phone,3.6.20,TRUE,56:04.7
dev105773,cust105773,android,1.8.9,FALSE,32:10.7
dev105774,cust105774,android,1.6.11,FALSE,07:12.5
dev105775,cust105775,ios,4.7.6,FALSE,16:31.6
dev105776,cust105776,android,4.2.17,FALSE,17:18.0
dev105777,cust105777,ios,4.5.17,FALSE,00:40.3
dev105778,cust105778,ios,1.6.1,FALSE,47:22.2
dev105779,cust105779,ios,3.3.7,FALSE,52:54.9
dev105780,cust105780,android,2.8.14,FALSE,31:36.4
dev105781,cust105781,feature_phone,4.7.9,FALSE,13:40.8
dev105782,cust105782,tablet,1.8.13,TRUE,05:28.6
dev105783,cust105783,android,1.8.11,FALSE,08:56.8
dev105784,cust105784,android,1.8.17,FALSE,56:14.5
dev105785,cust105785,feature_phone,1.7.6,FALSE,22:00.7
dev105786,cust105786,ios,1.4.1,FALSE,01:08.0
dev105787,cust105787,tablet,3.0.20,FALSE,12:31.5
dev105788,cust105788,ios,1.7.12,FALSE,19:51.1
dev105789,cust105789,ios,1.4.16,FALSE,14:08.4
dev105790,cust105790,tablet,4.5.16,FALSE,00:37.1
dev105791,cust105791,ios,4.6.3,FALSE,11:36.0
dev105792,cust105792,feature_phone,3.1.18,FALSE,45:54.8
dev105793,cust105793,tablet,1.0.6,FALSE,29:01.8
dev105794,cust105794,feature_phone,2.3.4,FALSE,51:20.9
dev105795,cust105795,ios,3.8.16,FALSE,08:16.2
dev105796,cust105796,feature_phone,2.5.17,FALSE,19:56.1
dev105797,cust105797,feature_phone,1.4.5,FALSE,10:59.2
dev105798,cust105798,tablet,2.7.1,FALSE,00:25.0
dev105799,cust105799,ios,4.4.18,FALSE,55:36.9
dev105800,cust105800,android,1.2.16,FALSE,11:04.8
dev105801,cust105801,android,3.5.20,FALSE,13:02.7
dev105802,cust105802,android,1.9.17,FALSE,35:53.9
dev105803,cust105803,ios,4.8.14,FALSE,01:31.6
dev105804,cust105804,android,1.7.3,FALSE,58:25.8
dev105805,cust105805,ios,4.1.6,FALSE,09:37.9
dev105806,cust105806,feature_phone,1.9.3,FALSE,40:43.1
dev105807,cust105807,feature_phone,1.4.0,FALSE,05:58.1
dev105808,cust105808,android,2.5.12,FALSE,54:41.0
dev105809,cust105809,feature_phone,2.5.8,FALSE,12:55.6
dev105810,cust105810,feature_phone,1.0.6,FALSE,09:58.4
dev105811,cust105811,tablet,1.0.14,FALSE,20:02.9
dev105812,cust105812,feature_phone,4.9.9,FALSE,12:48.2
dev105813,cust105813,tablet,4.0.15,FALSE,59:21.8
dev105814,cust105814,ios,2.9.10,FALSE,44:56.6
dev105815,cust105815,tablet,3.3.5,FALSE,15:58.1
dev105816,cust105816,android,1.4.17,FALSE,10:49.7
dev105817,cust105817,android,1.6.8,FALSE,45:03.7
dev105818,cust105818,feature_phone,1.6.0,FALSE,26:12.7
dev105819,cust105819,android,1.7.0,FALSE,32:45.0
dev105820,cust105820,feature_phone,4.8.19,FALSE,01:56.2
dev105821,cust105821,ios,3.9.8,FALSE,02:54.1
dev105822,cust105822,tablet,1.3.7,FALSE,33:28.1
dev105823,cust105823,tablet,2.5.10,FALSE,04:33.5
dev105824,cust105824,feature_phone,3.6.4,FALSE,23:33.2
dev105825,cust105825,android,1.3.5,FALSE,25:22.4
dev105826,cust105826,feature_phone,1.7.2,FALSE,55:08.9
dev105827,cust105827,android,4.9.2,FALSE,18:14.3
dev105828,cust105828,feature_phone,1.1.1,FALSE,59:10.9
dev105829,cust105829,feature_phone,2.6.20,FALSE,44:59.1
dev105830,cust105830,android,2.1.5,FALSE,17:09.8
dev105831,cust105831,android,4.4.1,FALSE,15:13.4
dev105832,cust105832,android,1.5.17,FALSE,00:38.7
dev105833,cust105833,feature_phone,1.7.5,FALSE,13:17.6
dev105834,cust105834,tablet,1.6.6,FALSE,58:00.3
dev105835,cust105835,feature_phone,3.5.10,FALSE,55:31.3
dev105836,cust105836,tablet,1.1.12,FALSE,27:01.3
dev105837,cust105837,tablet,1.4.10,FALSE,15:17.2
dev105838,cust105838,feature_phone,1.4.3,FALSE,31:51.8
dev105839,cust105839,tablet,4.2.7,FALSE,26:34.3
dev105840,cust105840,android,1.2.8,FALSE,51:59.4
dev105841,cust105841,tablet,4.2.4,FALSE,43:06.3
dev105842,cust105842,feature_phone,4.3.4,FALSE,51:06.5
dev105843,cust105843,feature_phone,1.0.2,FALSE,34:44.5
dev105844,cust105844,tablet,4.0.6,FALSE,07:08.2
dev105845,cust105845,android,4.5.1,FALSE,28:08.2
dev105846,cust105846,ios,4.5.11,FALSE,27:46.6
dev105847,cust105847,ios,1.3.0,FALSE,16:10.0
dev105848,cust105848,ios,3.9.20,FALSE,26:41.0
dev105849,cust105849,android,2.6.1,FALSE,48:47.3
dev105850,cust105850,android,3.6.5,FALSE,46:28.6
dev105851,cust105851,android,3.0.10,FALSE,21:52.4
dev105852,cust105852,ios,2.5.14,FALSE,40:43.9
dev105853,cust105853,feature_phone,3.1.5,FALSE,50:28.4
dev105854,cust105854,ios,3.4.7,FALSE,04:55.3
dev105855,cust105855,ios,2.4.1,FALSE,45:50.3
dev105856,cust105856,android,1.6.8,FALSE,24:57.2
dev105857,cust105857,tablet,1.1.6,FALSE,00:16.1
dev105858,cust105858,tablet,4.9.17,FALSE,23:35.0
dev105859,cust105859,ios,1.0.7,FALSE,48:52.4
dev105860,cust105860,android,4.2.18,FALSE,26:32.7
dev105861,cust105861,android,2.0.4,FALSE,57:25.8
dev105862,cust105862,ios,4.9.7,FALSE,58:55.6
dev105863,cust105863,ios,2.0.19,FALSE,38:03.8
dev105864,cust105864,feature_phone,4.4.5,FALSE,41:56.5
dev105865,cust105865,tablet,1.6.12,FALSE,33:02.0
dev105866,cust105866,android,3.5.8,FALSE,25:25.6
dev105867,cust105867,tablet,3.1.1,FALSE,11:01.7
dev105868,cust105868,ios,3.0.9,FALSE,37:57.6
dev105869,cust105869,ios,2.9.15,FALSE,43:32.4
dev105870,cust105870,tablet,4.9.11,FALSE,34:04.4
dev105871,cust105871,tablet,4.5.0,FALSE,36:46.4
dev105872,cust105872,android,3.1.11,FALSE,02:59.8
dev105873,cust105873,android,2.7.15,FALSE,01:32.8
dev105874,cust105874,ios,2.5.18,FALSE,22:16.1
dev105875,cust105875,tablet,1.4.9,FALSE,51:48.5
dev105876,cust105876,android,4.7.14,FALSE,24:48.1
dev105877,cust105877,feature_phone,3.8.11,FALSE,59:48.0
dev105878,cust105878,tablet,1.4.3,FALSE,11:07.7
dev105879,cust105879,feature_phone,2.7.0,FALSE,55:12.6
dev105880,cust105880,feature_phone,2.9.16,FALSE,46:54.4
dev105881,cust105881,feature_phone,4.2.12,FALSE,27:41.4
dev105882,cust105882,ios,1.9.2,FALSE,40:37.7
dev105883,cust105883,feature_phone,1.1.10,FALSE,48:57.7
dev105884,cust105884,android,2.3.2,FALSE,55:31.9
dev105885,cust105885,android,2.8.7,FALSE,51:09.4
dev105886,cust105886,tablet,1.1.3,FALSE,11:54.8
dev105887,cust105887,feature_phone,3.5.5,FALSE,54:45.0
dev105888,cust105888,feature_phone,2.7.19,FALSE,29:40.7
dev105889,cust105889,ios,2.9.0,FALSE,05:27.4
dev105890,cust105890,tablet,2.6.18,FALSE,57:42.0
dev105891,cust105891,feature_phone,4.2.4,TRUE,46:46.6
dev105892,cust105892,feature_phone,4.0.8,FALSE,33:35.0
dev105893,cust105893,ios,4.3.13,FALSE,04:45.4
dev105894,cust105894,feature_phone,1.0.5,FALSE,39:29.3
dev105895,cust105895,ios,4.7.7,FALSE,53:46.1
dev105896,cust105896,feature_phone,1.5.17,FALSE,44:38.8
dev105897,cust105897,tablet,4.6.17,FALSE,18:51.3
dev105898,cust105898,tablet,2.0.14,FALSE,40:39.7
dev105899,cust105899,ios,1.2.5,FALSE,16:14.4
dev105900,cust105900,tablet,2.4.12,FALSE,55:54.0
dev105901,cust105901,android,3.0.7,FALSE,51:42.8
dev105902,cust105902,feature_phone,2.3.7,FALSE,37:21.7
dev105903,cust105903,feature_phone,3.8.6,FALSE,37:43.4
dev105904,cust105904,ios,1.1.2,FALSE,43:18.7
dev105905,cust105905,ios,2.7.7,FALSE,46:19.4
dev105906,cust105906,feature_phone,2.1.10,FALSE,10:48.4
dev105907,cust105907,android,4.5.20,FALSE,03:26.1
dev105908,cust105908,android,3.4.12,FALSE,28:47.9
dev105909,cust105909,ios,2.6.8,FALSE,21:46.8
dev105910,cust105910,tablet,3.3.10,FALSE,14:09.3
dev105911,cust105911,android,1.9.20,FALSE,22:10.0
dev105912,cust105912,android,1.7.7,FALSE,16:02.5
dev105913,cust105913,android,2.3.2,FALSE,38:43.6
dev105914,cust105914,ios,1.1.6,FALSE,38:22.5
dev105915,cust105915,ios,1.8.7,FALSE,47:50.2
dev105916,cust105916,ios,2.7.8,FALSE,26:18.8
dev105917,cust105917,tablet,3.7.17,FALSE,48:04.7
dev105918,cust105918,tablet,1.0.9,FALSE,30:28.6
dev105919,cust105919,tablet,4.3.7,FALSE,32:31.1
dev105920,cust105920,feature_phone,1.7.3,FALSE,30:59.8
dev105921,cust105921,ios,3.0.3,FALSE,11:28.9
dev105922,cust105922,ios,1.5.3,FALSE,18:48.1
dev105923,cust105923,feature_phone,1.7.13,FALSE,19:18.2
dev105924,cust105924,feature_phone,1.2.3,FALSE,42:19.2
dev105925,cust105925,tablet,4.7.10,FALSE,23:39.5
dev105926,cust105926,android,2.8.18,FALSE,54:16.6
dev105927,cust105927,feature_phone,2.0.15,FALSE,08:07.0
dev105928,cust105928,ios,4.5.4,FALSE,06:16.0
dev105929,cust105929,android,4.1.16,FALSE,23:32.7
dev105930,cust105930,feature_phone,3.3.12,FALSE,09:12.6
dev105931,cust105931,feature_phone,2.0.2,FALSE,48:15.1
dev105932,cust105932,ios,1.3.9,FALSE,51:34.7
dev105933,cust105933,tablet,1.9.4,FALSE,24:52.8
dev105934,cust105934,tablet,4.6.0,FALSE,16:59.4
dev105935,cust105935,ios,3.9.3,FALSE,34:22.7
dev105936,cust105936,android,1.2.11,TRUE,08:57.6
dev105937,cust105937,ios,1.2.11,FALSE,10:34.9
dev105938,cust105938,feature_phone,1.9.3,FALSE,44:50.0
dev105939,cust105939,feature_phone,2.2.17,FALSE,30:06.7
dev105940,cust105940,android,3.1.0,FALSE,52:29.1
dev105941,cust105941,ios,2.5.12,FALSE,32:29.4
dev105942,cust105942,feature_phone,2.7.16,FALSE,24:04.9
dev105943,cust105943,feature_phone,4.9.20,FALSE,26:46.2
dev105944,cust105944,ios,2.3.8,TRUE,25:17.1
dev105945,cust105945,ios,3.9.4,FALSE,09:06.3
dev105946,cust105946,feature_phone,2.4.1,FALSE,44:15.6
dev105947,cust105947,android,4.0.11,FALSE,17:30.4
dev105948,cust105948,tablet,3.1.18,FALSE,20:48.0
dev105949,cust105949,android,3.3.12,FALSE,50:24.9
dev105950,cust105950,tablet,1.9.4,FALSE,45:46.8
dev105951,cust105951,feature_phone,4.7.1,FALSE,15:36.7
dev105952,cust105952,tablet,4.1.1,FALSE,36:39.3
dev105953,cust105953,feature_phone,2.8.1,FALSE,09:05.7
dev105954,cust105954,tablet,2.8.16,FALSE,55:46.1
dev105955,cust105955,tablet,3.4.14,FALSE,54:24.2
dev105956,cust105956,ios,1.0.1,FALSE,35:24.1
dev105957,cust105957,feature_phone,4.0.0,FALSE,14:15.4
dev105958,cust105958,ios,4.7.11,FALSE,28:05.1
dev105959,cust105959,feature_phone,2.0.13,FALSE,36:13.6
dev105960,cust105960,feature_phone,2.4.5,FALSE,03:12.0
dev105961,cust105961,tablet,1.2.3,FALSE,00:24.2
dev105962,cust105962,feature_phone,4.7.16,FALSE,52:26.6
dev105963,cust105963,ios,2.1.6,FALSE,50:25.6
dev105964,cust105964,tablet,4.4.2,FALSE,35:28.4
dev105965,cust105965,android,4.4.18,FALSE,03:05.3
dev105966,cust105966,ios,3.2.11,FALSE,13:29.6
dev105967,cust105967,ios,4.8.11,FALSE,01:57.1
dev105968,cust105968,android,3.9.6,FALSE,15:54.7
dev105969,cust105969,android,2.8.14,FALSE,04:07.0
dev105970,cust105970,ios,2.1.4,FALSE,10:24.0
dev105971,cust105971,tablet,3.1.15,FALSE,49:28.4
dev105972,cust105972,ios,4.0.3,FALSE,50:20.1
dev105973,cust105973,feature_phone,1.7.9,FALSE,28:54.2
dev105974,cust105974,ios,3.0.1,FALSE,04:24.9
dev105975,cust105975,ios,3.3.14,FALSE,49:06.7
dev105976,cust105976,tablet,4.9.12,FALSE,15:35.0
dev105977,cust105977,feature_phone,2.3.4,FALSE,45:15.5
dev105978,cust105978,feature_phone,3.5.5,FALSE,00:00.1
dev105979,cust105979,android,3.9.10,FALSE,50:58.3
dev105980,cust105980,feature_phone,1.1.20,FALSE,10:10.0
dev105981,cust105981,ios,4.1.5,FALSE,39:48.8
dev105982,cust105982,android,1.5.8,FALSE,34:03.2
dev105983,cust105983,tablet,4.1.5,FALSE,22:50.6
dev105984,cust105984,ios,4.8.11,FALSE,08:55.7
dev105985,cust105985,android,1.2.13,FALSE,59:23.6
dev105986,cust105986,android,1.0.1,FALSE,18:02.8
dev105987,cust105987,tablet,3.2.17,FALSE,31:26.8
dev105988,cust105988,ios,4.0.0,FALSE,29:50.2
dev105989,cust105989,tablet,1.3.6,FALSE,04:28.5
dev105990,cust105990,ios,2.6.9,FALSE,52:47.1
dev105991,cust105991,tablet,1.4.15,FALSE,13:16.8
dev105992,cust105992,ios,3.5.19,FALSE,58:48.6
dev105993,cust105993,tablet,4.3.6,FALSE,39:23.9
dev105994,cust105994,ios,2.9.14,FALSE,29:52.5
dev105995,cust105995,feature_phone,1.0.7,FALSE,58:40.4
dev105996,cust105996,android,1.5.18,FALSE,58:32.5
dev105997,cust105997,tablet,2.4.2,FALSE,51:31.7
dev105998,cust105998,ios,4.1.8,FALSE,16:03.5
dev105999,cust105999,tablet,3.3.13,FALSE,47:48.4
dev106000,cust106000,feature_phone,2.5.14,FALSE,42:36.2
dev106001,cust106001,feature_phone,2.9.16,FALSE,25:55.2
dev106002,cust106002,feature_phone,1.3.7,FALSE,52:20.0
dev106003,cust106003,tablet,3.9.7,FALSE,19:13.1
dev106004,cust106004,android,1.8.12,FALSE,34:12.9
dev106005,cust106005,android,2.9.15,FALSE,01:36.2
dev106006,cust106006,feature_phone,1.5.3,FALSE,06:19.9
dev106007,cust106007,tablet,1.0.2,FALSE,07:32.8
dev106008,cust106008,feature_phone,4.6.10,TRUE,02:39.8
dev106009,cust106009,tablet,2.9.16,FALSE,49:48.6
dev106010,cust106010,ios,3.0.5,FALSE,50:00.0
dev106011,cust106011,ios,4.7.10,FALSE,28:47.1
dev106012,cust106012,ios,4.1.4,FALSE,50:26.0
dev106013,cust106013,feature_phone,1.4.9,FALSE,31:37.0
dev106014,cust106014,tablet,4.5.19,FALSE,21:36.2
dev106015,cust106015,tablet,1.0.1,FALSE,12:19.5
dev106016,cust106016,tablet,1.4.15,FALSE,11:13.2
dev106017,cust106017,android,4.9.11,FALSE,40:07.5
dev106018,cust106018,android,2.1.1,FALSE,55:28.1
dev106019,cust106019,android,3.0.19,FALSE,34:17.1
dev106020,cust106020,tablet,2.8.10,FALSE,06:02.8
dev106021,cust106021,tablet,4.8.16,FALSE,12:33.5
dev106022,cust106022,android,1.1.12,FALSE,26:48.6
dev106023,cust106023,feature_phone,1.8.9,TRUE,39:33.2
dev106024,cust106024,android,1.2.19,FALSE,42:25.8
dev106025,cust106025,feature_phone,1.4.11,FALSE,41:02.2
dev106026,cust106026,tablet,4.3.10,FALSE,35:29.2
dev106027,cust106027,feature_phone,1.6.20,FALSE,44:05.8
dev106028,cust106028,ios,1.3.15,FALSE,13:34.1
dev106029,cust106029,android,1.8.0,FALSE,07:08.5
dev106030,cust106030,android,2.3.2,FALSE,18:58.3
dev106031,cust106031,feature_phone,4.5.18,FALSE,38:29.0
dev106032,cust106032,feature_phone,3.2.13,FALSE,38:02.5
dev106033,cust106033,tablet,3.3.7,FALSE,40:20.9
dev106034,cust106034,feature_phone,3.8.14,FALSE,54:33.0
dev106035,cust106035,ios,2.9.12,FALSE,18:38.0
dev106036,cust106036,feature_phone,2.6.0,FALSE,23:42.9
dev106037,cust106037,ios,1.3.6,TRUE,49:59.4
dev106038,cust106038,feature_phone,1.3.17,FALSE,05:27.6
dev106039,cust106039,tablet,1.7.9,FALSE,55:01.3
dev106040,cust106040,ios,1.4.15,FALSE,22:49.2
dev106041,cust106041,android,3.0.8,FALSE,31:55.9
dev106042,cust106042,tablet,1.9.10,FALSE,09:35.3
dev106043,cust106043,ios,4.0.0,FALSE,16:37.8
dev106044,cust106044,tablet,1.9.19,FALSE,41:32.8
dev106045,cust106045,feature_phone,4.8.5,FALSE,36:06.3
dev106046,cust106046,tablet,3.5.4,FALSE,43:44.5
dev106047,cust106047,tablet,3.8.15,FALSE,19:59.7
dev106048,cust106048,feature_phone,3.9.14,FALSE,32:33.8
dev106049,cust106049,feature_phone,2.3.19,FALSE,26:51.6
dev106050,cust106050,tablet,1.8.0,FALSE,16:47.5
dev106051,cust106051,android,4.5.1,FALSE,53:16.2
dev106052,cust106052,android,4.4.14,FALSE,03:24.2
dev106053,cust106053,android,4.9.11,FALSE,35:49.3
dev106054,cust106054,ios,1.6.11,FALSE,30:39.9
dev106055,cust106055,android,2.0.15,FALSE,03:53.2
dev106056,cust106056,tablet,3.6.17,TRUE,16:27.9
dev106057,cust106057,android,3.1.18,FALSE,59:53.2
dev106058,cust106058,feature_phone,2.8.3,FALSE,42:49.1
dev106059,cust106059,ios,3.7.12,FALSE,02:01.9
dev106060,cust106060,ios,2.8.7,FALSE,22:18.6
dev106061,cust106061,ios,2.5.17,FALSE,23:41.8
dev106062,cust106062,ios,4.4.6,TRUE,17:08.1
dev106063,cust106063,android,2.4.12,FALSE,44:36.1
dev106064,cust106064,feature_phone,1.2.20,FALSE,11:24.9
dev106065,cust106065,android,1.4.16,FALSE,45:13.3
dev106066,cust106066,feature_phone,2.8.9,FALSE,51:39.6
dev106067,cust106067,feature_phone,1.5.11,FALSE,34:30.6
dev106068,cust106068,ios,4.9.16,FALSE,44:37.6
dev106069,cust106069,ios,1.3.3,FALSE,39:31.2
dev106070,cust106070,ios,1.7.18,FALSE,12:30.0
dev106071,cust106071,android,4.1.3,FALSE,46:13.5
dev106072,cust106072,android,1.3.10,FALSE,24:12.2
dev106073,cust106073,android,4.3.1,FALSE,17:07.0
dev106074,cust106074,tablet,4.6.20,FALSE,48:27.2
dev106075,cust106075,tablet,4.6.12,FALSE,50:42.5
dev106076,cust106076,ios,1.4.3,FALSE,03:42.3
dev106077,cust106077,android,2.8.18,FALSE,49:07.9
dev106078,cust106078,ios,1.0.19,FALSE,36:17.5
dev106079,cust106079,android,2.1.3,FALSE,48:30.0
dev106080,cust106080,ios,4.3.14,FALSE,51:11.8
dev106081,cust106081,tablet,3.6.8,FALSE,02:22.1
dev106082,cust106082,android,2.8.6,FALSE,25:30.7
dev106083,cust106083,ios,4.8.1,FALSE,58:14.3
dev106084,cust106084,android,1.4.19,FALSE,25:58.9
dev106085,cust106085,tablet,4.0.11,FALSE,38:02.5
dev106086,cust106086,tablet,2.2.4,FALSE,51:58.9
dev106087,cust106087,android,4.3.6,FALSE,12:13.9
dev106088,cust106088,ios,4.3.15,FALSE,10:45.3
dev106089,cust106089,android,2.2.17,FALSE,04:35.2
dev106090,cust106090,ios,4.2.8,FALSE,13:04.6
dev106091,cust106091,feature_phone,1.8.10,FALSE,37:13.3
dev106092,cust106092,android,4.1.11,FALSE,54:13.5
dev106093,cust106093,ios,1.2.20,FALSE,53:07.1
dev106094,cust106094,android,2.6.10,FALSE,34:31.5
dev106095,cust106095,ios,2.5.14,FALSE,55:10.9
dev106096,cust106096,ios,3.1.9,FALSE,36:29.7
dev106097,cust106097,tablet,2.2.16,FALSE,01:38.4
dev106098,cust106098,android,2.6.18,FALSE,32:50.1
dev106099,cust106099,android,2.9.19,FALSE,29:45.2
dev106100,cust106100,ios,4.8.15,FALSE,25:19.4
dev106101,cust106101,feature_phone,1.4.18,FALSE,55:07.1
dev106102,cust106102,android,1.4.8,FALSE,11:09.7
dev106103,cust106103,ios,4.4.4,TRUE,13:14.5
dev106104,cust106104,android,2.9.20,FALSE,53:31.9
dev106105,cust106105,feature_phone,3.4.7,FALSE,11:31.4
dev106106,cust106106,android,1.6.19,FALSE,04:54.9
dev106107,cust106107,ios,1.8.7,FALSE,35:03.5
dev106108,cust106108,android,2.3.10,FALSE,46:17.6
dev106109,cust106109,ios,2.9.13,FALSE,57:05.2
dev106110,cust106110,android,1.2.11,FALSE,00:37.8
dev106111,cust106111,ios,2.2.0,FALSE,56:44.0
dev106112,cust106112,tablet,2.0.15,FALSE,34:14.6
dev106113,cust106113,ios,2.8.4,FALSE,20:16.3
dev106114,cust106114,ios,2.8.8,FALSE,20:29.2
dev106115,cust106115,android,4.4.12,FALSE,17:58.6
dev106116,cust106116,feature_phone,2.2.7,FALSE,00:51.3
dev106117,cust106117,ios,4.6.14,FALSE,39:23.2
dev106118,cust106118,tablet,2.0.14,FALSE,14:25.7
dev106119,cust106119,ios,3.6.15,TRUE,48:06.7
dev106120,cust106120,ios,4.8.20,FALSE,34:03.4
dev106121,cust106121,ios,4.9.11,FALSE,43:23.6
dev106122,cust106122,feature_phone,4.9.14,FALSE,22:16.8
dev106123,cust106123,feature_phone,1.5.20,FALSE,27:09.3
dev106124,cust106124,feature_phone,1.8.0,FALSE,17:46.8
dev106125,cust106125,feature_phone,1.5.16,FALSE,10:42.2
dev106126,cust106126,android,2.2.6,FALSE,06:30.8
dev106127,cust106127,ios,3.3.5,FALSE,02:49.9
dev106128,cust106128,tablet,1.5.20,FALSE,46:48.5
dev106129,cust106129,android,1.3.0,FALSE,37:37.1
dev106130,cust106130,ios,1.1.6,FALSE,20:07.8
dev106131,cust106131,tablet,1.4.6,FALSE,52:11.3
dev106132,cust106132,ios,3.9.2,FALSE,41:59.2
dev106133,cust106133,tablet,2.0.11,FALSE,23:31.3
dev106134,cust106134,feature_phone,3.5.14,FALSE,49:10.6
dev106135,cust106135,tablet,4.7.12,FALSE,14:05.4
dev106136,cust106136,android,2.2.2,FALSE,22:21.6
dev106137,cust106137,tablet,1.6.8,FALSE,50:46.9
dev106138,cust106138,android,3.9.18,FALSE,55:03.7
dev106139,cust106139,android,2.8.16,FALSE,25:58.8
dev106140,cust106140,android,2.5.5,FALSE,38:57.1
dev106141,cust106141,feature_phone,1.8.8,FALSE,18:55.9
dev106142,cust106142,feature_phone,1.1.12,FALSE,20:48.4
dev106143,cust106143,tablet,1.0.10,FALSE,06:47.5
dev106144,cust106144,tablet,1.0.7,FALSE,37:50.1
dev106145,cust106145,ios,4.3.12,FALSE,19:18.0
dev106146,cust106146,ios,3.0.15,FALSE,00:28.4
dev106147,cust106147,feature_phone,4.1.5,FALSE,02:54.8
dev106148,cust106148,ios,1.2.16,FALSE,02:40.8
dev106149,cust106149,ios,4.6.8,FALSE,02:00.2
dev106150,cust106150,feature_phone,1.4.6,FALSE,32:22.2
dev106151,cust106151,tablet,2.0.14,FALSE,03:24.5
dev106152,cust106152,ios,4.7.2,FALSE,24:26.1
dev106153,cust106153,feature_phone,4.1.13,FALSE,02:16.1
dev106154,cust106154,android,3.2.7,FALSE,21:49.4
dev106155,cust106155,tablet,2.9.17,FALSE,54:42.6
dev106156,cust106156,ios,1.6.10,FALSE,16:38.3
dev106157,cust106157,feature_phone,4.9.2,FALSE,12:50.2
dev106158,cust106158,tablet,1.0.17,FALSE,19:26.4
dev106159,cust106159,ios,4.6.14,FALSE,24:48.8
dev106160,cust106160,ios,3.8.0,FALSE,39:43.8
dev106161,cust106161,ios,1.3.18,FALSE,03:16.0
dev106162,cust106162,tablet,1.7.7,FALSE,20:42.8
dev106163,cust106163,ios,3.8.4,FALSE,16:52.0
dev106164,cust106164,android,1.4.19,FALSE,37:18.5
dev106165,cust106165,tablet,2.5.18,FALSE,14:01.7
dev106166,cust106166,feature_phone,2.7.7,FALSE,37:38.5
dev106167,cust106167,android,2.4.11,FALSE,45:06.9
dev106168,cust106168,feature_phone,1.1.10,FALSE,48:59.7
dev106169,cust106169,ios,2.6.10,FALSE,55:19.0
dev106170,cust106170,ios,2.1.2,FALSE,27:05.7
dev106171,cust106171,android,1.8.9,FALSE,15:05.7
dev106172,cust106172,ios,2.4.9,FALSE,00:48.2
dev106173,cust106173,ios,4.3.18,FALSE,34:11.3
dev106174,cust106174,ios,1.8.14,FALSE,47:45.1
dev106175,cust106175,tablet,2.1.2,FALSE,43:19.0
dev106176,cust106176,android,1.1.6,FALSE,54:26.5
dev106177,cust106177,android,3.9.11,FALSE,47:43.1
dev106178,cust106178,feature_phone,3.7.17,FALSE,04:34.4
dev106179,cust106179,android,2.4.9,FALSE,39:51.6
dev106180,cust106180,tablet,2.9.0,FALSE,29:34.4
dev106181,cust106181,android,3.8.19,FALSE,11:59.8
dev106182,cust106182,tablet,2.5.6,FALSE,09:56.2
dev106183,cust106183,ios,2.7.10,FALSE,15:08.2
dev106184,cust106184,tablet,2.5.7,FALSE,12:20.2
dev106185,cust106185,ios,2.8.10,FALSE,19:01.1
dev106186,cust106186,tablet,4.2.13,FALSE,19:52.6
dev106187,cust106187,feature_phone,1.6.13,FALSE,13:51.6
dev106188,cust106188,tablet,1.8.13,FALSE,16:48.8
dev106189,cust106189,ios,2.6.4,FALSE,37:52.2
dev106190,cust106190,tablet,2.2.8,FALSE,27:55.6
dev106191,cust106191,ios,3.3.19,FALSE,35:20.4
dev106192,cust106192,android,3.4.1,FALSE,39:52.0
dev106193,cust106193,android,3.1.20,FALSE,36:01.2
dev106194,cust106194,ios,4.0.13,FALSE,31:50.9
dev106195,cust106195,ios,1.0.5,FALSE,14:27.4
dev106196,cust106196,tablet,3.8.0,FALSE,40:33.0
dev106197,cust106197,android,1.1.19,FALSE,48:51.2
dev106198,cust106198,tablet,3.9.8,FALSE,46:22.9
dev106199,cust106199,ios,3.5.0,FALSE,46:10.7
dev106200,cust106200,tablet,1.9.3,FALSE,48:00.8
dev106201,cust106201,ios,1.0.10,FALSE,54:09.3
dev106202,cust106202,ios,1.0.11,TRUE,34:18.7
dev106203,cust106203,feature_phone,4.0.1,FALSE,14:27.0
dev106204,cust106204,feature_phone,4.3.8,FALSE,03:45.4
dev106205,cust106205,tablet,1.0.3,FALSE,55:46.3
dev106206,cust106206,feature_phone,3.0.12,FALSE,36:15.1
dev106207,cust106207,android,4.7.2,FALSE,03:19.4
dev106208,cust106208,android,3.0.16,FALSE,57:07.4
dev106209,cust106209,feature_phone,2.2.3,FALSE,41:53.2
dev106210,cust106210,tablet,2.2.7,FALSE,09:14.7
dev106211,cust106211,feature_phone,4.6.7,FALSE,03:11.0
dev106212,cust106212,feature_phone,2.8.11,FALSE,28:59.5
dev106213,cust106213,android,1.4.17,FALSE,09:28.6
dev106214,cust106214,feature_phone,2.7.0,FALSE,24:43.6
dev106215,cust106215,tablet,1.7.15,FALSE,15:49.6
dev106216,cust106216,android,3.6.14,FALSE,47:08.5
dev106217,cust106217,ios,1.4.1,FALSE,20:39.6
dev106218,cust106218,tablet,2.1.11,FALSE,19:24.7
dev106219,cust106219,android,4.4.19,FALSE,30:48.6
dev106220,cust106220,feature_phone,1.0.10,FALSE,42:49.4
dev106221,cust106221,android,4.4.10,FALSE,19:34.8
dev106222,cust106222,tablet,4.2.19,FALSE,25:22.7
dev106223,cust106223,ios,2.9.3,FALSE,13:41.0
dev106224,cust106224,android,2.6.0,TRUE,41:10.6
dev106225,cust106225,feature_phone,2.4.7,FALSE,10:34.4
dev106226,cust106226,ios,4.2.8,FALSE,43:49.4
dev106227,cust106227,tablet,3.8.12,FALSE,27:18.4
dev106228,cust106228,ios,1.5.7,FALSE,59:55.2
dev106229,cust106229,feature_phone,3.1.12,FALSE,27:55.9
dev106230,cust106230,ios,4.6.4,FALSE,40:25.6
dev106231,cust106231,ios,4.8.7,FALSE,26:48.3
dev106232,cust106232,tablet,4.0.17,FALSE,50:53.4
dev106233,cust106233,android,4.2.7,FALSE,10:22.5
dev106234,cust106234,android,4.3.10,FALSE,12:42.7
dev106235,cust106235,android,4.5.11,FALSE,20:48.6
dev106236,cust106236,ios,2.2.18,FALSE,37:49.6
dev106237,cust106237,feature_phone,4.8.10,FALSE,39:37.0
dev106238,cust106238,ios,4.4.12,FALSE,33:18.8
dev106239,cust106239,feature_phone,3.8.6,FALSE,52:59.8
dev106240,cust106240,tablet,1.3.1,FALSE,45:54.2
dev106241,cust106241,ios,4.5.19,FALSE,04:14.3
dev106242,cust106242,tablet,3.0.15,FALSE,07:36.5
dev106243,cust106243,android,4.9.7,FALSE,40:00.3
dev106244,cust106244,feature_phone,2.2.15,FALSE,01:26.3
dev106245,cust106245,tablet,1.6.7,FALSE,00:37.4
dev106246,cust106246,feature_phone,2.6.12,FALSE,46:47.2
dev106247,cust106247,android,3.0.8,FALSE,46:10.6
dev106248,cust106248,feature_phone,1.1.9,FALSE,54:00.3
dev106249,cust106249,tablet,4.2.3,FALSE,29:30.5
dev106250,cust106250,android,1.4.2,FALSE,36:17.3
dev106251,cust106251,feature_phone,4.3.14,FALSE,35:25.8
dev106252,cust106252,android,1.6.20,FALSE,59:30.0
dev106253,cust106253,android,4.3.3,FALSE,53:37.0
dev106254,cust106254,android,4.0.15,FALSE,21:46.5
dev106255,cust106255,tablet,4.9.20,FALSE,55:26.4
dev106256,cust106256,tablet,2.0.14,FALSE,01:20.6
dev106257,cust106257,ios,2.1.16,FALSE,15:00.3
dev106258,cust106258,feature_phone,2.8.16,FALSE,56:28.5
dev106259,cust106259,android,1.4.19,FALSE,59:27.0
dev106260,cust106260,feature_phone,1.4.11,FALSE,17:13.5
dev106261,cust106261,android,3.1.12,FALSE,11:59.3
dev106262,cust106262,android,1.1.14,FALSE,49:31.9
dev106263,cust106263,tablet,2.9.2,FALSE,22:36.1
dev106264,cust106264,tablet,4.4.10,FALSE,38:36.3
dev106265,cust106265,ios,2.6.18,FALSE,44:58.0
dev106266,cust106266,tablet,4.8.7,FALSE,21:05.5
dev106267,cust106267,tablet,3.2.5,FALSE,48:46.5
dev106268,cust106268,android,2.2.12,FALSE,09:50.1
dev106269,cust106269,ios,3.3.6,FALSE,09:27.2
dev106270,cust106270,android,1.5.4,FALSE,06:42.7
dev106271,cust106271,feature_phone,1.4.1,FALSE,40:47.0
dev106272,cust106272,feature_phone,1.6.7,FALSE,03:12.8
dev106273,cust106273,ios,3.1.5,FALSE,29:48.4
dev106274,cust106274,android,2.9.5,FALSE,27:02.3
dev106275,cust106275,tablet,2.4.13,FALSE,05:47.5
dev106276,cust106276,feature_phone,2.6.0,FALSE,52:07.1
dev106277,cust106277,ios,1.1.8,FALSE,53:49.2
dev106278,cust106278,android,4.6.12,FALSE,00:14.9
dev106279,cust106279,tablet,2.3.0,FALSE,12:00.7
dev106280,cust106280,feature_phone,1.8.17,FALSE,00:43.3
dev106281,cust106281,feature_phone,4.2.12,FALSE,21:24.6
dev106282,cust106282,feature_phone,1.4.13,FALSE,00:34.8
dev106283,cust106283,feature_phone,4.9.16,FALSE,04:53.6
dev106284,cust106284,android,3.9.4,FALSE,22:27.2
dev106285,cust106285,feature_phone,1.2.15,FALSE,38:00.2
dev106286,cust106286,tablet,1.5.18,FALSE,52:34.7
dev106287,cust106287,feature_phone,4.8.9,FALSE,55:36.2
dev106288,cust106288,android,2.4.20,FALSE,06:20.4
dev106289,cust106289,tablet,3.9.14,FALSE,04:54.6
dev106290,cust106290,ios,1.8.15,FALSE,39:40.4
dev106291,cust106291,feature_phone,4.1.6,FALSE,00:43.7
dev106292,cust106292,tablet,1.4.12,FALSE,58:30.9
dev106293,cust106293,tablet,2.6.15,FALSE,49:54.2
dev106294,cust106294,tablet,4.9.9,FALSE,04:38.2
dev106295,cust106295,feature_phone,4.4.15,FALSE,59:53.2
dev106296,cust106296,feature_phone,3.9.13,FALSE,03:31.8
dev106297,cust106297,android,3.0.3,FALSE,02:06.6
dev106298,cust106298,tablet,2.1.6,FALSE,51:53.8
dev106299,cust106299,android,2.5.3,FALSE,24:12.4
dev106300,cust106300,tablet,4.9.14,FALSE,45:40.2
dev106301,cust106301,android,2.3.20,FALSE,27:28.3
dev106302,cust106302,feature_phone,2.1.6,FALSE,27:25.2
dev106303,cust106303,android,1.3.19,FALSE,21:08.1
dev106304,cust106304,ios,2.4.0,FALSE,04:04.9
dev106305,cust106305,android,2.6.18,FALSE,39:58.6
dev106306,cust106306,android,2.2.9,FALSE,29:24.0
dev106307,cust106307,feature_phone,2.0.9,FALSE,02:54.6
dev106308,cust106308,ios,2.3.14,FALSE,24:12.9
dev106309,cust106309,ios,3.9.10,FALSE,53:33.1
dev106310,cust106310,tablet,1.2.0,FALSE,43:14.3
dev106311,cust106311,android,1.7.2,FALSE,49:34.8
dev106312,cust106312,tablet,4.2.2,FALSE,09:27.9
dev106313,cust106313,ios,3.7.14,FALSE,41:32.8
dev106314,cust106314,feature_phone,4.4.10,FALSE,04:23.0
dev106315,cust106315,feature_phone,1.9.8,FALSE,18:18.0
dev106316,cust106316,android,4.2.2,FALSE,50:50.4
dev106317,cust106317,tablet,3.9.0,FALSE,21:29.9
dev106318,cust106318,ios,1.8.3,FALSE,06:00.0
dev106319,cust106319,android,1.6.7,FALSE,45:39.8
dev106320,cust106320,ios,3.1.3,FALSE,03:38.7
dev106321,cust106321,tablet,3.4.2,FALSE,57:50.6
dev106322,cust106322,android,4.4.2,FALSE,46:49.6
dev106323,cust106323,feature_phone,3.9.16,FALSE,04:07.0
dev106324,cust106324,feature_phone,4.5.18,FALSE,21:47.1
dev106325,cust106325,android,1.9.2,FALSE,28:44.1
dev106326,cust106326,android,3.0.13,FALSE,34:57.3
dev106327,cust106327,android,1.9.8,FALSE,00:05.8
dev106328,cust106328,android,1.1.3,FALSE,20:43.9
dev106329,cust106329,android,4.0.18,FALSE,20:59.5
dev106330,cust106330,android,3.0.17,FALSE,56:55.5
dev106331,cust106331,tablet,1.2.4,FALSE,20:37.3
dev106332,cust106332,tablet,1.5.17,FALSE,15:40.5
dev106333,cust106333,ios,2.7.19,FALSE,58:27.4
dev106334,cust106334,feature_phone,3.3.8,FALSE,41:48.5
dev106335,cust106335,android,3.0.0,FALSE,30:16.2
dev106336,cust106336,tablet,1.9.6,FALSE,21:25.7
dev106337,cust106337,tablet,3.1.20,FALSE,03:20.4
dev106338,cust106338,feature_phone,3.3.14,FALSE,06:27.5
dev106339,cust106339,ios,3.4.19,FALSE,20:38.1
dev106340,cust106340,tablet,2.2.2,FALSE,48:50.4
dev106341,cust106341,ios,2.8.18,FALSE,42:16.6
dev106342,cust106342,feature_phone,1.2.6,FALSE,44:43.5
dev106343,cust106343,feature_phone,4.3.13,TRUE,47:41.2
dev106344,cust106344,ios,3.3.18,FALSE,57:19.8
dev106345,cust106345,feature_phone,4.7.18,FALSE,55:59.1
dev106346,cust106346,ios,3.4.8,FALSE,49:29.0
dev106347,cust106347,ios,2.7.16,FALSE,13:49.7
dev106348,cust106348,tablet,3.6.14,FALSE,23:46.8
dev106349,cust106349,feature_phone,2.3.20,FALSE,32:18.0
dev106350,cust106350,tablet,2.8.16,FALSE,58:02.8
dev106351,cust106351,ios,1.8.18,FALSE,58:42.1
dev106352,cust106352,android,3.7.11,FALSE,43:27.9
dev106353,cust106353,android,2.0.15,FALSE,51:52.6
dev106354,cust106354,android,1.0.12,FALSE,06:34.0
dev106355,cust106355,ios,2.8.1,FALSE,37:27.6
dev106356,cust106356,android,3.7.12,FALSE,38:58.5
dev106357,cust106357,android,2.3.10,FALSE,48:55.6
dev106358,cust106358,feature_phone,4.2.16,FALSE,46:26.5
dev106359,cust106359,feature_phone,3.7.9,FALSE,15:47.0
dev106360,cust106360,ios,3.2.10,FALSE,25:38.6
dev106361,cust106361,android,2.1.2,FALSE,00:36.3
dev106362,cust106362,ios,3.2.19,FALSE,13:25.8
dev106363,cust106363,ios,1.5.12,FALSE,04:31.4
dev106364,cust106364,tablet,2.8.16,FALSE,54:05.6
dev106365,cust106365,tablet,2.4.17,FALSE,52:28.4
dev106366,cust106366,android,3.6.20,FALSE,43:11.3
dev106367,cust106367,feature_phone,1.8.13,FALSE,27:09.4
dev106368,cust106368,tablet,4.7.2,FALSE,49:13.7
dev106369,cust106369,ios,3.4.2,FALSE,28:33.8
dev106370,cust106370,feature_phone,1.8.8,FALSE,06:38.6
dev106371,cust106371,ios,2.5.7,FALSE,47:19.0
dev106372,cust106372,feature_phone,4.1.16,FALSE,11:52.2
dev106373,cust106373,android,1.5.3,FALSE,12:38.5
dev106374,cust106374,ios,3.8.10,FALSE,54:33.8
dev106375,cust106375,feature_phone,1.9.9,FALSE,45:45.4
dev106376,cust106376,android,1.6.2,TRUE,45:35.8
dev106377,cust106377,tablet,2.3.4,FALSE,14:18.5
dev106378,cust106378,feature_phone,2.4.7,FALSE,30:59.7
dev106379,cust106379,ios,4.8.18,FALSE,27:11.4
dev106380,cust106380,ios,3.7.13,FALSE,10:08.6
dev106381,cust106381,tablet,1.1.10,FALSE,10:24.6
dev106382,cust106382,tablet,2.5.10,FALSE,18:55.2
dev106383,cust106383,tablet,1.6.17,FALSE,11:13.8
dev106384,cust106384,feature_phone,4.5.16,FALSE,11:10.2
dev106385,cust106385,tablet,1.1.13,FALSE,53:21.8
dev106386,cust106386,ios,3.3.6,FALSE,13:44.3
dev106387,cust106387,ios,4.6.14,FALSE,31:00.9
dev106388,cust106388,ios,4.5.19,FALSE,22:34.0
dev106389,cust106389,feature_phone,3.5.19,FALSE,19:22.6
dev106390,cust106390,ios,1.6.15,FALSE,22:14.5
dev106391,cust106391,tablet,2.5.4,FALSE,45:35.9
dev106392,cust106392,tablet,3.6.5,FALSE,39:38.0
dev106393,cust106393,tablet,1.0.1,FALSE,03:00.7
dev106394,cust106394,tablet,4.8.14,FALSE,18:21.9
dev106395,cust106395,tablet,1.4.16,FALSE,58:09.4
dev106396,cust106396,feature_phone,2.4.18,FALSE,08:50.2
dev106397,cust106397,feature_phone,2.8.17,FALSE,46:48.4
dev106398,cust106398,android,4.2.14,FALSE,50:06.3
dev106399,cust106399,feature_phone,4.9.4,FALSE,02:35.7
dev106400,cust106400,tablet,1.7.0,FALSE,51:58.1
dev106401,cust106401,ios,3.9.1,FALSE,36:47.6
dev106402,cust106402,tablet,2.5.18,FALSE,15:34.9
dev106403,cust106403,tablet,4.1.2,FALSE,00:07.3
dev106404,cust106404,android,3.3.7,FALSE,31:08.9
dev106405,cust106405,ios,1.3.1,FALSE,52:28.8
dev106406,cust106406,ios,4.0.13,FALSE,45:57.4
dev106407,cust106407,ios,2.4.12,FALSE,33:02.5
dev106408,cust106408,android,1.3.0,FALSE,39:50.0
dev106409,cust106409,android,1.4.20,FALSE,01:51.7
dev106410,cust106410,feature_phone,4.9.1,FALSE,24:51.8
dev106411,cust106411,tablet,1.3.7,FALSE,31:59.9
dev106412,cust106412,feature_phone,3.4.7,FALSE,12:11.4
dev106413,cust106413,android,4.6.7,FALSE,48:19.8
dev106414,cust106414,tablet,3.5.0,FALSE,09:48.4
dev106415,cust106415,tablet,1.2.3,FALSE,54:38.9
dev106416,cust106416,android,3.2.19,FALSE,40:36.4
dev106417,cust106417,tablet,2.5.7,FALSE,13:15.4
dev106418,cust106418,android,1.3.9,TRUE,03:46.0
dev106419,cust106419,ios,1.1.14,FALSE,07:21.2
dev106420,cust106420,ios,3.8.9,FALSE,38:57.6
dev106421,cust106421,ios,3.8.10,FALSE,35:20.6
dev106422,cust106422,android,1.0.11,FALSE,36:06.1
dev106423,cust106423,ios,4.9.9,FALSE,57:29.7
dev106424,cust106424,android,1.0.20,FALSE,28:02.5
dev106425,cust106425,feature_phone,1.3.11,FALSE,33:31.6
dev106426,cust106426,feature_phone,2.8.4,FALSE,40:09.6
dev106427,cust106427,ios,4.7.1,FALSE,45:54.6
dev106428,cust106428,ios,4.3.12,FALSE,25:55.1
dev106429,cust106429,android,4.0.18,FALSE,56:44.3
dev106430,cust106430,feature_phone,4.4.7,FALSE,07:20.6
dev106431,cust106431,feature_phone,4.7.16,FALSE,41:31.8
dev106432,cust106432,tablet,3.4.11,FALSE,19:52.7
dev106433,cust106433,feature_phone,2.0.8,FALSE,41:14.7
dev106434,cust106434,android,2.4.18,FALSE,14:46.8
dev106435,cust106435,tablet,4.2.8,FALSE,12:47.8
dev106436,cust106436,android,3.4.16,FALSE,55:51.4
dev106437,cust106437,ios,1.7.12,FALSE,12:53.8
dev106438,cust106438,android,3.8.7,FALSE,44:37.1
dev106439,cust106439,feature_phone,4.0.12,FALSE,10:21.4
dev106440,cust106440,feature_phone,3.4.9,FALSE,30:38.4
dev106441,cust106441,feature_phone,4.7.13,FALSE,44:04.7
dev106442,cust106442,ios,3.5.15,TRUE,20:48.6
dev106443,cust106443,ios,1.4.14,FALSE,17:58.6
dev106444,cust106444,android,1.3.8,FALSE,50:06.7
dev106445,cust106445,android,1.2.2,FALSE,51:09.5
dev106446,cust106446,ios,1.1.13,FALSE,35:22.3
dev106447,cust106447,ios,4.0.15,FALSE,11:22.5
dev106448,cust106448,ios,3.1.14,FALSE,20:05.3
dev106449,cust106449,ios,3.7.11,FALSE,50:11.3
dev106450,cust106450,ios,3.7.6,FALSE,15:38.3
dev106451,cust106451,ios,3.8.17,FALSE,57:55.7
dev106452,cust106452,android,4.6.0,FALSE,37:02.3
dev106453,cust106453,feature_phone,3.4.14,FALSE,10:50.0
dev106454,cust106454,tablet,4.1.8,FALSE,48:11.6
dev106455,cust106455,android,3.2.2,FALSE,18:13.0
dev106456,cust106456,tablet,1.3.8,FALSE,44:25.4
dev106457,cust106457,tablet,1.8.8,FALSE,59:08.4
dev106458,cust106458,ios,1.6.20,FALSE,44:03.7
dev106459,cust106459,feature_phone,4.5.9,FALSE,03:48.9
dev106460,cust106460,feature_phone,3.7.0,FALSE,42:48.3
dev106461,cust106461,ios,1.7.2,FALSE,39:25.4
dev106462,cust106462,feature_phone,1.2.10,FALSE,02:37.6
dev106463,cust106463,android,3.0.2,FALSE,10:47.9
dev106464,cust106464,ios,2.1.17,FALSE,19:11.6
dev106465,cust106465,feature_phone,3.9.9,FALSE,26:33.7
dev106466,cust106466,ios,2.3.15,FALSE,31:32.0
dev106467,cust106467,tablet,3.9.20,FALSE,30:05.7
dev106468,cust106468,android,4.6.0,FALSE,09:04.5
dev106469,cust106469,feature_phone,1.8.11,FALSE,48:41.2
dev106470,cust106470,android,3.1.18,FALSE,26:28.2
dev106471,cust106471,ios,1.0.12,FALSE,58:45.4
dev106472,cust106472,android,2.0.7,FALSE,17:38.2
dev106473,cust106473,tablet,4.7.15,FALSE,22:45.9
dev106474,cust106474,feature_phone,1.3.14,FALSE,04:29.7
dev106475,cust106475,ios,3.3.16,FALSE,36:03.0
dev106476,cust106476,android,3.0.0,FALSE,35:13.1
dev106477,cust106477,android,4.7.8,FALSE,52:19.7
dev106478,cust106478,tablet,1.6.19,FALSE,16:01.2
dev106479,cust106479,ios,2.8.6,FALSE,48:33.9
dev106480,cust106480,ios,2.2.3,FALSE,36:46.1
dev106481,cust106481,android,4.2.7,FALSE,03:33.5
dev106482,cust106482,ios,4.2.8,FALSE,32:43.4
dev106483,cust106483,tablet,3.2.15,FALSE,15:21.8
dev106484,cust106484,feature_phone,4.2.7,FALSE,01:22.7
dev106485,cust106485,feature_phone,2.5.11,FALSE,27:19.6
dev106486,cust106486,feature_phone,3.6.13,FALSE,28:14.1
dev106487,cust106487,ios,2.8.0,FALSE,58:57.2
dev106488,cust106488,ios,3.3.0,FALSE,56:36.7
dev106489,cust106489,feature_phone,1.5.13,FALSE,01:19.6
dev106490,cust106490,tablet,1.3.17,FALSE,39:25.7
dev106491,cust106491,ios,1.2.5,FALSE,32:34.2
dev106492,cust106492,tablet,3.1.2,FALSE,38:59.2
dev106493,cust106493,feature_phone,1.0.19,FALSE,23:41.0
dev106494,cust106494,feature_phone,4.2.11,FALSE,11:35.4
dev106495,cust106495,ios,3.6.20,FALSE,11:00.7
dev106496,cust106496,ios,4.9.2,FALSE,15:54.1
dev106497,cust106497,tablet,1.1.6,FALSE,59:57.0
dev106498,cust106498,feature_phone,4.3.11,FALSE,07:04.5
dev106499,cust106499,feature_phone,4.0.13,FALSE,46:22.1
dev106500,cust106500,android,4.2.11,FALSE,10:49.2
dev106501,cust106501,tablet,4.4.19,FALSE,21:39.6
dev106502,cust106502,tablet,1.7.18,FALSE,14:15.5
dev106503,cust106503,tablet,3.5.16,FALSE,30:58.7
dev106504,cust106504,android,1.4.15,FALSE,23:05.1
dev106505,cust106505,tablet,2.7.7,FALSE,19:25.4
dev106506,cust106506,tablet,2.2.15,FALSE,23:03.5
dev106507,cust106507,tablet,4.8.3,FALSE,21:47.4
dev106508,cust106508,android,2.7.7,FALSE,09:47.2
dev106509,cust106509,feature_phone,1.1.1,FALSE,39:24.5
dev106510,cust106510,tablet,2.6.5,FALSE,22:44.1
dev106511,cust106511,feature_phone,2.8.8,FALSE,48:01.6
dev106512,cust106512,feature_phone,1.6.16,FALSE,58:08.3
dev106513,cust106513,android,3.2.17,FALSE,58:56.1
dev106514,cust106514,android,4.0.4,FALSE,45:50.5
dev106515,cust106515,android,4.4.12,FALSE,27:38.0
dev106516,cust106516,android,2.0.15,FALSE,24:25.0
dev106517,cust106517,android,2.1.2,FALSE,39:28.1
dev106518,cust106518,feature_phone,1.6.18,FALSE,01:50.4
dev106519,cust106519,android,1.6.15,FALSE,37:11.6
dev106520,cust106520,ios,3.1.18,FALSE,34:57.0
dev106521,cust106521,ios,3.8.6,FALSE,33:09.7
dev106522,cust106522,android,1.7.7,FALSE,27:01.1
dev106523,cust106523,ios,3.6.17,FALSE,19:16.2
dev106524,cust106524,feature_phone,3.0.11,FALSE,52:42.5
dev106525,cust106525,tablet,3.0.16,FALSE,39:05.2
dev106526,cust106526,tablet,4.5.13,FALSE,28:16.1
dev106527,cust106527,android,3.9.15,FALSE,17:25.3
dev106528,cust106528,feature_phone,2.6.12,FALSE,09:31.4
dev106529,cust106529,feature_phone,1.9.12,FALSE,53:47.5
dev106530,cust106530,ios,2.3.20,FALSE,19:07.8
dev106531,cust106531,tablet,3.2.8,FALSE,43:17.8
dev106532,cust106532,ios,4.9.2,FALSE,47:27.2
dev106533,cust106533,feature_phone,1.1.16,FALSE,41:03.5
dev106534,cust106534,tablet,2.8.4,FALSE,34:09.3
dev106535,cust106535,ios,1.4.18,FALSE,29:11.5
dev106536,cust106536,ios,4.9.8,FALSE,24:38.3
dev106537,cust106537,android,1.5.1,FALSE,23:04.3
dev106538,cust106538,android,1.7.11,FALSE,24:13.5
dev106539,cust106539,ios,3.9.19,TRUE,58:29.4
dev106540,cust106540,android,3.1.0,FALSE,16:01.2
dev106541,cust106541,tablet,3.8.4,FALSE,24:48.6
dev106542,cust106542,feature_phone,4.9.19,FALSE,04:05.5
dev106543,cust106543,android,4.7.13,FALSE,00:15.4
dev106544,cust106544,android,4.1.16,FALSE,12:00.7
dev106545,cust106545,feature_phone,1.5.0,FALSE,27:47.0
dev106546,cust106546,feature_phone,1.6.16,FALSE,25:22.4
dev106547,cust106547,tablet,2.2.13,FALSE,32:23.6
dev106548,cust106548,ios,2.9.7,FALSE,54:48.7
dev106549,cust106549,tablet,2.7.0,FALSE,06:39.9
dev106550,cust106550,tablet,3.9.18,FALSE,47:55.0
dev106551,cust106551,ios,2.4.14,FALSE,56:47.6
dev106552,cust106552,feature_phone,2.5.10,FALSE,48:45.7
dev106553,cust106553,ios,2.4.11,FALSE,14:00.1
dev106554,cust106554,ios,1.9.12,FALSE,20:27.2
dev106555,cust106555,feature_phone,2.7.10,FALSE,09:16.5
dev106556,cust106556,tablet,2.1.4,FALSE,09:35.3
dev106557,cust106557,feature_phone,2.5.2,FALSE,06:54.1
dev106558,cust106558,ios,2.8.6,FALSE,27:00.4
dev106559,cust106559,feature_phone,2.7.3,FALSE,33:52.8
dev106560,cust106560,ios,4.6.11,FALSE,46:53.2
dev106561,cust106561,feature_phone,3.0.8,FALSE,17:00.7
dev106562,cust106562,ios,3.5.14,FALSE,52:09.4
dev106563,cust106563,feature_phone,4.1.7,FALSE,05:39.9
dev106564,cust106564,feature_phone,3.2.17,FALSE,31:51.5
dev106565,cust106565,tablet,3.8.2,FALSE,08:10.5
dev106566,cust106566,android,1.4.18,FALSE,59:47.6
dev106567,cust106567,tablet,3.9.0,FALSE,41:55.5
dev106568,cust106568,ios,1.7.8,FALSE,52:52.3
dev106569,cust106569,feature_phone,4.9.10,FALSE,07:41.0
dev106570,cust106570,feature_phone,2.8.19,FALSE,05:02.5
dev106571,cust106571,feature_phone,3.8.13,FALSE,25:15.3
dev106572,cust106572,android,4.9.11,FALSE,26:01.2
dev106573,cust106573,tablet,1.3.2,FALSE,38:11.1
dev106574,cust106574,feature_phone,2.7.12,TRUE,38:08.8
dev106575,cust106575,tablet,1.8.15,FALSE,20:35.7
dev106576,cust106576,android,2.7.1,FALSE,26:16.6
dev106577,cust106577,tablet,3.0.1,FALSE,14:13.4
dev106578,cust106578,ios,4.4.0,FALSE,39:52.9
dev106579,cust106579,ios,1.7.18,FALSE,04:37.2
dev106580,cust106580,tablet,2.5.15,FALSE,26:56.0
dev106581,cust106581,feature_phone,1.4.7,FALSE,22:25.2
dev106582,cust106582,tablet,4.5.12,FALSE,35:34.0
dev106583,cust106583,tablet,1.6.16,FALSE,00:08.2
dev106584,cust106584,android,4.6.17,FALSE,33:03.9
dev106585,cust106585,feature_phone,2.5.7,FALSE,34:40.3
dev106586,cust106586,android,4.4.2,FALSE,46:45.8
dev106587,cust106587,ios,2.9.14,TRUE,07:16.9
dev106588,cust106588,feature_phone,2.0.9,FALSE,00:16.5
dev106589,cust106589,android,2.1.13,FALSE,42:01.1
dev106590,cust106590,tablet,4.4.14,FALSE,40:15.6
dev106591,cust106591,ios,2.0.16,FALSE,21:40.0
dev106592,cust106592,tablet,2.3.1,FALSE,37:44.3
dev106593,cust106593,tablet,1.1.6,FALSE,25:07.5
dev106594,cust106594,android,4.4.9,FALSE,36:23.2
dev106595,cust106595,feature_phone,4.6.6,FALSE,10:32.6
dev106596,cust106596,android,3.3.7,FALSE,42:26.9
dev106597,cust106597,tablet,3.3.13,FALSE,37:51.0
dev106598,cust106598,tablet,2.9.5,FALSE,56:54.1
dev106599,cust106599,tablet,2.5.14,FALSE,39:09.3
dev106600,cust106600,tablet,1.4.18,FALSE,15:22.6
dev106601,cust106601,feature_phone,1.1.12,FALSE,43:51.0
dev106602,cust106602,ios,4.2.18,FALSE,14:46.9
dev106603,cust106603,feature_phone,1.8.20,FALSE,35:39.5
dev106604,cust106604,feature_phone,3.9.17,FALSE,25:20.0
dev106605,cust106605,ios,2.7.14,TRUE,07:01.9
dev106606,cust106606,tablet,2.6.16,FALSE,36:33.9
dev106607,cust106607,ios,2.9.1,FALSE,47:51.6
dev106608,cust106608,feature_phone,1.0.20,FALSE,30:38.8
dev106609,cust106609,tablet,2.1.4,FALSE,58:45.8
dev106610,cust106610,feature_phone,1.9.20,FALSE,03:49.8
dev106611,cust106611,feature_phone,1.3.2,FALSE,28:51.9
dev106612,cust106612,android,1.8.6,FALSE,43:49.6
dev106613,cust106613,android,4.1.7,FALSE,27:22.1
dev106614,cust106614,feature_phone,1.7.14,FALSE,31:25.9
dev106615,cust106615,ios,3.5.15,FALSE,51:26.7
dev106616,cust106616,feature_phone,1.2.1,FALSE,50:17.3
dev106617,cust106617,android,3.4.1,FALSE,26:52.5
dev106618,cust106618,tablet,2.3.2,FALSE,05:06.1
dev106619,cust106619,feature_phone,1.1.1,FALSE,35:40.8
dev106620,cust106620,ios,3.6.5,FALSE,57:52.4
dev106621,cust106621,feature_phone,1.3.0,FALSE,03:01.8
dev106622,cust106622,android,3.8.3,FALSE,13:35.5
dev106623,cust106623,android,4.8.20,FALSE,04:19.0
dev106624,cust106624,android,2.9.16,FALSE,50:33.2
dev106625,cust106625,ios,1.1.4,FALSE,58:07.0
dev106626,cust106626,android,2.6.12,FALSE,16:12.1
dev106627,cust106627,ios,2.0.0,FALSE,38:24.0
dev106628,cust106628,tablet,2.4.12,FALSE,59:51.7
dev106629,cust106629,feature_phone,1.4.10,FALSE,45:23.6
dev106630,cust106630,tablet,1.8.10,FALSE,05:30.2
dev106631,cust106631,ios,3.2.8,FALSE,03:04.0
dev106632,cust106632,tablet,3.5.19,FALSE,31:59.6
dev106633,cust106633,android,4.2.6,FALSE,42:50.0
dev106634,cust106634,tablet,1.6.19,FALSE,40:54.9
dev106635,cust106635,tablet,2.4.17,FALSE,51:09.0
dev106636,cust106636,ios,1.1.6,FALSE,03:41.9
dev106637,cust106637,tablet,4.8.16,FALSE,29:49.5
dev106638,cust106638,tablet,2.7.1,FALSE,31:27.2
dev106639,cust106639,android,4.5.11,FALSE,52:31.9
dev106640,cust106640,android,3.1.9,FALSE,13:22.1
dev106641,cust106641,android,1.5.5,FALSE,25:04.4
dev106642,cust106642,ios,1.1.18,FALSE,59:03.1
dev106643,cust106643,ios,1.9.14,FALSE,02:50.6
dev106644,cust106644,android,3.9.18,FALSE,39:36.4
dev106645,cust106645,ios,1.8.16,FALSE,28:30.2
dev106646,cust106646,tablet,3.7.0,FALSE,57:41.7
dev106647,cust106647,android,1.0.14,FALSE,48:28.0
dev106648,cust106648,android,4.0.18,FALSE,43:43.9
dev106649,cust106649,tablet,2.5.5,FALSE,27:03.5
dev106650,cust106650,tablet,2.2.15,TRUE,39:34.8
dev106651,cust106651,android,3.0.1,FALSE,49:37.5
dev106652,cust106652,ios,2.2.8,FALSE,31:10.4
dev106653,cust106653,android,2.3.11,FALSE,58:01.8
dev106654,cust106654,feature_phone,4.6.16,FALSE,42:36.9
dev106655,cust106655,feature_phone,2.6.20,FALSE,03:02.5
dev106656,cust106656,android,2.6.1,FALSE,14:53.1
dev106657,cust106657,ios,3.2.9,FALSE,13:02.5
dev106658,cust106658,feature_phone,3.2.6,FALSE,51:59.5
dev106659,cust106659,ios,2.9.0,FALSE,12:06.1
dev106660,cust106660,tablet,2.6.15,FALSE,09:30.4
dev106661,cust106661,tablet,1.5.9,FALSE,04:46.6
dev106662,cust106662,tablet,2.5.8,FALSE,11:54.7
dev106663,cust106663,tablet,4.1.9,FALSE,57:17.4
dev106664,cust106664,android,4.3.4,FALSE,41:08.6
dev106665,cust106665,tablet,2.2.18,FALSE,33:58.0
dev106666,cust106666,feature_phone,2.7.9,FALSE,06:06.3
dev106667,cust106667,android,1.0.13,FALSE,44:09.4
dev106668,cust106668,android,4.5.19,FALSE,35:57.9
dev106669,cust106669,feature_phone,1.7.19,FALSE,44:26.2
dev106670,cust106670,tablet,4.4.10,FALSE,29:01.2
dev106671,cust106671,tablet,4.2.1,FALSE,32:34.3
dev106672,cust106672,tablet,1.9.17,FALSE,32:18.4
dev106673,cust106673,ios,1.0.1,FALSE,37:47.4
dev106674,cust106674,ios,3.1.20,FALSE,17:39.8
dev106675,cust106675,ios,1.4.2,FALSE,37:38.1
dev106676,cust106676,tablet,1.0.5,FALSE,22:27.9
dev106677,cust106677,tablet,2.3.12,FALSE,36:44.5
dev106678,cust106678,feature_phone,3.9.4,FALSE,35:21.2
dev106679,cust106679,android,2.6.17,FALSE,25:33.8
dev106680,cust106680,android,2.7.19,FALSE,47:18.9
dev106681,cust106681,android,4.7.19,FALSE,26:46.6
dev106682,cust106682,tablet,3.0.5,FALSE,59:42.3
dev106683,cust106683,feature_phone,1.3.5,FALSE,11:47.9
dev106684,cust106684,tablet,2.2.19,FALSE,47:24.6
dev106685,cust106685,android,3.4.18,FALSE,51:21.1
dev106686,cust106686,android,1.8.4,FALSE,55:27.5
dev106687,cust106687,ios,2.0.0,FALSE,09:28.2
dev106688,cust106688,tablet,4.5.14,FALSE,49:57.4
dev106689,cust106689,ios,4.5.9,FALSE,19:32.8
dev106690,cust106690,feature_phone,4.6.19,FALSE,07:41.1
dev106691,cust106691,feature_phone,1.8.12,FALSE,35:06.5
dev106692,cust106692,android,3.8.6,FALSE,03:35.9
dev106693,cust106693,feature_phone,2.2.4,FALSE,25:08.0
dev106694,cust106694,android,4.9.10,FALSE,02:30.7
dev106695,cust106695,ios,2.2.13,FALSE,58:50.2
dev106696,cust106696,ios,2.9.0,FALSE,31:09.0
dev106697,cust106697,ios,3.8.11,FALSE,24:15.6
dev106698,cust106698,ios,1.9.7,FALSE,04:52.8
dev106699,cust106699,tablet,1.7.3,FALSE,04:48.3
dev106700,cust106700,android,4.1.2,FALSE,00:18.0
dev106701,cust106701,android,3.7.2,FALSE,03:57.6
dev106702,cust106702,ios,1.1.13,FALSE,22:03.5
dev106703,cust106703,tablet,4.3.16,FALSE,34:47.7
dev106704,cust106704,ios,3.2.6,FALSE,12:10.7
dev106705,cust106705,tablet,1.6.8,FALSE,35:21.9
dev106706,cust106706,ios,1.2.6,FALSE,49:08.9
dev106707,cust106707,tablet,3.7.10,FALSE,16:09.9
dev106708,cust106708,feature_phone,3.7.6,FALSE,12:39.1
dev106709,cust106709,android,2.1.15,FALSE,32:23.1
dev106710,cust106710,ios,2.0.17,FALSE,05:53.9
dev106711,cust106711,android,2.1.19,FALSE,36:00.6
dev106712,cust106712,feature_phone,1.9.19,FALSE,01:34.8
dev106713,cust106713,tablet,3.8.9,FALSE,54:16.5
dev106714,cust106714,android,2.4.20,FALSE,27:47.1
dev106715,cust106715,android,2.1.1,FALSE,20:09.7
dev106716,cust106716,tablet,3.8.16,FALSE,29:26.2
dev106717,cust106717,ios,2.3.10,FALSE,08:34.4
dev106718,cust106718,tablet,1.2.0,FALSE,08:28.5
dev106719,cust106719,ios,2.1.10,FALSE,47:52.3
dev106720,cust106720,ios,3.8.1,FALSE,13:26.3
dev106721,cust106721,tablet,1.3.5,FALSE,58:40.8
dev106722,cust106722,ios,2.6.2,FALSE,56:29.4
dev106723,cust106723,android,4.4.20,FALSE,57:18.9
dev106724,cust106724,android,2.5.15,FALSE,03:32.0
dev106725,cust106725,feature_phone,3.5.5,FALSE,01:58.8
dev106726,cust106726,tablet,4.2.17,FALSE,43:17.7
dev106727,cust106727,android,2.2.4,FALSE,20:47.1
dev106728,cust106728,tablet,4.1.1,FALSE,38:07.7
dev106729,cust106729,ios,1.8.16,FALSE,54:28.1
dev106730,cust106730,tablet,4.9.15,FALSE,49:57.4
dev106731,cust106731,feature_phone,2.2.8,FALSE,01:04.7
dev106732,cust106732,android,2.4.7,FALSE,42:32.2
dev106733,cust106733,android,3.6.8,FALSE,10:48.1
dev106734,cust106734,feature_phone,1.0.5,FALSE,09:27.0
dev106735,cust106735,tablet,2.9.20,FALSE,09:48.9
dev106736,cust106736,ios,3.3.17,FALSE,45:49.6
dev106737,cust106737,tablet,1.4.13,FALSE,58:55.6
dev106738,cust106738,feature_phone,3.5.2,FALSE,49:41.4
dev106739,cust106739,feature_phone,2.3.8,TRUE,46:45.3
dev106740,cust106740,feature_phone,3.8.0,FALSE,39:52.4
dev106741,cust106741,feature_phone,2.0.16,FALSE,22:30.7
dev106742,cust106742,android,4.8.3,FALSE,22:12.9
dev106743,cust106743,feature_phone,4.1.3,FALSE,28:04.1
dev106744,cust106744,tablet,1.9.12,FALSE,50:48.3
dev106745,cust106745,ios,1.7.4,FALSE,40:03.2
dev106746,cust106746,ios,3.9.1,FALSE,24:51.5
dev106747,cust106747,tablet,2.0.12,FALSE,47:26.1
dev106748,cust106748,tablet,4.6.1,FALSE,56:03.6
dev106749,cust106749,ios,3.4.10,FALSE,06:46.3
dev106750,cust106750,android,2.9.5,FALSE,12:16.3
dev106751,cust106751,tablet,2.4.20,FALSE,38:39.9
dev106752,cust106752,android,2.0.11,FALSE,57:13.2
dev106753,cust106753,feature_phone,4.9.0,FALSE,43:52.1
dev106754,cust106754,android,4.4.16,FALSE,03:42.5
dev106755,cust106755,android,1.3.18,FALSE,33:50.7
dev106756,cust106756,android,4.4.13,FALSE,48:01.4
dev106757,cust106757,ios,3.3.5,FALSE,06:25.7
dev106758,cust106758,ios,2.3.16,FALSE,21:31.8
dev106759,cust106759,ios,3.6.4,FALSE,10:12.7
dev106760,cust106760,ios,1.4.12,FALSE,35:45.2
dev106761,cust106761,android,2.1.17,FALSE,47:53.4
dev106762,cust106762,feature_phone,1.5.18,FALSE,34:43.6
dev106763,cust106763,android,1.2.16,FALSE,18:09.7
dev106764,cust106764,feature_phone,1.2.12,FALSE,11:21.6
dev106765,cust106765,tablet,2.3.15,FALSE,44:08.5
dev106766,cust106766,feature_phone,3.1.20,FALSE,44:42.6
dev106767,cust106767,feature_phone,4.3.4,FALSE,04:55.0
dev106768,cust106768,android,2.2.10,FALSE,31:19.3
dev106769,cust106769,ios,3.9.20,FALSE,07:22.7
dev106770,cust106770,tablet,3.1.10,FALSE,28:04.4
dev106771,cust106771,feature_phone,3.4.11,FALSE,29:35.5
dev106772,cust106772,ios,2.7.7,FALSE,00:10.9
dev106773,cust106773,android,4.2.1,FALSE,41:58.4
dev106774,cust106774,android,4.8.18,FALSE,25:28.6
dev106775,cust106775,feature_phone,4.8.2,FALSE,02:50.0
dev106776,cust106776,tablet,2.5.1,FALSE,22:18.3
dev106777,cust106777,android,2.3.0,FALSE,08:15.9
dev106778,cust106778,android,4.8.15,FALSE,44:34.3
dev106779,cust106779,feature_phone,1.0.2,FALSE,10:09.8
dev106780,cust106780,tablet,1.5.7,FALSE,04:50.6
dev106781,cust106781,android,4.3.18,FALSE,06:31.1
dev106782,cust106782,android,4.2.7,FALSE,39:10.4
dev106783,cust106783,android,3.5.7,FALSE,13:43.5
dev106784,cust106784,feature_phone,1.2.15,FALSE,59:53.9
dev106785,cust106785,feature_phone,3.4.11,FALSE,16:46.0
dev106786,cust106786,ios,1.9.18,FALSE,28:57.2
dev106787,cust106787,ios,1.8.15,FALSE,37:39.9
dev106788,cust106788,tablet,3.4.11,FALSE,37:52.5
dev106789,cust106789,ios,2.5.3,FALSE,37:00.8
dev106790,cust106790,feature_phone,3.2.6,FALSE,41:53.2
dev106791,cust106791,tablet,1.4.8,FALSE,08:46.1
dev106792,cust106792,feature_phone,2.6.19,FALSE,24:11.0
dev106793,cust106793,ios,1.7.11,FALSE,09:16.1
dev106794,cust106794,ios,4.6.5,FALSE,17:30.4
dev106795,cust106795,android,4.3.2,FALSE,54:41.7
dev106796,cust106796,tablet,1.6.4,FALSE,13:38.1
dev106797,cust106797,ios,3.4.17,FALSE,16:52.8
dev106798,cust106798,android,2.1.19,FALSE,50:19.4
dev106799,cust106799,ios,1.2.3,FALSE,48:02.4
dev106800,cust106800,feature_phone,2.5.6,FALSE,43:57.5
dev106801,cust106801,ios,1.0.14,FALSE,04:12.9
dev106802,cust106802,feature_phone,3.6.15,TRUE,57:59.1
dev106803,cust106803,android,3.3.13,FALSE,21:49.1
dev106804,cust106804,ios,4.9.5,FALSE,00:11.5
dev106805,cust106805,feature_phone,3.5.5,FALSE,12:00.0
dev106806,cust106806,feature_phone,3.3.9,FALSE,29:47.8
dev106807,cust106807,tablet,3.5.2,TRUE,34:47.7
dev106808,cust106808,feature_phone,2.9.6,FALSE,22:51.9
dev106809,cust106809,android,4.5.0,FALSE,22:32.5
dev106810,cust106810,feature_phone,2.7.4,FALSE,30:03.4
dev106811,cust106811,tablet,2.3.3,FALSE,17:06.9
dev106812,cust106812,android,4.7.20,FALSE,03:39.9
dev106813,cust106813,ios,1.2.19,FALSE,43:07.4
dev106814,cust106814,android,2.9.2,FALSE,43:22.1
dev106815,cust106815,feature_phone,2.9.8,FALSE,57:00.0
dev106816,cust106816,feature_phone,3.0.14,FALSE,42:31.6
dev106817,cust106817,feature_phone,3.9.2,FALSE,18:46.2
dev106818,cust106818,android,4.1.7,FALSE,54:12.6
dev106819,cust106819,feature_phone,2.7.1,FALSE,46:23.5
dev106820,cust106820,android,2.8.18,FALSE,12:45.8
dev106821,cust106821,ios,4.9.17,FALSE,56:11.5
dev106822,cust106822,ios,1.7.15,FALSE,32:04.4
dev106823,cust106823,feature_phone,4.2.10,FALSE,05:13.7
dev106824,cust106824,ios,3.4.10,TRUE,59:01.9
dev106825,cust106825,tablet,1.9.2,FALSE,11:55.7
dev106826,cust106826,tablet,2.8.11,FALSE,30:57.5
dev106827,cust106827,ios,1.6.15,FALSE,33:46.7
dev106828,cust106828,feature_phone,3.1.17,FALSE,33:29.3
dev106829,cust106829,tablet,1.1.2,FALSE,55:08.6
dev106830,cust106830,tablet,2.5.16,FALSE,56:06.4
dev106831,cust106831,feature_phone,3.0.1,FALSE,13:25.9
dev106832,cust106832,feature_phone,2.0.18,FALSE,27:26.6
dev106833,cust106833,feature_phone,1.7.16,FALSE,49:16.4
dev106834,cust106834,ios,3.8.8,FALSE,08:13.4
dev106835,cust106835,android,1.1.13,FALSE,33:49.5
dev106836,cust106836,tablet,4.5.19,FALSE,03:07.8
dev106837,cust106837,ios,3.6.13,FALSE,51:40.1
dev106838,cust106838,ios,3.7.19,FALSE,42:23.4
dev106839,cust106839,android,3.2.1,FALSE,24:35.4
dev106840,cust106840,android,3.9.5,FALSE,01:42.6
dev106841,cust106841,android,3.9.14,FALSE,27:35.6
dev106842,cust106842,tablet,3.2.14,FALSE,57:56.1
dev106843,cust106843,feature_phone,2.3.20,FALSE,22:46.9
dev106844,cust106844,tablet,2.1.4,FALSE,03:31.1
dev106845,cust106845,android,3.6.0,FALSE,14:35.2
dev106846,cust106846,android,2.4.17,FALSE,29:32.6
dev106847,cust106847,feature_phone,4.3.18,FALSE,56:24.7
dev106848,cust106848,tablet,2.3.3,FALSE,42:09.1
dev106849,cust106849,ios,1.3.6,FALSE,48:28.1
dev106850,cust106850,android,3.1.3,FALSE,14:14.3
dev106851,cust106851,android,4.1.5,FALSE,32:18.9
dev106852,cust106852,feature_phone,3.8.14,FALSE,06:27.8
dev106853,cust106853,feature_phone,3.9.8,FALSE,21:56.9
dev106854,cust106854,android,1.7.20,FALSE,48:24.5
dev106855,cust106855,android,1.6.16,FALSE,39:38.7
dev106856,cust106856,android,2.6.5,FALSE,07:20.5
dev106857,cust106857,android,4.7.8,FALSE,31:16.8
dev106858,cust106858,ios,4.7.20,FALSE,06:07.0
dev106859,cust106859,tablet,1.2.15,FALSE,31:24.5
dev106860,cust106860,ios,4.9.16,FALSE,37:43.5
dev106861,cust106861,feature_phone,1.4.15,FALSE,40:59.3
dev106862,cust106862,ios,1.3.6,FALSE,20:40.6
dev106863,cust106863,feature_phone,1.2.18,FALSE,05:55.1
dev106864,cust106864,feature_phone,1.6.19,FALSE,24:36.2
dev106865,cust106865,tablet,3.7.3,FALSE,55:31.5
dev106866,cust106866,feature_phone,4.9.10,FALSE,35:55.3
dev106867,cust106867,feature_phone,3.3.16,FALSE,13:43.8
dev106868,cust106868,tablet,4.9.4,FALSE,20:53.3
dev106869,cust106869,android,1.2.15,TRUE,58:58.3
dev106870,cust106870,feature_phone,3.7.8,FALSE,39:29.0
dev106871,cust106871,ios,3.6.20,FALSE,23:16.4
dev106872,cust106872,android,3.3.17,FALSE,45:03.9
dev106873,cust106873,ios,3.8.2,FALSE,16:38.2
dev106874,cust106874,ios,1.9.12,FALSE,14:53.9
dev106875,cust106875,ios,4.7.14,FALSE,48:59.3
dev106876,cust106876,feature_phone,2.1.2,FALSE,34:29.5
dev106877,cust106877,feature_phone,2.0.0,FALSE,03:00.5
dev106878,cust106878,ios,3.0.18,FALSE,38:44.0
dev106879,cust106879,feature_phone,3.6.2,FALSE,13:49.3
dev106880,cust106880,android,2.8.5,FALSE,26:46.0
dev106881,cust106881,ios,2.4.19,FALSE,18:47.0
dev106882,cust106882,ios,1.0.19,FALSE,59:43.9
dev106883,cust106883,feature_phone,1.3.15,FALSE,17:20.1
dev106884,cust106884,feature_phone,1.5.6,FALSE,56:42.4
dev106885,cust106885,tablet,2.2.6,FALSE,20:29.5
dev106886,cust106886,tablet,2.4.7,FALSE,19:17.6
dev106887,cust106887,ios,2.6.5,FALSE,47:13.4
dev106888,cust106888,android,1.8.16,FALSE,35:48.6
dev106889,cust106889,android,2.5.8,FALSE,12:17.8
dev106890,cust106890,tablet,3.1.10,FALSE,02:50.3
dev106891,cust106891,tablet,1.4.9,FALSE,47:02.4
dev106892,cust106892,android,4.7.12,FALSE,03:13.6
dev106893,cust106893,tablet,3.3.5,FALSE,14:16.9
dev106894,cust106894,android,1.9.1,FALSE,02:12.2
dev106895,cust106895,feature_phone,3.0.0,FALSE,02:06.5
dev106896,cust106896,ios,2.9.5,FALSE,40:25.4
dev106897,cust106897,ios,1.3.7,FALSE,45:18.7
dev106898,cust106898,tablet,4.6.11,FALSE,09:46.4
dev106899,cust106899,feature_phone,1.0.15,FALSE,51:54.8
dev106900,cust106900,feature_phone,4.1.0,FALSE,56:08.0
dev106901,cust106901,android,2.1.6,FALSE,48:14.9
dev106902,cust106902,ios,2.9.20,TRUE,39:27.3
dev106903,cust106903,tablet,3.1.20,FALSE,57:10.1
dev106904,cust106904,feature_phone,2.6.2,FALSE,46:23.6
dev106905,cust106905,android,3.7.10,FALSE,53:02.6
dev106906,cust106906,feature_phone,2.8.13,FALSE,53:17.5
dev106907,cust106907,ios,2.3.9,FALSE,37:00.0
dev106908,cust106908,tablet,3.8.11,FALSE,08:04.8
dev106909,cust106909,feature_phone,3.8.15,FALSE,48:18.7
dev106910,cust106910,feature_phone,4.5.0,FALSE,41:24.1
dev106911,cust106911,tablet,4.3.18,FALSE,37:01.6
dev106912,cust106912,ios,3.5.11,FALSE,14:44.2
dev106913,cust106913,tablet,4.9.2,FALSE,56:17.4
dev106914,cust106914,ios,4.7.16,FALSE,08:34.6
dev106915,cust106915,feature_phone,1.6.16,FALSE,28:51.1
dev106916,cust106916,ios,4.4.13,FALSE,49:32.4
dev106917,cust106917,feature_phone,2.2.2,FALSE,23:38.3
dev106918,cust106918,tablet,2.5.3,FALSE,05:11.9
dev106919,cust106919,feature_phone,2.4.0,FALSE,54:57.3
dev106920,cust106920,feature_phone,1.3.14,FALSE,20:20.5
dev106921,cust106921,android,4.9.18,FALSE,22:07.8
dev106922,cust106922,feature_phone,4.7.10,FALSE,16:21.3
dev106923,cust106923,android,3.8.6,FALSE,31:22.3
dev106924,cust106924,tablet,2.9.9,FALSE,16:42.9
dev106925,cust106925,feature_phone,4.6.13,FALSE,06:23.6
dev106926,cust106926,tablet,1.1.4,FALSE,26:10.3
dev106927,cust106927,ios,1.5.20,FALSE,06:41.9
dev106928,cust106928,ios,1.1.18,FALSE,59:23.5
dev106929,cust106929,feature_phone,1.7.15,FALSE,10:24.7
dev106930,cust106930,android,4.9.8,FALSE,18:07.7
dev106931,cust106931,tablet,1.5.9,FALSE,23:47.9
dev106932,cust106932,android,4.1.18,FALSE,45:41.0
dev106933,cust106933,ios,4.3.4,FALSE,31:55.6
dev106934,cust106934,tablet,4.3.14,FALSE,03:14.9
dev106935,cust106935,android,1.4.20,FALSE,15:40.0
dev106936,cust106936,tablet,3.7.13,FALSE,07:26.2
dev106937,cust106937,ios,2.7.18,FALSE,11:01.5
dev106938,cust106938,ios,2.5.19,FALSE,58:36.1
dev106939,cust106939,android,1.3.15,FALSE,25:23.0
dev106940,cust106940,android,4.6.16,FALSE,33:15.1
dev106941,cust106941,android,3.9.9,FALSE,10:26.3
dev106942,cust106942,android,4.2.12,FALSE,36:15.5
dev106943,cust106943,tablet,4.1.19,FALSE,26:09.0
dev106944,cust106944,android,2.5.20,TRUE,59:08.2
dev106945,cust106945,feature_phone,2.0.12,FALSE,10:15.4
dev106946,cust106946,ios,2.9.3,FALSE,18:20.9
dev106947,cust106947,feature_phone,4.8.2,FALSE,39:44.7
dev106948,cust106948,android,2.4.15,FALSE,19:37.9
dev106949,cust106949,feature_phone,4.9.1,FALSE,38:17.7
dev106950,cust106950,android,2.5.12,FALSE,09:15.4
dev106951,cust106951,ios,1.8.14,FALSE,11:26.1
dev106952,cust106952,ios,4.1.6,FALSE,36:22.8
dev106953,cust106953,feature_phone,2.3.0,FALSE,35:06.8
dev106954,cust106954,android,3.6.7,FALSE,09:49.0
dev106955,cust106955,feature_phone,2.1.20,FALSE,30:30.5
dev106956,cust106956,tablet,2.9.2,FALSE,14:36.8
dev106957,cust106957,tablet,1.0.4,FALSE,53:51.6
dev106958,cust106958,android,1.2.18,FALSE,22:49.6
dev106959,cust106959,feature_phone,1.1.5,FALSE,44:26.4
dev106960,cust106960,tablet,2.4.13,FALSE,00:47.3
dev106961,cust106961,feature_phone,2.5.8,FALSE,07:57.6
dev106962,cust106962,tablet,3.3.5,FALSE,30:57.5
dev106963,cust106963,feature_phone,3.7.14,FALSE,53:39.4
dev106964,cust106964,tablet,1.6.11,FALSE,29:39.6
dev106965,cust106965,tablet,1.4.10,FALSE,39:54.8
dev106966,cust106966,tablet,2.4.14,FALSE,49:16.1
dev106967,cust106967,ios,3.7.11,FALSE,38:00.1
dev106968,cust106968,android,4.3.14,FALSE,53:59.1
dev106969,cust106969,android,3.7.6,FALSE,13:20.4
dev106970,cust106970,feature_phone,2.1.11,FALSE,24:27.3
dev106971,cust106971,tablet,2.6.11,FALSE,21:02.3
dev106972,cust106972,android,1.4.11,FALSE,57:38.8
dev106973,cust106973,android,2.9.9,FALSE,25:47.6
dev106974,cust106974,android,3.1.13,FALSE,03:06.5
dev106975,cust106975,ios,4.1.8,FALSE,22:20.4
dev106976,cust106976,feature_phone,3.4.5,FALSE,28:38.2
dev106977,cust106977,android,4.5.7,FALSE,17:20.4
dev106978,cust106978,tablet,4.4.14,FALSE,19:45.5
dev106979,cust106979,ios,1.9.9,FALSE,07:33.2
dev106980,cust106980,tablet,1.8.17,FALSE,53:20.5
dev106981,cust106981,ios,1.0.4,FALSE,52:47.9
dev106982,cust106982,tablet,1.8.20,FALSE,05:14.0
dev106983,cust106983,tablet,1.4.9,FALSE,42:07.0
dev106984,cust106984,android,2.0.15,FALSE,26:44.7
dev106985,cust106985,android,2.7.19,FALSE,47:23.7
dev106986,cust106986,tablet,4.9.9,FALSE,57:28.3
dev106987,cust106987,tablet,4.7.14,FALSE,12:37.2
dev106988,cust106988,feature_phone,1.3.17,FALSE,50:54.8
dev106989,cust106989,android,1.7.11,FALSE,49:11.7
dev106990,cust106990,ios,3.3.20,FALSE,55:13.5
dev106991,cust106991,feature_phone,4.5.20,FALSE,47:58.6
dev106992,cust106992,feature_phone,2.8.1,FALSE,44:55.7
dev106993,cust106993,tablet,2.0.9,FALSE,32:31.0
dev106994,cust106994,android,1.1.13,FALSE,29:25.5
dev106995,cust106995,tablet,1.2.9,FALSE,50:55.0
dev106996,cust106996,android,4.3.19,FALSE,01:36.8
dev106997,cust106997,ios,1.2.0,TRUE,42:07.3
dev106998,cust106998,ios,1.5.17,FALSE,52:26.2
dev106999,cust106999,ios,3.8.15,FALSE,51:14.4
dev107000,cust107000,tablet,1.7.19,FALSE,40:55.2
dev107001,cust107001,feature_phone,2.9.0,FALSE,59:45.4
dev107002,cust107002,tablet,1.8.5,FALSE,58:04.4
dev107003,cust107003,ios,4.0.8,FALSE,11:27.4
dev107004,cust107004,ios,4.2.19,FALSE,43:30.5
dev107005,cust107005,android,2.8.14,FALSE,10:00.3
dev107006,cust107006,tablet,1.1.11,FALSE,25:25.5
dev107007,cust107007,android,4.2.7,FALSE,07:25.7
dev107008,cust107008,tablet,3.6.8,FALSE,01:09.4
dev107009,cust107009,ios,4.0.9,FALSE,25:42.6
dev107010,cust107010,tablet,4.2.7,FALSE,37:22.9
dev107011,cust107011,ios,2.7.11,FALSE,57:12.7
dev107012,cust107012,android,1.1.20,FALSE,50:54.6
dev107013,cust107013,feature_phone,3.8.2,FALSE,10:34.1
dev107014,cust107014,tablet,4.8.15,FALSE,12:06.1
dev107015,cust107015,ios,1.3.8,FALSE,51:13.5
dev107016,cust107016,ios,2.8.9,FALSE,25:02.1
dev107017,cust107017,android,2.3.12,FALSE,07:59.5
dev107018,cust107018,tablet,2.9.9,FALSE,24:26.1
dev107019,cust107019,tablet,3.2.17,FALSE,39:33.5
dev107020,cust107020,android,3.0.9,FALSE,52:09.1
dev107021,cust107021,feature_phone,4.0.13,FALSE,38:57.8
dev107022,cust107022,android,3.1.11,TRUE,26:05.0
dev107023,cust107023,ios,4.8.20,FALSE,13:13.7
dev107024,cust107024,ios,1.8.10,FALSE,04:49.4
dev107025,cust107025,ios,2.1.16,FALSE,20:27.9
dev107026,cust107026,android,4.2.16,FALSE,31:33.2
dev107027,cust107027,ios,2.4.11,FALSE,34:54.2
dev107028,cust107028,feature_phone,4.3.15,FALSE,39:28.7
dev107029,cust107029,tablet,1.6.12,FALSE,51:32.2
dev107030,cust107030,tablet,3.8.15,FALSE,51:16.4
dev107031,cust107031,feature_phone,1.9.16,FALSE,18:32.6
dev107032,cust107032,android,1.6.9,FALSE,01:49.3
dev107033,cust107033,android,4.6.16,FALSE,43:42.8
dev107034,cust107034,android,2.7.1,FALSE,48:58.3
dev107035,cust107035,feature_phone,1.5.7,FALSE,40:13.7
dev107036,cust107036,ios,2.2.9,FALSE,49:34.3
dev107037,cust107037,android,3.8.15,FALSE,46:19.3
dev107038,cust107038,tablet,4.1.18,FALSE,06:26.6
dev107039,cust107039,feature_phone,3.2.8,FALSE,47:23.2
dev107040,cust107040,ios,1.2.14,FALSE,22:16.4
dev107041,cust107041,android,2.1.17,FALSE,44:43.2
dev107042,cust107042,tablet,4.4.3,FALSE,35:05.4
dev107043,cust107043,android,3.0.20,TRUE,40:29.6
dev107044,cust107044,tablet,2.6.5,FALSE,46:48.9
dev107045,cust107045,android,3.3.14,FALSE,56:51.9
dev107046,cust107046,feature_phone,3.3.19,FALSE,27:17.6
dev107047,cust107047,android,3.5.9,FALSE,30:25.4
dev107048,cust107048,feature_phone,3.4.10,FALSE,38:38.4
dev107049,cust107049,ios,2.6.19,FALSE,33:33.8
dev107050,cust107050,tablet,1.2.11,FALSE,49:04.7
dev107051,cust107051,ios,4.8.15,FALSE,38:42.4
dev107052,cust107052,android,2.8.17,FALSE,09:36.5
dev107053,cust107053,tablet,1.4.6,FALSE,43:24.2
dev107054,cust107054,feature_phone,3.7.8,FALSE,25:33.3
dev107055,cust107055,tablet,3.8.2,FALSE,00:08.6
dev107056,cust107056,feature_phone,2.7.0,FALSE,29:37.0
dev107057,cust107057,feature_phone,2.6.1,FALSE,41:34.6
dev107058,cust107058,android,2.5.16,FALSE,16:47.5
dev107059,cust107059,feature_phone,1.4.5,FALSE,45:39.0
dev107060,cust107060,tablet,3.5.1,FALSE,37:50.7
dev107061,cust107061,tablet,1.5.8,FALSE,44:05.9
dev107062,cust107062,tablet,4.7.13,FALSE,42:15.3
dev107063,cust107063,tablet,2.2.3,FALSE,03:41.6
dev107064,cust107064,android,3.1.9,FALSE,55:40.1
dev107065,cust107065,tablet,4.7.11,FALSE,45:01.7
dev107066,cust107066,ios,3.4.5,FALSE,52:31.9
dev107067,cust107067,tablet,3.1.5,FALSE,09:03.3
dev107068,cust107068,android,4.3.19,FALSE,37:27.1
dev107069,cust107069,tablet,1.9.13,FALSE,34:01.7
dev107070,cust107070,ios,4.6.6,FALSE,27:54.2
dev107071,cust107071,tablet,3.3.13,FALSE,12:44.4
dev107072,cust107072,android,4.9.20,FALSE,20:50.3
dev107073,cust107073,tablet,2.7.4,FALSE,30:34.4
dev107074,cust107074,ios,4.8.6,FALSE,37:22.2
dev107075,cust107075,tablet,3.1.16,FALSE,54:25.9
dev107076,cust107076,android,3.1.11,FALSE,40:17.9
dev107077,cust107077,feature_phone,1.4.10,FALSE,35:49.8
dev107078,cust107078,ios,4.5.8,FALSE,02:48.5
dev107079,cust107079,ios,3.2.1,FALSE,15:46.0
dev107080,cust107080,feature_phone,3.5.16,FALSE,03:26.4
dev107081,cust107081,android,2.5.2,FALSE,59:49.4
dev107082,cust107082,tablet,2.8.3,FALSE,52:37.6
dev107083,cust107083,android,4.5.15,TRUE,18:33.6
dev107084,cust107084,tablet,4.3.9,TRUE,22:00.9
dev107085,cust107085,tablet,4.2.4,FALSE,44:13.1
dev107086,cust107086,android,4.8.19,FALSE,29:36.7
dev107087,cust107087,android,1.8.15,FALSE,17:15.1
dev107088,cust107088,tablet,2.5.2,FALSE,29:47.6
dev107089,cust107089,tablet,2.3.20,FALSE,59:36.0
dev107090,cust107090,feature_phone,3.5.9,FALSE,22:45.2
dev107091,cust107091,feature_phone,1.0.0,FALSE,55:26.8
dev107092,cust107092,ios,2.5.18,FALSE,38:55.6
dev107093,cust107093,android,2.1.1,TRUE,28:21.4
dev107094,cust107094,android,1.3.6,FALSE,21:13.0
dev107095,cust107095,tablet,4.3.10,FALSE,32:49.5
dev107096,cust107096,android,2.8.8,FALSE,21:22.6
dev107097,cust107097,feature_phone,4.0.10,FALSE,04:59.0
dev107098,cust107098,android,3.0.18,FALSE,32:30.0
dev107099,cust107099,ios,4.5.5,FALSE,17:52.1
dev107100,cust107100,android,2.8.12,FALSE,45:25.5
dev107101,cust107101,tablet,3.2.1,FALSE,22:41.1
dev107102,cust107102,android,2.9.2,FALSE,20:04.4
dev107103,cust107103,feature_phone,4.7.6,TRUE,07:24.4
dev107104,cust107104,tablet,1.5.6,FALSE,45:29.1
dev107105,cust107105,tablet,1.4.18,FALSE,18:39.6
dev107106,cust107106,tablet,3.2.20,FALSE,40:35.2
dev107107,cust107107,tablet,2.0.13,FALSE,37:41.1
dev107108,cust107108,ios,1.5.8,FALSE,23:36.5
dev107109,cust107109,android,2.2.17,FALSE,42:31.9
dev107110,cust107110,feature_phone,4.0.7,FALSE,15:12.5
dev107111,cust107111,ios,1.6.6,FALSE,22:49.5
dev107112,cust107112,tablet,2.5.7,FALSE,05:34.5
dev107113,cust107113,android,1.9.10,FALSE,54:17.0
dev107114,cust107114,feature_phone,1.8.11,FALSE,27:28.0
dev107115,cust107115,ios,1.6.4,FALSE,57:01.5
dev107116,cust107116,tablet,2.2.11,FALSE,44:45.6
dev107117,cust107117,android,2.6.16,FALSE,15:36.0
dev107118,cust107118,android,1.1.6,FALSE,04:01.1
dev107119,cust107119,android,1.5.20,FALSE,12:05.7
dev107120,cust107120,android,4.6.9,FALSE,09:49.1
dev107121,cust107121,ios,2.6.13,FALSE,22:51.2
dev107122,cust107122,tablet,2.5.17,FALSE,25:26.1
dev107123,cust107123,feature_phone,3.9.2,FALSE,41:10.3
dev107124,cust107124,ios,2.5.7,FALSE,04:17.0
dev107125,cust107125,android,1.4.14,FALSE,34:00.9
dev107126,cust107126,android,1.9.11,FALSE,27:49.8
dev107127,cust107127,feature_phone,2.7.15,FALSE,53:30.6
dev107128,cust107128,android,4.6.8,FALSE,11:10.0
dev107129,cust107129,android,3.4.4,FALSE,39:41.5
dev107130,cust107130,feature_phone,4.7.17,FALSE,25:45.2
dev107131,cust107131,android,2.3.10,FALSE,15:59.3
dev107132,cust107132,ios,3.7.5,FALSE,30:42.2
dev107133,cust107133,feature_phone,2.2.6,FALSE,18:43.7
dev107134,cust107134,feature_phone,4.1.20,FALSE,32:12.9
dev107135,cust107135,android,4.3.6,FALSE,41:22.7
dev107136,cust107136,ios,1.4.10,FALSE,40:58.4
dev107137,cust107137,ios,2.6.13,FALSE,20:00.1
dev107138,cust107138,feature_phone,2.0.16,FALSE,11:37.9
dev107139,cust107139,android,2.7.3,FALSE,43:03.6
dev107140,cust107140,ios,1.3.4,FALSE,12:45.1
dev107141,cust107141,tablet,4.2.8,FALSE,53:12.8
dev107142,cust107142,ios,1.4.14,FALSE,08:17.3
dev107143,cust107143,tablet,2.9.12,FALSE,43:17.5
dev107144,cust107144,ios,2.3.3,FALSE,07:12.7
dev107145,cust107145,tablet,2.6.0,FALSE,43:29.1
dev107146,cust107146,feature_phone,2.7.1,FALSE,18:30.0
dev107147,cust107147,feature_phone,1.3.15,FALSE,56:49.1
dev107148,cust107148,ios,1.1.10,FALSE,26:42.9
dev107149,cust107149,ios,4.0.0,FALSE,00:27.4
dev107150,cust107150,tablet,2.7.6,FALSE,37:34.6
dev107151,cust107151,feature_phone,3.6.0,FALSE,21:50.5
dev107152,cust107152,ios,2.7.8,FALSE,26:38.9
dev107153,cust107153,feature_phone,3.9.11,FALSE,36:02.7
dev107154,cust107154,tablet,3.1.4,FALSE,37:59.7
dev107155,cust107155,ios,1.0.0,FALSE,00:56.9
dev107156,cust107156,feature_phone,4.2.2,FALSE,35:31.8
dev107157,cust107157,android,3.4.1,FALSE,15:13.0
dev107158,cust107158,tablet,1.3.3,FALSE,02:44.4
dev107159,cust107159,feature_phone,3.8.9,FALSE,38:57.0
dev107160,cust107160,tablet,2.0.5,FALSE,30:43.2
dev107161,cust107161,ios,3.6.10,FALSE,36:16.1
dev107162,cust107162,feature_phone,4.1.9,FALSE,05:50.3
dev107163,cust107163,ios,3.3.12,FALSE,30:11.4
dev107164,cust107164,android,2.3.16,FALSE,41:02.0
dev107165,cust107165,tablet,2.2.2,FALSE,07:35.8
dev107166,cust107166,tablet,4.2.3,FALSE,04:09.0
dev107167,cust107167,android,1.8.7,FALSE,41:25.9
dev107168,cust107168,android,2.5.2,FALSE,39:53.2
dev107169,cust107169,feature_phone,3.4.15,FALSE,53:31.4
dev107170,cust107170,ios,4.3.2,FALSE,02:52.6
dev107171,cust107171,tablet,4.3.11,FALSE,43:33.6
dev107172,cust107172,android,4.5.0,FALSE,05:41.0
dev107173,cust107173,feature_phone,4.0.16,FALSE,43:50.5
dev107174,cust107174,tablet,3.5.16,FALSE,54:29.5
dev107175,cust107175,android,1.7.3,FALSE,47:18.0
dev107176,cust107176,tablet,2.3.20,FALSE,38:31.6
dev107177,cust107177,ios,1.8.11,FALSE,53:57.6
dev107178,cust107178,feature_phone,1.1.16,FALSE,12:44.7
dev107179,cust107179,tablet,2.6.14,FALSE,17:37.7
dev107180,cust107180,ios,2.4.15,FALSE,04:52.3
dev107181,cust107181,feature_phone,1.5.4,FALSE,28:18.5
dev107182,cust107182,ios,3.3.5,FALSE,14:32.3
dev107183,cust107183,ios,1.6.16,FALSE,21:05.7
dev107184,cust107184,feature_phone,1.9.8,FALSE,56:28.4
dev107185,cust107185,ios,2.7.15,FALSE,03:02.6
dev107186,cust107186,android,1.1.15,TRUE,50:32.8
dev107187,cust107187,tablet,3.4.15,FALSE,12:07.1
dev107188,cust107188,tablet,4.5.11,FALSE,11:18.5
dev107189,cust107189,feature_phone,2.1.16,FALSE,52:53.2
dev107190,cust107190,ios,4.1.20,FALSE,17:20.9
dev107191,cust107191,android,4.5.20,FALSE,47:00.5
dev107192,cust107192,tablet,1.6.17,FALSE,00:26.5
dev107193,cust107193,android,3.7.0,FALSE,32:32.0
dev107194,cust107194,android,2.3.19,FALSE,11:36.6
dev107195,cust107195,tablet,2.7.16,FALSE,11:22.3
dev107196,cust107196,tablet,1.6.6,FALSE,11:36.1
dev107197,cust107197,android,2.1.14,FALSE,43:52.5
dev107198,cust107198,android,1.8.11,FALSE,05:37.2
dev107199,cust107199,feature_phone,1.3.11,FALSE,15:11.1
dev107200,cust107200,feature_phone,3.1.6,FALSE,24:32.9
dev107201,cust107201,ios,4.9.11,FALSE,27:56.7
dev107202,cust107202,feature_phone,3.3.6,FALSE,36:02.0
dev107203,cust107203,android,1.2.11,FALSE,47:22.9
dev107204,cust107204,ios,2.2.5,FALSE,26:46.3
dev107205,cust107205,tablet,3.9.19,FALSE,15:55.8
dev107206,cust107206,android,2.1.8,FALSE,33:58.8
dev107207,cust107207,ios,4.1.7,FALSE,52:21.5
dev107208,cust107208,android,2.4.14,FALSE,29:30.2
dev107209,cust107209,ios,2.0.20,FALSE,15:50.0
dev107210,cust107210,feature_phone,1.0.4,FALSE,44:03.4
dev107211,cust107211,android,3.8.13,FALSE,38:22.5
dev107212,cust107212,ios,1.6.6,FALSE,30:56.6
dev107213,cust107213,android,3.4.17,FALSE,42:48.5
dev107214,cust107214,android,2.8.17,FALSE,33:13.1
dev107215,cust107215,tablet,4.4.2,FALSE,20:46.1
dev107216,cust107216,ios,3.5.12,FALSE,52:16.1
dev107217,cust107217,ios,2.9.17,FALSE,17:02.7
dev107218,cust107218,ios,3.0.16,FALSE,29:00.9
dev107219,cust107219,ios,1.0.0,FALSE,10:38.4
dev107220,cust107220,android,1.2.10,FALSE,09:39.4
dev107221,cust107221,android,4.0.4,FALSE,56:05.7
dev107222,cust107222,feature_phone,3.7.3,FALSE,53:07.7
dev107223,cust107223,ios,4.1.9,FALSE,18:04.5
dev107224,cust107224,feature_phone,4.5.16,FALSE,01:35.4
dev107225,cust107225,tablet,4.0.15,FALSE,31:38.9
dev107226,cust107226,feature_phone,2.7.12,FALSE,57:02.4
dev107227,cust107227,tablet,1.1.4,FALSE,08:33.5
dev107228,cust107228,android,3.9.14,FALSE,09:48.1
dev107229,cust107229,ios,2.8.15,FALSE,06:47.3
dev107230,cust107230,tablet,3.2.17,FALSE,40:01.6
dev107231,cust107231,ios,4.5.3,FALSE,28:48.1
dev107232,cust107232,ios,4.5.1,FALSE,47:46.6
dev107233,cust107233,feature_phone,3.5.2,FALSE,53:09.7
dev107234,cust107234,android,3.2.2,FALSE,26:16.4
dev107235,cust107235,tablet,3.9.17,FALSE,12:24.1
dev107236,cust107236,tablet,4.5.7,FALSE,20:22.0
dev107237,cust107237,feature_phone,3.7.3,FALSE,07:30.3
dev107238,cust107238,feature_phone,3.9.12,TRUE,06:00.8
dev107239,cust107239,feature_phone,4.4.12,FALSE,02:28.1
dev107240,cust107240,tablet,1.4.10,FALSE,43:35.4
dev107241,cust107241,feature_phone,2.0.2,FALSE,59:53.7
dev107242,cust107242,tablet,1.1.9,FALSE,48:37.7
dev107243,cust107243,ios,2.6.4,FALSE,19:03.6
dev107244,cust107244,tablet,3.6.6,FALSE,18:27.3
dev107245,cust107245,ios,4.5.4,FALSE,17:25.6
dev107246,cust107246,android,2.8.15,FALSE,07:43.6
dev107247,cust107247,feature_phone,1.7.14,FALSE,56:55.1
dev107248,cust107248,android,2.9.15,FALSE,36:50.4
dev107249,cust107249,tablet,4.4.4,FALSE,39:35.8
dev107250,cust107250,feature_phone,3.3.18,FALSE,02:18.2
dev107251,cust107251,tablet,3.8.7,FALSE,26:09.4
dev107252,cust107252,tablet,4.7.0,FALSE,00:12.7
dev107253,cust107253,android,4.3.17,FALSE,31:39.3
dev107254,cust107254,feature_phone,2.3.3,FALSE,19:19.8
dev107255,cust107255,tablet,2.2.15,FALSE,55:20.7
dev107256,cust107256,android,4.9.8,FALSE,15:48.3
dev107257,cust107257,feature_phone,2.5.18,TRUE,39:19.8
dev107258,cust107258,android,4.2.18,FALSE,59:00.2
dev107259,cust107259,feature_phone,3.7.7,FALSE,11:58.6
dev107260,cust107260,android,1.9.0,FALSE,03:07.9
dev107261,cust107261,ios,3.4.0,FALSE,11:38.0
dev107262,cust107262,android,2.5.4,FALSE,10:24.7
dev107263,cust107263,feature_phone,4.6.10,FALSE,12:32.2
dev107264,cust107264,android,3.0.9,FALSE,12:28.6
dev107265,cust107265,feature_phone,3.1.19,FALSE,09:54.1
dev107266,cust107266,tablet,3.3.16,FALSE,15:21.6
dev107267,cust107267,ios,1.9.11,FALSE,27:51.5
dev107268,cust107268,tablet,3.3.8,FALSE,39:07.6
dev107269,cust107269,tablet,3.1.4,FALSE,14:43.5
dev107270,cust107270,tablet,3.9.14,FALSE,05:17.4
dev107271,cust107271,ios,2.8.5,FALSE,01:59.9
dev107272,cust107272,tablet,1.9.2,FALSE,30:44.6
dev107273,cust107273,ios,3.6.15,FALSE,12:36.0
dev107274,cust107274,tablet,3.2.15,FALSE,40:42.4
dev107275,cust107275,feature_phone,1.7.15,FALSE,02:50.4
dev107276,cust107276,ios,1.8.18,FALSE,53:48.3
dev107277,cust107277,ios,3.7.3,FALSE,13:19.3
dev107278,cust107278,tablet,2.0.4,FALSE,50:55.7
dev107279,cust107279,feature_phone,4.5.10,FALSE,03:21.6
dev107280,cust107280,ios,3.9.9,FALSE,40:01.4
dev107281,cust107281,android,2.5.2,FALSE,17:23.4
dev107282,cust107282,android,3.9.16,FALSE,37:37.9
dev107283,cust107283,android,2.3.18,FALSE,46:01.9
dev107284,cust107284,android,1.8.15,FALSE,02:19.5
dev107285,cust107285,feature_phone,4.7.13,FALSE,51:53.3
dev107286,cust107286,ios,3.2.8,FALSE,30:18.0
dev107287,cust107287,android,3.5.9,FALSE,29:30.6
dev107288,cust107288,tablet,1.4.1,FALSE,11:24.2
dev107289,cust107289,ios,3.1.18,FALSE,01:01.9
dev107290,cust107290,ios,2.3.17,FALSE,12:42.0
dev107291,cust107291,tablet,1.5.17,FALSE,12:34.4
dev107292,cust107292,ios,3.0.1,FALSE,51:54.0
dev107293,cust107293,ios,1.3.20,FALSE,36:56.5
dev107294,cust107294,feature_phone,1.5.12,FALSE,53:31.4
dev107295,cust107295,feature_phone,3.8.1,FALSE,40:26.1
dev107296,cust107296,feature_phone,4.1.8,FALSE,25:19.1
dev107297,cust107297,tablet,4.8.19,FALSE,40:45.6
dev107298,cust107298,ios,4.5.20,FALSE,21:09.6
dev107299,cust107299,tablet,2.8.16,FALSE,54:56.1
dev107300,cust107300,android,3.2.16,FALSE,59:27.5
dev107301,cust107301,feature_phone,3.8.7,FALSE,51:43.6
dev107302,cust107302,ios,1.0.17,FALSE,06:44.6
dev107303,cust107303,tablet,1.4.2,FALSE,37:02.2
dev107304,cust107304,ios,2.6.0,FALSE,01:05.5
dev107305,cust107305,feature_phone,2.2.6,FALSE,58:33.2
dev107306,cust107306,tablet,1.0.6,FALSE,30:26.1
dev107307,cust107307,ios,4.1.11,FALSE,37:13.0
dev107308,cust107308,android,3.5.1,FALSE,01:30.9
dev107309,cust107309,tablet,1.3.9,FALSE,40:46.9
dev107310,cust107310,tablet,3.7.16,FALSE,19:35.6
dev107311,cust107311,feature_phone,3.4.8,FALSE,13:23.4
dev107312,cust107312,ios,3.7.10,FALSE,16:15.5
dev107313,cust107313,ios,4.0.13,FALSE,45:20.6
dev107314,cust107314,ios,3.1.18,FALSE,35:58.7
dev107315,cust107315,feature_phone,1.7.16,FALSE,59:57.2
dev107316,cust107316,ios,3.1.11,FALSE,38:01.7
dev107317,cust107317,ios,4.1.20,FALSE,06:51.8
dev107318,cust107318,feature_phone,1.4.10,FALSE,19:03.9
dev107319,cust107319,feature_phone,1.6.10,FALSE,31:29.4
dev107320,cust107320,tablet,2.8.4,FALSE,31:15.8
dev107321,cust107321,feature_phone,3.7.1,FALSE,23:15.8
dev107322,cust107322,android,1.0.3,FALSE,07:24.5
dev107323,cust107323,android,3.7.13,FALSE,56:37.9
dev107324,cust107324,android,1.4.17,FALSE,45:01.5
dev107325,cust107325,feature_phone,1.3.8,FALSE,40:47.4
dev107326,cust107326,android,4.1.17,FALSE,38:45.5
dev107327,cust107327,android,4.0.20,FALSE,28:52.5
dev107328,cust107328,ios,4.2.4,FALSE,36:39.8
dev107329,cust107329,android,4.4.15,FALSE,17:33.2
dev107330,cust107330,android,2.3.0,FALSE,44:21.5
dev107331,cust107331,feature_phone,3.8.0,FALSE,58:18.5
dev107332,cust107332,android,3.1.15,FALSE,40:59.3
dev107333,cust107333,tablet,2.5.10,FALSE,53:29.8
dev107334,cust107334,android,3.5.0,FALSE,33:19.0
dev107335,cust107335,ios,2.2.4,FALSE,42:31.7
dev107336,cust107336,ios,1.9.18,FALSE,45:29.7
dev107337,cust107337,ios,1.8.6,FALSE,24:05.6
dev107338,cust107338,tablet,3.6.0,FALSE,48:58.5
dev107339,cust107339,feature_phone,3.9.14,FALSE,55:52.1
dev107340,cust107340,feature_phone,2.5.20,FALSE,30:56.5
dev107341,cust107341,android,1.9.15,FALSE,01:53.5
dev107342,cust107342,ios,4.3.9,FALSE,59:23.4
dev107343,cust107343,tablet,4.2.5,FALSE,54:24.8
dev107344,cust107344,feature_phone,4.5.16,FALSE,19:44.2
dev107345,cust107345,android,4.9.18,FALSE,20:11.5
dev107346,cust107346,tablet,2.0.11,FALSE,33:29.1
dev107347,cust107347,android,3.3.8,FALSE,09:03.8
dev107348,cust107348,tablet,4.8.20,FALSE,44:16.4
dev107349,cust107349,ios,1.3.19,FALSE,47:49.9
dev107350,cust107350,ios,2.4.4,FALSE,52:34.7
dev107351,cust107351,tablet,1.6.18,FALSE,12:38.2
dev107352,cust107352,android,2.7.3,FALSE,23:10.8
dev107353,cust107353,feature_phone,1.6.19,FALSE,19:22.4
dev107354,cust107354,feature_phone,4.8.17,FALSE,42:16.6
dev107355,cust107355,tablet,3.7.17,FALSE,38:45.5
dev107356,cust107356,feature_phone,2.1.19,FALSE,13:15.3
dev107357,cust107357,feature_phone,4.1.11,FALSE,37:10.8
dev107358,cust107358,tablet,1.8.19,FALSE,25:08.3
dev107359,cust107359,ios,3.1.9,FALSE,20:00.3
dev107360,cust107360,ios,2.3.20,FALSE,24:05.9
dev107361,cust107361,ios,4.3.11,FALSE,11:45.4
dev107362,cust107362,tablet,3.2.12,FALSE,57:16.9
dev107363,cust107363,tablet,1.7.20,FALSE,35:42.5
dev107364,cust107364,android,1.1.7,FALSE,46:34.5
dev107365,cust107365,android,3.6.1,FALSE,53:10.0
dev107366,cust107366,android,2.8.18,FALSE,08:19.5
dev107367,cust107367,android,3.0.0,FALSE,10:04.0
dev107368,cust107368,ios,2.9.4,FALSE,09:06.5
dev107369,cust107369,android,3.1.6,FALSE,13:02.9
dev107370,cust107370,tablet,1.1.5,FALSE,07:54.9
dev107371,cust107371,feature_phone,1.4.11,FALSE,07:59.0
dev107372,cust107372,ios,2.6.14,FALSE,11:08.4
dev107373,cust107373,feature_phone,1.8.0,FALSE,57:44.8
dev107374,cust107374,tablet,1.2.1,FALSE,55:17.2
dev107375,cust107375,ios,4.0.13,FALSE,10:07.6
dev107376,cust107376,android,2.0.11,FALSE,25:02.4
dev107377,cust107377,ios,2.6.10,FALSE,07:46.1
dev107378,cust107378,feature_phone,1.1.8,FALSE,37:27.8
dev107379,cust107379,android,3.4.11,FALSE,40:05.1
dev107380,cust107380,feature_phone,3.8.10,FALSE,00:24.9
dev107381,cust107381,tablet,1.7.9,FALSE,49:40.9
dev107382,cust107382,feature_phone,2.8.12,FALSE,38:48.6
dev107383,cust107383,feature_phone,3.2.19,FALSE,32:33.4
dev107384,cust107384,feature_phone,4.0.9,FALSE,40:39.1
dev107385,cust107385,tablet,3.2.2,FALSE,47:50.8
dev107386,cust107386,tablet,3.5.6,FALSE,11:33.3
dev107387,cust107387,tablet,1.4.20,FALSE,42:09.9
dev107388,cust107388,ios,3.9.19,FALSE,07:50.7
dev107389,cust107389,feature_phone,4.7.6,FALSE,49:40.0
dev107390,cust107390,android,4.6.1,FALSE,10:12.7
dev107391,cust107391,feature_phone,4.1.6,FALSE,01:26.8
dev107392,cust107392,android,4.6.16,FALSE,43:46.0
dev107393,cust107393,tablet,2.0.15,FALSE,41:50.6
dev107394,cust107394,feature_phone,3.3.5,FALSE,46:53.9
dev107395,cust107395,android,1.2.6,FALSE,15:40.6
dev107396,cust107396,android,2.2.17,FALSE,29:39.3
dev107397,cust107397,android,3.4.15,FALSE,58:33.5
dev107398,cust107398,ios,3.1.9,FALSE,29:55.8
dev107399,cust107399,ios,1.0.9,FALSE,57:01.1
dev107400,cust107400,tablet,2.1.19,FALSE,59:19.0
dev107401,cust107401,android,2.4.19,FALSE,18:20.7
dev107402,cust107402,android,3.8.3,FALSE,54:11.2
dev107403,cust107403,android,3.6.6,FALSE,58:55.8
dev107404,cust107404,ios,3.8.1,FALSE,28:51.8
dev107405,cust107405,ios,3.4.8,FALSE,22:59.0
dev107406,cust107406,tablet,1.0.15,FALSE,21:14.3
dev107407,cust107407,feature_phone,2.8.8,FALSE,09:23.6
dev107408,cust107408,feature_phone,4.4.4,FALSE,35:56.9
dev107409,cust107409,ios,2.1.14,FALSE,52:35.7
dev107410,cust107410,tablet,4.9.7,FALSE,46:36.6
dev107411,cust107411,feature_phone,1.9.4,FALSE,27:04.4
dev107412,cust107412,ios,4.0.17,FALSE,41:03.3
dev107413,cust107413,ios,1.0.2,FALSE,11:43.0
dev107414,cust107414,tablet,3.0.3,FALSE,32:47.3
dev107415,cust107415,feature_phone,3.7.19,FALSE,20:57.3
dev107416,cust107416,tablet,4.2.13,FALSE,45:36.2
dev107417,cust107417,tablet,3.5.13,FALSE,54:36.3
dev107418,cust107418,android,1.1.19,FALSE,26:10.5
dev107419,cust107419,feature_phone,1.8.3,FALSE,40:58.8
dev107420,cust107420,feature_phone,3.3.11,FALSE,15:42.9
dev107421,cust107421,android,4.2.0,FALSE,02:38.7
dev107422,cust107422,ios,4.9.14,FALSE,28:02.9
dev107423,cust107423,feature_phone,4.6.15,FALSE,24:36.8
dev107424,cust107424,tablet,1.1.13,FALSE,12:29.8
dev107425,cust107425,tablet,3.8.16,FALSE,05:42.0
dev107426,cust107426,tablet,3.4.19,FALSE,29:48.2
dev107427,cust107427,ios,1.0.4,FALSE,18:46.4
dev107428,cust107428,android,2.2.13,FALSE,58:58.9
dev107429,cust107429,tablet,4.7.16,FALSE,00:03.8
dev107430,cust107430,feature_phone,3.5.11,FALSE,18:50.6
dev107431,cust107431,ios,1.2.4,FALSE,34:19.4
dev107432,cust107432,android,2.1.10,FALSE,05:59.2
dev107433,cust107433,feature_phone,2.1.13,FALSE,26:51.1
dev107434,cust107434,feature_phone,2.2.9,FALSE,22:25.0
dev107435,cust107435,feature_phone,4.8.12,FALSE,58:26.9
dev107436,cust107436,ios,4.0.14,FALSE,35:46.6
dev107437,cust107437,tablet,1.2.19,FALSE,32:54.9
dev107438,cust107438,tablet,4.8.19,FALSE,42:19.5
dev107439,cust107439,ios,2.3.17,FALSE,39:42.7
dev107440,cust107440,feature_phone,3.0.5,FALSE,51:00.5
dev107441,cust107441,android,3.7.11,FALSE,32:26.3
dev107442,cust107442,feature_phone,1.5.0,FALSE,12:46.6
dev107443,cust107443,android,1.9.14,FALSE,19:24.1
dev107444,cust107444,android,1.5.16,FALSE,36:23.2
dev107445,cust107445,feature_phone,1.3.2,FALSE,01:53.7
dev107446,cust107446,ios,1.1.17,FALSE,46:40.4
dev107447,cust107447,ios,1.1.1,FALSE,47:06.6
dev107448,cust107448,tablet,3.3.2,FALSE,38:41.8
dev107449,cust107449,android,3.6.2,FALSE,51:08.6
dev107450,cust107450,android,2.9.18,FALSE,10:46.7
dev107451,cust107451,android,1.9.19,FALSE,47:22.3
dev107452,cust107452,feature_phone,3.1.15,FALSE,44:48.4
dev107453,cust107453,feature_phone,2.2.1,FALSE,25:12.8
dev107454,cust107454,tablet,4.5.11,FALSE,07:42.7
dev107455,cust107455,feature_phone,2.3.19,FALSE,58:49.7
dev107456,cust107456,tablet,3.0.13,TRUE,47:16.9
dev107457,cust107457,ios,1.6.5,FALSE,02:37.5
dev107458,cust107458,feature_phone,2.2.20,FALSE,39:52.5
dev107459,cust107459,android,2.9.3,FALSE,30:09.7
dev107460,cust107460,feature_phone,3.9.7,FALSE,16:31.6
dev107461,cust107461,ios,3.6.13,FALSE,03:07.1
dev107462,cust107462,tablet,2.0.20,FALSE,34:36.3
dev107463,cust107463,tablet,2.4.17,FALSE,29:13.0
dev107464,cust107464,android,1.7.1,FALSE,08:16.3
dev107465,cust107465,ios,2.1.15,FALSE,30:49.6
dev107466,cust107466,android,3.2.13,FALSE,39:48.4
dev107467,cust107467,ios,2.5.19,FALSE,05:26.4
dev107468,cust107468,feature_phone,3.1.14,FALSE,05:25.1
dev107469,cust107469,ios,3.3.17,FALSE,11:48.8
dev107470,cust107470,ios,3.9.6,FALSE,03:52.0
dev107471,cust107471,ios,1.0.17,FALSE,13:47.3
dev107472,cust107472,feature_phone,3.8.5,FALSE,31:34.3
dev107473,cust107473,tablet,1.9.17,FALSE,00:50.8
dev107474,cust107474,feature_phone,2.3.13,FALSE,49:38.8
dev107475,cust107475,feature_phone,1.5.3,FALSE,45:54.9
dev107476,cust107476,tablet,4.9.3,FALSE,56:30.6
dev107477,cust107477,tablet,3.5.6,FALSE,15:13.0
dev107478,cust107478,android,4.2.11,FALSE,43:09.5
dev107479,cust107479,feature_phone,1.2.17,FALSE,26:50.2
dev107480,cust107480,feature_phone,1.8.9,FALSE,25:11.9
dev107481,cust107481,ios,3.7.0,FALSE,12:29.7
dev107482,cust107482,feature_phone,2.1.6,FALSE,10:08.1
dev107483,cust107483,tablet,1.0.3,FALSE,30:56.8
dev107484,cust107484,tablet,3.6.6,FALSE,26:26.5
dev107485,cust107485,tablet,2.9.20,FALSE,32:13.1
dev107486,cust107486,feature_phone,1.4.17,FALSE,04:25.8
dev107487,cust107487,feature_phone,4.8.9,FALSE,10:06.7
dev107488,cust107488,android,1.0.3,FALSE,41:49.1
dev107489,cust107489,tablet,2.3.8,FALSE,05:55.0
dev107490,cust107490,feature_phone,1.6.13,FALSE,04:10.0
dev107491,cust107491,tablet,2.2.18,FALSE,11:00.4
dev107492,cust107492,android,3.4.19,TRUE,10:27.4
dev107493,cust107493,tablet,2.6.20,FALSE,09:27.4
dev107494,cust107494,ios,1.2.8,FALSE,49:59.8
dev107495,cust107495,ios,2.0.6,FALSE,21:54.7
dev107496,cust107496,android,4.4.6,FALSE,09:34.9
dev107497,cust107497,feature_phone,4.2.1,FALSE,45:23.2
dev107498,cust107498,android,2.6.19,FALSE,56:31.2
dev107499,cust107499,tablet,4.5.18,FALSE,53:08.5
dev107500,cust107500,feature_phone,3.0.15,FALSE,58:45.2
dev107501,cust107501,android,4.6.10,FALSE,45:26.0
dev107502,cust107502,tablet,3.2.20,FALSE,44:43.5
dev107503,cust107503,tablet,3.9.20,FALSE,12:49.7
dev107504,cust107504,ios,4.7.19,FALSE,35:15.5
dev107505,cust107505,ios,2.3.9,FALSE,47:35.3
dev107506,cust107506,ios,3.8.2,FALSE,00:15.7
dev107507,cust107507,android,4.8.10,FALSE,04:24.5
dev107508,cust107508,android,1.2.15,FALSE,56:16.9
dev107509,cust107509,feature_phone,1.2.6,FALSE,45:46.3
dev107510,cust107510,tablet,2.0.7,FALSE,02:35.3
dev107511,cust107511,tablet,3.0.19,FALSE,30:17.0
dev107512,cust107512,android,1.3.20,FALSE,04:57.8
dev107513,cust107513,feature_phone,1.0.17,FALSE,28:23.0
dev107514,cust107514,tablet,2.6.13,FALSE,01:54.4
dev107515,cust107515,android,3.6.9,FALSE,41:04.5
dev107516,cust107516,tablet,4.1.8,FALSE,09:19.0
dev107517,cust107517,android,3.0.18,FALSE,45:34.9
dev107518,cust107518,feature_phone,4.4.8,FALSE,55:46.0
dev107519,cust107519,tablet,4.0.16,TRUE,53:04.4
dev107520,cust107520,android,2.2.6,FALSE,36:11.1
dev107521,cust107521,feature_phone,1.1.17,FALSE,33:58.9
dev107522,cust107522,ios,1.0.14,FALSE,41:18.2
dev107523,cust107523,ios,2.7.13,FALSE,28:00.9
dev107524,cust107524,ios,4.8.19,FALSE,32:07.9
dev107525,cust107525,android,2.8.5,FALSE,33:00.7
dev107526,cust107526,ios,3.6.17,FALSE,20:19.9
dev107527,cust107527,tablet,3.2.1,FALSE,10:49.0
dev107528,cust107528,ios,4.3.3,FALSE,14:42.1
dev107529,cust107529,tablet,3.3.15,FALSE,25:41.1
dev107530,cust107530,android,4.9.0,TRUE,29:25.4
dev107531,cust107531,tablet,2.9.4,FALSE,16:06.6
dev107532,cust107532,ios,4.7.2,FALSE,26:37.7
dev107533,cust107533,feature_phone,1.8.6,FALSE,52:04.7
dev107534,cust107534,ios,4.7.15,FALSE,37:29.6
dev107535,cust107535,android,4.0.10,FALSE,19:46.1
dev107536,cust107536,tablet,2.9.10,FALSE,39:36.5
dev107537,cust107537,feature_phone,4.6.9,FALSE,08:55.6
dev107538,cust107538,ios,1.7.4,FALSE,01:52.7
dev107539,cust107539,ios,1.1.12,FALSE,20:54.7
dev107540,cust107540,tablet,2.1.11,FALSE,19:03.8
dev107541,cust107541,tablet,4.5.18,FALSE,22:12.2
dev107542,cust107542,feature_phone,3.9.4,FALSE,39:34.4
dev107543,cust107543,tablet,3.7.9,FALSE,19:24.9
dev107544,cust107544,ios,3.0.2,FALSE,43:08.3
dev107545,cust107545,ios,2.2.4,FALSE,28:53.2
dev107546,cust107546,ios,4.0.8,FALSE,08:19.4
dev107547,cust107547,feature_phone,4.5.3,FALSE,48:49.8
dev107548,cust107548,feature_phone,4.5.14,FALSE,50:11.3
dev107549,cust107549,tablet,2.1.8,FALSE,18:38.8
dev107550,cust107550,feature_phone,2.0.17,FALSE,46:41.1
dev107551,cust107551,ios,1.8.19,FALSE,35:30.8
dev107552,cust107552,tablet,1.2.13,FALSE,41:01.0
dev107553,cust107553,tablet,2.4.16,FALSE,10:42.4
dev107554,cust107554,android,3.6.15,FALSE,14:56.8
dev107555,cust107555,feature_phone,1.2.2,FALSE,54:50.4
dev107556,cust107556,android,4.6.20,FALSE,08:00.4
dev107557,cust107557,ios,2.5.9,FALSE,41:14.5
dev107558,cust107558,ios,4.0.2,FALSE,10:48.1
dev107559,cust107559,feature_phone,3.3.14,FALSE,39:50.4
dev107560,cust107560,ios,4.2.6,FALSE,18:03.9
dev107561,cust107561,feature_phone,4.1.0,FALSE,31:52.3
dev107562,cust107562,android,4.8.13,FALSE,25:14.0
dev107563,cust107563,feature_phone,3.3.8,FALSE,48:54.9
dev107564,cust107564,ios,2.5.16,FALSE,00:10.0
dev107565,cust107565,tablet,1.1.6,FALSE,52:46.2
dev107566,cust107566,android,2.6.13,FALSE,09:10.0
dev107567,cust107567,feature_phone,1.6.16,FALSE,11:58.7
dev107568,cust107568,android,4.3.7,FALSE,23:27.5
dev107569,cust107569,tablet,3.1.1,FALSE,08:38.0
dev107570,cust107570,feature_phone,1.5.14,FALSE,09:23.9
dev107571,cust107571,ios,4.1.13,FALSE,57:56.6
dev107572,cust107572,android,3.7.19,FALSE,33:26.7
dev107573,cust107573,android,3.5.5,FALSE,01:49.4
dev107574,cust107574,ios,4.4.4,FALSE,43:40.2
dev107575,cust107575,android,4.2.15,FALSE,10:09.8
dev107576,cust107576,android,3.2.8,FALSE,16:32.5
dev107577,cust107577,android,3.5.1,FALSE,34:41.3
dev107578,cust107578,ios,4.6.4,FALSE,33:36.8
dev107579,cust107579,android,4.9.15,FALSE,45:33.7
dev107580,cust107580,tablet,2.0.1,FALSE,08:21.2
dev107581,cust107581,android,1.9.18,FALSE,35:03.1
dev107582,cust107582,android,3.9.18,FALSE,47:40.8
dev107583,cust107583,ios,1.9.5,FALSE,23:35.7
dev107584,cust107584,tablet,1.1.11,FALSE,07:49.9
dev107585,cust107585,ios,4.3.8,FALSE,54:43.0
dev107586,cust107586,android,2.9.1,FALSE,27:19.6
dev107587,cust107587,tablet,4.2.6,FALSE,05:47.4
dev107588,cust107588,tablet,3.3.2,FALSE,55:53.6
dev107589,cust107589,android,4.9.4,FALSE,23:03.9
dev107590,cust107590,tablet,3.0.12,FALSE,44:09.4
dev107591,cust107591,android,2.9.8,FALSE,29:45.6
dev107592,cust107592,tablet,4.9.3,FALSE,12:11.1
dev107593,cust107593,tablet,2.8.8,FALSE,12:10.8
dev107594,cust107594,ios,4.7.0,TRUE,25:34.0
dev107595,cust107595,tablet,2.5.7,FALSE,24:55.0
dev107596,cust107596,android,4.1.12,FALSE,46:51.7
dev107597,cust107597,feature_phone,3.0.16,FALSE,26:43.5
dev107598,cust107598,android,1.1.17,FALSE,28:13.2
dev107599,cust107599,ios,1.1.16,FALSE,14:19.6
dev107600,cust107600,android,4.0.6,FALSE,38:53.2
dev107601,cust107601,feature_phone,3.2.15,FALSE,54:11.3
dev107602,cust107602,ios,2.0.6,FALSE,33:14.0
dev107603,cust107603,ios,4.3.16,FALSE,51:26.3
dev107604,cust107604,ios,2.5.3,FALSE,54:06.1
dev107605,cust107605,tablet,3.0.12,FALSE,37:57.8
dev107606,cust107606,ios,4.5.20,FALSE,24:03.1
dev107607,cust107607,android,1.2.1,FALSE,06:09.1
dev107608,cust107608,android,2.4.16,FALSE,20:27.9
dev107609,cust107609,feature_phone,3.0.18,FALSE,54:28.4
dev107610,cust107610,android,2.2.7,FALSE,24:45.8
dev107611,cust107611,tablet,4.8.5,FALSE,12:21.8
dev107612,cust107612,tablet,4.6.17,FALSE,17:45.5
dev107613,cust107613,tablet,4.1.15,FALSE,34:13.8
dev107614,cust107614,android,4.6.13,FALSE,28:31.6
dev107615,cust107615,ios,3.8.17,FALSE,04:55.2
dev107616,cust107616,android,2.6.3,FALSE,29:58.3
dev107617,cust107617,ios,1.2.20,FALSE,52:13.1
dev107618,cust107618,ios,3.7.13,FALSE,51:48.0
dev107619,cust107619,android,1.5.11,FALSE,59:04.9
dev107620,cust107620,android,4.9.0,FALSE,32:53.1
dev107621,cust107621,ios,3.4.2,FALSE,13:17.3
dev107622,cust107622,feature_phone,3.9.15,FALSE,42:04.1
dev107623,cust107623,android,1.0.0,FALSE,36:29.5
dev107624,cust107624,ios,4.9.17,FALSE,21:47.1
dev107625,cust107625,ios,4.1.5,TRUE,46:44.4
dev107626,cust107626,android,3.3.19,FALSE,03:13.5
dev107627,cust107627,feature_phone,3.1.8,FALSE,23:46.6
dev107628,cust107628,tablet,3.1.2,FALSE,49:56.1
dev107629,cust107629,ios,2.4.9,FALSE,07:19.6
dev107630,cust107630,tablet,1.4.7,FALSE,21:47.5
dev107631,cust107631,tablet,1.1.9,FALSE,27:24.1
dev107632,cust107632,feature_phone,4.2.7,FALSE,34:36.6
dev107633,cust107633,tablet,1.4.2,FALSE,06:04.3
dev107634,cust107634,ios,3.0.3,FALSE,40:02.6
dev107635,cust107635,feature_phone,1.9.0,FALSE,40:41.4
dev107636,cust107636,android,4.9.2,FALSE,58:05.8
dev107637,cust107637,android,3.7.4,FALSE,30:20.4
dev107638,cust107638,tablet,1.4.0,TRUE,11:28.6
dev107639,cust107639,tablet,4.4.18,FALSE,02:23.6
dev107640,cust107640,feature_phone,1.2.16,FALSE,31:22.5
dev107641,cust107641,android,1.4.12,FALSE,19:38.2
dev107642,cust107642,tablet,3.9.8,FALSE,05:47.1
dev107643,cust107643,tablet,4.7.8,FALSE,49:32.9
dev107644,cust107644,feature_phone,3.9.17,FALSE,02:46.4
dev107645,cust107645,tablet,1.5.3,FALSE,17:25.9
dev107646,cust107646,feature_phone,4.2.5,FALSE,17:05.9
dev107647,cust107647,feature_phone,4.8.8,FALSE,31:29.8
dev107648,cust107648,android,1.1.5,FALSE,14:41.3
dev107649,cust107649,android,3.9.4,FALSE,34:35.5
dev107650,cust107650,ios,2.1.10,FALSE,11:43.4
dev107651,cust107651,feature_phone,2.0.14,FALSE,47:31.3
dev107652,cust107652,tablet,2.2.0,FALSE,51:44.6
dev107653,cust107653,ios,2.1.12,FALSE,00:11.6
dev107654,cust107654,feature_phone,3.8.5,FALSE,27:20.8
dev107655,cust107655,android,3.8.17,TRUE,29:50.4
dev107656,cust107656,ios,1.5.2,FALSE,28:33.4
dev107657,cust107657,ios,1.0.3,FALSE,28:36.7
dev107658,cust107658,ios,3.8.0,FALSE,10:08.8
dev107659,cust107659,tablet,3.0.18,FALSE,14:04.4
dev107660,cust107660,tablet,3.8.18,FALSE,00:05.2
dev107661,cust107661,ios,2.3.20,FALSE,49:35.5
dev107662,cust107662,android,2.0.4,FALSE,30:39.5
dev107663,cust107663,tablet,4.5.0,FALSE,28:18.9
dev107664,cust107664,android,2.0.12,FALSE,40:38.1
dev107665,cust107665,feature_phone,2.4.20,FALSE,08:14.5
dev107666,cust107666,feature_phone,3.5.1,FALSE,52:57.6
dev107667,cust107667,android,1.8.17,FALSE,37:32.0
dev107668,cust107668,android,3.4.14,FALSE,11:39.8
dev107669,cust107669,feature_phone,2.1.14,FALSE,40:26.9
dev107670,cust107670,feature_phone,2.4.20,FALSE,56:50.6
dev107671,cust107671,ios,2.4.11,FALSE,51:40.7
dev107672,cust107672,android,4.5.10,FALSE,07:42.0
dev107673,cust107673,ios,4.6.14,FALSE,30:18.4
dev107674,cust107674,ios,3.2.0,FALSE,58:53.5
dev107675,cust107675,ios,2.5.2,FALSE,12:45.4
dev107676,cust107676,feature_phone,3.9.8,FALSE,55:02.2
dev107677,cust107677,ios,1.8.10,FALSE,06:26.0
dev107678,cust107678,android,2.6.2,FALSE,25:32.5
dev107679,cust107679,android,4.9.15,FALSE,58:52.8
dev107680,cust107680,tablet,2.5.17,FALSE,00:00.6
dev107681,cust107681,feature_phone,2.4.6,FALSE,27:42.5
dev107682,cust107682,ios,4.9.6,FALSE,22:32.0
dev107683,cust107683,android,3.8.3,FALSE,56:34.0
dev107684,cust107684,android,4.6.3,FALSE,43:48.1
dev107685,cust107685,tablet,4.4.6,FALSE,02:27.9
dev107686,cust107686,android,2.4.15,FALSE,14:49.2
dev107687,cust107687,feature_phone,3.0.12,FALSE,52:37.7
dev107688,cust107688,android,4.3.20,FALSE,59:19.5
dev107689,cust107689,android,3.7.12,FALSE,07:23.9
dev107690,cust107690,feature_phone,3.2.17,FALSE,34:15.2
dev107691,cust107691,feature_phone,4.6.16,FALSE,52:54.3
dev107692,cust107692,tablet,3.7.10,FALSE,28:13.8
dev107693,cust107693,android,1.0.11,FALSE,59:56.0
dev107694,cust107694,ios,1.8.7,FALSE,33:05.3
dev107695,cust107695,ios,3.5.10,FALSE,10:26.8
dev107696,cust107696,feature_phone,3.1.17,FALSE,58:49.2
dev107697,cust107697,feature_phone,1.8.10,FALSE,50:56.2
dev107698,cust107698,tablet,3.8.18,FALSE,16:43.1
dev107699,cust107699,tablet,4.1.13,FALSE,04:26.3
dev107700,cust107700,android,2.8.6,FALSE,05:05.7
dev107701,cust107701,feature_phone,4.3.10,FALSE,44:47.2
dev107702,cust107702,ios,2.7.14,FALSE,33:30.8
dev107703,cust107703,tablet,4.4.5,FALSE,13:56.7
dev107704,cust107704,ios,3.7.6,FALSE,48:50.9
dev107705,cust107705,tablet,1.6.17,FALSE,02:06.8
dev107706,cust107706,tablet,2.9.15,FALSE,22:08.6
dev107707,cust107707,tablet,3.7.4,FALSE,20:50.7
dev107708,cust107708,tablet,3.6.7,FALSE,03:08.6
dev107709,cust107709,tablet,3.7.7,FALSE,03:04.0
dev107710,cust107710,tablet,2.0.18,FALSE,12:34.5
dev107711,cust107711,ios,4.5.3,FALSE,39:06.1
dev107712,cust107712,ios,2.0.16,FALSE,50:35.2
dev107713,cust107713,android,1.6.7,FALSE,49:37.0
dev107714,cust107714,android,3.2.4,FALSE,02:36.5
dev107715,cust107715,feature_phone,4.4.19,FALSE,04:23.9
dev107716,cust107716,android,1.6.5,FALSE,48:56.5
dev107717,cust107717,tablet,2.4.9,FALSE,45:06.9
dev107718,cust107718,ios,3.4.6,FALSE,20:44.7
dev107719,cust107719,feature_phone,4.0.6,FALSE,54:46.8
dev107720,cust107720,feature_phone,3.8.2,FALSE,21:22.1
dev107721,cust107721,feature_phone,4.9.6,FALSE,35:03.5
dev107722,cust107722,tablet,4.8.2,FALSE,20:50.0
dev107723,cust107723,android,4.7.3,FALSE,19:02.7
dev107724,cust107724,tablet,3.3.11,FALSE,16:04.7
dev107725,cust107725,android,2.9.17,FALSE,25:56.3
dev107726,cust107726,tablet,4.9.8,FALSE,33:51.5
dev107727,cust107727,tablet,1.7.6,FALSE,19:34.6
dev107728,cust107728,feature_phone,3.6.15,FALSE,16:43.9
dev107729,cust107729,android,1.2.3,FALSE,50:48.5
dev107730,cust107730,android,1.1.0,FALSE,36:30.9
dev107731,cust107731,tablet,3.2.20,FALSE,15:09.1
dev107732,cust107732,feature_phone,2.4.15,FALSE,47:00.7
dev107733,cust107733,tablet,1.9.15,FALSE,45:21.1
dev107734,cust107734,tablet,1.6.4,FALSE,52:24.9
dev107735,cust107735,ios,1.8.8,FALSE,36:35.5
dev107736,cust107736,feature_phone,1.0.19,FALSE,34:40.3
dev107737,cust107737,tablet,4.8.19,FALSE,33:26.3
dev107738,cust107738,tablet,4.5.18,FALSE,30:09.5
dev107739,cust107739,feature_phone,1.8.17,FALSE,55:17.0
dev107740,cust107740,tablet,3.0.6,FALSE,49:46.1
dev107741,cust107741,feature_phone,1.1.17,FALSE,28:06.3
dev107742,cust107742,tablet,4.2.13,FALSE,52:03.4
dev107743,cust107743,android,2.4.5,FALSE,01:14.4
dev107744,cust107744,ios,2.6.10,FALSE,34:12.3
dev107745,cust107745,android,3.5.11,FALSE,18:07.8
dev107746,cust107746,android,2.9.16,FALSE,34:15.4
dev107747,cust107747,android,4.5.11,FALSE,50:16.6
dev107748,cust107748,tablet,4.7.6,FALSE,43:00.2
dev107749,cust107749,tablet,3.4.18,FALSE,08:59.7
dev107750,cust107750,tablet,2.8.2,FALSE,56:00.8
dev107751,cust107751,android,3.7.0,FALSE,52:16.0
dev107752,cust107752,android,1.4.2,FALSE,55:41.9
dev107753,cust107753,tablet,3.8.18,FALSE,29:42.5
dev107754,cust107754,ios,3.8.14,TRUE,50:29.8
dev107755,cust107755,android,1.9.19,FALSE,50:05.5
dev107756,cust107756,ios,4.5.4,FALSE,55:21.1
dev107757,cust107757,feature_phone,2.9.17,FALSE,53:37.9
dev107758,cust107758,android,1.1.1,FALSE,52:01.1
dev107759,cust107759,android,4.7.17,FALSE,55:19.5
dev107760,cust107760,android,2.7.13,FALSE,19:47.9
dev107761,cust107761,ios,2.3.3,FALSE,08:01.2
dev107762,cust107762,ios,4.1.9,FALSE,24:10.8
dev107763,cust107763,android,1.2.17,FALSE,01:09.7
dev107764,cust107764,tablet,2.2.15,FALSE,35:17.6
dev107765,cust107765,android,4.5.18,FALSE,06:07.1
dev107766,cust107766,ios,1.1.9,FALSE,47:25.0
dev107767,cust107767,tablet,2.9.3,FALSE,34:20.0
dev107768,cust107768,tablet,4.5.6,FALSE,23:19.1
dev107769,cust107769,android,3.1.10,FALSE,45:12.6
dev107770,cust107770,feature_phone,4.2.13,FALSE,49:32.9
dev107771,cust107771,tablet,1.3.1,FALSE,36:07.4
dev107772,cust107772,tablet,4.0.16,FALSE,48:33.3
dev107773,cust107773,tablet,2.3.5,FALSE,46:22.6
dev107774,cust107774,ios,2.7.19,FALSE,06:58.9
dev107775,cust107775,android,3.0.2,FALSE,41:48.5
dev107776,cust107776,feature_phone,4.3.10,FALSE,03:14.4
dev107777,cust107777,tablet,1.5.2,FALSE,30:59.5
dev107778,cust107778,ios,1.4.4,FALSE,20:10.8
dev107779,cust107779,tablet,2.5.4,FALSE,35:45.0
dev107780,cust107780,tablet,2.7.3,FALSE,32:08.8
dev107781,cust107781,android,1.0.5,FALSE,45:39.2
dev107782,cust107782,feature_phone,1.5.12,FALSE,11:30.6
dev107783,cust107783,ios,1.0.11,FALSE,55:28.1
dev107784,cust107784,ios,1.6.7,FALSE,14:14.1
dev107785,cust107785,tablet,3.5.9,FALSE,21:58.4
dev107786,cust107786,tablet,4.4.4,FALSE,17:54.1
dev107787,cust107787,feature_phone,4.0.19,FALSE,41:49.8
dev107788,cust107788,android,2.3.14,FALSE,48:30.6
dev107789,cust107789,android,1.5.15,TRUE,21:48.1
dev107790,cust107790,tablet,2.9.16,FALSE,10:38.0
dev107791,cust107791,tablet,2.1.10,FALSE,39:40.6
dev107792,cust107792,feature_phone,3.6.12,FALSE,46:08.3
dev107793,cust107793,android,2.6.20,FALSE,37:05.1
dev107794,cust107794,feature_phone,2.8.19,FALSE,29:32.1
dev107795,cust107795,ios,1.9.1,FALSE,57:54.7
dev107796,cust107796,tablet,3.8.14,FALSE,27:42.3
dev107797,cust107797,tablet,3.9.12,FALSE,57:35.7
dev107798,cust107798,tablet,4.5.2,FALSE,59:31.8
dev107799,cust107799,android,1.7.9,FALSE,34:48.1
dev107800,cust107800,ios,4.4.5,FALSE,03:07.0
dev107801,cust107801,feature_phone,4.4.0,FALSE,05:05.5
dev107802,cust107802,ios,2.3.5,FALSE,55:45.2
dev107803,cust107803,android,2.6.6,FALSE,48:23.4
dev107804,cust107804,tablet,4.3.10,FALSE,53:26.5
dev107805,cust107805,android,4.9.0,FALSE,09:00.8
dev107806,cust107806,android,1.9.14,FALSE,45:57.4
dev107807,cust107807,tablet,3.2.2,FALSE,06:50.7
dev107808,cust107808,tablet,2.6.14,FALSE,43:59.2
dev107809,cust107809,feature_phone,4.2.2,FALSE,57:50.7
dev107810,cust107810,android,1.9.19,FALSE,50:54.7
dev107811,cust107811,tablet,3.3.20,FALSE,17:19.5
dev107812,cust107812,android,4.8.19,FALSE,26:04.9
dev107813,cust107813,android,1.4.16,FALSE,06:28.3
dev107814,cust107814,tablet,3.6.7,FALSE,45:17.9
dev107815,cust107815,feature_phone,3.9.5,FALSE,26:32.2
dev107816,cust107816,tablet,4.9.20,FALSE,06:46.6
dev107817,cust107817,tablet,4.2.3,FALSE,24:25.4
dev107818,cust107818,tablet,1.3.18,FALSE,56:42.9
dev107819,cust107819,ios,3.5.1,FALSE,46:06.0
dev107820,cust107820,ios,4.9.4,FALSE,55:16.4
dev107821,cust107821,tablet,1.0.10,FALSE,20:46.3
dev107822,cust107822,ios,2.3.19,FALSE,42:07.9
dev107823,cust107823,tablet,1.1.10,FALSE,26:02.9
dev107824,cust107824,ios,1.3.16,FALSE,47:56.4
dev107825,cust107825,android,3.5.2,FALSE,22:46.0
dev107826,cust107826,tablet,3.8.19,FALSE,07:30.9
dev107827,cust107827,feature_phone,3.7.6,FALSE,06:18.5
dev107828,cust107828,ios,1.0.10,FALSE,22:27.3
dev107829,cust107829,ios,4.1.2,FALSE,27:16.3
dev107830,cust107830,ios,3.1.8,FALSE,22:54.6
dev107831,cust107831,tablet,2.6.8,FALSE,08:46.3
dev107832,cust107832,android,4.1.11,FALSE,34:38.7
dev107833,cust107833,feature_phone,2.2.6,FALSE,20:17.7
dev107834,cust107834,android,3.7.16,FALSE,11:20.0
dev107835,cust107835,android,2.5.18,FALSE,18:01.1
dev107836,cust107836,android,3.6.7,FALSE,48:55.5
dev107837,cust107837,android,3.0.1,FALSE,40:59.0
dev107838,cust107838,tablet,3.1.1,FALSE,06:03.9
dev107839,cust107839,tablet,4.4.3,FALSE,15:03.6
dev107840,cust107840,android,1.2.5,FALSE,24:37.1
dev107841,cust107841,ios,1.8.14,FALSE,02:38.2
dev107842,cust107842,tablet,4.1.12,FALSE,14:26.0
dev107843,cust107843,feature_phone,2.7.20,FALSE,26:34.9
dev107844,cust107844,android,4.1.18,FALSE,00:09.3
dev107845,cust107845,ios,3.9.16,FALSE,30:25.0
dev107846,cust107846,feature_phone,4.4.20,FALSE,50:15.3
dev107847,cust107847,ios,1.4.13,FALSE,56:08.1
dev107848,cust107848,tablet,1.7.8,FALSE,44:54.1
dev107849,cust107849,android,4.9.0,FALSE,08:17.1
dev107850,cust107850,feature_phone,4.5.16,FALSE,29:04.3
dev107851,cust107851,feature_phone,4.2.2,FALSE,16:53.2
dev107852,cust107852,tablet,4.4.9,FALSE,19:57.1
dev107853,cust107853,tablet,4.3.7,FALSE,57:00.2
dev107854,cust107854,tablet,3.5.20,FALSE,55:55.2
dev107855,cust107855,android,3.4.18,FALSE,11:49.9
dev107856,cust107856,feature_phone,1.0.15,FALSE,10:47.0
dev107857,cust107857,feature_phone,3.9.8,FALSE,17:03.5
dev107858,cust107858,ios,2.8.20,TRUE,20:07.2
dev107859,cust107859,feature_phone,1.3.5,FALSE,00:28.9
dev107860,cust107860,ios,4.5.8,FALSE,14:51.0
dev107861,cust107861,android,1.3.0,FALSE,25:45.8
dev107862,cust107862,ios,2.1.12,FALSE,57:17.3
dev107863,cust107863,android,1.4.0,FALSE,08:13.1
dev107864,cust107864,android,3.9.15,FALSE,44:07.5
dev107865,cust107865,android,1.6.0,TRUE,14:53.5
dev107866,cust107866,ios,2.9.19,FALSE,18:05.3
dev107867,cust107867,tablet,2.1.2,FALSE,47:11.6
dev107868,cust107868,feature_phone,4.2.7,FALSE,54:07.7
dev107869,cust107869,android,3.4.20,FALSE,44:12.1
dev107870,cust107870,tablet,4.8.11,FALSE,40:56.3
dev107871,cust107871,ios,2.3.7,FALSE,41:07.5
dev107872,cust107872,ios,3.7.10,FALSE,47:06.6
dev107873,cust107873,ios,2.7.8,FALSE,15:28.8
dev107874,cust107874,feature_phone,4.2.0,FALSE,20:10.7
dev107875,cust107875,tablet,4.6.8,FALSE,19:37.7
dev107876,cust107876,ios,1.3.6,FALSE,08:12.4
dev107877,cust107877,tablet,2.8.9,FALSE,42:11.4
dev107878,cust107878,ios,2.5.1,FALSE,10:16.9
dev107879,cust107879,ios,1.4.15,FALSE,42:53.4
dev107880,cust107880,ios,2.8.17,TRUE,33:39.6
dev107881,cust107881,tablet,3.3.3,FALSE,23:12.1
dev107882,cust107882,ios,4.6.13,FALSE,18:51.2
dev107883,cust107883,ios,2.2.3,FALSE,35:18.5
dev107884,cust107884,android,3.9.0,FALSE,52:20.3
dev107885,cust107885,ios,4.1.14,FALSE,07:35.9
dev107886,cust107886,tablet,2.2.2,TRUE,06:41.8
dev107887,cust107887,android,2.2.6,FALSE,49:10.1
dev107888,cust107888,tablet,2.6.14,FALSE,29:53.6
dev107889,cust107889,tablet,1.0.14,FALSE,08:55.3
dev107890,cust107890,tablet,1.4.10,FALSE,06:25.0
dev107891,cust107891,feature_phone,4.3.10,FALSE,26:14.7
dev107892,cust107892,ios,2.0.10,FALSE,09:06.4
dev107893,cust107893,tablet,2.7.8,FALSE,53:37.4
dev107894,cust107894,feature_phone,4.9.12,FALSE,04:49.8
dev107895,cust107895,android,4.9.2,FALSE,57:19.1
dev107896,cust107896,tablet,4.8.16,FALSE,07:01.2
dev107897,cust107897,tablet,4.8.7,FALSE,50:00.4
dev107898,cust107898,android,4.9.7,FALSE,22:16.2
dev107899,cust107899,android,1.3.9,FALSE,11:53.8
dev107900,cust107900,tablet,3.1.0,FALSE,40:12.1
dev107901,cust107901,android,3.6.10,FALSE,22:44.2
dev107902,cust107902,ios,2.6.14,FALSE,18:03.4
dev107903,cust107903,tablet,1.2.12,FALSE,29:45.3
dev107904,cust107904,android,1.0.10,FALSE,32:20.9
dev107905,cust107905,android,2.9.0,FALSE,15:40.4
dev107906,cust107906,tablet,1.7.15,FALSE,28:37.1
dev107907,cust107907,feature_phone,2.3.12,FALSE,18:14.3
dev107908,cust107908,ios,3.9.1,FALSE,07:11.1
dev107909,cust107909,android,1.1.8,FALSE,21:19.8
dev107910,cust107910,ios,1.0.6,FALSE,40:47.0
dev107911,cust107911,ios,3.4.0,FALSE,29:23.5
dev107912,cust107912,tablet,1.2.1,FALSE,13:23.5
dev107913,cust107913,feature_phone,3.2.6,FALSE,59:32.4
dev107914,cust107914,android,4.5.7,FALSE,21:42.8
dev107915,cust107915,tablet,1.0.16,FALSE,25:46.4
dev107916,cust107916,feature_phone,1.4.15,FALSE,11:42.4
dev107917,cust107917,android,4.5.4,FALSE,34:31.8
dev107918,cust107918,feature_phone,3.8.7,FALSE,56:12.6
dev107919,cust107919,ios,4.0.11,FALSE,49:37.3
dev107920,cust107920,ios,4.6.2,FALSE,02:52.6
dev107921,cust107921,tablet,2.4.12,FALSE,51:44.6
dev107922,cust107922,tablet,2.4.17,FALSE,12:37.8
dev107923,cust107923,android,2.5.16,FALSE,12:36.9
dev107924,cust107924,feature_phone,2.4.4,FALSE,55:18.8
dev107925,cust107925,tablet,3.0.12,FALSE,41:17.5
dev107926,cust107926,android,2.4.0,FALSE,14:07.3
dev107927,cust107927,feature_phone,2.9.0,FALSE,29:51.1
dev107928,cust107928,feature_phone,4.0.14,FALSE,38:15.3
dev107929,cust107929,feature_phone,3.0.6,FALSE,58:28.9
dev107930,cust107930,ios,2.4.19,FALSE,58:29.4
dev107931,cust107931,feature_phone,3.2.4,FALSE,10:34.4
dev107932,cust107932,tablet,1.6.8,FALSE,53:44.8
dev107933,cust107933,android,3.1.13,FALSE,35:14.8
dev107934,cust107934,android,1.1.20,FALSE,18:16.3
dev107935,cust107935,android,1.8.19,FALSE,39:12.8
dev107936,cust107936,android,4.1.14,FALSE,14:09.8
dev107937,cust107937,feature_phone,3.4.4,FALSE,25:46.9
dev107938,cust107938,ios,1.0.12,FALSE,02:50.5
dev107939,cust107939,feature_phone,3.8.6,FALSE,48:07.8
dev107940,cust107940,feature_phone,4.1.6,FALSE,52:13.5
dev107941,cust107941,feature_phone,3.1.15,FALSE,11:09.9
dev107942,cust107942,feature_phone,4.4.2,FALSE,16:44.4
dev107943,cust107943,feature_phone,3.3.16,FALSE,28:26.7
dev107944,cust107944,ios,1.7.0,FALSE,13:17.7
dev107945,cust107945,feature_phone,3.2.17,FALSE,02:10.1
dev107946,cust107946,android,1.7.12,FALSE,33:51.9
dev107947,cust107947,ios,4.5.18,FALSE,16:52.3
dev107948,cust107948,ios,2.8.3,FALSE,42:27.3
dev107949,cust107949,android,4.8.14,FALSE,34:53.2
dev107950,cust107950,ios,2.1.15,FALSE,21:36.4
dev107951,cust107951,tablet,1.4.19,FALSE,04:31.0
dev107952,cust107952,feature_phone,1.7.10,FALSE,13:16.4
dev107953,cust107953,feature_phone,1.3.12,FALSE,43:15.7
dev107954,cust107954,tablet,4.9.12,TRUE,38:27.4
dev107955,cust107955,android,4.0.11,FALSE,39:13.1
dev107956,cust107956,android,2.0.8,FALSE,34:18.8
dev107957,cust107957,android,2.8.10,FALSE,40:09.5
dev107958,cust107958,feature_phone,1.3.16,FALSE,07:41.0
dev107959,cust107959,feature_phone,1.9.16,FALSE,03:01.4
dev107960,cust107960,feature_phone,3.9.15,FALSE,19:59.4
dev107961,cust107961,tablet,4.3.5,FALSE,09:00.9
dev107962,cust107962,ios,4.4.19,FALSE,11:05.5
dev107963,cust107963,ios,2.7.0,FALSE,43:13.4
dev107964,cust107964,feature_phone,2.7.16,FALSE,17:22.7
dev107965,cust107965,android,2.5.15,FALSE,22:57.5
dev107966,cust107966,ios,3.5.9,TRUE,33:16.0
dev107967,cust107967,tablet,1.0.17,FALSE,40:07.9
dev107968,cust107968,feature_phone,1.0.11,FALSE,12:19.2
dev107969,cust107969,android,2.6.5,FALSE,48:25.3
dev107970,cust107970,feature_phone,3.9.10,FALSE,22:19.4
dev107971,cust107971,tablet,2.2.19,FALSE,49:53.6
dev107972,cust107972,android,2.0.4,FALSE,34:44.9
dev107973,cust107973,android,2.3.3,FALSE,59:28.0
dev107974,cust107974,ios,3.3.11,FALSE,07:04.9
dev107975,cust107975,ios,4.0.15,FALSE,27:52.5
dev107976,cust107976,ios,2.7.2,FALSE,21:08.0
dev107977,cust107977,tablet,2.9.17,FALSE,42:10.9
dev107978,cust107978,feature_phone,2.0.3,FALSE,31:33.5
dev107979,cust107979,android,4.4.5,FALSE,33:58.9
dev107980,cust107980,feature_phone,3.6.18,FALSE,05:32.0
dev107981,cust107981,ios,1.6.0,FALSE,10:10.7
dev107982,cust107982,feature_phone,2.3.11,FALSE,21:20.1
dev107983,cust107983,ios,2.5.9,TRUE,22:01.1
dev107984,cust107984,ios,2.0.14,FALSE,59:27.4
dev107985,cust107985,feature_phone,1.0.5,FALSE,35:07.6
dev107986,cust107986,android,2.7.6,FALSE,43:19.5
dev107987,cust107987,feature_phone,2.2.14,FALSE,49:03.8
dev107988,cust107988,feature_phone,1.0.3,FALSE,11:37.9
dev107989,cust107989,tablet,2.9.13,FALSE,42:21.7
dev107990,cust107990,ios,4.2.18,FALSE,27:05.9
dev107991,cust107991,feature_phone,1.5.1,FALSE,26:06.1
dev107992,cust107992,tablet,1.6.5,FALSE,07:29.5
dev107993,cust107993,ios,2.8.16,FALSE,32:30.2
dev107994,cust107994,tablet,3.9.18,FALSE,01:04.9
dev107995,cust107995,feature_phone,3.3.5,FALSE,49:09.2
dev107996,cust107996,ios,4.9.13,FALSE,21:49.4
dev107997,cust107997,tablet,3.0.12,TRUE,39:25.8
dev107998,cust107998,android,1.9.0,FALSE,14:58.4
dev107999,cust107999,tablet,3.5.20,FALSE,00:48.6
dev108000,cust108000,feature_phone,3.1.4,FALSE,05:17.0
dev108001,cust108001,feature_phone,3.8.8,FALSE,17:39.7
dev108002,cust108002,android,1.4.17,FALSE,59:23.1
dev108003,cust108003,tablet,2.4.18,FALSE,52:57.2
dev108004,cust108004,feature_phone,3.9.7,FALSE,37:29.4
dev108005,cust108005,tablet,3.1.7,FALSE,25:11.7
dev108006,cust108006,ios,4.4.5,FALSE,49:40.4
dev108007,cust108007,android,3.3.19,FALSE,35:53.1
dev108008,cust108008,android,4.8.10,FALSE,23:44.6
dev108009,cust108009,ios,3.5.15,FALSE,42:09.0
dev108010,cust108010,ios,4.4.5,FALSE,10:11.5
dev108011,cust108011,feature_phone,2.9.7,FALSE,52:00.7
dev108012,cust108012,ios,2.8.5,FALSE,20:58.6
dev108013,cust108013,ios,2.7.11,FALSE,01:18.9
dev108014,cust108014,ios,4.8.14,FALSE,56:58.1
dev108015,cust108015,ios,1.5.16,FALSE,50:22.9
dev108016,cust108016,tablet,3.0.10,FALSE,27:50.9
dev108017,cust108017,feature_phone,4.0.6,FALSE,08:25.7
dev108018,cust108018,tablet,1.1.13,FALSE,41:07.0
dev108019,cust108019,feature_phone,1.6.15,FALSE,19:01.7
dev108020,cust108020,feature_phone,1.5.7,FALSE,46:17.6
dev108021,cust108021,feature_phone,1.0.7,FALSE,46:54.4
dev108022,cust108022,feature_phone,1.7.20,FALSE,46:17.0
dev108023,cust108023,tablet,1.4.1,FALSE,15:02.1
dev108024,cust108024,feature_phone,4.1.16,FALSE,57:42.9
dev108025,cust108025,tablet,4.5.8,FALSE,33:21.0
dev108026,cust108026,feature_phone,3.7.12,FALSE,55:32.5
dev108027,cust108027,feature_phone,2.0.15,FALSE,33:00.5
dev108028,cust108028,tablet,3.7.1,FALSE,22:32.0
dev108029,cust108029,android,4.3.14,TRUE,27:53.6
dev108030,cust108030,ios,1.4.14,FALSE,50:23.7
dev108031,cust108031,android,4.3.8,TRUE,50:57.7
dev108032,cust108032,tablet,4.0.20,FALSE,10:38.0
dev108033,cust108033,tablet,4.9.6,FALSE,15:56.7
dev108034,cust108034,android,4.9.15,FALSE,38:51.0
dev108035,cust108035,feature_phone,4.2.20,FALSE,10:52.9
dev108036,cust108036,android,3.3.7,FALSE,35:38.9
dev108037,cust108037,android,4.2.10,FALSE,29:50.4
dev108038,cust108038,ios,3.0.2,FALSE,26:09.8
dev108039,cust108039,feature_phone,4.5.5,FALSE,03:57.8
dev108040,cust108040,android,3.1.14,FALSE,39:25.5
dev108041,cust108041,android,4.3.1,FALSE,23:43.9
dev108042,cust108042,feature_phone,4.8.2,FALSE,36:48.8
dev108043,cust108043,android,3.3.10,FALSE,26:41.5
dev108044,cust108044,feature_phone,3.6.9,FALSE,45:27.4
dev108045,cust108045,tablet,3.5.16,FALSE,28:30.1
dev108046,cust108046,android,2.2.4,FALSE,17:54.6
dev108047,cust108047,android,3.8.11,FALSE,21:03.5
dev108048,cust108048,ios,2.9.0,TRUE,13:58.6
dev108049,cust108049,tablet,3.7.16,FALSE,50:55.6
dev108050,cust108050,feature_phone,3.3.10,FALSE,08:32.4
dev108051,cust108051,ios,4.5.12,FALSE,29:40.7
dev108052,cust108052,ios,1.0.5,FALSE,48:34.3
dev108053,cust108053,tablet,2.8.19,FALSE,01:01.3
dev108054,cust108054,feature_phone,1.1.12,FALSE,13:55.8
dev108055,cust108055,android,4.6.10,FALSE,55:01.0
dev108056,cust108056,ios,1.9.4,FALSE,02:53.1
dev108057,cust108057,feature_phone,2.6.3,FALSE,39:39.0
dev108058,cust108058,tablet,1.1.16,FALSE,46:04.1
dev108059,cust108059,ios,1.9.13,FALSE,39:20.5
dev108060,cust108060,ios,4.7.10,FALSE,06:37.6
dev108061,cust108061,android,3.4.12,FALSE,13:18.5
dev108062,cust108062,tablet,1.0.0,FALSE,56:20.3
dev108063,cust108063,ios,4.3.12,FALSE,43:41.1
dev108064,cust108064,android,3.5.7,FALSE,25:54.2
dev108065,cust108065,feature_phone,2.5.9,FALSE,32:25.0
dev108066,cust108066,android,2.7.16,FALSE,39:06.4
dev108067,cust108067,feature_phone,1.8.19,FALSE,23:53.4
dev108068,cust108068,tablet,4.1.20,FALSE,49:27.2
dev108069,cust108069,ios,2.6.3,FALSE,18:21.8
dev108070,cust108070,tablet,3.7.6,FALSE,09:02.6
dev108071,cust108071,ios,4.7.7,FALSE,46:45.2
dev108072,cust108072,ios,4.0.14,FALSE,08:25.0
dev108073,cust108073,feature_phone,2.0.5,FALSE,03:40.3
dev108074,cust108074,tablet,3.6.4,FALSE,40:15.9
dev108075,cust108075,android,1.8.16,FALSE,07:52.3
dev108076,cust108076,tablet,2.2.6,FALSE,08:38.7
dev108077,cust108077,feature_phone,3.0.5,FALSE,48:18.1
dev108078,cust108078,tablet,2.5.12,FALSE,00:24.8
dev108079,cust108079,android,1.7.10,FALSE,18:02.2
dev108080,cust108080,ios,1.6.6,FALSE,49:04.8
dev108081,cust108081,ios,2.7.19,FALSE,19:44.8
dev108082,cust108082,ios,3.5.20,FALSE,19:00.6
dev108083,cust108083,tablet,2.8.10,FALSE,49:49.1
dev108084,cust108084,tablet,4.9.2,FALSE,38:44.3
dev108085,cust108085,ios,3.7.18,FALSE,59:06.5
dev108086,cust108086,ios,1.8.17,FALSE,02:27.3
dev108087,cust108087,tablet,2.8.14,FALSE,24:25.2
dev108088,cust108088,feature_phone,1.4.19,FALSE,03:42.4
dev108089,cust108089,android,4.6.9,FALSE,47:15.2
dev108090,cust108090,ios,4.4.20,FALSE,54:52.1
dev108091,cust108091,ios,3.7.13,FALSE,43:32.2
dev108092,cust108092,tablet,1.9.0,FALSE,21:04.1
dev108093,cust108093,ios,4.0.19,FALSE,47:52.6
dev108094,cust108094,ios,3.2.10,FALSE,05:42.0
dev108095,cust108095,feature_phone,1.0.11,FALSE,29:48.1
dev108096,cust108096,ios,1.4.15,FALSE,54:07.9
dev108097,cust108097,feature_phone,1.0.14,FALSE,39:05.3
dev108098,cust108098,android,3.2.8,FALSE,02:20.7
dev108099,cust108099,feature_phone,4.5.3,TRUE,35:56.8
dev108100,cust108100,feature_phone,1.3.1,FALSE,32:04.0
dev108101,cust108101,tablet,3.1.18,FALSE,17:11.6
dev108102,cust108102,android,2.6.18,FALSE,32:54.3
dev108103,cust108103,ios,4.1.14,FALSE,29:07.1
dev108104,cust108104,android,4.3.15,FALSE,20:12.6
dev108105,cust108105,ios,2.8.7,FALSE,03:55.4
dev108106,cust108106,feature_phone,2.5.14,FALSE,33:03.6
dev108107,cust108107,feature_phone,1.4.11,FALSE,44:08.2
dev108108,cust108108,ios,3.6.10,FALSE,45:06.7
dev108109,cust108109,ios,1.8.3,FALSE,12:47.0
dev108110,cust108110,feature_phone,4.3.6,FALSE,22:41.2
dev108111,cust108111,android,1.2.2,FALSE,29:35.4
dev108112,cust108112,ios,2.5.4,FALSE,46:26.2
dev108113,cust108113,tablet,2.6.2,FALSE,22:00.5
dev108114,cust108114,feature_phone,3.9.5,FALSE,11:50.9
dev108115,cust108115,ios,2.8.0,FALSE,39:15.7
dev108116,cust108116,tablet,2.2.14,FALSE,45:32.7
dev108117,cust108117,android,4.0.12,FALSE,12:22.3
dev108118,cust108118,ios,4.3.8,FALSE,54:59.9
dev108119,cust108119,feature_phone,3.7.9,FALSE,55:17.4
dev108120,cust108120,feature_phone,2.9.5,FALSE,59:30.4
dev108121,cust108121,ios,4.5.5,FALSE,43:10.8
dev108122,cust108122,feature_phone,3.3.14,FALSE,01:43.0
dev108123,cust108123,tablet,3.2.17,FALSE,58:51.5
dev108124,cust108124,ios,4.1.12,FALSE,55:49.7
dev108125,cust108125,ios,4.5.1,FALSE,06:10.2
dev108126,cust108126,android,3.6.18,FALSE,23:42.7
dev108127,cust108127,feature_phone,4.6.16,FALSE,30:10.6
dev108128,cust108128,tablet,4.1.2,FALSE,57:24.2
dev108129,cust108129,feature_phone,4.8.11,FALSE,18:40.3
dev108130,cust108130,tablet,1.8.18,FALSE,51:28.2
dev108131,cust108131,ios,4.6.13,FALSE,47:56.0
dev108132,cust108132,ios,1.3.2,FALSE,09:15.9
dev108133,cust108133,ios,1.6.8,FALSE,48:46.7
dev108134,cust108134,ios,1.6.19,FALSE,57:50.6
dev108135,cust108135,android,2.3.0,FALSE,51:34.1
dev108136,cust108136,android,2.4.6,FALSE,15:15.6
dev108137,cust108137,android,4.2.11,FALSE,45:55.2
dev108138,cust108138,ios,3.2.5,FALSE,48:09.4
dev108139,cust108139,tablet,2.8.7,FALSE,46:56.1
dev108140,cust108140,ios,3.1.18,FALSE,03:40.5
dev108141,cust108141,ios,2.4.19,FALSE,28:00.2
dev108142,cust108142,feature_phone,4.5.20,FALSE,43:50.8
dev108143,cust108143,android,2.6.0,FALSE,57:20.4
dev108144,cust108144,ios,2.4.0,FALSE,07:48.7
dev108145,cust108145,android,4.7.15,FALSE,45:16.7
dev108146,cust108146,tablet,4.6.14,FALSE,38:20.1
dev108147,cust108147,android,3.2.0,FALSE,05:25.6
dev108148,cust108148,android,1.1.16,FALSE,58:14.4
dev108149,cust108149,feature_phone,4.2.3,FALSE,15:07.7
dev108150,cust108150,tablet,3.3.11,FALSE,31:48.4
dev108151,cust108151,android,4.0.11,FALSE,42:03.2
dev108152,cust108152,android,3.8.10,FALSE,47:39.6
dev108153,cust108153,ios,3.2.5,FALSE,42:22.4
dev108154,cust108154,tablet,3.8.20,FALSE,52:38.0
dev108155,cust108155,ios,2.3.2,FALSE,49:04.2
dev108156,cust108156,tablet,2.0.19,FALSE,10:31.3
dev108157,cust108157,android,4.7.15,FALSE,12:03.2
dev108158,cust108158,ios,3.1.9,FALSE,09:36.4
dev108159,cust108159,tablet,3.5.8,FALSE,18:27.0
dev108160,cust108160,tablet,1.4.6,FALSE,36:33.4
dev108161,cust108161,tablet,4.5.3,FALSE,09:22.9
dev108162,cust108162,ios,1.2.17,FALSE,42:57.5
dev108163,cust108163,ios,1.3.19,FALSE,45:18.9
dev108164,cust108164,feature_phone,1.5.14,FALSE,37:46.2
dev108165,cust108165,tablet,4.8.10,FALSE,25:56.3
dev108166,cust108166,tablet,3.4.19,FALSE,26:36.8
dev108167,cust108167,tablet,1.6.10,FALSE,40:30.3
dev108168,cust108168,ios,1.0.15,FALSE,29:52.1
dev108169,cust108169,tablet,1.0.4,FALSE,37:03.3
dev108170,cust108170,tablet,2.9.16,FALSE,15:19.6
dev108171,cust108171,feature_phone,4.1.6,FALSE,30:10.2
dev108172,cust108172,ios,2.1.17,FALSE,36:01.2
dev108173,cust108173,feature_phone,3.0.0,FALSE,05:49.1
dev108174,cust108174,android,4.6.17,FALSE,36:15.3
dev108175,cust108175,feature_phone,2.1.11,FALSE,36:54.0
dev108176,cust108176,tablet,1.3.10,FALSE,25:15.8
dev108177,cust108177,ios,1.6.5,FALSE,15:11.8
dev108178,cust108178,android,4.4.8,FALSE,12:46.9
dev108179,cust108179,ios,4.9.6,FALSE,27:12.6
dev108180,cust108180,tablet,3.4.4,FALSE,17:22.8
dev108181,cust108181,tablet,3.4.9,FALSE,03:04.9
dev108182,cust108182,feature_phone,3.2.18,FALSE,34:51.1
dev108183,cust108183,tablet,4.8.13,FALSE,09:36.8
dev108184,cust108184,tablet,3.3.3,FALSE,24:33.9
dev108185,cust108185,ios,1.9.20,TRUE,42:31.7
dev108186,cust108186,android,4.1.1,FALSE,12:49.5
dev108187,cust108187,ios,1.2.16,FALSE,02:14.8
dev108188,cust108188,feature_phone,4.0.3,FALSE,32:05.6
dev108189,cust108189,ios,2.7.0,FALSE,06:34.6
dev108190,cust108190,android,1.7.14,FALSE,36:04.8
dev108191,cust108191,android,1.8.6,FALSE,22:22.0
dev108192,cust108192,tablet,3.7.17,FALSE,30:19.1
dev108193,cust108193,ios,1.6.6,FALSE,28:57.3
dev108194,cust108194,feature_phone,2.4.10,FALSE,48:10.8
dev108195,cust108195,ios,3.6.15,FALSE,27:04.2
dev108196,cust108196,ios,4.3.7,FALSE,19:24.2
dev108197,cust108197,tablet,1.5.10,FALSE,03:30.4
dev108198,cust108198,tablet,3.8.20,FALSE,38:08.4
dev108199,cust108199,feature_phone,2.3.3,FALSE,38:08.2
dev108200,cust108200,ios,2.1.6,FALSE,39:10.0
dev108201,cust108201,android,1.0.2,FALSE,59:04.2
dev108202,cust108202,feature_phone,1.7.1,FALSE,47:35.1
dev108203,cust108203,tablet,2.5.4,FALSE,50:43.7
dev108204,cust108204,tablet,3.6.14,FALSE,03:21.4
dev108205,cust108205,ios,1.2.0,FALSE,28:48.3
dev108206,cust108206,feature_phone,3.2.6,FALSE,58:48.4
dev108207,cust108207,tablet,3.4.1,FALSE,18:09.5
dev108208,cust108208,tablet,2.5.6,FALSE,46:58.4
dev108209,cust108209,feature_phone,2.8.18,FALSE,13:12.0
dev108210,cust108210,tablet,3.6.1,FALSE,38:46.0
dev108211,cust108211,ios,1.1.5,FALSE,49:37.6
dev108212,cust108212,feature_phone,4.6.0,FALSE,40:47.1
dev108213,cust108213,android,3.0.9,FALSE,54:33.5
dev108214,cust108214,tablet,3.1.9,FALSE,50:20.1
dev108215,cust108215,feature_phone,1.2.15,FALSE,31:58.4
dev108216,cust108216,android,4.5.10,FALSE,28:45.6
dev108217,cust108217,ios,2.0.4,FALSE,44:25.4
dev108218,cust108218,ios,2.3.14,FALSE,42:54.8
dev108219,cust108219,ios,1.5.0,FALSE,56:22.0
dev108220,cust108220,feature_phone,4.3.0,TRUE,29:32.0
dev108221,cust108221,tablet,4.3.8,FALSE,31:06.1
dev108222,cust108222,android,1.6.18,FALSE,28:30.2
dev108223,cust108223,feature_phone,1.1.13,TRUE,20:23.1
dev108224,cust108224,feature_phone,4.9.2,FALSE,48:28.0
dev108225,cust108225,tablet,4.4.9,FALSE,20:56.2
dev108226,cust108226,android,2.6.19,FALSE,41:14.8
dev108227,cust108227,ios,4.5.12,FALSE,51:58.6
dev108228,cust108228,feature_phone,2.9.17,FALSE,03:16.1
dev108229,cust108229,feature_phone,1.2.2,FALSE,27:59.8
dev108230,cust108230,feature_phone,4.3.13,FALSE,02:20.3
dev108231,cust108231,feature_phone,4.0.0,FALSE,39:27.3
dev108232,cust108232,ios,4.2.14,FALSE,54:02.4
dev108233,cust108233,android,2.0.11,FALSE,05:17.3
dev108234,cust108234,tablet,1.6.6,FALSE,05:09.7
dev108235,cust108235,ios,4.4.14,FALSE,34:06.6
dev108236,cust108236,tablet,3.1.1,FALSE,05:07.1
dev108237,cust108237,tablet,1.0.15,FALSE,48:06.7
dev108238,cust108238,feature_phone,3.9.10,FALSE,14:51.4
dev108239,cust108239,ios,1.7.4,FALSE,20:48.0
dev108240,cust108240,tablet,1.0.1,FALSE,01:19.0
dev108241,cust108241,feature_phone,1.7.7,FALSE,52:37.6
dev108242,cust108242,feature_phone,4.0.11,FALSE,32:00.6
dev108243,cust108243,android,1.5.5,FALSE,02:38.5
dev108244,cust108244,ios,1.1.12,FALSE,15:10.1
dev108245,cust108245,android,1.0.7,FALSE,16:36.8
dev108246,cust108246,tablet,2.7.13,FALSE,48:33.8
dev108247,cust108247,android,2.8.1,FALSE,03:47.8
dev108248,cust108248,android,4.2.11,FALSE,10:27.1
dev108249,cust108249,android,1.7.6,FALSE,57:32.8
dev108250,cust108250,ios,3.5.15,FALSE,53:00.8
dev108251,cust108251,ios,4.6.10,FALSE,18:24.6
dev108252,cust108252,feature_phone,1.7.5,FALSE,41:43.6
dev108253,cust108253,ios,1.1.0,FALSE,09:18.5
dev108254,cust108254,ios,2.3.2,FALSE,34:23.6
dev108255,cust108255,tablet,1.8.11,FALSE,48:45.2
dev108256,cust108256,ios,3.4.3,FALSE,18:02.7
dev108257,cust108257,tablet,2.6.15,FALSE,59:58.8
dev108258,cust108258,ios,3.2.16,FALSE,55:54.1
dev108259,cust108259,android,4.0.7,FALSE,12:51.6
dev108260,cust108260,ios,4.7.4,FALSE,08:17.9
dev108261,cust108261,android,3.7.15,FALSE,19:06.6
dev108262,cust108262,ios,4.4.20,FALSE,16:16.9
dev108263,cust108263,tablet,4.0.16,FALSE,36:35.8
dev108264,cust108264,android,4.2.14,FALSE,23:32.3
dev108265,cust108265,feature_phone,4.0.3,FALSE,25:01.8
dev108266,cust108266,android,4.9.4,FALSE,31:15.5
dev108267,cust108267,feature_phone,4.4.8,FALSE,37:27.8
dev108268,cust108268,ios,1.0.13,FALSE,09:51.0
dev108269,cust108269,feature_phone,3.8.16,FALSE,38:18.2
dev108270,cust108270,android,3.8.2,TRUE,17:30.5
dev108271,cust108271,android,3.6.5,FALSE,37:29.6
dev108272,cust108272,tablet,2.0.9,FALSE,15:06.1
dev108273,cust108273,tablet,1.9.6,FALSE,29:02.3
dev108274,cust108274,android,2.4.4,FALSE,17:08.3
dev108275,cust108275,android,4.5.4,FALSE,18:36.5
dev108276,cust108276,tablet,1.5.3,TRUE,58:42.7
dev108277,cust108277,android,2.2.13,FALSE,33:36.5
dev108278,cust108278,tablet,4.4.19,FALSE,28:52.3
dev108279,cust108279,feature_phone,1.3.2,FALSE,57:05.8
dev108280,cust108280,android,4.5.18,FALSE,43:58.5
dev108281,cust108281,ios,1.2.9,FALSE,04:49.3
dev108282,cust108282,android,2.2.13,FALSE,35:58.6
dev108283,cust108283,feature_phone,4.3.0,FALSE,04:16.0
dev108284,cust108284,feature_phone,2.6.20,FALSE,41:11.0
dev108285,cust108285,ios,3.7.16,FALSE,12:05.3
dev108286,cust108286,ios,2.3.16,FALSE,44:25.6
dev108287,cust108287,tablet,2.1.6,FALSE,35:52.8
dev108288,cust108288,android,4.5.19,FALSE,37:29.1
dev108289,cust108289,tablet,1.6.7,FALSE,53:26.2
dev108290,cust108290,android,3.0.15,FALSE,50:42.4
dev108291,cust108291,tablet,1.5.4,FALSE,01:38.3
dev108292,cust108292,feature_phone,2.4.20,FALSE,06:18.8
dev108293,cust108293,ios,3.0.4,FALSE,06:26.9
dev108294,cust108294,ios,1.1.19,FALSE,14:39.1
dev108295,cust108295,feature_phone,4.8.7,FALSE,29:35.1
dev108296,cust108296,feature_phone,2.6.8,FALSE,10:31.5
dev108297,cust108297,android,4.5.18,FALSE,43:14.0
dev108298,cust108298,feature_phone,4.1.4,FALSE,18:11.6
dev108299,cust108299,android,2.7.15,FALSE,25:02.6
dev108300,cust108300,feature_phone,3.6.17,FALSE,35:40.4
dev108301,cust108301,ios,1.1.12,FALSE,19:53.5
dev108302,cust108302,ios,4.5.19,FALSE,53:12.7
dev108303,cust108303,ios,4.0.12,FALSE,42:25.1
dev108304,cust108304,android,3.5.20,FALSE,36:48.4
dev108305,cust108305,android,1.2.5,FALSE,23:41.1
dev108306,cust108306,tablet,3.8.2,FALSE,35:35.7
dev108307,cust108307,android,2.1.20,FALSE,09:21.2
dev108308,cust108308,android,1.1.16,FALSE,54:33.2
dev108309,cust108309,feature_phone,3.5.4,FALSE,17:35.6
dev108310,cust108310,ios,4.9.1,FALSE,43:32.1
dev108311,cust108311,feature_phone,3.4.7,FALSE,22:48.0
dev108312,cust108312,tablet,2.6.10,FALSE,45:59.6
dev108313,cust108313,android,1.1.12,FALSE,27:59.6
dev108314,cust108314,tablet,3.9.19,FALSE,44:23.4
dev108315,cust108315,ios,3.0.16,FALSE,59:45.3
dev108316,cust108316,ios,4.2.14,FALSE,49:25.2
dev108317,cust108317,feature_phone,4.7.17,FALSE,56:13.9
dev108318,cust108318,tablet,4.9.8,FALSE,28:38.6
dev108319,cust108319,android,2.1.0,FALSE,21:11.5
dev108320,cust108320,feature_phone,1.6.0,FALSE,24:25.8
dev108321,cust108321,feature_phone,2.8.9,FALSE,15:35.0
dev108322,cust108322,tablet,2.1.7,FALSE,59:21.1
dev108323,cust108323,android,2.9.14,FALSE,44:08.9
dev108324,cust108324,ios,4.7.12,FALSE,06:47.5
dev108325,cust108325,tablet,1.1.6,FALSE,24:12.3
dev108326,cust108326,feature_phone,3.7.4,FALSE,05:06.3
dev108327,cust108327,android,2.8.1,FALSE,43:28.1
dev108328,cust108328,android,2.5.8,FALSE,40:22.1
dev108329,cust108329,feature_phone,3.1.1,FALSE,49:34.4
dev108330,cust108330,android,2.7.12,FALSE,24:22.2
dev108331,cust108331,tablet,2.4.13,FALSE,45:54.3
dev108332,cust108332,android,4.4.13,FALSE,14:45.7
dev108333,cust108333,ios,1.6.3,FALSE,43:55.6
dev108334,cust108334,feature_phone,1.3.14,FALSE,24:52.8
dev108335,cust108335,tablet,1.3.8,FALSE,54:36.0
dev108336,cust108336,feature_phone,1.8.1,FALSE,39:12.1
dev108337,cust108337,android,3.7.13,FALSE,32:43.4
dev108338,cust108338,tablet,2.8.15,FALSE,52:37.3
dev108339,cust108339,android,3.2.2,FALSE,38:12.4
dev108340,cust108340,ios,3.4.19,FALSE,41:58.8
dev108341,cust108341,feature_phone,4.1.9,FALSE,20:28.3
dev108342,cust108342,ios,1.6.4,FALSE,30:08.9
dev108343,cust108343,android,3.8.4,FALSE,16:29.0
dev108344,cust108344,ios,3.2.17,FALSE,04:47.5
dev108345,cust108345,android,4.7.17,FALSE,39:00.8
dev108346,cust108346,android,3.3.9,FALSE,22:25.3
dev108347,cust108347,android,4.4.10,FALSE,12:24.0
dev108348,cust108348,feature_phone,2.9.6,FALSE,33:35.6
dev108349,cust108349,feature_phone,2.1.16,FALSE,18:09.2
dev108350,cust108350,tablet,2.4.1,FALSE,34:51.8
dev108351,cust108351,android,3.1.13,FALSE,32:31.5
dev108352,cust108352,tablet,3.7.8,FALSE,21:48.5
dev108353,cust108353,feature_phone,1.9.12,FALSE,44:29.9
dev108354,cust108354,feature_phone,2.6.4,FALSE,16:58.7
dev108355,cust108355,android,4.7.3,FALSE,38:06.4
dev108356,cust108356,ios,1.3.3,FALSE,40:01.6
dev108357,cust108357,feature_phone,2.2.0,FALSE,38:31.9
dev108358,cust108358,ios,3.1.6,FALSE,23:28.2
dev108359,cust108359,feature_phone,4.9.7,FALSE,38:23.5
dev108360,cust108360,feature_phone,3.2.5,TRUE,53:00.0
dev108361,cust108361,ios,3.6.5,FALSE,58:46.1
dev108362,cust108362,ios,2.4.6,FALSE,58:23.2
dev108363,cust108363,tablet,3.8.8,FALSE,36:27.6
dev108364,cust108364,feature_phone,2.7.17,FALSE,17:35.5
dev108365,cust108365,ios,4.4.20,FALSE,32:02.8
dev108366,cust108366,tablet,1.5.15,FALSE,33:58.8
dev108367,cust108367,tablet,1.4.12,FALSE,54:27.1
dev108368,cust108368,android,3.6.2,FALSE,49:40.9
dev108369,cust108369,ios,4.7.7,FALSE,29:23.7
dev108370,cust108370,feature_phone,3.7.8,FALSE,40:20.7
dev108371,cust108371,feature_phone,2.0.10,FALSE,19:05.7
dev108372,cust108372,ios,3.6.4,FALSE,31:44.3
dev108373,cust108373,android,1.7.20,FALSE,55:55.2
dev108374,cust108374,ios,4.5.9,FALSE,01:07.5
dev108375,cust108375,ios,3.8.8,FALSE,27:46.3
dev108376,cust108376,ios,2.1.7,FALSE,12:34.1
dev108377,cust108377,ios,4.6.4,FALSE,19:24.5
dev108378,cust108378,tablet,4.2.11,FALSE,49:50.3
dev108379,cust108379,android,2.4.18,FALSE,51:40.0
dev108380,cust108380,ios,2.0.13,FALSE,48:28.4
dev108381,cust108381,tablet,2.8.18,FALSE,29:48.1
dev108382,cust108382,android,2.6.14,FALSE,23:39.2
dev108383,cust108383,ios,3.5.13,FALSE,49:35.7
dev108384,cust108384,feature_phone,2.5.10,FALSE,02:41.5
dev108385,cust108385,ios,4.8.19,FALSE,44:31.5
dev108386,cust108386,android,2.9.10,FALSE,22:04.2
dev108387,cust108387,android,1.3.0,FALSE,40:41.0
dev108388,cust108388,tablet,1.5.20,FALSE,29:47.3
dev108389,cust108389,feature_phone,4.6.14,FALSE,15:15.6
dev108390,cust108390,tablet,1.7.3,FALSE,41:46.8
dev108391,cust108391,ios,1.9.2,FALSE,29:05.4
dev108392,cust108392,tablet,2.0.3,FALSE,59:56.1
dev108393,cust108393,ios,4.2.9,FALSE,50:59.4
dev108394,cust108394,tablet,1.4.13,FALSE,10:57.9
dev108395,cust108395,tablet,1.7.20,FALSE,47:43.1
dev108396,cust108396,ios,1.4.4,FALSE,32:17.2
dev108397,cust108397,tablet,2.9.4,FALSE,39:40.0
dev108398,cust108398,android,2.7.15,FALSE,54:13.2
dev108399,cust108399,tablet,3.4.10,FALSE,57:47.1
dev108400,cust108400,tablet,3.6.0,FALSE,49:17.5
dev108401,cust108401,ios,1.5.8,FALSE,20:57.7
dev108402,cust108402,android,3.6.12,FALSE,07:19.9
dev108403,cust108403,feature_phone,2.8.17,FALSE,11:21.4
dev108404,cust108404,feature_phone,1.4.17,FALSE,40:25.1
dev108405,cust108405,android,3.8.17,FALSE,30:28.6
dev108406,cust108406,tablet,4.8.8,FALSE,18:30.1
dev108407,cust108407,tablet,1.0.1,FALSE,10:44.4
dev108408,cust108408,feature_phone,2.0.3,FALSE,40:26.9
dev108409,cust108409,android,3.8.7,FALSE,11:03.5
dev108410,cust108410,android,4.9.19,FALSE,37:23.3
dev108411,cust108411,ios,2.9.8,TRUE,52:17.8
dev108412,cust108412,ios,1.7.1,FALSE,50:14.2
dev108413,cust108413,android,3.4.6,FALSE,28:51.4
dev108414,cust108414,feature_phone,2.3.12,FALSE,36:15.5
dev108415,cust108415,tablet,2.7.5,FALSE,49:16.4
dev108416,cust108416,android,1.2.20,FALSE,09:15.6
dev108417,cust108417,android,2.8.2,FALSE,23:59.6
dev108418,cust108418,tablet,1.5.20,FALSE,21:22.6
dev108419,cust108419,android,3.4.12,FALSE,50:53.9
dev108420,cust108420,tablet,2.9.1,FALSE,14:53.9
dev108421,cust108421,ios,3.8.12,FALSE,40:34.3
dev108422,cust108422,tablet,4.9.14,FALSE,45:55.7
dev108423,cust108423,feature_phone,4.6.7,FALSE,34:34.4
dev108424,cust108424,ios,4.8.7,FALSE,24:31.0
dev108425,cust108425,ios,4.9.0,FALSE,32:22.1
dev108426,cust108426,feature_phone,1.1.17,FALSE,18:52.3
dev108427,cust108427,tablet,4.8.6,TRUE,24:22.2
dev108428,cust108428,tablet,4.0.8,FALSE,55:48.8
dev108429,cust108429,tablet,1.2.13,FALSE,41:47.1
dev108430,cust108430,tablet,1.3.19,FALSE,44:27.1
dev108431,cust108431,ios,3.0.2,FALSE,41:18.7
dev108432,cust108432,tablet,2.9.20,FALSE,22:10.5
dev108433,cust108433,android,1.8.14,FALSE,14:55.9
dev108434,cust108434,ios,2.3.19,FALSE,54:15.1
dev108435,cust108435,android,3.2.3,FALSE,24:34.7
dev108436,cust108436,feature_phone,4.4.19,FALSE,38:44.9
dev108437,cust108437,feature_phone,1.2.12,FALSE,40:30.4
dev108438,cust108438,tablet,4.2.6,FALSE,22:47.3
dev108439,cust108439,tablet,2.6.4,FALSE,02:05.3
dev108440,cust108440,feature_phone,4.8.6,FALSE,00:58.5
dev108441,cust108441,tablet,2.6.20,FALSE,55:34.9
dev108442,cust108442,feature_phone,2.1.3,FALSE,16:35.2
dev108443,cust108443,feature_phone,1.5.1,FALSE,58:20.8
dev108444,cust108444,feature_phone,4.0.14,FALSE,19:37.0
dev108445,cust108445,tablet,2.2.16,FALSE,56:49.6
dev108446,cust108446,tablet,1.8.3,FALSE,26:29.7
dev108447,cust108447,tablet,1.2.18,FALSE,48:25.4
dev108448,cust108448,ios,1.0.12,FALSE,46:27.6
dev108449,cust108449,ios,1.2.4,FALSE,51:52.0
dev108450,cust108450,ios,1.3.17,FALSE,40:39.4
dev108451,cust108451,tablet,1.0.4,FALSE,42:55.5
dev108452,cust108452,android,3.2.9,FALSE,00:47.7
dev108453,cust108453,feature_phone,1.8.3,FALSE,05:17.9
dev108454,cust108454,android,3.4.13,FALSE,14:23.6
dev108455,cust108455,feature_phone,1.9.6,FALSE,31:19.1
dev108456,cust108456,ios,3.6.3,FALSE,44:17.6
dev108457,cust108457,feature_phone,2.2.14,FALSE,26:16.1
dev108458,cust108458,android,3.9.14,FALSE,20:34.1
dev108459,cust108459,android,2.0.6,FALSE,41:16.9
dev108460,cust108460,feature_phone,1.9.15,FALSE,40:14.5
dev108461,cust108461,ios,2.9.19,TRUE,20:58.9
dev108462,cust108462,ios,2.7.7,FALSE,51:10.2
dev108463,cust108463,ios,2.2.11,FALSE,22:18.5
dev108464,cust108464,ios,3.3.0,FALSE,43:47.7
dev108465,cust108465,tablet,4.6.6,FALSE,06:16.2
dev108466,cust108466,tablet,2.5.6,FALSE,50:08.4
dev108467,cust108467,tablet,4.8.11,FALSE,47:16.5
dev108468,cust108468,tablet,1.5.20,FALSE,43:57.9
dev108469,cust108469,feature_phone,3.8.20,FALSE,22:25.7
dev108470,cust108470,tablet,2.9.17,TRUE,59:44.9
dev108471,cust108471,android,1.7.7,FALSE,01:31.0
dev108472,cust108472,ios,2.1.11,FALSE,41:47.7
dev108473,cust108473,android,4.7.19,FALSE,35:43.5
dev108474,cust108474,tablet,2.6.1,FALSE,10:49.6
dev108475,cust108475,ios,2.8.11,FALSE,36:17.1
dev108476,cust108476,android,3.2.3,FALSE,48:47.4
dev108477,cust108477,tablet,2.9.11,FALSE,36:31.2
dev108478,cust108478,tablet,3.9.17,FALSE,23:07.7
dev108479,cust108479,ios,2.4.1,FALSE,22:11.4
dev108480,cust108480,ios,1.7.13,FALSE,23:40.6
dev108481,cust108481,android,3.9.0,FALSE,18:54.7
dev108482,cust108482,android,2.9.18,FALSE,07:48.3
dev108483,cust108483,ios,1.4.3,FALSE,31:02.0
dev108484,cust108484,feature_phone,4.8.19,FALSE,36:59.4
dev108485,cust108485,feature_phone,1.7.12,FALSE,29:07.4
dev108486,cust108486,feature_phone,3.9.17,FALSE,48:47.2
dev108487,cust108487,tablet,2.6.8,FALSE,12:29.7
dev108488,cust108488,android,3.1.1,FALSE,24:50.8
dev108489,cust108489,ios,3.1.9,FALSE,52:15.4
dev108490,cust108490,tablet,3.5.17,FALSE,06:12.6
dev108491,cust108491,ios,1.5.12,FALSE,54:50.8
dev108492,cust108492,feature_phone,2.4.19,FALSE,33:08.3
dev108493,cust108493,feature_phone,3.5.13,FALSE,43:56.7
dev108494,cust108494,feature_phone,4.1.12,FALSE,46:04.2
dev108495,cust108495,android,2.3.11,FALSE,38:29.1
dev108496,cust108496,feature_phone,1.8.11,FALSE,12:17.4
dev108497,cust108497,android,3.4.14,FALSE,02:37.6
dev108498,cust108498,android,2.8.6,FALSE,55:43.6
dev108499,cust108499,feature_phone,3.6.3,FALSE,47:50.0
dev108500,cust108500,ios,1.8.15,FALSE,05:20.8
dev108501,cust108501,tablet,4.5.10,FALSE,09:21.2
dev108502,cust108502,feature_phone,2.6.19,FALSE,25:36.4
dev108503,cust108503,android,2.8.8,FALSE,04:16.0
dev108504,cust108504,android,1.6.2,FALSE,16:43.6
dev108505,cust108505,ios,4.4.14,FALSE,43:03.9
dev108506,cust108506,ios,4.0.3,FALSE,32:47.1
dev108507,cust108507,tablet,4.9.10,TRUE,04:07.7
dev108508,cust108508,ios,4.8.8,FALSE,23:31.5
dev108509,cust108509,tablet,2.4.6,FALSE,54:22.6
dev108510,cust108510,ios,3.7.8,FALSE,55:08.9
dev108511,cust108511,ios,4.1.7,FALSE,28:25.3
dev108512,cust108512,android,1.3.4,FALSE,44:32.5
dev108513,cust108513,android,4.5.20,FALSE,11:58.0
dev108514,cust108514,android,1.6.20,FALSE,47:58.3
dev108515,cust108515,tablet,1.5.0,FALSE,52:58.2
dev108516,cust108516,android,4.8.13,FALSE,30:33.4
dev108517,cust108517,android,4.4.8,FALSE,24:17.7
dev108518,cust108518,android,4.0.9,FALSE,26:55.5
dev108519,cust108519,android,2.8.4,FALSE,57:45.4
dev108520,cust108520,tablet,4.6.8,FALSE,25:59.7
dev108521,cust108521,tablet,4.9.14,FALSE,09:41.7
dev108522,cust108522,tablet,4.2.3,FALSE,07:15.0
dev108523,cust108523,ios,1.2.7,FALSE,03:08.2
dev108524,cust108524,ios,3.7.5,FALSE,56:36.8
dev108525,cust108525,feature_phone,4.0.9,FALSE,23:33.4
dev108526,cust108526,feature_phone,4.6.1,FALSE,31:27.3
dev108527,cust108527,ios,3.2.2,FALSE,14:19.3
dev108528,cust108528,android,2.5.18,FALSE,10:43.0
dev108529,cust108529,android,2.2.12,FALSE,14:10.5
dev108530,cust108530,ios,1.7.13,FALSE,27:27.4
dev108531,cust108531,android,2.1.3,FALSE,36:23.0
dev108532,cust108532,feature_phone,3.5.15,FALSE,53:53.6
dev108533,cust108533,feature_phone,3.5.17,FALSE,48:04.6
dev108534,cust108534,android,1.4.0,FALSE,52:58.7
dev108535,cust108535,android,4.4.8,FALSE,32:23.0
dev108536,cust108536,ios,2.9.4,FALSE,33:54.0
dev108537,cust108537,ios,2.1.3,FALSE,34:09.0
dev108538,cust108538,ios,4.3.1,FALSE,55:03.4
dev108539,cust108539,tablet,1.9.1,FALSE,08:07.9
dev108540,cust108540,android,4.9.10,FALSE,00:42.2
dev108541,cust108541,feature_phone,4.4.14,FALSE,20:56.8
dev108542,cust108542,ios,4.2.1,FALSE,20:12.6
dev108543,cust108543,tablet,4.8.13,FALSE,16:12.0
dev108544,cust108544,feature_phone,4.0.3,FALSE,10:56.5
dev108545,cust108545,tablet,1.1.0,FALSE,46:42.0
dev108546,cust108546,feature_phone,4.7.1,FALSE,45:12.9
dev108547,cust108547,tablet,1.2.16,FALSE,22:53.5
dev108548,cust108548,feature_phone,1.0.20,FALSE,13:50.5
dev108549,cust108549,tablet,2.1.13,FALSE,17:07.8
dev108550,cust108550,ios,3.3.17,FALSE,21:42.2
dev108551,cust108551,feature_phone,3.1.15,FALSE,03:35.4
dev108552,cust108552,ios,2.7.19,FALSE,56:07.9
dev108553,cust108553,android,1.3.2,FALSE,45:41.0
dev108554,cust108554,ios,2.4.13,FALSE,03:50.9
dev108555,cust108555,ios,2.2.8,FALSE,28:16.9
dev108556,cust108556,android,1.4.7,FALSE,43:19.7
dev108557,cust108557,ios,1.7.13,FALSE,48:35.9
dev108558,cust108558,android,1.6.10,FALSE,13:03.7
dev108559,cust108559,android,1.1.13,TRUE,17:29.0
dev108560,cust108560,ios,2.5.3,FALSE,18:07.6
dev108561,cust108561,feature_phone,4.1.16,FALSE,55:49.5
dev108562,cust108562,feature_phone,3.4.9,FALSE,10:04.9
dev108563,cust108563,tablet,2.6.1,FALSE,22:11.8
dev108564,cust108564,android,2.3.14,FALSE,01:10.5
dev108565,cust108565,tablet,1.1.9,FALSE,31:11.3
dev108566,cust108566,tablet,2.5.8,FALSE,07:54.7
dev108567,cust108567,feature_phone,2.6.9,FALSE,15:16.9
dev108568,cust108568,android,4.2.15,FALSE,24:54.7
dev108569,cust108569,ios,1.1.17,FALSE,00:29.4
dev108570,cust108570,android,1.4.19,FALSE,00:39.1
dev108571,cust108571,feature_phone,2.8.12,FALSE,47:55.7
dev108572,cust108572,feature_phone,3.6.3,FALSE,05:02.2
dev108573,cust108573,tablet,4.0.3,FALSE,55:52.8
dev108574,cust108574,android,1.0.17,FALSE,23:40.9
dev108575,cust108575,android,4.9.2,FALSE,43:51.6
dev108576,cust108576,feature_phone,3.8.9,FALSE,44:03.8
dev108577,cust108577,tablet,4.2.18,FALSE,49:07.4
dev108578,cust108578,ios,3.5.0,FALSE,10:51.4
dev108579,cust108579,android,3.8.9,FALSE,34:37.9
dev108580,cust108580,tablet,4.2.20,FALSE,29:35.5
dev108581,cust108581,android,4.0.20,FALSE,56:58.8
dev108582,cust108582,feature_phone,1.7.18,FALSE,57:55.4
dev108583,cust108583,android,2.5.12,FALSE,39:32.4
dev108584,cust108584,ios,4.0.15,FALSE,20:34.2
dev108585,cust108585,android,1.5.3,FALSE,08:18.6
dev108586,cust108586,ios,1.2.9,FALSE,00:03.1
dev108587,cust108587,feature_phone,1.6.12,FALSE,54:47.0
dev108588,cust108588,ios,4.1.19,FALSE,16:22.1
dev108589,cust108589,feature_phone,2.7.17,FALSE,09:24.8
dev108590,cust108590,android,2.6.5,FALSE,19:20.7
dev108591,cust108591,ios,1.6.19,FALSE,58:40.4
dev108592,cust108592,feature_phone,2.4.3,FALSE,37:25.3
dev108593,cust108593,feature_phone,3.3.2,FALSE,31:59.1
dev108594,cust108594,android,2.5.8,FALSE,44:58.6
dev108595,cust108595,ios,1.8.8,FALSE,42:31.6
dev108596,cust108596,ios,4.0.20,FALSE,37:06.0
dev108597,cust108597,feature_phone,1.6.11,FALSE,38:40.0
dev108598,cust108598,ios,3.7.20,FALSE,47:35.6
dev108599,cust108599,android,4.6.15,FALSE,48:59.3
dev108600,cust108600,feature_phone,1.9.3,FALSE,23:09.1
dev108601,cust108601,ios,2.1.13,FALSE,30:45.2
dev108602,cust108602,ios,1.3.13,FALSE,35:06.9
dev108603,cust108603,tablet,4.4.4,FALSE,33:20.7
dev108604,cust108604,android,3.7.8,FALSE,52:58.1
dev108605,cust108605,feature_phone,2.9.8,TRUE,42:01.5
dev108606,cust108606,feature_phone,4.4.4,FALSE,50:42.8
dev108607,cust108607,android,4.7.2,FALSE,43:03.1
dev108608,cust108608,feature_phone,4.8.6,TRUE,55:55.8
dev108609,cust108609,feature_phone,4.9.7,FALSE,25:41.5
dev108610,cust108610,tablet,3.0.9,FALSE,49:53.3
dev108611,cust108611,tablet,3.7.20,FALSE,39:09.0
dev108612,cust108612,android,1.4.6,FALSE,46:22.1
dev108613,cust108613,tablet,1.0.13,FALSE,16:51.9
dev108614,cust108614,feature_phone,1.6.2,FALSE,51:05.1
dev108615,cust108615,ios,1.4.11,FALSE,11:27.3
dev108616,cust108616,tablet,2.1.14,TRUE,31:51.1
dev108617,cust108617,feature_phone,4.4.19,FALSE,14:39.4
dev108618,cust108618,tablet,3.5.14,FALSE,44:14.4
dev108619,cust108619,android,2.6.18,FALSE,22:32.8
dev108620,cust108620,tablet,3.2.3,FALSE,09:41.8
dev108621,cust108621,tablet,2.9.19,FALSE,35:00.5
dev108622,cust108622,android,3.8.14,FALSE,01:30.8
dev108623,cust108623,feature_phone,4.4.9,FALSE,03:28.9
dev108624,cust108624,ios,2.3.18,FALSE,36:35.0
dev108625,cust108625,tablet,3.4.1,FALSE,49:24.2
dev108626,cust108626,tablet,4.1.15,FALSE,45:00.0
dev108627,cust108627,android,1.5.3,FALSE,08:17.2
dev108628,cust108628,android,3.0.11,FALSE,22:25.9
dev108629,cust108629,feature_phone,2.8.4,FALSE,30:45.1
dev108630,cust108630,ios,3.4.0,FALSE,31:47.5
dev108631,cust108631,android,3.4.2,FALSE,41:18.6
dev108632,cust108632,feature_phone,2.8.16,FALSE,55:05.8
dev108633,cust108633,ios,3.8.0,FALSE,18:58.8
dev108634,cust108634,tablet,4.3.15,FALSE,17:49.8
dev108635,cust108635,tablet,3.4.14,FALSE,43:53.7
dev108636,cust108636,android,1.8.10,FALSE,14:16.6
dev108637,cust108637,ios,4.7.15,FALSE,47:07.7
dev108638,cust108638,tablet,2.9.9,FALSE,30:43.1
dev108639,cust108639,android,1.4.10,FALSE,01:15.0
dev108640,cust108640,feature_phone,1.8.10,TRUE,05:45.0
dev108641,cust108641,ios,1.2.20,FALSE,46:46.9
dev108642,cust108642,ios,1.2.7,FALSE,41:34.0
dev108643,cust108643,ios,4.4.9,FALSE,21:56.3
dev108644,cust108644,tablet,3.5.20,FALSE,07:36.2
dev108645,cust108645,tablet,4.8.2,FALSE,19:53.6
dev108646,cust108646,ios,4.0.14,FALSE,34:10.5
dev108647,cust108647,feature_phone,4.0.11,FALSE,36:17.2
dev108648,cust108648,feature_phone,2.6.15,FALSE,14:28.5
dev108649,cust108649,android,4.3.11,FALSE,34:57.6
dev108650,cust108650,tablet,3.5.6,FALSE,00:09.7
dev108651,cust108651,feature_phone,1.4.15,FALSE,53:50.8
dev108652,cust108652,android,2.8.8,FALSE,59:47.3
dev108653,cust108653,android,4.1.8,FALSE,11:21.8
dev108654,cust108654,tablet,1.1.7,FALSE,42:07.0
dev108655,cust108655,android,1.0.0,FALSE,05:32.4
dev108656,cust108656,tablet,3.0.13,TRUE,15:49.1
dev108657,cust108657,android,1.1.6,FALSE,42:55.3
dev108658,cust108658,tablet,2.1.14,FALSE,32:21.4
dev108659,cust108659,ios,1.5.19,FALSE,24:15.5
dev108660,cust108660,android,4.2.6,FALSE,39:29.1
dev108661,cust108661,android,2.1.16,FALSE,14:02.2
dev108662,cust108662,feature_phone,2.2.11,FALSE,58:11.3
dev108663,cust108663,android,3.4.0,FALSE,50:46.2
dev108664,cust108664,ios,2.0.8,FALSE,52:21.8
dev108665,cust108665,tablet,4.3.12,FALSE,21:14.7
dev108666,cust108666,tablet,2.1.19,FALSE,43:31.4
dev108667,cust108667,ios,3.2.15,FALSE,21:40.0
dev108668,cust108668,feature_phone,1.4.13,FALSE,08:53.6
dev108669,cust108669,android,4.9.14,FALSE,27:13.5
dev108670,cust108670,ios,3.5.14,FALSE,28:20.0
dev108671,cust108671,android,1.7.3,FALSE,26:07.8
dev108672,cust108672,ios,3.0.2,FALSE,54:16.8
dev108673,cust108673,android,4.7.16,FALSE,16:06.0
dev108674,cust108674,tablet,3.0.4,FALSE,41:18.3
dev108675,cust108675,tablet,3.4.17,FALSE,50:12.0
dev108676,cust108676,tablet,2.1.16,FALSE,46:25.8
dev108677,cust108677,tablet,3.1.11,FALSE,03:38.0
dev108678,cust108678,android,2.1.2,FALSE,54:17.0
dev108679,cust108679,tablet,3.2.13,TRUE,36:52.6
dev108680,cust108680,android,4.8.16,FALSE,22:21.0
dev108681,cust108681,feature_phone,1.6.0,FALSE,55:28.5
dev108682,cust108682,android,4.1.1,FALSE,37:40.7
dev108683,cust108683,tablet,1.1.19,FALSE,10:05.2
dev108684,cust108684,feature_phone,2.8.8,FALSE,58:10.4
dev108685,cust108685,android,2.7.8,FALSE,04:52.6
dev108686,cust108686,ios,2.9.17,FALSE,39:52.1
dev108687,cust108687,feature_phone,4.7.20,FALSE,51:10.1
dev108688,cust108688,feature_phone,3.6.12,TRUE,02:05.0
dev108689,cust108689,android,1.3.0,FALSE,20:20.1
dev108690,cust108690,feature_phone,3.8.20,FALSE,33:02.7
dev108691,cust108691,feature_phone,1.1.12,FALSE,40:37.1
dev108692,cust108692,android,2.1.18,FALSE,45:38.7
dev108693,cust108693,tablet,2.6.3,FALSE,33:04.6
dev108694,cust108694,ios,1.6.16,FALSE,06:38.2
dev108695,cust108695,feature_phone,2.7.17,FALSE,10:02.3
dev108696,cust108696,ios,3.9.6,FALSE,58:45.9
dev108697,cust108697,ios,2.4.10,FALSE,54:22.9
dev108698,cust108698,ios,1.5.10,FALSE,31:21.3
dev108699,cust108699,ios,2.6.7,FALSE,48:22.6
dev108700,cust108700,android,4.3.0,FALSE,02:12.8
dev108701,cust108701,ios,4.7.7,FALSE,22:57.0
dev108702,cust108702,feature_phone,1.1.17,FALSE,41:40.4
dev108703,cust108703,android,1.6.17,FALSE,59:21.3
dev108704,cust108704,android,2.5.1,FALSE,57:08.9
dev108705,cust108705,ios,4.2.1,FALSE,37:49.7
dev108706,cust108706,ios,3.8.0,FALSE,21:37.9
dev108707,cust108707,ios,2.7.12,FALSE,13:26.1
dev108708,cust108708,tablet,4.9.9,FALSE,03:16.3
dev108709,cust108709,ios,1.7.15,FALSE,20:19.4
dev108710,cust108710,feature_phone,2.9.0,FALSE,43:06.2
dev108711,cust108711,feature_phone,2.0.15,FALSE,55:07.6
dev108712,cust108712,android,4.1.0,FALSE,04:01.7
dev108713,cust108713,feature_phone,3.9.2,FALSE,03:17.8
dev108714,cust108714,ios,3.5.11,FALSE,20:09.0
dev108715,cust108715,feature_phone,4.8.7,FALSE,38:44.0
dev108716,cust108716,android,3.9.3,FALSE,15:59.3
dev108717,cust108717,feature_phone,2.8.10,FALSE,10:57.1
dev108718,cust108718,ios,1.4.14,FALSE,40:34.5
dev108719,cust108719,android,1.3.20,FALSE,51:46.7
dev108720,cust108720,ios,1.6.10,FALSE,55:34.7
dev108721,cust108721,ios,3.9.5,FALSE,52:51.8
dev108722,cust108722,android,3.8.8,FALSE,52:51.0
dev108723,cust108723,tablet,2.9.5,FALSE,01:05.1
dev108724,cust108724,feature_phone,3.4.15,FALSE,36:00.0
dev108725,cust108725,ios,1.8.9,FALSE,47:56.1
dev108726,cust108726,tablet,4.4.0,FALSE,44:42.0
dev108727,cust108727,tablet,4.3.10,TRUE,40:27.2
dev108728,cust108728,android,2.8.20,FALSE,31:29.8
dev108729,cust108729,tablet,3.9.7,FALSE,44:03.5
dev108730,cust108730,android,3.0.16,FALSE,10:57.8
dev108731,cust108731,tablet,3.0.9,FALSE,46:52.3
dev108732,cust108732,tablet,2.4.4,FALSE,28:30.0
dev108733,cust108733,feature_phone,3.9.12,FALSE,53:51.7
dev108734,cust108734,android,3.9.16,FALSE,09:42.7
dev108735,cust108735,ios,4.9.15,FALSE,36:08.1
dev108736,cust108736,feature_phone,3.3.6,FALSE,54:44.4
dev108737,cust108737,tablet,2.6.9,FALSE,48:51.3
dev108738,cust108738,feature_phone,2.6.20,FALSE,41:13.0
dev108739,cust108739,ios,1.1.16,FALSE,19:15.7
dev108740,cust108740,tablet,2.5.0,FALSE,31:51.1
dev108741,cust108741,tablet,4.1.8,FALSE,26:16.9
dev108742,cust108742,tablet,4.9.2,FALSE,51:25.7
dev108743,cust108743,feature_phone,4.6.11,FALSE,59:04.1
dev108744,cust108744,feature_phone,2.8.6,FALSE,22:58.1
dev108745,cust108745,feature_phone,4.9.18,FALSE,51:03.4
dev108746,cust108746,feature_phone,1.5.12,FALSE,34:44.8
dev108747,cust108747,tablet,1.9.16,FALSE,48:51.7
dev108748,cust108748,tablet,4.5.4,FALSE,16:09.4
dev108749,cust108749,tablet,2.4.13,FALSE,49:38.1
dev108750,cust108750,tablet,4.8.9,FALSE,45:12.1
dev108751,cust108751,tablet,1.2.1,TRUE,50:03.6
dev108752,cust108752,android,2.5.13,FALSE,06:15.5
dev108753,cust108753,tablet,3.6.17,FALSE,34:11.3
dev108754,cust108754,android,4.3.18,FALSE,01:11.3
dev108755,cust108755,feature_phone,4.4.14,FALSE,29:57.9
dev108756,cust108756,ios,2.1.15,FALSE,09:10.4
dev108757,cust108757,tablet,3.7.3,FALSE,55:34.3
dev108758,cust108758,android,2.4.13,FALSE,31:33.9
dev108759,cust108759,tablet,4.1.10,FALSE,01:24.7
dev108760,cust108760,tablet,4.0.14,FALSE,31:15.6
dev108761,cust108761,feature_phone,1.2.17,FALSE,29:31.9
dev108762,cust108762,tablet,3.3.19,FALSE,10:19.6
dev108763,cust108763,tablet,2.1.15,TRUE,01:37.2
dev108764,cust108764,ios,3.2.14,FALSE,37:31.1
dev108765,cust108765,ios,4.1.1,FALSE,43:16.4
dev108766,cust108766,android,2.0.17,FALSE,49:12.4
dev108767,cust108767,android,4.9.12,FALSE,12:13.9
dev108768,cust108768,feature_phone,3.9.9,FALSE,46:25.2
dev108769,cust108769,ios,3.2.6,FALSE,58:05.7
dev108770,cust108770,tablet,1.1.8,FALSE,33:00.6
dev108771,cust108771,tablet,2.7.12,FALSE,11:23.2
dev108772,cust108772,ios,1.0.12,FALSE,33:48.4
dev108773,cust108773,android,4.5.19,FALSE,33:41.3
dev108774,cust108774,tablet,4.6.19,FALSE,16:49.6
dev108775,cust108775,ios,2.8.8,FALSE,44:46.8
dev108776,cust108776,ios,3.5.5,FALSE,30:22.1
dev108777,cust108777,android,3.1.19,TRUE,23:10.6
dev108778,cust108778,tablet,4.4.10,FALSE,43:42.5
dev108779,cust108779,tablet,2.5.15,FALSE,12:35.1
dev108780,cust108780,feature_phone,4.5.13,TRUE,28:49.6
dev108781,cust108781,feature_phone,1.6.20,FALSE,51:40.3
dev108782,cust108782,ios,2.3.15,FALSE,09:51.9
dev108783,cust108783,feature_phone,4.1.12,FALSE,16:41.8
dev108784,cust108784,ios,4.1.7,FALSE,11:22.7
dev108785,cust108785,android,2.3.19,FALSE,15:50.1
dev108786,cust108786,feature_phone,2.8.6,FALSE,49:37.0
dev108787,cust108787,ios,3.5.6,FALSE,34:52.3
dev108788,cust108788,android,4.1.9,FALSE,47:22.2
dev108789,cust108789,ios,2.8.20,FALSE,30:43.6
dev108790,cust108790,feature_phone,3.3.1,FALSE,00:23.2
dev108791,cust108791,feature_phone,2.0.4,FALSE,48:44.3
dev108792,cust108792,feature_phone,4.8.13,FALSE,08:30.6
dev108793,cust108793,android,3.4.20,FALSE,49:30.4
dev108794,cust108794,tablet,3.6.8,FALSE,37:27.2
dev108795,cust108795,android,1.4.17,FALSE,44:22.0
dev108796,cust108796,tablet,4.3.5,FALSE,58:25.2
dev108797,cust108797,ios,3.3.14,FALSE,26:44.4
dev108798,cust108798,feature_phone,1.9.0,FALSE,06:44.5
dev108799,cust108799,tablet,2.2.8,FALSE,42:08.3
dev108800,cust108800,tablet,3.9.7,FALSE,00:10.2
dev108801,cust108801,feature_phone,2.3.18,FALSE,46:42.8
dev108802,cust108802,tablet,2.2.5,FALSE,07:28.0
dev108803,cust108803,feature_phone,3.7.16,FALSE,53:00.9
dev108804,cust108804,android,4.4.4,FALSE,37:23.7
dev108805,cust108805,ios,3.0.7,FALSE,01:02.2
dev108806,cust108806,android,3.3.1,FALSE,58:45.5
dev108807,cust108807,ios,3.1.1,FALSE,40:31.6
dev108808,cust108808,feature_phone,1.0.13,FALSE,23:06.7
dev108809,cust108809,ios,1.7.20,FALSE,00:07.9
dev108810,cust108810,android,2.4.15,FALSE,03:27.8
dev108811,cust108811,android,2.4.20,FALSE,26:09.6
dev108812,cust108812,android,4.7.6,FALSE,41:55.9
dev108813,cust108813,android,4.5.12,FALSE,38:52.8
dev108814,cust108814,ios,4.8.0,FALSE,03:09.9
dev108815,cust108815,tablet,1.8.7,FALSE,54:27.1
dev108816,cust108816,ios,2.7.20,FALSE,26:19.9
dev108817,cust108817,ios,2.8.10,FALSE,49:50.6
dev108818,cust108818,tablet,1.7.6,FALSE,29:41.8
dev108819,cust108819,tablet,3.7.14,FALSE,44:27.8
dev108820,cust108820,ios,1.9.20,FALSE,39:09.2
dev108821,cust108821,tablet,4.3.1,FALSE,49:03.3
dev108822,cust108822,feature_phone,4.7.11,FALSE,42:20.9
dev108823,cust108823,tablet,4.6.16,FALSE,58:30.8
dev108824,cust108824,android,2.7.13,TRUE,20:57.1
dev108825,cust108825,ios,4.4.14,FALSE,30:50.6
dev108826,cust108826,feature_phone,1.1.15,FALSE,24:50.0
dev108827,cust108827,ios,3.7.5,FALSE,42:30.7
dev108828,cust108828,feature_phone,1.2.10,FALSE,20:05.1
dev108829,cust108829,tablet,2.2.7,FALSE,45:20.4
dev108830,cust108830,tablet,3.0.16,FALSE,28:53.1
dev108831,cust108831,tablet,2.2.3,FALSE,21:10.8
dev108832,cust108832,feature_phone,3.1.7,FALSE,58:45.1
dev108833,cust108833,ios,3.9.9,FALSE,14:41.5
dev108834,cust108834,ios,3.5.6,FALSE,26:04.0
dev108835,cust108835,feature_phone,2.6.7,FALSE,58:42.2
dev108836,cust108836,tablet,2.9.6,FALSE,23:11.8
dev108837,cust108837,android,2.4.17,FALSE,36:27.8
dev108838,cust108838,feature_phone,2.6.14,FALSE,10:16.8
dev108839,cust108839,tablet,4.8.2,FALSE,46:02.6
dev108840,cust108840,ios,2.6.8,FALSE,20:16.7
dev108841,cust108841,feature_phone,3.3.20,FALSE,40:45.2
dev108842,cust108842,feature_phone,4.2.0,FALSE,30:48.1
dev108843,cust108843,feature_phone,1.9.1,TRUE,07:11.3
dev108844,cust108844,feature_phone,2.5.13,FALSE,12:32.8
dev108845,cust108845,ios,1.2.19,FALSE,27:38.4
dev108846,cust108846,feature_phone,4.5.13,FALSE,44:27.6
dev108847,cust108847,tablet,4.2.18,FALSE,28:57.8
dev108848,cust108848,feature_phone,1.9.12,FALSE,28:52.6
dev108849,cust108849,android,1.8.10,FALSE,59:21.3
dev108850,cust108850,feature_phone,4.7.0,FALSE,50:46.3
dev108851,cust108851,tablet,4.8.13,FALSE,30:36.4
dev108852,cust108852,android,1.5.9,FALSE,19:20.9
dev108853,cust108853,tablet,3.0.3,FALSE,01:37.1
dev108854,cust108854,ios,1.6.0,FALSE,54:19.7
dev108855,cust108855,ios,2.7.10,FALSE,39:31.8
dev108856,cust108856,ios,3.0.10,FALSE,00:35.2
dev108857,cust108857,tablet,4.3.19,FALSE,09:06.6
dev108858,cust108858,feature_phone,4.4.9,FALSE,19:58.0
dev108859,cust108859,tablet,2.0.7,FALSE,30:43.2
dev108860,cust108860,feature_phone,2.5.14,FALSE,47:04.5
dev108861,cust108861,feature_phone,2.9.8,FALSE,30:47.5
dev108862,cust108862,tablet,4.3.2,FALSE,12:46.0
dev108863,cust108863,feature_phone,1.9.18,FALSE,41:34.4
dev108864,cust108864,android,2.0.10,FALSE,50:29.0
dev108865,cust108865,ios,4.9.2,FALSE,20:36.9
dev108866,cust108866,tablet,4.7.13,FALSE,15:30.7
dev108867,cust108867,ios,1.1.6,FALSE,31:52.4
dev108868,cust108868,feature_phone,2.4.14,FALSE,56:20.6
dev108869,cust108869,android,3.9.14,FALSE,18:22.0
dev108870,cust108870,android,2.0.8,FALSE,44:37.4
dev108871,cust108871,tablet,4.8.6,FALSE,12:28.0
dev108872,cust108872,feature_phone,2.7.17,FALSE,58:18.7
dev108873,cust108873,ios,3.4.6,FALSE,55:34.4
dev108874,cust108874,tablet,3.7.4,FALSE,09:50.1
dev108875,cust108875,tablet,3.2.15,FALSE,13:18.4
dev108876,cust108876,ios,3.6.13,FALSE,08:54.9
dev108877,cust108877,android,4.0.18,FALSE,56:29.3
dev108878,cust108878,feature_phone,2.4.9,FALSE,50:19.4
dev108879,cust108879,ios,1.0.13,FALSE,44:48.6
dev108880,cust108880,ios,1.9.14,FALSE,19:31.1
dev108881,cust108881,feature_phone,3.8.1,FALSE,44:49.0
dev108882,cust108882,tablet,1.2.4,FALSE,48:34.9
dev108883,cust108883,tablet,4.9.6,FALSE,12:57.6
dev108884,cust108884,tablet,3.3.7,FALSE,49:42.1
dev108885,cust108885,tablet,3.8.18,FALSE,18:08.2
dev108886,cust108886,feature_phone,4.2.7,FALSE,32:08.8
dev108887,cust108887,tablet,2.9.16,FALSE,51:01.0
dev108888,cust108888,android,2.1.17,FALSE,47:48.8
dev108889,cust108889,android,2.4.20,FALSE,07:08.5
dev108890,cust108890,tablet,3.8.7,FALSE,35:00.7
dev108891,cust108891,android,2.5.5,FALSE,44:43.0
dev108892,cust108892,ios,2.6.1,FALSE,26:18.8
dev108893,cust108893,ios,3.5.8,FALSE,33:52.3
dev108894,cust108894,ios,4.9.7,FALSE,03:20.8
dev108895,cust108895,tablet,4.9.13,FALSE,38:07.2
dev108896,cust108896,feature_phone,3.7.5,FALSE,48:33.8
dev108897,cust108897,android,2.3.7,FALSE,54:24.4
dev108898,cust108898,android,2.7.19,FALSE,08:19.1
dev108899,cust108899,android,4.1.11,FALSE,08:55.2
dev108900,cust108900,tablet,3.5.12,FALSE,17:32.0
dev108901,cust108901,tablet,1.6.15,FALSE,35:48.8
dev108902,cust108902,ios,2.5.14,FALSE,09:43.8
dev108903,cust108903,android,2.1.13,FALSE,57:11.1
dev108904,cust108904,tablet,4.5.13,FALSE,21:40.7
dev108905,cust108905,ios,2.3.1,FALSE,53:18.6
dev108906,cust108906,android,2.8.1,FALSE,32:12.6
dev108907,cust108907,tablet,1.9.3,FALSE,04:18.4
dev108908,cust108908,ios,1.3.14,FALSE,05:39.0
dev108909,cust108909,feature_phone,3.2.15,FALSE,14:06.6
dev108910,cust108910,feature_phone,1.7.14,FALSE,18:57.0
dev108911,cust108911,tablet,4.2.18,FALSE,48:47.0
dev108912,cust108912,ios,2.4.19,FALSE,11:13.9
dev108913,cust108913,feature_phone,2.9.5,FALSE,35:58.6
dev108914,cust108914,ios,1.6.15,FALSE,55:52.9
dev108915,cust108915,tablet,4.3.4,FALSE,06:12.5
dev108916,cust108916,tablet,3.4.16,FALSE,07:30.7
dev108917,cust108917,feature_phone,2.7.8,FALSE,46:10.2
dev108918,cust108918,tablet,2.1.8,FALSE,09:00.4
dev108919,cust108919,ios,3.9.1,FALSE,12:49.3
dev108920,cust108920,android,1.6.15,FALSE,58:06.8
dev108921,cust108921,feature_phone,4.6.11,FALSE,50:49.6
dev108922,cust108922,feature_phone,1.2.6,FALSE,32:12.2
dev108923,cust108923,android,2.5.0,FALSE,55:40.3
dev108924,cust108924,android,1.5.9,FALSE,28:37.9
dev108925,cust108925,tablet,4.4.14,FALSE,05:46.2
dev108926,cust108926,feature_phone,1.8.6,FALSE,09:57.3
dev108927,cust108927,ios,2.4.5,FALSE,35:39.2
dev108928,cust108928,feature_phone,2.1.8,FALSE,12:05.6
dev108929,cust108929,android,1.9.3,FALSE,17:25.1
dev108930,cust108930,ios,3.0.5,FALSE,04:25.5
dev108931,cust108931,android,2.2.13,FALSE,11:52.6
dev108932,cust108932,android,4.5.5,FALSE,56:41.9
dev108933,cust108933,feature_phone,2.6.2,FALSE,51:00.6
dev108934,cust108934,android,1.7.9,FALSE,18:24.3
dev108935,cust108935,android,2.6.8,FALSE,18:13.1
dev108936,cust108936,tablet,2.8.20,FALSE,47:46.7
dev108937,cust108937,tablet,2.8.11,FALSE,40:47.3
dev108938,cust108938,tablet,1.1.5,FALSE,18:18.5
dev108939,cust108939,feature_phone,3.8.20,FALSE,22:47.8
dev108940,cust108940,ios,1.9.15,FALSE,56:33.2
dev108941,cust108941,android,3.0.1,FALSE,48:23.0
dev108942,cust108942,ios,4.1.17,FALSE,44:39.9
dev108943,cust108943,android,4.0.20,FALSE,47:00.6
dev108944,cust108944,tablet,3.4.2,FALSE,21:10.6
dev108945,cust108945,tablet,1.8.5,FALSE,08:13.0
dev108946,cust108946,ios,3.8.5,FALSE,09:35.3
dev108947,cust108947,feature_phone,3.9.15,FALSE,04:04.7
dev108948,cust108948,ios,2.7.6,FALSE,54:47.2
dev108949,cust108949,tablet,2.7.2,TRUE,17:21.0
dev108950,cust108950,android,1.9.18,FALSE,54:37.2
dev108951,cust108951,android,1.3.9,FALSE,58:48.6
dev108952,cust108952,tablet,2.8.15,FALSE,05:56.1
dev108953,cust108953,android,2.3.1,FALSE,07:46.3
dev108954,cust108954,android,1.5.5,FALSE,25:02.4
dev108955,cust108955,android,1.0.19,FALSE,39:36.2
dev108956,cust108956,tablet,4.7.1,FALSE,12:57.7
dev108957,cust108957,ios,2.3.11,FALSE,49:37.2
dev108958,cust108958,ios,1.6.4,FALSE,14:26.5
dev108959,cust108959,android,1.7.11,FALSE,26:31.7
dev108960,cust108960,ios,4.9.12,FALSE,09:49.1
dev108961,cust108961,ios,2.3.18,FALSE,38:31.3
dev108962,cust108962,tablet,3.5.12,FALSE,14:41.5
dev108963,cust108963,tablet,1.8.14,FALSE,21:49.8
dev108964,cust108964,android,3.7.19,TRUE,05:30.8
dev108965,cust108965,tablet,2.2.5,FALSE,18:38.6
dev108966,cust108966,tablet,4.6.1,FALSE,20:57.5
dev108967,cust108967,android,2.0.4,FALSE,11:13.5
dev108968,cust108968,tablet,2.4.13,FALSE,33:54.9
dev108969,cust108969,feature_phone,3.9.14,FALSE,53:16.9
dev108970,cust108970,ios,1.0.7,FALSE,27:11.5
dev108971,cust108971,tablet,2.8.14,FALSE,12:55.4
dev108972,cust108972,feature_phone,1.5.10,FALSE,29:24.2
dev108973,cust108973,tablet,2.4.9,FALSE,36:25.1
dev108974,cust108974,tablet,4.6.2,FALSE,15:17.9
dev108975,cust108975,feature_phone,1.8.12,FALSE,37:49.2
dev108976,cust108976,feature_phone,3.4.7,FALSE,59:15.7
dev108977,cust108977,ios,2.6.10,FALSE,18:20.8
dev108978,cust108978,tablet,4.9.8,FALSE,55:41.1
dev108979,cust108979,ios,4.0.8,FALSE,20:34.8
dev108980,cust108980,android,2.2.2,FALSE,19:18.2
dev108981,cust108981,tablet,4.9.14,FALSE,30:52.3
dev108982,cust108982,feature_phone,4.0.3,TRUE,44:27.0
dev108983,cust108983,ios,1.7.0,FALSE,01:16.4
dev108984,cust108984,ios,2.4.19,FALSE,13:15.0
dev108985,cust108985,android,1.6.8,FALSE,29:36.8
dev108986,cust108986,ios,2.5.4,FALSE,14:59.8
dev108987,cust108987,android,1.5.9,FALSE,44:05.5
dev108988,cust108988,ios,3.9.0,FALSE,26:30.2
dev108989,cust108989,feature_phone,3.9.18,FALSE,42:12.0
dev108990,cust108990,feature_phone,3.1.4,FALSE,15:06.9
dev108991,cust108991,android,1.1.7,FALSE,03:27.7
dev108992,cust108992,android,3.4.0,FALSE,26:50.4
dev108993,cust108993,tablet,2.1.15,FALSE,05:20.9
dev108994,cust108994,tablet,4.9.19,FALSE,07:49.5
dev108995,cust108995,android,3.5.15,FALSE,02:47.6
dev108996,cust108996,feature_phone,3.4.3,FALSE,21:56.0
dev108997,cust108997,ios,4.9.12,FALSE,48:44.8
dev108998,cust108998,ios,3.7.9,FALSE,21:31.4
dev108999,cust108999,feature_phone,2.2.20,FALSE,13:35.8
dev109000,cust109000,ios,4.1.6,FALSE,22:54.9
dev109001,cust109001,ios,4.4.10,FALSE,11:29.5
dev109002,cust109002,android,4.9.5,FALSE,09:57.9
dev109003,cust109003,android,2.4.15,FALSE,22:44.0
dev109004,cust109004,feature_phone,1.1.2,FALSE,19:43.3
dev109005,cust109005,android,4.5.6,FALSE,48:35.6
dev109006,cust109006,feature_phone,1.0.13,FALSE,36:42.2
dev109007,cust109007,ios,1.9.11,FALSE,57:46.5
dev109008,cust109008,ios,1.7.15,FALSE,54:17.4
dev109009,cust109009,tablet,2.8.4,FALSE,25:41.8
dev109010,cust109010,ios,2.8.12,FALSE,13:30.7
dev109011,cust109011,ios,1.7.13,FALSE,18:55.3
dev109012,cust109012,feature_phone,1.5.17,FALSE,49:15.9
dev109013,cust109013,feature_phone,1.8.2,FALSE,24:23.8
dev109014,cust109014,tablet,2.9.4,FALSE,14:07.3
dev109015,cust109015,feature_phone,1.9.7,TRUE,46:43.2
dev109016,cust109016,feature_phone,2.9.1,FALSE,26:50.8
dev109017,cust109017,feature_phone,4.2.2,FALSE,29:21.8
dev109018,cust109018,feature_phone,1.9.0,FALSE,09:43.9
dev109019,cust109019,tablet,4.4.13,FALSE,07:16.0
dev109020,cust109020,android,4.1.19,FALSE,06:01.8
dev109021,cust109021,feature_phone,4.8.10,FALSE,29:55.8
dev109022,cust109022,ios,4.8.7,FALSE,05:54.4
dev109023,cust109023,ios,1.1.6,FALSE,43:26.1
dev109024,cust109024,feature_phone,4.6.18,FALSE,10:47.2
dev109025,cust109025,ios,4.0.9,FALSE,39:55.1
dev109026,cust109026,android,2.1.20,FALSE,46:31.5
dev109027,cust109027,android,1.5.6,FALSE,16:16.3
dev109028,cust109028,feature_phone,4.7.17,FALSE,05:41.8
dev109029,cust109029,ios,3.3.20,FALSE,36:41.0
dev109030,cust109030,tablet,4.6.15,FALSE,10:54.6
dev109031,cust109031,feature_phone,4.8.9,FALSE,06:37.9
dev109032,cust109032,android,2.5.15,FALSE,37:48.5
dev109033,cust109033,feature_phone,1.6.16,FALSE,37:59.7
dev109034,cust109034,android,4.6.8,FALSE,00:31.8
dev109035,cust109035,tablet,2.5.12,TRUE,17:41.8
dev109036,cust109036,ios,2.4.7,FALSE,46:41.1
dev109037,cust109037,android,1.3.1,FALSE,58:24.6
dev109038,cust109038,ios,4.0.10,FALSE,40:05.8
dev109039,cust109039,ios,1.9.9,FALSE,56:08.1
dev109040,cust109040,tablet,3.8.18,FALSE,33:27.6
dev109041,cust109041,android,2.9.12,FALSE,58:26.3
dev109042,cust109042,feature_phone,2.3.4,FALSE,36:03.4
dev109043,cust109043,android,2.0.13,FALSE,20:57.1
dev109044,cust109044,feature_phone,3.8.6,FALSE,27:11.4
dev109045,cust109045,tablet,1.2.20,FALSE,08:43.1
dev109046,cust109046,ios,2.5.9,FALSE,25:52.6
dev109047,cust109047,feature_phone,4.0.9,FALSE,06:10.5
dev109048,cust109048,ios,4.1.0,FALSE,45:59.3
dev109049,cust109049,feature_phone,2.5.10,FALSE,09:18.7
dev109050,cust109050,tablet,1.2.2,FALSE,10:19.8
dev109051,cust109051,feature_phone,3.9.19,FALSE,06:52.5
dev109052,cust109052,ios,1.2.14,FALSE,52:25.7
dev109053,cust109053,feature_phone,2.6.6,FALSE,50:56.9
dev109054,cust109054,android,4.9.16,FALSE,23:08.9
dev109055,cust109055,feature_phone,2.6.20,FALSE,21:13.6
dev109056,cust109056,feature_phone,1.0.10,FALSE,08:19.7
dev109057,cust109057,tablet,3.1.14,FALSE,12:03.3
dev109058,cust109058,ios,2.8.4,FALSE,10:33.0
dev109059,cust109059,android,3.8.14,FALSE,39:47.6
dev109060,cust109060,ios,3.1.16,FALSE,35:12.2
dev109061,cust109061,android,4.4.13,FALSE,53:38.7
dev109062,cust109062,android,2.5.9,FALSE,18:22.4
dev109063,cust109063,ios,2.6.1,FALSE,05:22.0
dev109064,cust109064,feature_phone,3.1.18,TRUE,25:21.3
dev109065,cust109065,feature_phone,4.9.0,FALSE,51:15.1
dev109066,cust109066,feature_phone,4.8.8,FALSE,18:32.6
dev109067,cust109067,android,4.9.17,FALSE,26:31.0
dev109068,cust109068,feature_phone,1.4.9,FALSE,28:56.4
dev109069,cust109069,android,1.8.3,FALSE,18:23.6
dev109070,cust109070,android,1.6.9,FALSE,05:03.4
dev109071,cust109071,android,3.1.16,FALSE,17:52.9
dev109072,cust109072,ios,2.1.13,FALSE,33:47.7
dev109073,cust109073,ios,1.5.5,FALSE,29:40.7
dev109074,cust109074,tablet,4.1.7,FALSE,40:52.8
dev109075,cust109075,android,1.5.3,FALSE,14:43.6
dev109076,cust109076,ios,3.1.6,FALSE,01:31.7
dev109077,cust109077,tablet,4.4.10,FALSE,44:16.8
dev109078,cust109078,tablet,1.1.14,FALSE,12:23.9
dev109079,cust109079,ios,4.7.2,FALSE,06:19.7
dev109080,cust109080,ios,2.9.16,FALSE,32:06.6
dev109081,cust109081,tablet,2.8.10,FALSE,43:03.4
dev109082,cust109082,android,1.0.13,FALSE,41:40.4
dev109083,cust109083,tablet,1.6.5,FALSE,17:31.6
dev109084,cust109084,android,3.3.0,FALSE,27:07.9
dev109085,cust109085,tablet,4.3.19,FALSE,33:12.5
dev109086,cust109086,ios,2.0.17,FALSE,49:09.8
dev109087,cust109087,ios,3.5.1,FALSE,03:39.6
dev109088,cust109088,feature_phone,2.8.2,FALSE,41:29.7
dev109089,cust109089,ios,2.0.16,FALSE,55:39.6
dev109090,cust109090,ios,3.7.6,FALSE,40:48.0
dev109091,cust109091,feature_phone,2.9.10,FALSE,40:25.8
dev109092,cust109092,ios,4.2.15,FALSE,27:29.4
dev109093,cust109093,feature_phone,1.1.14,FALSE,11:41.0
dev109094,cust109094,android,4.1.2,FALSE,14:21.4
dev109095,cust109095,android,2.6.16,FALSE,31:15.0
dev109096,cust109096,feature_phone,4.6.15,FALSE,38:17.3
dev109097,cust109097,tablet,3.5.4,FALSE,51:06.7
dev109098,cust109098,ios,4.2.13,FALSE,49:20.4
dev109099,cust109099,ios,4.2.15,FALSE,43:29.3
dev109100,cust109100,ios,4.5.12,FALSE,18:05.9
dev109101,cust109101,tablet,2.0.3,FALSE,10:52.3
dev109102,cust109102,android,1.4.3,FALSE,32:24.2
dev109103,cust109103,android,1.0.8,FALSE,34:07.4
dev109104,cust109104,ios,1.9.6,FALSE,50:45.1
dev109105,cust109105,android,1.6.8,FALSE,23:04.6
dev109106,cust109106,feature_phone,3.7.14,FALSE,30:11.5
dev109107,cust109107,tablet,4.1.3,FALSE,46:48.3
dev109108,cust109108,feature_phone,3.3.3,TRUE,27:30.3
dev109109,cust109109,android,3.0.5,FALSE,18:05.5
dev109110,cust109110,ios,1.1.0,FALSE,12:08.3
dev109111,cust109111,ios,4.7.6,FALSE,06:56.6
dev109112,cust109112,feature_phone,3.7.16,FALSE,24:33.8
dev109113,cust109113,android,3.0.15,FALSE,02:12.4
dev109114,cust109114,feature_phone,2.3.16,FALSE,12:37.2
dev109115,cust109115,feature_phone,4.5.5,FALSE,21:31.1
dev109116,cust109116,ios,1.2.13,FALSE,23:18.2
dev109117,cust109117,ios,3.3.5,FALSE,43:59.2
dev109118,cust109118,android,2.7.17,FALSE,32:44.8
dev109119,cust109119,feature_phone,3.9.15,FALSE,58:39.5
dev109120,cust109120,tablet,3.5.11,FALSE,46:34.1
dev109121,cust109121,android,3.2.10,FALSE,00:08.2
dev109122,cust109122,tablet,2.5.5,FALSE,52:48.6
dev109123,cust109123,ios,3.7.20,FALSE,54:03.6
dev109124,cust109124,feature_phone,1.2.13,FALSE,51:08.3
dev109125,cust109125,feature_phone,4.2.9,FALSE,00:40.9
dev109126,cust109126,android,1.0.12,FALSE,30:32.5
dev109127,cust109127,android,3.8.11,FALSE,07:55.0
dev109128,cust109128,tablet,1.5.14,FALSE,45:24.8
dev109129,cust109129,feature_phone,1.3.11,FALSE,44:03.0
dev109130,cust109130,feature_phone,4.7.8,TRUE,19:22.2
dev109131,cust109131,tablet,4.3.1,TRUE,16:03.9
dev109132,cust109132,android,3.9.17,FALSE,23:31.9
dev109133,cust109133,tablet,3.5.18,TRUE,05:29.4
dev109134,cust109134,tablet,2.8.5,FALSE,26:15.2
dev109135,cust109135,android,3.1.0,FALSE,04:00.8
dev109136,cust109136,feature_phone,1.9.10,FALSE,38:43.0
dev109137,cust109137,android,3.9.8,FALSE,14:59.2
dev109138,cust109138,tablet,3.1.17,FALSE,53:57.4
dev109139,cust109139,tablet,4.8.14,FALSE,38:48.5
dev109140,cust109140,android,2.9.5,FALSE,19:29.9
dev109141,cust109141,feature_phone,2.4.7,TRUE,58:22.9
dev109142,cust109142,feature_phone,3.9.18,FALSE,57:15.4
dev109143,cust109143,ios,1.0.19,FALSE,32:36.7
dev109144,cust109144,ios,1.9.17,FALSE,09:58.6
dev109145,cust109145,android,4.7.3,FALSE,34:11.6
dev109146,cust109146,feature_phone,1.6.8,FALSE,15:16.6
dev109147,cust109147,android,3.9.4,FALSE,39:19.2
dev109148,cust109148,tablet,4.9.10,FALSE,11:49.3
dev109149,cust109149,feature_phone,1.2.0,FALSE,44:14.1
dev109150,cust109150,ios,1.5.4,FALSE,01:13.4
dev109151,cust109151,tablet,2.0.20,FALSE,26:02.5
dev109152,cust109152,android,4.7.14,FALSE,27:08.2
dev109153,cust109153,ios,2.5.4,FALSE,42:56.8
dev109154,cust109154,feature_phone,4.8.13,FALSE,16:24.5
dev109155,cust109155,ios,2.3.16,FALSE,07:00.1
dev109156,cust109156,ios,4.1.20,FALSE,34:56.9
dev109157,cust109157,android,4.1.15,FALSE,02:41.0
dev109158,cust109158,ios,2.5.7,FALSE,43:39.2
dev109159,cust109159,tablet,4.7.1,FALSE,57:59.0
dev109160,cust109160,tablet,3.1.20,FALSE,13:05.7
dev109161,cust109161,android,4.0.2,FALSE,03:05.0
dev109162,cust109162,feature_phone,4.0.11,FALSE,39:50.8
dev109163,cust109163,android,3.5.2,FALSE,16:12.2
dev109164,cust109164,tablet,2.7.17,FALSE,13:48.0
dev109165,cust109165,feature_phone,4.2.15,FALSE,43:26.7
dev109166,cust109166,feature_phone,2.7.0,FALSE,30:22.7
dev109167,cust109167,tablet,4.9.18,FALSE,46:22.1
dev109168,cust109168,android,4.2.19,FALSE,50:05.7
dev109169,cust109169,ios,2.7.0,FALSE,54:57.8
dev109170,cust109170,ios,4.6.2,FALSE,39:28.7
dev109171,cust109171,tablet,1.2.0,FALSE,47:52.6
dev109172,cust109172,tablet,2.0.7,FALSE,03:01.6
dev109173,cust109173,feature_phone,3.1.6,FALSE,45:16.5
dev109174,cust109174,tablet,3.6.2,FALSE,57:08.1
dev109175,cust109175,android,4.2.7,FALSE,43:03.9
dev109176,cust109176,android,3.4.9,FALSE,17:28.3
dev109177,cust109177,android,1.2.12,FALSE,42:51.5
dev109178,cust109178,tablet,1.9.13,FALSE,04:10.4
dev109179,cust109179,ios,4.9.9,FALSE,31:42.3
dev109180,cust109180,tablet,3.8.3,FALSE,38:25.6
dev109181,cust109181,tablet,3.5.3,FALSE,58:19.4
dev109182,cust109182,ios,4.8.4,FALSE,16:47.3
dev109183,cust109183,android,3.8.9,FALSE,12:02.7
dev109184,cust109184,tablet,4.9.14,FALSE,42:45.5
dev109185,cust109185,feature_phone,3.5.6,FALSE,11:14.0
dev109186,cust109186,android,2.5.15,FALSE,50:40.3
dev109187,cust109187,android,4.3.9,FALSE,50:45.0
dev109188,cust109188,tablet,3.2.2,FALSE,47:20.2
dev109189,cust109189,ios,1.2.8,FALSE,28:53.8
dev109190,cust109190,ios,1.7.13,FALSE,44:08.6
dev109191,cust109191,android,3.4.0,FALSE,38:12.1
dev109192,cust109192,ios,1.6.20,FALSE,06:39.1
dev109193,cust109193,ios,1.6.4,FALSE,00:45.7
dev109194,cust109194,ios,4.1.0,FALSE,08:33.5
dev109195,cust109195,feature_phone,3.4.16,FALSE,16:46.5
dev109196,cust109196,tablet,4.2.1,FALSE,35:49.1
dev109197,cust109197,android,2.8.2,FALSE,37:11.4
dev109198,cust109198,tablet,4.7.6,FALSE,42:15.0
dev109199,cust109199,ios,4.8.18,FALSE,08:11.0
dev109200,cust109200,android,3.8.19,FALSE,26:08.1
dev109201,cust109201,tablet,4.0.14,FALSE,28:17.3
dev109202,cust109202,ios,1.5.9,FALSE,11:07.0
dev109203,cust109203,ios,1.2.4,FALSE,30:36.3
dev109204,cust109204,feature_phone,1.4.12,FALSE,51:39.2
dev109205,cust109205,ios,3.8.16,FALSE,26:20.9
dev109206,cust109206,feature_phone,2.3.6,FALSE,47:05.4
dev109207,cust109207,tablet,2.0.12,FALSE,36:54.5
dev109208,cust109208,feature_phone,1.7.9,FALSE,00:32.9
dev109209,cust109209,android,4.1.4,FALSE,32:46.1
dev109210,cust109210,feature_phone,2.3.4,FALSE,54:45.2
dev109211,cust109211,android,1.7.14,FALSE,33:20.7
dev109212,cust109212,tablet,3.0.17,FALSE,18:06.0
dev109213,cust109213,tablet,3.6.15,FALSE,41:06.2
dev109214,cust109214,tablet,1.2.8,FALSE,59:05.9
dev109215,cust109215,tablet,1.0.16,FALSE,48:38.6
dev109216,cust109216,feature_phone,3.8.11,FALSE,16:51.9
dev109217,cust109217,tablet,3.9.9,FALSE,46:56.0
dev109218,cust109218,ios,2.8.20,FALSE,33:36.4
dev109219,cust109219,feature_phone,1.1.7,FALSE,36:02.2
dev109220,cust109220,tablet,2.7.10,FALSE,24:15.5
dev109221,cust109221,android,2.4.4,FALSE,34:25.0
dev109222,cust109222,feature_phone,2.1.15,FALSE,46:06.2
dev109223,cust109223,feature_phone,2.6.14,FALSE,57:26.5
dev109224,cust109224,android,4.7.1,FALSE,59:33.9
dev109225,cust109225,feature_phone,4.5.12,FALSE,03:55.6
dev109226,cust109226,tablet,4.1.3,FALSE,46:20.7
dev109227,cust109227,android,2.1.8,FALSE,46:44.5
dev109228,cust109228,ios,3.6.7,FALSE,29:16.1
dev109229,cust109229,feature_phone,3.8.17,FALSE,40:46.4
dev109230,cust109230,ios,2.5.12,FALSE,07:07.5
dev109231,cust109231,android,1.2.2,FALSE,57:47.2
dev109232,cust109232,android,3.9.5,FALSE,37:25.6
dev109233,cust109233,feature_phone,2.0.20,FALSE,23:19.6
dev109234,cust109234,android,1.4.19,TRUE,02:05.0
dev109235,cust109235,ios,3.3.10,FALSE,26:24.6
dev109236,cust109236,android,4.8.16,FALSE,38:55.7
dev109237,cust109237,tablet,4.2.11,FALSE,19:18.6
dev109238,cust109238,feature_phone,3.2.16,FALSE,01:10.9
dev109239,cust109239,feature_phone,1.7.18,FALSE,44:04.0
dev109240,cust109240,feature_phone,2.7.19,FALSE,05:31.7
dev109241,cust109241,ios,3.5.4,FALSE,33:40.8
dev109242,cust109242,android,4.6.20,FALSE,17:05.4
dev109243,cust109243,tablet,2.6.10,FALSE,51:30.9
dev109244,cust109244,feature_phone,1.5.11,FALSE,19:45.5
dev109245,cust109245,tablet,2.5.6,FALSE,08:44.3
dev109246,cust109246,tablet,3.2.20,FALSE,20:31.8
dev109247,cust109247,feature_phone,4.2.14,FALSE,39:45.8
dev109248,cust109248,android,3.9.1,FALSE,16:54.4
dev109249,cust109249,android,3.5.7,FALSE,15:16.0
dev109250,cust109250,android,4.0.10,FALSE,48:52.3
dev109251,cust109251,feature_phone,4.0.19,TRUE,24:39.5
dev109252,cust109252,feature_phone,2.4.15,FALSE,37:07.7
dev109253,cust109253,feature_phone,3.7.20,FALSE,11:55.2
dev109254,cust109254,feature_phone,4.2.1,FALSE,47:43.4
dev109255,cust109255,tablet,2.4.18,FALSE,48:43.4
dev109256,cust109256,feature_phone,3.3.3,FALSE,32:44.5
dev109257,cust109257,feature_phone,2.4.10,FALSE,24:23.0
dev109258,cust109258,android,1.1.18,FALSE,25:42.7
dev109259,cust109259,tablet,4.9.7,FALSE,26:02.7
dev109260,cust109260,android,4.7.5,FALSE,47:19.8
dev109261,cust109261,feature_phone,4.1.3,FALSE,26:01.3
dev109262,cust109262,feature_phone,4.9.13,FALSE,52:26.3
dev109263,cust109263,android,1.6.7,FALSE,57:54.2
dev109264,cust109264,tablet,2.7.4,FALSE,00:28.5
dev109265,cust109265,ios,1.7.6,FALSE,54:32.1
dev109266,cust109266,android,2.7.3,FALSE,21:14.6
dev109267,cust109267,tablet,3.4.16,FALSE,04:02.0
dev109268,cust109268,android,3.9.19,FALSE,04:17.9
dev109269,cust109269,tablet,3.7.9,FALSE,55:18.7
dev109270,cust109270,android,4.0.3,FALSE,58:06.5
dev109271,cust109271,ios,3.7.17,FALSE,51:38.3
dev109272,cust109272,ios,1.3.20,FALSE,28:05.4
dev109273,cust109273,android,2.5.18,FALSE,34:14.6
dev109274,cust109274,tablet,1.7.6,FALSE,22:00.3
dev109275,cust109275,tablet,3.2.12,TRUE,29:46.6
dev109276,cust109276,android,3.9.13,FALSE,02:17.7
dev109277,cust109277,ios,1.0.12,FALSE,07:09.9
dev109278,cust109278,tablet,1.8.9,FALSE,48:08.6
dev109279,cust109279,tablet,1.9.18,FALSE,23:06.7
dev109280,cust109280,tablet,4.8.18,FALSE,22:39.5
dev109281,cust109281,android,4.9.0,FALSE,23:56.1
dev109282,cust109282,feature_phone,4.0.10,FALSE,25:52.8
dev109283,cust109283,android,1.8.0,FALSE,31:39.6
dev109284,cust109284,ios,1.7.12,FALSE,47:56.8
dev109285,cust109285,tablet,3.3.4,FALSE,26:43.0
dev109286,cust109286,ios,4.4.11,FALSE,44:12.1
dev109287,cust109287,feature_phone,2.8.20,FALSE,32:43.0
dev109288,cust109288,android,3.7.5,FALSE,12:25.4
dev109289,cust109289,tablet,1.8.6,FALSE,04:13.6
dev109290,cust109290,ios,1.3.17,FALSE,47:09.0
dev109291,cust109291,tablet,3.6.14,FALSE,11:38.9
dev109292,cust109292,feature_phone,4.9.13,FALSE,24:26.7
dev109293,cust109293,tablet,2.9.5,FALSE,23:33.1
dev109294,cust109294,ios,2.6.17,FALSE,43:39.0
dev109295,cust109295,ios,2.6.15,FALSE,29:03.7
dev109296,cust109296,android,1.1.4,FALSE,57:14.8
dev109297,cust109297,ios,1.4.4,FALSE,25:29.2
dev109298,cust109298,feature_phone,1.8.5,FALSE,05:59.8
dev109299,cust109299,feature_phone,3.6.13,FALSE,37:31.8
dev109300,cust109300,ios,4.3.6,FALSE,54:33.9
dev109301,cust109301,feature_phone,4.1.11,FALSE,05:02.0
dev109302,cust109302,android,3.3.10,FALSE,07:54.2
dev109303,cust109303,ios,1.8.19,FALSE,07:30.8
dev109304,cust109304,feature_phone,1.6.4,FALSE,51:17.2
dev109305,cust109305,feature_phone,4.1.14,FALSE,20:56.3
dev109306,cust109306,tablet,3.2.17,FALSE,00:07.2
dev109307,cust109307,feature_phone,4.2.15,FALSE,08:37.6
dev109308,cust109308,tablet,2.9.17,FALSE,34:33.0
dev109309,cust109309,tablet,1.2.0,FALSE,25:26.1
dev109310,cust109310,feature_phone,1.1.20,FALSE,26:28.1
dev109311,cust109311,ios,3.6.19,FALSE,14:22.7
dev109312,cust109312,android,3.2.10,FALSE,56:13.5
dev109313,cust109313,feature_phone,3.2.12,FALSE,47:45.3
dev109314,cust109314,android,3.6.15,FALSE,11:07.1
dev109315,cust109315,android,3.6.0,FALSE,15:44.1
dev109316,cust109316,feature_phone,2.3.17,FALSE,45:54.5
dev109317,cust109317,android,2.1.12,FALSE,38:55.5
dev109318,cust109318,tablet,2.9.13,FALSE,47:30.2
dev109319,cust109319,tablet,3.5.14,FALSE,45:59.1
dev109320,cust109320,feature_phone,1.5.10,FALSE,35:24.6
dev109321,cust109321,feature_phone,1.3.11,FALSE,55:53.7
dev109322,cust109322,android,3.3.13,FALSE,43:09.8
dev109323,cust109323,android,1.5.1,FALSE,13:22.0
dev109324,cust109324,tablet,2.9.5,FALSE,57:54.2
dev109325,cust109325,feature_phone,4.0.15,FALSE,57:07.9
dev109326,cust109326,tablet,3.1.12,FALSE,34:19.0
dev109327,cust109327,android,1.7.1,FALSE,37:46.4
dev109328,cust109328,feature_phone,3.6.20,FALSE,00:42.7
dev109329,cust109329,ios,1.9.5,FALSE,41:44.6
dev109330,cust109330,feature_phone,4.4.18,FALSE,03:47.3
dev109331,cust109331,ios,2.7.13,FALSE,31:34.0
dev109332,cust109332,android,2.7.6,FALSE,45:57.4
dev109333,cust109333,tablet,1.7.20,FALSE,35:53.3
dev109334,cust109334,tablet,1.4.4,FALSE,02:10.1
dev109335,cust109335,tablet,4.2.13,FALSE,51:19.5
dev109336,cust109336,tablet,3.7.4,FALSE,19:56.0
dev109337,cust109337,ios,4.4.2,FALSE,52:34.4
dev109338,cust109338,feature_phone,3.0.15,FALSE,49:16.7
dev109339,cust109339,tablet,2.2.7,FALSE,29:16.0
dev109340,cust109340,tablet,3.8.6,FALSE,56:46.8
dev109341,cust109341,feature_phone,2.7.12,FALSE,48:44.4
dev109342,cust109342,android,2.8.17,FALSE,11:10.6
dev109343,cust109343,ios,3.7.0,FALSE,44:22.6
dev109344,cust109344,feature_phone,1.7.5,FALSE,54:36.4
dev109345,cust109345,feature_phone,3.9.15,FALSE,25:52.5
dev109346,cust109346,feature_phone,1.6.16,FALSE,18:53.5
dev109347,cust109347,android,1.2.3,FALSE,02:11.5
dev109348,cust109348,android,1.3.20,FALSE,33:41.5
dev109349,cust109349,ios,4.7.9,FALSE,41:20.6
dev109350,cust109350,android,4.6.19,FALSE,38:29.5
dev109351,cust109351,tablet,1.9.4,FALSE,25:24.7
dev109352,cust109352,android,4.5.8,FALSE,48:22.9
dev109353,cust109353,tablet,1.9.5,FALSE,38:52.5
dev109354,cust109354,android,2.1.20,FALSE,14:19.6
dev109355,cust109355,android,1.8.2,FALSE,45:07.8
dev109356,cust109356,feature_phone,3.5.14,FALSE,22:04.3
dev109357,cust109357,ios,2.4.6,FALSE,35:14.5
dev109358,cust109358,android,3.9.14,FALSE,56:17.3
dev109359,cust109359,feature_phone,1.5.11,FALSE,24:14.4
dev109360,cust109360,feature_phone,3.0.14,FALSE,26:20.9
dev109361,cust109361,tablet,4.7.9,FALSE,13:44.7
dev109362,cust109362,feature_phone,1.8.17,FALSE,18:14.5
dev109363,cust109363,android,2.3.0,FALSE,37:51.8
dev109364,cust109364,feature_phone,2.3.8,FALSE,06:33.2
dev109365,cust109365,android,2.9.10,FALSE,06:43.9
dev109366,cust109366,android,4.7.16,FALSE,56:47.9
dev109367,cust109367,android,1.0.12,FALSE,02:11.0
dev109368,cust109368,android,2.0.8,FALSE,58:48.6
dev109369,cust109369,ios,2.5.3,FALSE,32:59.6
dev109370,cust109370,android,1.2.12,FALSE,37:32.1
dev109371,cust109371,android,4.9.1,FALSE,39:33.0
dev109372,cust109372,feature_phone,2.4.4,FALSE,20:06.1
dev109373,cust109373,android,1.9.8,FALSE,27:40.3
dev109374,cust109374,tablet,4.3.8,FALSE,00:53.2
dev109375,cust109375,android,2.1.7,FALSE,47:11.6
dev109376,cust109376,ios,3.8.2,FALSE,10:48.7
dev109377,cust109377,feature_phone,4.6.3,FALSE,38:29.9
dev109378,cust109378,ios,2.5.10,FALSE,59:12.2
dev109379,cust109379,android,3.8.19,FALSE,22:44.6
dev109380,cust109380,feature_phone,3.7.18,FALSE,15:27.5
dev109381,cust109381,feature_phone,3.2.15,FALSE,42:01.7
dev109382,cust109382,ios,4.6.16,FALSE,20:27.5
dev109383,cust109383,ios,4.8.10,FALSE,06:18.1
dev109384,cust109384,feature_phone,1.5.2,FALSE,21:18.1
dev109385,cust109385,feature_phone,4.9.1,FALSE,28:27.2
dev109386,cust109386,feature_phone,3.3.19,FALSE,12:06.9
dev109387,cust109387,feature_phone,1.0.3,FALSE,10:29.2
dev109388,cust109388,ios,4.1.2,FALSE,05:27.0
dev109389,cust109389,android,2.5.8,FALSE,13:42.6
dev109390,cust109390,tablet,1.0.3,FALSE,03:14.5
dev109391,cust109391,tablet,2.4.13,FALSE,03:49.9
dev109392,cust109392,ios,3.8.0,FALSE,42:19.0
dev109393,cust109393,ios,4.0.6,FALSE,50:30.4
dev109394,cust109394,feature_phone,3.3.0,FALSE,49:48.5
dev109395,cust109395,feature_phone,3.8.4,FALSE,48:17.0
dev109396,cust109396,feature_phone,3.6.3,FALSE,28:43.2
dev109397,cust109397,android,3.9.19,FALSE,07:21.4
dev109398,cust109398,android,1.8.7,FALSE,36:51.5
dev109399,cust109399,tablet,3.6.14,FALSE,49:16.4
dev109400,cust109400,ios,2.1.13,FALSE,32:49.9
dev109401,cust109401,feature_phone,1.2.5,FALSE,54:01.2
dev109402,cust109402,ios,3.1.11,FALSE,23:11.7
dev109403,cust109403,tablet,1.5.1,FALSE,57:45.3
dev109404,cust109404,feature_phone,4.8.2,FALSE,26:34.9
dev109405,cust109405,feature_phone,1.8.0,FALSE,24:55.2
dev109406,cust109406,tablet,3.9.14,TRUE,29:32.8
dev109407,cust109407,android,3.0.4,FALSE,28:22.0
dev109408,cust109408,android,4.7.14,FALSE,34:02.1
dev109409,cust109409,tablet,4.1.1,FALSE,32:35.6
dev109410,cust109410,android,2.6.8,FALSE,46:58.5
dev109411,cust109411,android,4.5.2,FALSE,28:01.3
dev109412,cust109412,tablet,4.0.18,FALSE,04:23.5
dev109413,cust109413,tablet,1.4.17,FALSE,23:35.7
dev109414,cust109414,tablet,3.7.11,FALSE,20:48.1
dev109415,cust109415,ios,1.6.1,FALSE,19:48.5
dev109416,cust109416,ios,4.5.16,FALSE,41:05.8
dev109417,cust109417,android,3.2.18,FALSE,41:33.3
dev109418,cust109418,feature_phone,4.6.4,FALSE,55:44.0
dev109419,cust109419,android,3.8.4,FALSE,24:35.1
dev109420,cust109420,android,4.0.2,FALSE,40:03.5
dev109421,cust109421,feature_phone,2.8.11,FALSE,21:50.0
dev109422,cust109422,feature_phone,4.8.13,FALSE,50:16.9
dev109423,cust109423,feature_phone,3.7.20,FALSE,23:26.7
dev109424,cust109424,tablet,3.7.7,TRUE,46:01.7
dev109425,cust109425,feature_phone,1.4.13,FALSE,00:42.9
dev109426,cust109426,ios,2.2.12,FALSE,44:15.5
dev109427,cust109427,feature_phone,3.2.7,FALSE,20:29.3
dev109428,cust109428,ios,1.1.11,FALSE,33:09.6
dev109429,cust109429,feature_phone,4.5.12,FALSE,05:20.7
dev109430,cust109430,tablet,3.9.12,FALSE,04:05.6
dev109431,cust109431,ios,1.2.8,FALSE,47:14.5
dev109432,cust109432,feature_phone,1.1.8,TRUE,36:58.5
dev109433,cust109433,android,4.7.14,FALSE,41:49.7
dev109434,cust109434,tablet,1.1.18,FALSE,51:55.5
dev109435,cust109435,tablet,2.3.5,FALSE,10:34.0
dev109436,cust109436,android,1.7.2,FALSE,49:50.6
dev109437,cust109437,android,4.8.14,FALSE,53:26.5
dev109438,cust109438,tablet,4.1.3,FALSE,44:30.8
dev109439,cust109439,android,1.6.15,FALSE,10:14.2
dev109440,cust109440,tablet,1.5.2,FALSE,49:27.3
dev109441,cust109441,tablet,2.0.2,FALSE,14:19.2
dev109442,cust109442,ios,1.8.14,FALSE,07:57.5
dev109443,cust109443,android,2.9.16,FALSE,59:03.1
dev109444,cust109444,feature_phone,3.1.15,FALSE,28:39.5
dev109445,cust109445,feature_phone,3.7.13,TRUE,09:01.0
dev109446,cust109446,android,4.4.14,FALSE,37:34.3
dev109447,cust109447,ios,2.4.1,FALSE,56:11.9
dev109448,cust109448,android,2.3.15,FALSE,53:29.1
dev109449,cust109449,android,4.3.12,FALSE,16:38.4
dev109450,cust109450,android,4.6.17,FALSE,03:01.0
dev109451,cust109451,ios,4.7.18,FALSE,36:18.7
dev109452,cust109452,android,4.2.13,FALSE,52:22.9
dev109453,cust109453,android,1.8.10,FALSE,26:44.7
dev109454,cust109454,feature_phone,2.6.15,FALSE,49:46.3
dev109455,cust109455,ios,4.9.5,FALSE,34:22.9
dev109456,cust109456,android,1.8.14,FALSE,55:46.4
dev109457,cust109457,android,1.1.5,FALSE,26:21.8
dev109458,cust109458,tablet,2.2.3,FALSE,00:41.3
dev109459,cust109459,feature_phone,1.4.13,FALSE,58:47.7
dev109460,cust109460,ios,1.8.7,FALSE,57:35.0
dev109461,cust109461,feature_phone,3.5.15,FALSE,46:57.4
dev109462,cust109462,android,2.3.17,FALSE,07:37.0
dev109463,cust109463,tablet,4.0.1,FALSE,49:38.6
dev109464,cust109464,android,2.9.9,FALSE,36:17.5
dev109465,cust109465,android,1.8.13,FALSE,24:42.7
dev109466,cust109466,tablet,2.2.6,FALSE,55:50.7
dev109467,cust109467,tablet,1.0.12,FALSE,57:46.0
dev109468,cust109468,feature_phone,2.5.2,FALSE,11:03.8
dev109469,cust109469,tablet,2.9.9,FALSE,58:46.2
dev109470,cust109470,android,2.6.9,FALSE,18:52.2
dev109471,cust109471,android,1.8.13,FALSE,02:02.3
dev109472,cust109472,feature_phone,4.5.19,FALSE,48:13.5
dev109473,cust109473,ios,3.6.15,FALSE,25:15.9
dev109474,cust109474,feature_phone,2.5.9,FALSE,43:13.5
dev109475,cust109475,feature_phone,1.8.10,FALSE,55:55.2
dev109476,cust109476,ios,4.8.4,FALSE,26:25.2
dev109477,cust109477,feature_phone,3.5.20,FALSE,29:55.6
dev109478,cust109478,feature_phone,4.3.14,FALSE,16:08.8
dev109479,cust109479,android,2.8.14,FALSE,28:55.5
dev109480,cust109480,feature_phone,1.1.4,FALSE,03:50.4
dev109481,cust109481,feature_phone,1.9.19,FALSE,04:16.6
dev109482,cust109482,tablet,4.5.13,FALSE,00:23.2
dev109483,cust109483,tablet,2.7.5,FALSE,36:13.6
dev109484,cust109484,ios,1.1.11,FALSE,32:57.7
dev109485,cust109485,android,2.2.18,FALSE,27:34.3
dev109486,cust109486,android,1.0.0,FALSE,48:28.4
dev109487,cust109487,tablet,1.8.10,FALSE,12:36.9
dev109488,cust109488,ios,4.0.20,FALSE,00:12.6
dev109489,cust109489,feature_phone,2.0.19,FALSE,03:04.4
dev109490,cust109490,tablet,1.1.14,FALSE,40:13.1
dev109491,cust109491,tablet,3.1.8,FALSE,05:32.1
dev109492,cust109492,android,2.1.13,FALSE,58:08.9
dev109493,cust109493,android,2.3.20,FALSE,55:42.5
dev109494,cust109494,android,2.3.7,FALSE,04:41.0
dev109495,cust109495,android,3.7.5,FALSE,29:36.4
dev109496,cust109496,ios,1.4.12,FALSE,25:20.1
dev109497,cust109497,feature_phone,2.5.20,FALSE,32:18.8
dev109498,cust109498,android,4.9.16,FALSE,06:06.1
dev109499,cust109499,feature_phone,3.0.18,FALSE,31:13.0
dev109500,cust109500,feature_phone,1.9.16,FALSE,32:59.1
dev109501,cust109501,feature_phone,2.9.4,FALSE,52:29.4
dev109502,cust109502,tablet,1.6.17,FALSE,57:51.7
dev109503,cust109503,android,3.6.8,FALSE,10:53.5
dev109504,cust109504,tablet,3.7.2,TRUE,15:05.7
dev109505,cust109505,tablet,2.4.15,FALSE,39:48.9
dev109506,cust109506,ios,3.5.2,FALSE,17:46.0
dev109507,cust109507,ios,1.2.5,FALSE,12:28.0
dev109508,cust109508,tablet,2.5.20,FALSE,31:36.6
dev109509,cust109509,feature_phone,3.5.19,FALSE,34:58.8
dev109510,cust109510,android,3.5.15,FALSE,07:01.3
dev109511,cust109511,ios,4.0.10,FALSE,47:54.8
dev109512,cust109512,ios,4.5.12,FALSE,45:41.1
dev109513,cust109513,ios,3.3.1,FALSE,47:00.9
dev109514,cust109514,ios,3.7.18,FALSE,46:43.5
dev109515,cust109515,ios,1.6.18,FALSE,17:12.3
dev109516,cust109516,ios,3.6.2,FALSE,58:17.3
dev109517,cust109517,ios,4.3.6,FALSE,30:09.6
dev109518,cust109518,android,4.7.6,FALSE,06:40.5
dev109519,cust109519,ios,1.0.15,FALSE,58:13.5
dev109520,cust109520,ios,3.8.16,FALSE,58:21.6
dev109521,cust109521,android,1.8.20,FALSE,23:49.5
dev109522,cust109522,ios,2.2.20,FALSE,07:11.8
dev109523,cust109523,ios,2.2.3,FALSE,47:48.0
dev109524,cust109524,android,4.5.2,FALSE,39:48.0
dev109525,cust109525,tablet,4.4.16,FALSE,26:25.9
dev109526,cust109526,android,4.0.15,FALSE,15:11.6
dev109527,cust109527,android,4.0.15,FALSE,08:20.4
dev109528,cust109528,feature_phone,3.8.5,FALSE,31:01.2
dev109529,cust109529,feature_phone,2.1.3,FALSE,51:01.2
dev109530,cust109530,android,2.5.4,FALSE,47:45.9
dev109531,cust109531,android,1.6.4,FALSE,38:15.9
dev109532,cust109532,android,3.1.19,FALSE,54:07.6
dev109533,cust109533,feature_phone,1.7.11,FALSE,29:17.5
dev109534,cust109534,tablet,3.0.1,FALSE,46:23.5
dev109535,cust109535,android,4.6.5,FALSE,38:07.4
dev109536,cust109536,feature_phone,3.0.4,FALSE,52:03.3
dev109537,cust109537,ios,4.1.4,FALSE,38:39.3
dev109538,cust109538,feature_phone,2.0.20,FALSE,38:02.7
dev109539,cust109539,feature_phone,1.7.1,FALSE,59:44.7
dev109540,cust109540,ios,4.1.1,FALSE,04:08.9
dev109541,cust109541,tablet,1.1.19,FALSE,23:45.4
dev109542,cust109542,feature_phone,4.9.15,FALSE,07:09.2
dev109543,cust109543,tablet,4.1.15,FALSE,49:35.8
dev109544,cust109544,ios,1.9.5,FALSE,06:22.5
dev109545,cust109545,feature_phone,1.7.14,FALSE,16:06.8
dev109546,cust109546,tablet,1.9.10,FALSE,16:21.3
dev109547,cust109547,android,1.6.6,FALSE,27:52.6
dev109548,cust109548,ios,4.1.13,FALSE,23:26.9
dev109549,cust109549,android,3.4.4,FALSE,38:54.7
dev109550,cust109550,ios,3.8.0,FALSE,43:39.4
dev109551,cust109551,feature_phone,1.6.17,FALSE,55:44.6
dev109552,cust109552,tablet,1.3.20,FALSE,11:15.2
dev109553,cust109553,ios,1.5.9,FALSE,44:35.5
dev109554,cust109554,feature_phone,2.1.4,FALSE,07:28.6
dev109555,cust109555,android,3.9.19,FALSE,11:19.0
dev109556,cust109556,android,4.3.16,FALSE,58:37.5
dev109557,cust109557,feature_phone,3.1.7,FALSE,11:31.3
dev109558,cust109558,android,4.8.16,FALSE,12:11.0
dev109559,cust109559,ios,3.2.10,FALSE,17:20.3
dev109560,cust109560,tablet,2.7.19,FALSE,44:17.1
dev109561,cust109561,ios,3.7.17,FALSE,43:48.1
dev109562,cust109562,feature_phone,3.2.10,FALSE,06:15.9
dev109563,cust109563,feature_phone,4.5.11,FALSE,34:02.5
dev109564,cust109564,tablet,2.6.17,FALSE,48:29.0
dev109565,cust109565,tablet,3.7.4,FALSE,41:42.5
dev109566,cust109566,android,3.6.1,FALSE,15:46.2
dev109567,cust109567,ios,1.9.14,FALSE,17:46.5
dev109568,cust109568,feature_phone,4.8.17,FALSE,45:02.4
dev109569,cust109569,android,4.0.19,FALSE,12:23.8
dev109570,cust109570,android,2.6.12,FALSE,25:42.9
dev109571,cust109571,feature_phone,4.1.1,FALSE,33:18.1
dev109572,cust109572,android,1.3.10,FALSE,28:54.7
dev109573,cust109573,android,2.1.13,FALSE,16:38.3
dev109574,cust109574,ios,1.2.4,FALSE,23:40.1
dev109575,cust109575,tablet,1.8.14,FALSE,50:35.8
dev109576,cust109576,android,4.6.4,FALSE,20:18.1
dev109577,cust109577,android,1.8.16,TRUE,16:07.6
dev109578,cust109578,ios,4.1.3,FALSE,30:43.4
dev109579,cust109579,android,2.7.11,FALSE,51:39.9
dev109580,cust109580,feature_phone,1.6.10,FALSE,24:58.5
dev109581,cust109581,android,1.0.13,FALSE,31:23.2
dev109582,cust109582,android,4.4.5,TRUE,10:47.4
dev109583,cust109583,feature_phone,4.2.6,FALSE,45:59.8
dev109584,cust109584,tablet,2.6.6,FALSE,42:35.7
dev109585,cust109585,android,2.3.8,FALSE,18:21.1
dev109586,cust109586,tablet,4.3.12,FALSE,55:01.6
dev109587,cust109587,feature_phone,1.1.10,FALSE,10:17.4
dev109588,cust109588,tablet,4.7.6,FALSE,11:25.4
dev109589,cust109589,ios,2.7.20,FALSE,13:46.7
dev109590,cust109590,ios,3.3.12,FALSE,41:57.2
dev109591,cust109591,tablet,2.9.2,FALSE,05:52.3
dev109592,cust109592,tablet,2.4.20,FALSE,21:58.4
dev109593,cust109593,android,3.7.13,FALSE,01:35.2
dev109594,cust109594,tablet,1.6.17,FALSE,18:23.2
dev109595,cust109595,tablet,1.8.6,FALSE,01:24.8
dev109596,cust109596,feature_phone,1.2.19,FALSE,23:04.1
dev109597,cust109597,android,1.1.12,FALSE,28:56.9
dev109598,cust109598,feature_phone,2.7.6,FALSE,36:10.0
dev109599,cust109599,ios,4.6.2,FALSE,20:26.6
dev109600,cust109600,tablet,3.1.3,FALSE,39:27.8
dev109601,cust109601,feature_phone,3.1.17,FALSE,58:19.0
dev109602,cust109602,ios,4.7.19,FALSE,32:29.0
dev109603,cust109603,ios,3.5.15,FALSE,08:44.5
dev109604,cust109604,ios,3.7.11,FALSE,55:49.6
dev109605,cust109605,android,3.5.2,FALSE,19:01.7
dev109606,cust109606,feature_phone,4.0.7,FALSE,12:43.4
dev109607,cust109607,android,1.7.15,FALSE,35:15.7
dev109608,cust109608,ios,2.8.18,FALSE,17:57.1
dev109609,cust109609,feature_phone,1.4.14,FALSE,16:07.3
dev109610,cust109610,android,3.7.18,FALSE,00:45.3
dev109611,cust109611,android,2.3.10,FALSE,53:19.9
dev109612,cust109612,feature_phone,1.3.14,FALSE,44:42.7
dev109613,cust109613,android,3.5.9,FALSE,02:03.2
dev109614,cust109614,android,4.7.10,FALSE,43:07.3
dev109615,cust109615,android,1.2.18,FALSE,38:46.9
dev109616,cust109616,android,4.4.15,FALSE,43:21.0
dev109617,cust109617,feature_phone,4.1.20,FALSE,52:39.2
dev109618,cust109618,ios,4.4.0,FALSE,26:19.0
dev109619,cust109619,android,2.2.12,FALSE,41:20.0
dev109620,cust109620,tablet,4.3.15,FALSE,05:36.0
dev109621,cust109621,ios,4.4.17,FALSE,49:16.0
dev109622,cust109622,feature_phone,4.3.18,FALSE,41:35.2
dev109623,cust109623,ios,1.0.18,FALSE,29:22.4
dev109624,cust109624,android,3.0.6,FALSE,08:53.0
dev109625,cust109625,tablet,4.8.15,FALSE,37:46.1
dev109626,cust109626,feature_phone,3.9.8,FALSE,44:13.6
dev109627,cust109627,tablet,2.9.6,FALSE,04:20.3
dev109628,cust109628,tablet,3.6.15,FALSE,02:57.0
dev109629,cust109629,tablet,3.9.11,FALSE,47:30.0
dev109630,cust109630,feature_phone,1.2.8,FALSE,06:40.9
dev109631,cust109631,android,4.1.5,FALSE,37:59.6
dev109632,cust109632,feature_phone,1.6.8,FALSE,47:46.4
dev109633,cust109633,tablet,3.0.3,FALSE,02:11.3
dev109634,cust109634,android,2.3.14,FALSE,32:29.9
dev109635,cust109635,feature_phone,3.6.12,FALSE,26:27.7
dev109636,cust109636,ios,1.0.13,FALSE,25:09.3
dev109637,cust109637,ios,2.5.20,FALSE,13:11.1
dev109638,cust109638,tablet,2.3.11,TRUE,08:41.9
dev109639,cust109639,tablet,3.5.1,FALSE,15:31.8
dev109640,cust109640,android,1.0.8,FALSE,33:10.2
dev109641,cust109641,android,1.8.2,FALSE,03:51.6
dev109642,cust109642,tablet,4.9.8,FALSE,07:29.4
dev109643,cust109643,tablet,3.2.13,FALSE,07:31.9
dev109644,cust109644,tablet,2.0.4,FALSE,29:11.2
dev109645,cust109645,tablet,2.3.2,FALSE,01:09.6
dev109646,cust109646,android,1.4.2,FALSE,47:20.7
dev109647,cust109647,ios,2.8.17,FALSE,39:41.0
dev109648,cust109648,ios,1.1.1,FALSE,22:16.1
dev109649,cust109649,feature_phone,1.0.11,FALSE,39:38.8
dev109650,cust109650,ios,1.3.8,FALSE,10:00.5
dev109651,cust109651,feature_phone,4.6.9,FALSE,39:07.6
dev109652,cust109652,ios,2.8.7,FALSE,28:28.5
dev109653,cust109653,feature_phone,4.0.16,TRUE,06:27.0
dev109654,cust109654,android,4.7.15,FALSE,52:27.6
dev109655,cust109655,feature_phone,2.4.5,FALSE,18:48.8
dev109656,cust109656,feature_phone,4.5.6,FALSE,20:00.5
dev109657,cust109657,tablet,4.6.3,FALSE,13:38.7
dev109658,cust109658,feature_phone,3.8.14,FALSE,55:24.1
dev109659,cust109659,feature_phone,1.9.1,FALSE,04:17.7
dev109660,cust109660,ios,4.8.18,FALSE,35:37.9
dev109661,cust109661,ios,2.9.3,FALSE,18:32.5
dev109662,cust109662,tablet,3.1.4,FALSE,11:53.7
dev109663,cust109663,feature_phone,4.1.17,FALSE,54:22.6
dev109664,cust109664,ios,3.7.16,FALSE,31:12.4
dev109665,cust109665,tablet,1.1.5,FALSE,17:50.3
dev109666,cust109666,tablet,1.2.7,FALSE,14:36.7
dev109667,cust109667,feature_phone,3.3.8,FALSE,48:59.2
dev109668,cust109668,tablet,4.4.11,FALSE,29:02.3
dev109669,cust109669,feature_phone,1.0.3,FALSE,53:59.9
dev109670,cust109670,tablet,3.4.11,FALSE,37:16.5
dev109671,cust109671,feature_phone,3.5.15,FALSE,11:50.5
dev109672,cust109672,feature_phone,1.2.19,FALSE,26:31.9
dev109673,cust109673,tablet,2.1.13,FALSE,04:28.0
dev109674,cust109674,tablet,3.4.20,FALSE,13:34.4
dev109675,cust109675,tablet,4.2.11,FALSE,56:50.9
dev109676,cust109676,tablet,1.2.12,FALSE,15:50.1
dev109677,cust109677,android,4.2.17,FALSE,39:07.8
dev109678,cust109678,android,3.5.19,FALSE,36:14.1
dev109679,cust109679,ios,3.1.13,FALSE,35:00.1
dev109680,cust109680,android,3.4.11,FALSE,41:08.6
dev109681,cust109681,feature_phone,1.3.19,FALSE,41:41.7
dev109682,cust109682,ios,3.2.8,FALSE,54:17.6
dev109683,cust109683,ios,2.4.15,FALSE,45:44.7
dev109684,cust109684,feature_phone,3.8.4,TRUE,34:07.1
dev109685,cust109685,feature_phone,4.5.11,FALSE,59:11.3
dev109686,cust109686,ios,3.8.12,FALSE,07:47.1
dev109687,cust109687,feature_phone,3.8.5,FALSE,31:10.2
dev109688,cust109688,feature_phone,2.4.5,FALSE,32:01.2
dev109689,cust109689,feature_phone,2.8.10,FALSE,29:16.2
dev109690,cust109690,android,3.6.8,FALSE,54:07.4
dev109691,cust109691,feature_phone,2.1.1,FALSE,45:01.2
dev109692,cust109692,feature_phone,4.6.12,FALSE,20:57.6
dev109693,cust109693,feature_phone,3.2.12,FALSE,59:31.3
dev109694,cust109694,tablet,1.1.2,FALSE,40:42.6
dev109695,cust109695,tablet,4.0.7,FALSE,03:43.1
dev109696,cust109696,feature_phone,3.5.2,FALSE,31:10.5
dev109697,cust109697,ios,1.7.11,FALSE,52:25.2
dev109698,cust109698,ios,3.7.18,FALSE,48:29.2
dev109699,cust109699,ios,3.9.7,FALSE,09:00.7
dev109700,cust109700,ios,2.7.18,FALSE,05:37.5
dev109701,cust109701,feature_phone,1.0.4,FALSE,32:48.6
dev109702,cust109702,android,3.8.13,FALSE,05:45.2
dev109703,cust109703,tablet,4.7.18,FALSE,16:11.3
dev109704,cust109704,tablet,1.7.2,FALSE,41:42.1
dev109705,cust109705,android,1.1.17,FALSE,51:03.5
dev109706,cust109706,ios,3.9.5,FALSE,03:24.8
dev109707,cust109707,android,3.2.18,FALSE,37:54.0
dev109708,cust109708,ios,2.3.10,FALSE,34:08.1
dev109709,cust109709,android,3.4.15,FALSE,28:03.7
dev109710,cust109710,tablet,1.2.9,FALSE,19:01.8
dev109711,cust109711,tablet,2.8.0,FALSE,49:19.0
dev109712,cust109712,ios,3.4.15,FALSE,45:10.1
dev109713,cust109713,android,3.1.16,FALSE,17:36.8
dev109714,cust109714,ios,2.3.17,FALSE,00:57.0
dev109715,cust109715,ios,2.2.19,FALSE,37:00.5
dev109716,cust109716,feature_phone,4.4.3,FALSE,14:50.4
dev109717,cust109717,tablet,4.3.20,FALSE,31:18.5
dev109718,cust109718,ios,3.5.17,FALSE,46:03.1
dev109719,cust109719,feature_phone,1.7.3,FALSE,52:39.5
dev109720,cust109720,tablet,3.0.20,FALSE,19:39.7
dev109721,cust109721,feature_phone,4.9.16,FALSE,04:41.9
dev109722,cust109722,tablet,2.4.12,FALSE,29:59.8
dev109723,cust109723,android,3.2.5,FALSE,58:46.9
dev109724,cust109724,feature_phone,3.4.11,FALSE,56:48.2
dev109725,cust109725,feature_phone,2.3.13,FALSE,57:54.5
dev109726,cust109726,tablet,2.5.1,FALSE,34:36.7
dev109727,cust109727,feature_phone,3.6.17,FALSE,11:35.3
dev109728,cust109728,ios,4.8.6,FALSE,02:00.2
dev109729,cust109729,android,3.2.11,FALSE,29:51.2
dev109730,cust109730,ios,2.4.16,FALSE,15:54.1
dev109731,cust109731,android,3.1.8,FALSE,39:03.0
dev109732,cust109732,android,1.3.12,FALSE,26:35.9
dev109733,cust109733,feature_phone,1.4.7,FALSE,11:17.7
dev109734,cust109734,tablet,1.3.15,FALSE,20:59.2
dev109735,cust109735,feature_phone,3.7.18,FALSE,31:24.5
dev109736,cust109736,feature_phone,1.7.14,FALSE,34:16.3
dev109737,cust109737,tablet,2.3.14,FALSE,05:46.0
dev109738,cust109738,ios,1.3.20,FALSE,25:26.0
dev109739,cust109739,feature_phone,3.5.9,FALSE,28:59.6
dev109740,cust109740,tablet,4.7.2,FALSE,53:32.5
dev109741,cust109741,feature_phone,4.0.17,FALSE,55:28.1
dev109742,cust109742,ios,1.8.4,FALSE,37:45.9
dev109743,cust109743,tablet,4.0.14,FALSE,03:38.0
dev109744,cust109744,ios,3.0.13,FALSE,12:20.7
dev109745,cust109745,tablet,4.0.9,FALSE,59:39.2
dev109746,cust109746,ios,3.3.16,FALSE,17:50.5
dev109747,cust109747,tablet,3.5.19,FALSE,52:12.7
dev109748,cust109748,ios,3.4.19,FALSE,00:10.7
dev109749,cust109749,feature_phone,1.2.20,FALSE,26:36.5
dev109750,cust109750,tablet,1.3.5,FALSE,38:44.0
dev109751,cust109751,feature_phone,3.3.4,FALSE,27:31.6
dev109752,cust109752,feature_phone,2.5.6,FALSE,49:25.8
dev109753,cust109753,ios,4.6.6,FALSE,01:24.8
dev109754,cust109754,feature_phone,1.5.1,FALSE,13:02.4
dev109755,cust109755,feature_phone,1.7.17,FALSE,20:40.6
dev109756,cust109756,tablet,3.3.8,FALSE,39:49.4
dev109757,cust109757,tablet,4.3.3,FALSE,02:45.0
dev109758,cust109758,feature_phone,4.6.18,FALSE,12:19.9
dev109759,cust109759,android,2.1.15,FALSE,22:26.5
dev109760,cust109760,tablet,1.0.0,FALSE,21:51.3
dev109761,cust109761,feature_phone,3.0.7,FALSE,23:17.8
dev109762,cust109762,feature_phone,4.9.1,FALSE,57:21.5
dev109763,cust109763,android,4.6.18,FALSE,01:34.7
dev109764,cust109764,feature_phone,2.3.0,FALSE,25:58.1
dev109765,cust109765,ios,1.8.5,FALSE,59:15.9
dev109766,cust109766,feature_phone,1.7.6,FALSE,53:31.2
dev109767,cust109767,ios,3.3.17,FALSE,11:55.1
dev109768,cust109768,android,4.4.2,FALSE,56:09.6
dev109769,cust109769,tablet,3.4.4,FALSE,48:03.4
dev109770,cust109770,feature_phone,3.3.20,FALSE,28:16.7
dev109771,cust109771,tablet,3.8.3,FALSE,21:55.5
dev109772,cust109772,tablet,3.3.11,FALSE,07:06.5
dev109773,cust109773,feature_phone,4.1.4,FALSE,08:32.6
dev109774,cust109774,feature_phone,4.3.9,FALSE,46:24.3
dev109775,cust109775,feature_phone,2.8.9,FALSE,38:12.3
dev109776,cust109776,tablet,2.7.9,FALSE,47:24.2
dev109777,cust109777,tablet,2.3.2,FALSE,14:55.9
dev109778,cust109778,android,4.5.9,FALSE,46:04.9
dev109779,cust109779,feature_phone,4.3.4,FALSE,21:38.5
dev109780,cust109780,tablet,4.4.12,FALSE,48:31.4
dev109781,cust109781,ios,2.1.8,FALSE,29:40.1
dev109782,cust109782,tablet,4.2.8,FALSE,36:22.1
dev109783,cust109783,tablet,4.2.18,FALSE,37:09.0
dev109784,cust109784,tablet,2.1.8,FALSE,46:24.2
dev109785,cust109785,tablet,1.1.2,FALSE,30:22.8
dev109786,cust109786,ios,2.9.14,FALSE,23:47.4
dev109787,cust109787,feature_phone,1.6.20,FALSE,43:20.7
dev109788,cust109788,android,1.7.15,FALSE,20:43.5
dev109789,cust109789,android,3.6.14,FALSE,06:26.6
dev109790,cust109790,feature_phone,4.7.3,FALSE,33:37.6
dev109791,cust109791,android,2.6.2,FALSE,35:24.1
dev109792,cust109792,ios,4.6.11,FALSE,44:38.3
dev109793,cust109793,android,1.4.1,FALSE,50:43.4
dev109794,cust109794,feature_phone,2.4.7,FALSE,24:08.0
dev109795,cust109795,ios,4.6.1,FALSE,06:31.4
dev109796,cust109796,ios,1.3.10,FALSE,09:42.0
dev109797,cust109797,android,3.0.3,FALSE,25:00.2
dev109798,cust109798,ios,1.2.10,FALSE,40:14.0
dev109799,cust109799,ios,4.3.5,FALSE,59:03.4
dev109800,cust109800,feature_phone,4.6.19,FALSE,08:07.9
dev109801,cust109801,ios,2.4.12,FALSE,58:00.6
dev109802,cust109802,tablet,4.4.20,FALSE,28:50.1
dev109803,cust109803,ios,2.1.1,FALSE,33:05.9
dev109804,cust109804,tablet,3.6.10,FALSE,34:13.5
dev109805,cust109805,tablet,2.5.13,FALSE,04:19.5
dev109806,cust109806,android,4.0.10,FALSE,48:02.4
dev109807,cust109807,tablet,2.9.7,FALSE,24:35.4
dev109808,cust109808,ios,4.6.6,FALSE,10:42.5
dev109809,cust109809,ios,1.3.6,FALSE,24:45.8
dev109810,cust109810,tablet,1.9.10,FALSE,00:02.3
dev109811,cust109811,ios,4.0.0,FALSE,19:24.0
dev109812,cust109812,feature_phone,2.7.7,FALSE,22:46.4
dev109813,cust109813,ios,1.0.5,FALSE,02:41.1
dev109814,cust109814,tablet,4.6.2,FALSE,59:07.6
dev109815,cust109815,feature_phone,1.6.1,TRUE,04:14.8
dev109816,cust109816,feature_phone,4.1.19,FALSE,37:23.2
dev109817,cust109817,feature_phone,3.9.6,FALSE,45:24.3
dev109818,cust109818,android,1.5.17,FALSE,51:18.3
dev109819,cust109819,android,2.7.15,FALSE,22:59.8
dev109820,cust109820,android,4.7.3,FALSE,11:23.8
dev109821,cust109821,feature_phone,3.4.16,FALSE,21:54.6
dev109822,cust109822,ios,4.6.14,FALSE,17:21.1
dev109823,cust109823,feature_phone,4.3.15,FALSE,40:06.4
dev109824,cust109824,android,1.2.2,FALSE,50:02.1
dev109825,cust109825,ios,2.5.11,FALSE,44:55.3
dev109826,cust109826,ios,1.7.14,FALSE,22:58.0
dev109827,cust109827,ios,3.1.4,FALSE,01:28.3
dev109828,cust109828,tablet,3.1.15,FALSE,29:06.0
dev109829,cust109829,ios,3.9.9,FALSE,11:58.4
dev109830,cust109830,android,4.2.20,FALSE,57:26.2
dev109831,cust109831,feature_phone,4.9.4,FALSE,28:09.1
dev109832,cust109832,feature_phone,2.3.7,FALSE,08:47.2
dev109833,cust109833,android,1.2.20,FALSE,32:44.4
dev109834,cust109834,ios,4.7.19,FALSE,32:23.6
dev109835,cust109835,android,2.0.6,FALSE,21:46.6
dev109836,cust109836,ios,2.9.5,FALSE,06:05.3
dev109837,cust109837,tablet,2.1.12,FALSE,02:34.5
dev109838,cust109838,feature_phone,1.3.7,FALSE,50:30.0
dev109839,cust109839,ios,1.4.2,TRUE,15:36.4
dev109840,cust109840,ios,4.4.11,FALSE,54:21.7
dev109841,cust109841,tablet,3.1.6,FALSE,35:27.1
dev109842,cust109842,ios,3.2.6,FALSE,43:00.3
dev109843,cust109843,tablet,1.0.1,FALSE,39:23.8
dev109844,cust109844,tablet,4.2.12,FALSE,34:13.7
dev109845,cust109845,android,4.8.8,FALSE,37:16.6
dev109846,cust109846,ios,2.4.16,FALSE,06:06.9
dev109847,cust109847,tablet,1.6.19,FALSE,12:59.3
dev109848,cust109848,ios,3.9.10,FALSE,57:52.9
dev109849,cust109849,ios,4.3.6,FALSE,02:29.0
dev109850,cust109850,android,3.0.9,FALSE,26:09.7
dev109851,cust109851,feature_phone,1.4.9,TRUE,19:33.5
dev109852,cust109852,ios,2.3.14,FALSE,05:50.4
dev109853,cust109853,feature_phone,2.3.16,FALSE,15:07.9
dev109854,cust109854,feature_phone,4.0.10,FALSE,16:45.2
dev109855,cust109855,tablet,3.6.9,FALSE,12:30.4
dev109856,cust109856,ios,2.2.12,FALSE,05:59.3
dev109857,cust109857,android,2.5.6,FALSE,01:11.2
dev109858,cust109858,feature_phone,3.8.4,FALSE,59:42.1
dev109859,cust109859,tablet,2.7.12,FALSE,26:42.1
dev109860,cust109860,feature_phone,1.1.6,FALSE,29:07.0
dev109861,cust109861,tablet,2.2.9,TRUE,42:49.0
dev109862,cust109862,android,4.4.14,FALSE,02:36.8
dev109863,cust109863,android,1.8.3,FALSE,35:21.8
dev109864,cust109864,feature_phone,2.1.4,FALSE,58:36.2
dev109865,cust109865,android,3.1.3,FALSE,39:00.1
dev109866,cust109866,ios,1.0.4,FALSE,14:54.0
dev109867,cust109867,tablet,1.7.6,TRUE,10:28.2
dev109868,cust109868,feature_phone,3.6.10,FALSE,12:26.5
dev109869,cust109869,android,1.1.13,FALSE,32:26.4
dev109870,cust109870,feature_phone,4.9.2,FALSE,10:30.8
dev109871,cust109871,ios,3.0.13,FALSE,39:04.6
dev109872,cust109872,feature_phone,3.6.6,FALSE,44:49.1
dev109873,cust109873,android,4.8.9,FALSE,56:51.1
dev109874,cust109874,tablet,4.1.6,FALSE,23:28.2
dev109875,cust109875,android,3.6.11,FALSE,17:47.5
dev109876,cust109876,ios,1.2.12,FALSE,07:42.0
dev109877,cust109877,tablet,3.8.4,FALSE,57:27.5
dev109878,cust109878,tablet,2.2.2,FALSE,05:23.3
dev109879,cust109879,feature_phone,2.1.12,FALSE,12:21.7
dev109880,cust109880,feature_phone,4.9.18,FALSE,48:32.8
dev109881,cust109881,feature_phone,1.5.10,FALSE,27:03.1
dev109882,cust109882,tablet,3.4.19,FALSE,36:37.7
dev109883,cust109883,tablet,1.6.3,FALSE,57:29.9
dev109884,cust109884,tablet,3.5.15,FALSE,42:56.6
dev109885,cust109885,android,2.9.15,FALSE,18:04.1
dev109886,cust109886,android,1.6.12,FALSE,14:04.5
dev109887,cust109887,tablet,2.1.9,FALSE,46:32.1
dev109888,cust109888,android,3.6.2,FALSE,14:20.9
dev109889,cust109889,tablet,3.4.12,TRUE,55:29.1
dev109890,cust109890,ios,2.3.8,FALSE,28:34.4
dev109891,cust109891,android,4.2.19,FALSE,12:21.8
dev109892,cust109892,ios,1.8.15,FALSE,11:31.9
dev109893,cust109893,feature_phone,4.6.3,TRUE,16:17.1
dev109894,cust109894,ios,3.9.20,TRUE,38:41.6
dev109895,cust109895,android,2.6.7,FALSE,06:02.2
dev109896,cust109896,feature_phone,4.1.13,FALSE,24:52.6
dev109897,cust109897,tablet,4.2.3,FALSE,28:34.0
dev109898,cust109898,ios,1.8.17,FALSE,35:59.8
dev109899,cust109899,tablet,2.4.9,FALSE,24:45.1
dev109900,cust109900,tablet,1.4.12,FALSE,51:24.1
dev109901,cust109901,feature_phone,2.4.13,FALSE,57:38.6
dev109902,cust109902,ios,3.3.17,TRUE,03:30.6
dev109903,cust109903,ios,4.6.9,FALSE,16:51.6
dev109904,cust109904,tablet,2.6.18,FALSE,39:29.8
dev109905,cust109905,tablet,2.8.8,FALSE,48:38.8
dev109906,cust109906,ios,4.2.13,FALSE,41:53.6
dev109907,cust109907,tablet,4.4.15,FALSE,02:12.4
dev109908,cust109908,android,2.5.18,FALSE,47:47.3
dev109909,cust109909,ios,2.4.4,FALSE,35:13.6
dev109910,cust109910,ios,1.9.5,FALSE,25:21.2
dev109911,cust109911,tablet,3.2.20,FALSE,37:09.5
dev109912,cust109912,feature_phone,3.0.13,FALSE,22:07.7
dev109913,cust109913,feature_phone,1.4.5,FALSE,38:18.8
dev109914,cust109914,ios,1.0.8,FALSE,28:10.0
dev109915,cust109915,tablet,3.0.2,FALSE,26:14.3
dev109916,cust109916,tablet,1.6.3,FALSE,28:28.2
dev109917,cust109917,feature_phone,3.3.14,FALSE,59:13.4
dev109918,cust109918,feature_phone,4.5.9,FALSE,26:47.8
dev109919,cust109919,android,3.4.11,TRUE,19:07.9
dev109920,cust109920,ios,3.2.20,FALSE,12:34.7
dev109921,cust109921,android,2.4.17,TRUE,04:31.2
dev109922,cust109922,android,2.1.9,FALSE,44:28.1
dev109923,cust109923,ios,3.9.17,FALSE,31:14.5
dev109924,cust109924,tablet,1.6.13,FALSE,22:39.2
dev109925,cust109925,feature_phone,1.4.18,FALSE,47:44.9
dev109926,cust109926,tablet,1.3.20,FALSE,49:37.0
dev109927,cust109927,tablet,3.3.19,FALSE,17:02.8
dev109928,cust109928,android,4.4.13,FALSE,12:12.1
dev109929,cust109929,tablet,4.7.19,FALSE,42:09.1
dev109930,cust109930,ios,1.2.3,FALSE,18:51.7
dev109931,cust109931,feature_phone,4.3.8,FALSE,30:08.5
dev109932,cust109932,ios,3.6.2,FALSE,56:09.6
dev109933,cust109933,feature_phone,2.4.18,FALSE,06:38.7
dev109934,cust109934,feature_phone,3.2.4,FALSE,32:37.9
dev109935,cust109935,tablet,1.5.8,FALSE,06:44.8
dev109936,cust109936,android,2.4.15,FALSE,15:14.5
dev109937,cust109937,android,1.0.5,FALSE,03:48.6
dev109938,cust109938,ios,3.1.4,FALSE,35:43.3
dev109939,cust109939,ios,1.0.16,FALSE,12:01.3
dev109940,cust109940,feature_phone,2.3.20,FALSE,18:55.4
dev109941,cust109941,android,4.1.17,FALSE,42:35.5
dev109942,cust109942,feature_phone,4.5.17,FALSE,40:52.3
dev109943,cust109943,feature_phone,1.0.0,FALSE,16:52.7
dev109944,cust109944,feature_phone,4.7.3,FALSE,43:44.8
dev109945,cust109945,android,1.8.17,FALSE,58:12.8
dev109946,cust109946,android,1.5.19,FALSE,43:42.1
dev109947,cust109947,tablet,2.4.12,FALSE,42:27.2
dev109948,cust109948,feature_phone,3.2.1,FALSE,15:17.6
dev109949,cust109949,tablet,1.7.14,FALSE,49:46.2
dev109950,cust109950,feature_phone,2.8.5,FALSE,04:44.8
dev109951,cust109951,android,2.3.13,FALSE,14:11.2
dev109952,cust109952,ios,2.8.8,FALSE,39:59.9
dev109953,cust109953,feature_phone,2.2.13,FALSE,58:03.7
dev109954,cust109954,ios,4.5.12,FALSE,11:22.8
dev109955,cust109955,android,1.4.12,FALSE,45:58.2
dev109956,cust109956,feature_phone,4.1.1,FALSE,59:22.4
dev109957,cust109957,tablet,3.6.18,FALSE,15:21.6
dev109958,cust109958,tablet,4.5.15,FALSE,04:57.0
dev109959,cust109959,android,3.9.3,FALSE,47:14.7
dev109960,cust109960,android,4.2.5,FALSE,19:48.8
dev109961,cust109961,feature_phone,4.4.3,FALSE,16:37.5
dev109962,cust109962,ios,1.7.9,FALSE,52:54.8
dev109963,cust109963,tablet,2.6.6,FALSE,11:35.2
dev109964,cust109964,ios,1.9.9,FALSE,13:34.7
dev109965,cust109965,android,2.4.9,FALSE,11:21.7
dev109966,cust109966,android,2.4.0,FALSE,03:19.3
dev109967,cust109967,tablet,3.9.3,FALSE,18:36.4
dev109968,cust109968,feature_phone,1.4.3,FALSE,02:40.7
dev109969,cust109969,ios,1.2.7,TRUE,54:08.6
dev109970,cust109970,ios,3.6.19,FALSE,22:37.7
dev109971,cust109971,tablet,1.7.17,FALSE,17:06.7
dev109972,cust109972,android,3.3.10,FALSE,59:36.4
dev109973,cust109973,android,1.5.11,FALSE,32:26.7
dev109974,cust109974,ios,3.4.10,FALSE,45:12.4
dev109975,cust109975,tablet,4.6.15,FALSE,32:04.9
dev109976,cust109976,feature_phone,1.1.17,FALSE,38:57.1
dev109977,cust109977,ios,4.2.4,FALSE,20:04.8
dev109978,cust109978,feature_phone,1.6.4,FALSE,36:16.8
dev109979,cust109979,tablet,4.4.17,FALSE,43:49.0
dev109980,cust109980,feature_phone,2.9.0,FALSE,17:20.7
dev109981,cust109981,feature_phone,3.1.8,FALSE,19:14.1
dev109982,cust109982,ios,3.6.15,TRUE,17:25.5
dev109983,cust109983,tablet,3.8.1,FALSE,43:40.5
dev109984,cust109984,tablet,1.4.1,FALSE,09:03.9
dev109985,cust109985,feature_phone,3.9.2,FALSE,28:59.5
dev109986,cust109986,feature_phone,2.8.17,FALSE,54:57.5
dev109987,cust109987,ios,3.4.8,FALSE,36:03.5
dev109988,cust109988,tablet,4.8.2,FALSE,00:34.0
dev109989,cust109989,tablet,3.9.1,FALSE,35:36.1
dev109990,cust109990,tablet,1.7.8,FALSE,16:20.0
dev109991,cust109991,ios,1.0.12,FALSE,27:18.9
dev109992,cust109992,android,3.5.11,FALSE,15:24.0
dev109993,cust109993,feature_phone,3.4.14,FALSE,34:22.1
dev109994,cust109994,feature_phone,1.8.11,FALSE,34:21.8
dev109995,cust109995,feature_phone,2.7.2,FALSE,30:03.9
dev109996,cust109996,android,3.0.4,FALSE,05:00.7
dev109997,cust109997,ios,4.1.0,FALSE,37:49.4
dev109998,cust109998,tablet,4.1.4,FALSE,03:11.2
dev109999,cust109999,android,4.2.19,FALSE,04:10.9
dev200000,cust105760,ios,3.5.14,FALSE,00:13.7
dev200001,cust106485,feature_phone,2.0.20,FALSE,38:58.3
dev200002,cust107714,android,2.4.13,FALSE,41:17.1
dev200003,cust108364,feature_phone,1.7.7,FALSE,21:54.2
dev200004,cust104749,tablet,1.8.14,TRUE,01:09.6
dev200005,cust105296,android,4.7.0,FALSE,16:38.5
dev200006,cust104015,ios,2.3.18,FALSE,59:27.5
dev200007,cust106812,android,2.8.17,FALSE,27:44.9
dev200008,cust105059,tablet,2.0.17,FALSE,16:18.2
dev200009,cust100386,android,3.9.20,FALSE,55:48.9
dev200010,cust103400,android,2.2.16,FALSE,43:36.1
dev200011,cust108069,feature_phone,4.8.1,FALSE,00:29.6
dev200012,cust107764,android,2.4.19,FALSE,10:58.7
dev200013,cust106422,ios,3.7.0,FALSE,54:50.3
dev200014,cust106686,ios,4.3.8,FALSE,18:04.4
dev200015,cust108026,ios,4.9.10,FALSE,55:01.2
dev200016,cust102510,tablet,1.0.15,FALSE,25:10.0
dev200017,cust101088,ios,3.7.14,FALSE,14:06.8
dev200018,cust105255,feature_phone,3.2.2,FALSE,13:12.6
dev200019,cust108069,android,2.2.10,FALSE,28:45.5
dev200020,cust107616,ios,2.9.6,FALSE,23:22.0
dev200021,cust105840,tablet,1.7.1,FALSE,16:46.8
dev200022,cust105442,android,1.3.14,FALSE,12:21.9
dev200023,cust108906,feature_phone,2.6.0,FALSE,55:27.0
dev200024,cust107840,tablet,1.0.13,FALSE,53:58.9
dev200025,cust103309,tablet,4.5.6,TRUE,38:17.6
dev200026,cust109676,android,4.8.3,FALSE,19:55.5
dev200027,cust108351,tablet,3.2.0,FALSE,46:35.1
dev200028,cust106752,tablet,4.9.14,FALSE,48:48.1
dev200029,cust101287,feature_phone,1.5.15,FALSE,26:30.9
dev200030,cust105448,android,1.9.4,FALSE,32:42.9
dev200031,cust101915,tablet,2.0.3,FALSE,53:46.5
dev200032,cust103466,tablet,2.0.14,FALSE,37:54.3
dev200033,cust103467,ios,1.7.12,FALSE,02:05.7
dev200034,cust107389,tablet,3.4.1,FALSE,30:09.5
dev200035,cust102322,tablet,2.9.13,FALSE,14:12.0
dev200036,cust106864,android,4.3.20,FALSE,55:21.2
dev200037,cust106206,feature_phone,2.3.17,FALSE,12:19.2
dev200038,cust108080,feature_phone,1.1.16,FALSE,47:13.0
dev200039,cust102144,android,4.9.11,FALSE,07:06.0
dev200040,cust105150,ios,2.6.2,FALSE,56:32.1
dev200041,cust102954,android,4.8.3,FALSE,28:10.0
dev200042,cust103577,ios,1.4.7,FALSE,54:50.8
dev200043,cust104593,android,3.5.5,FALSE,42:44.0
dev200044,cust104785,feature_phone,4.9.18,FALSE,06:23.2
dev200045,cust101031,ios,1.1.16,FALSE,29:19.2
dev200046,cust109330,ios,2.0.11,FALSE,54:07.0
dev200047,cust104703,ios,2.7.9,FALSE,32:18.9
dev200048,cust103805,ios,3.9.15,FALSE,07:47.2
dev200049,cust101760,ios,2.5.9,FALSE,18:52.3
dev200050,cust108316,android,4.1.7,FALSE,19:51.1
dev200051,cust105618,tablet,4.9.10,FALSE,29:34.7
dev200052,cust105443,android,4.8.10,FALSE,56:43.5
dev200053,cust106139,ios,4.4.3,FALSE,19:06.9
dev200054,cust102149,ios,2.4.14,FALSE,07:23.6
dev200055,cust108343,tablet,2.2.0,FALSE,01:40.1
dev200056,cust102011,ios,3.7.15,FALSE,09:36.1
dev200057,cust104374,android,2.0.7,FALSE,31:31.6
dev200058,cust101743,feature_phone,2.8.18,FALSE,39:28.1
dev200059,cust106974,android,3.3.19,FALSE,25:16.6
dev200060,cust102977,ios,3.3.5,FALSE,39:53.9
dev200061,cust101304,feature_phone,2.2.18,FALSE,49:40.2
dev200062,cust101582,feature_phone,1.2.17,FALSE,52:44.7
dev200063,cust108111,android,1.1.2,FALSE,01:48.3
dev200064,cust103559,feature_phone,3.6.7,FALSE,05:26.4
dev200065,cust109121,android,3.0.14,FALSE,08:22.3
dev200066,cust102502,ios,1.1.2,FALSE,18:52.3
dev200067,cust100186,feature_phone,2.4.13,FALSE,53:22.3
dev200068,cust106233,tablet,3.8.15,FALSE,14:53.5
dev200069,cust100334,ios,1.1.2,FALSE,01:58.5
dev200070,cust109276,tablet,2.8.4,FALSE,04:21.7
dev200071,cust106146,feature_phone,4.4.3,FALSE,10:14.9
dev200072,cust103282,ios,4.6.5,FALSE,14:42.7
dev200073,cust103699,ios,4.1.19,FALSE,34:36.9
dev200074,cust104715,feature_phone,1.9.15,FALSE,24:23.7
dev200075,cust105656,tablet,4.2.16,FALSE,02:02.0
dev200076,cust101237,tablet,1.9.0,FALSE,59:06.6
dev200077,cust102782,feature_phone,4.3.18,FALSE,20:21.3
dev200078,cust100071,android,4.5.10,FALSE,49:14.9
dev200079,cust108764,ios,4.7.19,FALSE,39:49.0
dev200080,cust106608,ios,4.0.10,FALSE,15:48.9
dev200081,cust109879,tablet,3.6.18,FALSE,10:27.2
dev200082,cust105612,android,3.3.13,FALSE,11:14.7
dev200083,cust103281,ios,2.5.3,FALSE,47:27.9
dev200084,cust100937,ios,4.2.8,FALSE,32:09.1
dev200085,cust107547,tablet,3.9.16,FALSE,03:55.6
dev200086,cust109300,tablet,2.4.11,FALSE,13:55.9
dev200087,cust107380,feature_phone,4.7.6,FALSE,11:09.3
dev200088,cust103506,feature_phone,3.3.11,FALSE,59:46.4
dev200089,cust100822,android,4.2.18,FALSE,24:12.2
dev200090,cust103745,ios,2.0.11,FALSE,33:44.6
dev200091,cust104819,android,2.7.11,FALSE,46:15.2
dev200092,cust103024,ios,3.1.17,FALSE,02:51.3
dev200093,cust100698,feature_phone,4.6.2,FALSE,25:11.9
dev200094,cust108882,ios,4.1.1,FALSE,08:27.0
dev200095,cust104141,ios,1.5.16,FALSE,52:46.4
dev200096,cust101643,feature_phone,2.1.7,FALSE,40:33.5
dev200097,cust101058,feature_phone,3.9.15,FALSE,41:39.5
dev200098,cust108337,feature_phone,1.1.16,FALSE,52:13.0
dev200099,cust107637,android,3.9.19,FALSE,08:01.6
dev200100,cust102130,ios,3.7.6,FALSE,10:49.6
dev200101,cust102115,ios,1.9.13,FALSE,46:21.0
dev200102,cust105989,tablet,3.5.13,FALSE,15:20.1
dev200103,cust107700,android,1.4.11,FALSE,10:58.6
dev200104,cust103807,feature_phone,4.3.6,FALSE,02:23.6
dev200105,cust105148,android,1.7.4,FALSE,11:49.5
dev200106,cust100014,android,4.2.12,FALSE,12:09.1
dev200107,cust103325,feature_phone,3.9.9,FALSE,49:38.1
dev200108,cust104769,tablet,3.5.5,FALSE,24:05.6
dev200109,cust108557,feature_phone,4.7.4,FALSE,54:44.0
dev200110,cust109100,android,4.3.2,FALSE,54:38.8
dev200111,cust103331,ios,2.7.16,FALSE,12:53.8
dev200112,cust109047,ios,3.6.20,FALSE,57:26.4
dev200113,cust104773,ios,4.7.1,FALSE,05:35.8
dev200114,cust102654,tablet,1.5.16,FALSE,36:13.9
dev200115,cust109134,ios,3.8.3,FALSE,46:33.8
dev200116,cust100213,ios,3.4.17,FALSE,14:09.8
dev200117,cust107212,ios,1.3.0,FALSE,56:48.6
dev200118,cust104110,tablet,4.0.3,FALSE,21:38.2
dev200119,cust106004,tablet,4.7.15,FALSE,21:32.8
dev200120,cust101032,ios,1.9.11,FALSE,50:25.6
dev200121,cust106319,feature_phone,1.5.13,FALSE,37:08.7
dev200122,cust104235,ios,4.1.9,FALSE,51:22.0
dev200123,cust100864,feature_phone,2.5.15,FALSE,01:59.3
dev200124,cust102726,ios,3.7.20,FALSE,59:28.8
dev200125,cust103566,ios,3.5.2,FALSE,42:40.5
dev200126,cust106974,tablet,1.2.7,FALSE,49:19.0
dev200127,cust107765,ios,3.6.2,FALSE,17:28.5
dev200128,cust102871,tablet,1.1.12,FALSE,31:58.7
dev200129,cust106602,ios,3.6.13,FALSE,07:23.4
dev200130,cust105943,feature_phone,4.9.20,FALSE,42:55.8
dev200131,cust104798,android,4.1.17,FALSE,30:19.4
dev200132,cust102111,ios,4.7.17,FALSE,23:48.5
dev200133,cust108467,feature_phone,3.2.14,FALSE,11:26.4
dev200134,cust107013,feature_phone,1.0.12,FALSE,22:53.0
dev200135,cust102519,feature_phone,3.6.5,FALSE,03:04.5
dev200136,cust100306,android,2.1.6,FALSE,03:28.7
dev200137,cust107501,android,4.4.0,FALSE,03:30.2
dev200138,cust100396,feature_phone,1.6.5,FALSE,00:38.9
dev200139,cust104897,ios,3.8.2,FALSE,04:37.3
dev200140,cust106129,ios,2.7.8,FALSE,23:40.3
dev200141,cust108666,android,2.5.8,FALSE,04:26.6
dev200142,cust109272,android,1.0.14,FALSE,54:32.0
dev200143,cust105251,feature_phone,2.5.9,FALSE,23:11.5
dev200144,cust107832,android,2.4.3,TRUE,02:48.5
dev200145,cust109348,feature_phone,4.7.5,TRUE,59:15.5
dev200146,cust106534,tablet,4.0.5,FALSE,53:11.3
dev200147,cust105676,tablet,1.7.3,FALSE,47:51.8
dev200148,cust109240,feature_phone,4.9.10,FALSE,21:36.7
dev200149,cust107906,ios,3.8.9,FALSE,24:59.3
dev200150,cust103487,tablet,3.9.14,FALSE,01:22.3
dev200151,cust107406,feature_phone,3.4.5,FALSE,45:18.0
dev200152,cust108243,tablet,1.8.20,FALSE,15:40.9
dev200153,cust104389,android,2.2.20,FALSE,02:33.0
dev200154,cust105651,android,3.7.14,FALSE,16:25.8
dev200155,cust102083,tablet,3.0.16,FALSE,57:09.2
dev200156,cust103329,ios,2.9.20,FALSE,25:21.6
dev200157,cust104878,android,3.0.12,FALSE,57:37.8
dev200158,cust104388,android,3.7.3,FALSE,16:26.6
dev200159,cust103222,tablet,2.6.6,FALSE,46:08.8
dev200160,cust103181,android,4.9.15,FALSE,22:05.0
dev200161,cust100454,feature_phone,3.8.5,FALSE,02:22.0
dev200162,cust107232,feature_phone,2.8.11,FALSE,26:09.8
dev200163,cust107902,android,2.2.16,FALSE,17:46.0
dev200164,cust107517,ios,1.7.10,FALSE,40:56.0
dev200165,cust106127,tablet,2.6.10,FALSE,46:57.5
dev200166,cust105884,ios,4.5.14,FALSE,06:35.4
dev200167,cust102223,feature_phone,2.3.16,FALSE,30:19.4
dev200168,cust106897,feature_phone,4.6.12,FALSE,55:45.8
dev200169,cust106322,ios,2.8.20,FALSE,55:50.9
dev200170,cust103993,feature_phone,1.5.2,FALSE,14:23.3
dev200171,cust103607,android,2.0.12,FALSE,47:29.2
dev200172,cust105805,android,2.8.0,FALSE,20:29.9
dev200173,cust103140,feature_phone,3.9.8,FALSE,05:56.1
dev200174,cust103281,android,3.2.11,FALSE,19:51.6
dev200175,cust100398,android,1.1.1,FALSE,07:10.6
dev200176,cust104963,feature_phone,3.1.20,FALSE,29:24.9
dev200177,cust107832,feature_phone,4.8.5,FALSE,16:00.6
dev200178,cust108134,tablet,1.4.7,FALSE,37:16.6
dev200179,cust100642,android,3.9.4,FALSE,19:39.2
dev200180,cust100825,feature_phone,3.8.17,FALSE,30:32.8
dev200181,cust107458,android,4.8.1,FALSE,57:47.0
dev200182,cust104344,tablet,3.5.3,FALSE,51:15.2
dev200183,cust101921,android,4.1.10,FALSE,08:55.6
dev200184,cust108519,feature_phone,1.2.18,TRUE,07:18.9
dev200185,cust100775,ios,1.0.17,FALSE,07:23.4
dev200186,cust103124,ios,2.7.10,FALSE,54:00.3
dev200187,cust109409,feature_phone,2.7.12,FALSE,37:07.5
dev200188,cust102527,ios,2.5.5,FALSE,01:23.5
dev200189,cust103489,tablet,2.9.12,FALSE,31:50.0
dev200190,cust100525,tablet,2.0.16,FALSE,04:23.0
dev200191,cust104386,feature_phone,2.4.15,FALSE,57:38.0
dev200192,cust102894,tablet,1.8.11,FALSE,45:47.4
dev200193,cust103493,android,1.3.6,FALSE,57:33.6
dev200194,cust100723,android,1.3.2,FALSE,19:12.5
dev200195,cust106872,android,1.9.15,FALSE,45:45.0
dev200196,cust102443,tablet,4.8.10,FALSE,23:10.0
dev200197,cust104029,feature_phone,1.2.18,FALSE,22:06.6
dev200198,cust104683,feature_phone,3.0.20,FALSE,04:23.2
dev200199,cust108050,ios,1.1.3,FALSE,55:21.2
dev200200,cust108836,ios,2.7.16,TRUE,27:13.7
dev200201,cust103391,tablet,2.6.10,FALSE,13:53.9
dev200202,cust104432,ios,1.1.0,FALSE,16:02.1
dev200203,cust104333,tablet,3.5.15,FALSE,31:34.8
dev200204,cust107300,tablet,4.2.13,FALSE,00:04.9
dev200205,cust106955,ios,3.1.11,FALSE,30:53.4
dev200206,cust103973,ios,1.7.8,FALSE,31:26.6
dev200207,cust102712,ios,3.9.13,FALSE,46:04.5
dev200208,cust102966,feature_phone,2.3.18,FALSE,17:40.0
dev200209,cust107530,feature_phone,2.0.1,FALSE,36:29.2
dev200210,cust106996,android,3.8.13,FALSE,06:42.3
dev200211,cust100134,android,4.5.19,FALSE,17:17.0
dev200212,cust106398,feature_phone,3.5.2,FALSE,48:52.0
dev200213,cust103226,tablet,3.7.14,FALSE,06:08.4
dev200214,cust107425,ios,3.1.20,FALSE,57:33.4
dev200215,cust100979,android,4.2.12,FALSE,06:04.7
dev200216,cust106225,tablet,4.3.1,FALSE,49:21.6
dev200217,cust104418,feature_phone,1.9.15,FALSE,49:56.2
dev200218,cust102750,tablet,1.5.18,FALSE,03:08.2
dev200219,cust100621,feature_phone,1.9.5,FALSE,22:54.6
dev200220,cust105918,android,4.9.10,FALSE,11:53.1
dev200221,cust104583,ios,4.7.10,FALSE,55:19.3
dev200222,cust100932,feature_phone,4.2.9,FALSE,15:50.7
dev200223,cust106159,tablet,1.1.4,FALSE,51:56.4
dev200224,cust100265,feature_phone,1.6.8,FALSE,26:35.9
dev200225,cust103869,ios,2.9.0,FALSE,09:50.6
dev200226,cust104307,android,4.2.14,FALSE,35:43.7
dev200227,cust107517,ios,1.3.8,FALSE,23:33.0
dev200228,cust106465,android,3.7.15,FALSE,37:27.6
dev200229,cust108459,tablet,1.1.0,FALSE,39:54.1
dev200230,cust107774,feature_phone,2.5.0,FALSE,37:44.0
dev200231,cust100425,tablet,3.3.10,FALSE,14:07.4
dev200232,cust102075,feature_phone,2.5.7,FALSE,07:38.3
dev200233,cust102822,tablet,2.4.5,FALSE,42:38.2
dev200234,cust100712,android,1.0.11,FALSE,24:26.0
dev200235,cust100287,tablet,4.1.1,FALSE,53:09.7
dev200236,cust107412,feature_phone,4.2.12,FALSE,27:41.7
dev200237,cust107987,feature_phone,1.7.14,FALSE,01:10.6
dev200238,cust107181,android,2.9.15,FALSE,59:49.2
dev200239,cust105277,feature_phone,2.7.4,FALSE,16:07.1
dev200240,cust106499,feature_phone,2.2.9,FALSE,23:06.6
dev200241,cust108784,tablet,3.1.18,FALSE,45:03.8
dev200242,cust105151,ios,3.3.20,FALSE,17:30.6
dev200243,cust107666,tablet,4.9.1,FALSE,25:54.2
dev200244,cust109707,tablet,3.4.11,FALSE,20:20.8
dev200245,cust107855,feature_phone,4.6.16,FALSE,30:14.9
dev200246,cust106130,ios,4.6.7,FALSE,04:23.1
dev200247,cust101870,android,2.1.9,FALSE,21:24.9
dev200248,cust106635,tablet,1.7.19,FALSE,27:06.6
dev200249,cust103728,tablet,2.6.6,FALSE,37:01.2
dev200250,cust109905,tablet,4.9.6,FALSE,14:02.2
dev200251,cust100999,android,4.5.8,FALSE,04:36.6
dev200252,cust107896,android,4.6.4,FALSE,57:10.7
dev200253,cust104338,android,2.3.14,FALSE,50:59.9
dev200254,cust106008,feature_phone,2.0.3,FALSE,38:30.8
dev200255,cust100949,ios,4.2.10,FALSE,17:15.0
dev200256,cust100432,android,1.1.6,FALSE,20:37.4
dev200257,cust108542,feature_phone,1.3.5,FALSE,46:44.6
dev200258,cust106591,tablet,1.5.11,FALSE,05:02.1
dev200259,cust105610,ios,3.6.8,FALSE,39:27.1
dev200260,cust102296,feature_phone,2.9.8,TRUE,20:47.4
dev200261,cust107065,feature_phone,2.3.19,FALSE,11:50.6
dev200262,cust102360,android,2.4.13,FALSE,15:53.9
dev200263,cust108718,android,1.1.11,FALSE,31:59.8
dev200264,cust109871,tablet,1.5.13,FALSE,52:40.2
dev200265,cust107769,ios,4.0.3,FALSE,01:25.1
dev200266,cust107284,tablet,3.0.7,FALSE,19:13.1
dev200267,cust106487,ios,1.8.7,FALSE,11:16.4
dev200268,cust109561,ios,2.2.12,FALSE,30:49.3
dev200269,cust106865,tablet,2.3.16,FALSE,37:50.0
dev200270,cust107286,tablet,1.3.19,FALSE,10:43.8
dev200271,cust109347,android,1.0.6,FALSE,02:34.5
dev200272,cust100823,feature_phone,4.5.19,FALSE,27:30.6
dev200273,cust102075,tablet,1.8.3,FALSE,30:33.4
dev200274,cust105820,ios,3.2.3,FALSE,47:37.2
dev200275,cust103607,android,1.6.9,FALSE,12:55.4
dev200276,cust101727,feature_phone,3.5.17,FALSE,34:51.8
dev200277,cust109494,tablet,2.3.13,FALSE,14:52.4
dev200278,cust103396,tablet,4.5.18,FALSE,31:38.2
dev200279,cust102736,feature_phone,3.9.4,FALSE,35:36.6
dev200280,cust108775,android,3.0.0,FALSE,44:52.2
dev200281,cust103022,feature_phone,4.4.15,FALSE,39:52.1
dev200282,cust100035,android,2.2.11,FALSE,59:30.7
dev200283,cust101248,ios,3.9.19,FALSE,01:49.8
dev200284,cust108384,feature_phone,4.2.19,FALSE,47:25.8
dev200285,cust107314,ios,2.0.16,FALSE,59:32.0
dev200286,cust107176,android,1.3.1,FALSE,26:03.1
dev200287,cust104439,ios,2.5.12,FALSE,24:53.3
dev200288,cust109241,android,1.6.18,FALSE,33:52.5
dev200289,cust102844,android,1.9.9,FALSE,26:18.8
dev200290,cust104739,android,3.9.1,FALSE,39:00.6
dev200291,cust103787,feature_phone,2.9.15,FALSE,29:44.7
dev200292,cust103132,feature_phone,1.6.12,FALSE,26:09.3
dev200293,cust106461,android,1.1.4,FALSE,57:58.5
dev200294,cust105267,tablet,3.7.14,FALSE,44:38.6
dev200295,cust109876,ios,1.7.5,FALSE,50:47.2
dev200296,cust108353,android,1.9.17,FALSE,27:34.9
dev200297,cust103032,ios,2.1.9,FALSE,51:48.8
dev200298,cust100388,tablet,4.1.11,FALSE,19:27.7
dev200299,cust106429,ios,2.3.7,FALSE,17:29.9
dev200300,cust105484,android,2.2.2,FALSE,12:42.8
dev200301,cust102694,tablet,1.2.10,FALSE,08:08.1
dev200302,cust109186,ios,3.1.15,FALSE,44:52.9
dev200303,cust106088,ios,1.5.6,FALSE,22:47.6
dev200304,cust107131,feature_phone,1.5.1,FALSE,54:19.7
dev200305,cust100139,tablet,1.9.10,FALSE,19:13.6
dev200306,cust103404,ios,1.5.8,FALSE,26:41.3
dev200307,cust109623,feature_phone,2.3.6,FALSE,48:11.0
dev200308,cust108952,feature_phone,4.8.12,FALSE,44:35.6
dev200309,cust104703,feature_phone,4.3.0,FALSE,38:34.2
dev200310,cust104209,android,2.3.0,FALSE,16:10.1
dev200311,cust105292,android,4.1.19,FALSE,53:28.7
dev200312,cust102937,android,3.5.0,FALSE,05:29.0
dev200313,cust103109,android,1.3.1,FALSE,25:25.6
dev200314,cust105670,android,2.1.15,FALSE,08:26.8
dev200315,cust105279,tablet,1.2.2,FALSE,46:20.7
dev200316,cust109146,feature_phone,1.3.16,FALSE,37:58.7
dev200317,cust106379,ios,1.4.2,FALSE,34:48.1
dev200318,cust104568,ios,1.4.4,FALSE,33:35.8
dev200319,cust100328,android,4.9.9,FALSE,37:27.7
dev200320,cust104233,tablet,4.5.8,FALSE,41:57.4
dev200321,cust100334,feature_phone,2.1.19,FALSE,42:03.8
dev200322,cust100887,tablet,3.2.10,FALSE,08:44.0
dev200323,cust107665,tablet,4.6.16,FALSE,21:48.4
dev200324,cust102544,tablet,4.1.20,FALSE,08:50.0
dev200325,cust108357,tablet,1.4.17,FALSE,45:16.5
dev200326,cust100794,android,3.5.20,FALSE,21:07.8
dev200327,cust101343,ios,2.1.8,FALSE,51:39.4
dev200328,cust103728,android,3.8.17,FALSE,26:01.3
dev200329,cust105334,ios,4.2.1,FALSE,23:21.5
dev200330,cust103733,tablet,1.6.2,FALSE,49:06.0
dev200331,cust107674,ios,2.2.6,FALSE,38:33.8
dev200332,cust105374,android,1.7.5,FALSE,12:02.4
dev200333,cust100328,tablet,2.9.6,FALSE,54:39.7
dev200334,cust107685,ios,2.2.5,FALSE,54:38.7
dev200335,cust108078,feature_phone,1.4.2,FALSE,23:44.2
dev200336,cust108756,tablet,4.2.3,FALSE,13:21.0
dev200337,cust105665,tablet,4.6.5,FALSE,12:41.9
dev200338,cust100476,tablet,1.0.9,FALSE,27:44.4
dev200339,cust102366,tablet,3.1.3,FALSE,34:17.2
dev200340,cust108685,android,2.2.13,FALSE,47:56.7
dev200341,cust105829,android,3.5.7,FALSE,00:32.5
dev200342,cust104988,feature_phone,3.7.16,FALSE,56:31.5
dev200343,cust100872,tablet,3.3.20,FALSE,20:31.7
dev200344,cust107577,tablet,4.4.2,FALSE,20:30.3
dev200345,cust100502,android,4.7.9,TRUE,37:07.4
dev200346,cust105479,ios,1.1.8,FALSE,32:31.1
dev200347,cust106428,android,4.7.13,FALSE,59:13.8
dev200348,cust100569,feature_phone,1.2.14,FALSE,58:52.4
dev200349,cust107175,tablet,3.4.1,FALSE,09:16.4
dev200350,cust107744,ios,4.1.12,FALSE,25:03.7
dev200351,cust109348,tablet,3.1.0,FALSE,40:53.4
dev200352,cust104657,tablet,4.8.0,FALSE,46:52.4
dev200353,cust104069,tablet,3.7.20,FALSE,41:30.5
dev200354,cust106941,feature_phone,4.6.7,FALSE,59:27.4
dev200355,cust106583,android,4.7.16,FALSE,59:16.5
dev200356,cust109900,ios,4.1.2,FALSE,12:53.2
dev200357,cust108963,ios,2.4.4,FALSE,59:09.7
dev200358,cust107066,feature_phone,2.4.18,FALSE,55:45.4
dev200359,cust105973,feature_phone,1.6.0,FALSE,02:32.4
dev200360,cust101830,android,2.1.5,FALSE,31:49.2
dev200361,cust105864,ios,1.2.6,FALSE,44:54.1
dev200362,cust100516,tablet,1.3.8,FALSE,12:42.0
dev200363,cust100007,android,3.2.14,FALSE,38:52.9
dev200364,cust104660,feature_phone,3.0.7,FALSE,59:30.8
dev200365,cust105609,tablet,2.9.1,FALSE,51:05.8
dev200366,cust107914,tablet,2.0.20,FALSE,36:44.2
dev200367,cust107646,android,2.8.4,FALSE,07:46.2
dev200368,cust105452,tablet,3.6.15,FALSE,53:07.9
dev200369,cust101190,android,3.7.7,FALSE,38:42.2
dev200370,cust100978,feature_phone,4.3.15,FALSE,13:00.0
dev200371,cust106917,tablet,4.9.1,FALSE,10:32.7
dev200372,cust105335,feature_phone,1.4.9,FALSE,13:42.2
dev200373,cust103688,android,4.8.9,FALSE,01:36.0
dev200374,cust106867,ios,1.2.9,FALSE,59:52.1
dev200375,cust106728,android,3.7.19,FALSE,42:41.0
dev200376,cust105170,android,2.4.20,FALSE,11:45.0
dev200377,cust104308,feature_phone,1.3.0,FALSE,38:07.4
dev200378,cust103826,feature_phone,2.1.18,FALSE,11:26.6
dev200379,cust100447,android,3.8.13,FALSE,53:13.2
dev200380,cust107112,tablet,1.9.5,FALSE,04:31.6
dev200381,cust102689,ios,1.1.15,FALSE,49:22.9
dev200382,cust109357,ios,4.1.11,FALSE,06:53.0
dev200383,cust102443,tablet,1.7.15,FALSE,01:43.6
dev200384,cust106088,ios,2.6.3,FALSE,52:55.8
dev200385,cust108760,feature_phone,1.8.6,FALSE,37:15.7
dev200386,cust101568,tablet,4.3.20,FALSE,33:28.9
dev200387,cust100698,ios,4.1.6,FALSE,44:02.7
dev200388,cust103835,feature_phone,4.7.15,FALSE,21:36.5
dev200389,cust109545,tablet,1.7.3,FALSE,02:13.1
dev200390,cust101070,ios,1.8.16,FALSE,59:03.4
dev200391,cust104646,ios,3.9.15,FALSE,07:23.3
dev200392,cust104367,feature_phone,4.4.1,FALSE,50:04.2
dev200393,cust109197,feature_phone,4.5.12,FALSE,57:46.3
dev200394,cust106518,android,3.0.1,FALSE,04:26.0
dev200395,cust102173,android,4.0.5,FALSE,48:47.2
dev200396,cust105127,android,1.3.16,FALSE,40:28.6
dev200397,cust100432,android,2.4.14,FALSE,00:45.6
dev200398,cust100991,ios,4.7.0,FALSE,49:25.4
dev200399,cust107749,feature_phone,4.5.7,FALSE,08:42.5
dev200400,cust100293,ios,3.7.20,FALSE,49:31.2
dev200401,cust102918,feature_phone,4.1.14,FALSE,50:48.7
dev200402,cust106296,feature_phone,4.7.12,FALSE,34:57.5
dev200403,cust103465,feature_phone,3.6.9,FALSE,09:33.7
dev200404,cust100928,ios,3.9.17,FALSE,06:48.7
dev200405,cust105776,android,1.8.7,FALSE,34:08.7
dev200406,cust107140,tablet,2.3.10,FALSE,34:03.0
dev200407,cust109091,ios,1.6.12,FALSE,36:56.9
dev200408,cust106667,tablet,2.9.0,FALSE,36:24.4
dev200409,cust103547,android,4.6.4,FALSE,43:28.7
dev200410,cust103412,android,3.3.7,FALSE,57:39.3
dev200411,cust104716,ios,3.4.6,FALSE,58:52.4
dev200412,cust103519,ios,1.7.17,FALSE,55:26.6
dev200413,cust108570,feature_phone,2.4.11,FALSE,18:43.9
dev200414,cust109961,tablet,2.2.3,FALSE,03:30.0
dev200415,cust100426,tablet,4.8.12,FALSE,17:38.5
dev200416,cust107436,feature_phone,1.8.1,FALSE,28:46.9
dev200417,cust105493,android,2.2.0,FALSE,48:35.4
dev200418,cust106587,feature_phone,1.3.9,FALSE,05:27.7
dev200419,cust104627,tablet,3.9.5,FALSE,33:48.6
dev200420,cust107655,android,2.0.11,FALSE,47:38.6
dev200421,cust101263,android,4.1.10,FALSE,57:12.2
dev200422,cust103006,tablet,4.8.10,FALSE,04:05.3
dev200423,cust106220,tablet,1.8.13,FALSE,49:20.6
dev200424,cust100110,ios,2.0.13,FALSE,49:31.4
dev200425,cust103733,feature_phone,1.0.7,FALSE,27:32.3
dev200426,cust101354,tablet,4.7.1,FALSE,06:38.6
dev200427,cust103835,android,2.1.20,FALSE,04:26.7
dev200428,cust106125,feature_phone,4.8.20,FALSE,52:44.0
dev200429,cust100720,android,1.5.9,FALSE,11:26.5
dev200430,cust105800,tablet,3.2.0,FALSE,23:55.7
dev200431,cust105564,ios,3.4.3,FALSE,30:38.1
dev200432,cust105990,ios,3.9.19,FALSE,09:01.8
dev200433,cust104657,android,1.8.3,FALSE,46:49.4
dev200434,cust104982,android,4.9.18,FALSE,13:07.6
dev200435,cust105379,ios,4.4.12,FALSE,34:53.5
dev200436,cust103985,feature_phone,3.0.20,FALSE,16:00.4
dev200437,cust104069,feature_phone,1.9.12,FALSE,09:57.0
dev200438,cust100937,tablet,4.1.5,FALSE,28:48.8
dev200439,cust105738,android,2.8.15,FALSE,14:05.9
dev200440,cust105392,ios,2.0.2,FALSE,11:31.8
dev200441,cust108062,android,1.1.17,FALSE,47:53.9
dev200442,cust101905,ios,4.8.12,FALSE,43:59.3
dev200443,cust102239,feature_phone,1.8.13,FALSE,23:27.1
dev200444,cust101063,android,4.5.11,FALSE,52:27.1
dev200445,cust103919,tablet,2.9.10,FALSE,45:22.0
dev200446,cust100454,tablet,3.0.11,FALSE,52:57.4
dev200447,cust104747,feature_phone,2.9.18,FALSE,13:23.7
dev200448,cust103852,tablet,3.1.10,FALSE,02:20.0
dev200449,cust106067,ios,3.7.3,FALSE,38:55.1
dev200450,cust107657,ios,3.4.10,FALSE,18:06.8
dev200451,cust100465,tablet,2.0.7,FALSE,08:57.9
dev200452,cust107362,ios,3.1.12,FALSE,59:52.1
dev200453,cust108398,ios,2.0.12,FALSE,52:51.2
dev200454,cust103335,android,2.2.3,FALSE,49:23.8
dev200455,cust102267,android,4.4.2,FALSE,43:15.3
dev200456,cust100421,ios,3.4.0,FALSE,18:42.5
dev200457,cust103534,android,4.1.2,FALSE,59:14.9
dev200458,cust107245,tablet,4.1.9,FALSE,53:08.8
dev200459,cust109571,feature_phone,4.5.7,FALSE,52:25.6
dev200460,cust103651,feature_phone,2.8.4,FALSE,03:36.0
dev200461,cust103271,tablet,2.8.5,FALSE,40:10.2
dev200462,cust106160,feature_phone,2.4.4,FALSE,02:56.0
dev200463,cust101825,tablet,1.5.15,FALSE,05:19.6
dev200464,cust104120,tablet,1.4.20,FALSE,12:40.9
dev200465,cust109486,tablet,1.0.20,FALSE,54:17.0
dev200466,cust109020,android,2.3.11,FALSE,34:26.5
dev200467,cust101661,ios,1.2.16,FALSE,14:55.8
dev200468,cust103082,tablet,1.0.6,FALSE,35:18.2
dev200469,cust108648,ios,2.3.15,FALSE,27:26.5
dev200470,cust109955,tablet,3.5.18,FALSE,07:08.5
dev200471,cust105980,android,3.4.18,FALSE,35:24.1
dev200472,cust103232,tablet,4.3.13,FALSE,46:33.9
dev200473,cust100326,tablet,2.8.2,FALSE,24:55.6
dev200474,cust103937,feature_phone,4.6.16,FALSE,31:34.0
dev200475,cust105123,feature_phone,3.3.16,FALSE,13:50.5
dev200476,cust106367,tablet,4.2.6,FALSE,16:58.3
dev200477,cust102477,ios,4.6.13,FALSE,12:54.6
dev200478,cust102556,ios,3.0.11,FALSE,30:39.3
dev200479,cust106694,feature_phone,2.1.9,FALSE,57:45.8
dev200480,cust107394,ios,3.7.8,FALSE,59:44.7
dev200481,cust105033,tablet,1.9.0,FALSE,19:49.4
dev200482,cust103499,tablet,4.3.1,FALSE,47:06.6
dev200483,cust103323,tablet,4.9.9,FALSE,26:19.5
dev200484,cust100458,android,1.6.3,FALSE,42:20.5
dev200485,cust107676,android,3.2.6,FALSE,50:13.3
dev200486,cust104024,feature_phone,2.8.1,FALSE,26:19.5
dev200487,cust105051,android,2.3.13,FALSE,10:19.4
dev200488,cust108000,feature_phone,3.9.1,FALSE,49:58.8
dev200489,cust101099,android,2.2.0,TRUE,04:55.2
dev200490,cust105570,tablet,4.6.7,FALSE,01:34.0
dev200491,cust103520,ios,4.1.8,FALSE,24:26.8
dev200492,cust108149,tablet,1.5.17,FALSE,29:23.5
dev200493,cust102575,android,1.2.3,FALSE,47:42.6
dev200494,cust101552,ios,4.9.0,FALSE,55:38.4
dev200495,cust106470,tablet,4.7.5,FALSE,14:09.7
dev200496,cust103110,feature_phone,3.9.19,FALSE,36:01.2
dev200497,cust102696,android,3.4.6,FALSE,43:03.1
dev200498,cust106404,feature_phone,3.8.14,FALSE,55:10.0
dev200499,cust108688,feature_phone,3.4.15,FALSE,48:45.7
dev200500,cust100299,feature_phone,1.9.19,FALSE,41:33.5
dev200501,cust104022,feature_phone,2.0.14,FALSE,59:39.2
dev200502,cust103320,feature_phone,4.7.19,FALSE,28:58.9
dev200503,cust109305,ios,4.4.2,FALSE,07:40.0
dev200504,cust104551,tablet,1.3.11,FALSE,41:12.7
dev200505,cust106886,ios,2.7.7,FALSE,11:33.0
dev200506,cust105335,feature_phone,4.1.1,FALSE,14:20.5
dev200507,cust100770,android,4.4.1,FALSE,45:23.5
dev200508,cust107984,android,3.6.15,FALSE,33:45.8
dev200509,cust102313,feature_phone,4.4.5,FALSE,07:37.4
dev200510,cust108730,android,3.6.2,FALSE,50:53.2
dev200511,cust108283,android,4.2.14,FALSE,46:44.5
dev200512,cust104641,tablet,4.9.5,FALSE,26:03.4
dev200513,cust107248,tablet,1.5.18,FALSE,27:10.3
dev200514,cust109528,tablet,3.6.7,FALSE,42:32.9
dev200515,cust106057,feature_phone,4.4.13,FALSE,39:08.4
dev200516,cust100711,tablet,1.9.11,FALSE,28:23.3
dev200517,cust103222,android,2.3.17,FALSE,23:12.6
dev200518,cust107512,tablet,2.0.0,FALSE,12:21.0
dev200519,cust106940,ios,4.2.7,FALSE,38:08.7
dev200520,cust105361,android,4.0.12,FALSE,07:20.9
dev200521,cust101217,android,2.9.19,FALSE,36:48.4
dev200522,cust103501,feature_phone,1.9.10,FALSE,38:35.9
dev200523,cust105180,ios,2.1.9,FALSE,10:54.8
dev200524,cust104074,ios,2.7.8,FALSE,55:16.1
dev200525,cust104639,ios,1.6.16,FALSE,56:52.1
dev200526,cust103067,ios,2.6.16,FALSE,07:18.9
dev200527,cust103153,android,1.8.19,FALSE,21:06.2
dev200528,cust109998,tablet,2.8.12,FALSE,13:47.7
dev200529,cust106924,feature_phone,3.3.13,TRUE,15:28.8
dev200530,cust107796,ios,3.8.13,FALSE,53:24.2
dev200531,cust108948,android,1.5.4,FALSE,59:11.9
dev200532,cust101408,android,1.2.0,FALSE,16:42.6
dev200533,cust109293,android,3.0.15,FALSE,43:20.2
dev200534,cust102568,tablet,1.8.8,FALSE,32:34.7
dev200535,cust100581,tablet,4.8.5,FALSE,17:35.4
dev200536,cust100080,feature_phone,4.0.3,FALSE,44:38.0
dev200537,cust109789,ios,1.0.4,FALSE,50:01.9
dev200538,cust109405,android,3.3.1,FALSE,39:54.2
dev200539,cust108794,tablet,1.1.20,FALSE,27:35.5
dev200540,cust105616,feature_phone,4.9.10,FALSE,51:24.1
dev200541,cust104827,android,3.9.9,FALSE,40:24.5
dev200542,cust102103,android,3.5.17,FALSE,17:09.5
dev200543,cust104634,ios,1.8.0,FALSE,07:14.1
dev200544,cust106298,android,3.2.4,FALSE,30:47.4
dev200545,cust106550,feature_phone,4.9.4,FALSE,37:15.3
dev200546,cust107322,tablet,1.8.1,FALSE,40:21.1
dev200547,cust106824,ios,1.9.15,FALSE,52:01.8
dev200548,cust108140,tablet,2.5.1,FALSE,28:48.0
dev200549,cust108082,android,2.6.3,FALSE,44:09.9
dev200550,cust106753,ios,4.1.12,FALSE,32:39.8
dev200551,cust101240,ios,4.0.18,FALSE,24:10.2
dev200552,cust103316,tablet,3.2.1,FALSE,40:51.4
dev200553,cust103671,android,1.8.12,TRUE,55:05.2
dev200554,cust101117,android,3.0.11,FALSE,35:53.5
dev200555,cust102576,android,1.9.3,FALSE,22:48.6
dev200556,cust109853,ios,3.1.16,FALSE,50:54.6
dev200557,cust100801,tablet,3.6.17,FALSE,09:55.5
dev200558,cust108752,ios,2.9.10,FALSE,26:46.3
dev200559,cust102282,tablet,4.2.19,FALSE,54:29.0
dev200560,cust100816,tablet,3.3.16,FALSE,11:37.5
dev200561,cust102455,ios,3.2.4,FALSE,13:43.6
dev200562,cust103591,android,1.6.8,TRUE,03:44.8
dev200563,cust100733,tablet,3.4.0,FALSE,05:20.2
dev200564,cust109736,feature_phone,3.0.7,FALSE,49:57.0
dev200565,cust105976,tablet,1.9.7,FALSE,25:54.1
dev200566,cust105262,tablet,3.0.16,FALSE,43:07.0
dev200567,cust107214,android,2.7.5,FALSE,53:29.6
dev200568,cust105285,android,1.5.18,FALSE,03:34.3
dev200569,cust108059,tablet,1.1.17,FALSE,33:30.3
dev200570,cust104451,feature_phone,3.0.16,FALSE,38:36.8
dev200571,cust103341,tablet,1.2.12,TRUE,16:11.2
dev200572,cust100822,android,1.1.13,FALSE,13:17.5
dev200573,cust101477,android,1.3.5,FALSE,31:26.3
dev200574,cust105085,android,4.9.7,FALSE,21:51.4
dev200575,cust103221,feature_phone,1.3.19,FALSE,56:03.5
dev200576,cust100098,android,2.5.9,TRUE,17:03.5
dev200577,cust107526,feature_phone,1.4.10,FALSE,25:39.3
dev200578,cust101970,ios,4.7.10,FALSE,38:10.4
dev200579,cust100686,ios,3.4.20,FALSE,31:56.8
dev200580,cust106167,feature_phone,3.6.13,FALSE,23:26.9
dev200581,cust106965,ios,1.8.10,FALSE,27:25.2
dev200582,cust104417,feature_phone,1.4.13,FALSE,46:41.7
dev200583,cust105474,tablet,3.9.7,FALSE,34:17.6
dev200584,cust100766,ios,1.1.12,FALSE,03:33.4
dev200585,cust100590,ios,2.7.2,FALSE,05:13.4
dev200586,cust106877,ios,2.9.20,FALSE,40:27.7
dev200587,cust108352,feature_phone,3.8.17,FALSE,14:47.9
dev200588,cust102546,feature_phone,4.7.8,FALSE,35:42.0
dev200589,cust100468,feature_phone,1.5.10,FALSE,16:26.6
dev200590,cust101412,android,1.7.19,FALSE,28:37.6
dev200591,cust104088,feature_phone,3.5.6,FALSE,30:54.3
dev200592,cust105056,feature_phone,2.6.12,FALSE,13:30.4
dev200593,cust103165,feature_phone,2.1.13,FALSE,44:43.9
dev200594,cust108885,tablet,1.2.3,FALSE,04:07.9
dev200595,cust104893,android,1.8.2,FALSE,27:13.2
dev200596,cust103228,ios,3.0.7,FALSE,43:38.3
dev200597,cust104682,tablet,3.8.10,FALSE,52:29.3
dev200598,cust103276,tablet,2.2.11,FALSE,04:51.8
dev200599,cust105930,feature_phone,1.8.15,FALSE,14:10.4
dev200600,cust105423,ios,3.3.4,FALSE,11:31.0
dev200601,cust105013,ios,4.4.2,FALSE,37:57.0
dev200602,cust108824,tablet,2.3.5,FALSE,36:28.2
dev200603,cust102809,tablet,2.7.11,FALSE,40:13.0
dev200604,cust100561,android,3.2.2,FALSE,47:23.9
dev200605,cust105750,feature_phone,4.9.1,FALSE,56:22.9
dev200606,cust107708,feature_phone,4.0.4,FALSE,08:12.2
dev200607,cust104875,tablet,2.3.6,FALSE,04:55.2
dev200608,cust107515,tablet,2.7.1,FALSE,19:17.8
dev200609,cust103982,feature_phone,2.7.12,FALSE,49:37.9
dev200610,cust107964,ios,2.4.4,FALSE,01:27.4
dev200611,cust105457,feature_phone,2.7.7,FALSE,43:33.7
dev200612,cust109228,android,3.2.15,FALSE,15:00.5
dev200613,cust101551,feature_phone,1.1.6,FALSE,14:30.8
dev200614,cust100054,feature_phone,4.8.3,FALSE,15:09.9
dev200615,cust104032,tablet,1.1.18,FALSE,44:51.1
dev200616,cust101854,tablet,3.4.18,FALSE,42:48.5
dev200617,cust109712,feature_phone,3.2.0,FALSE,34:56.3
dev200618,cust101308,tablet,4.3.7,FALSE,52:23.0
dev200619,cust101652,feature_phone,3.0.15,FALSE,11:47.9
dev200620,cust109800,feature_phone,3.8.2,FALSE,11:00.1
dev200621,cust109763,android,3.0.11,FALSE,36:55.1
dev200622,cust107324,ios,1.6.7,FALSE,16:58.1
dev200623,cust106966,ios,2.1.3,FALSE,20:33.0
dev200624,cust105364,feature_phone,2.5.4,FALSE,52:25.7
dev200625,cust105730,ios,4.7.11,FALSE,08:21.5
dev200626,cust108783,ios,3.1.16,FALSE,48:28.5
dev200627,cust100849,android,2.5.12,TRUE,25:53.4
dev200628,cust104707,feature_phone,1.7.8,FALSE,54:27.4
dev200629,cust107336,ios,3.3.1,FALSE,54:13.0
dev200630,cust106118,ios,4.9.2,FALSE,17:48.6
dev200631,cust107135,tablet,4.3.11,FALSE,34:50.1
dev200632,cust108525,android,3.3.3,FALSE,51:07.4
dev200633,cust109125,android,1.1.6,FALSE,03:25.1
dev200634,cust104777,ios,1.5.10,FALSE,30:42.5
dev200635,cust101029,feature_phone,3.1.0,FALSE,20:20.0
dev200636,cust109451,ios,2.0.9,FALSE,00:02.8
dev200637,cust106268,android,3.9.7,TRUE,59:48.9
dev200638,cust104430,ios,1.8.5,FALSE,50:51.6
dev200639,cust104440,feature_phone,3.7.5,FALSE,54:08.8
dev200640,cust104992,android,1.2.0,FALSE,13:48.3
dev200641,cust108401,android,2.1.15,FALSE,00:51.1
dev200642,cust103327,feature_phone,3.8.5,FALSE,35:06.9
dev200643,cust104368,tablet,2.9.14,FALSE,04:46.2
dev200644,cust103280,android,2.8.15,FALSE,50:12.0
dev200645,cust102966,feature_phone,1.7.19,TRUE,04:19.9
dev200646,cust104447,android,1.5.1,FALSE,42:27.0
dev200647,cust105641,android,3.2.19,FALSE,58:05.1
dev200648,cust103404,feature_phone,4.2.6,FALSE,34:07.4
dev200649,cust109337,ios,4.2.0,FALSE,06:47.9
dev200650,cust105480,ios,2.0.8,FALSE,58:05.9
dev200651,cust103121,android,4.5.19,FALSE,06:22.4
dev200652,cust100096,feature_phone,1.5.3,FALSE,16:56.3
dev200653,cust105430,ios,3.5.15,FALSE,55:59.5
dev200654,cust109661,ios,1.2.10,FALSE,03:50.2
dev200655,cust109812,feature_phone,1.7.18,FALSE,23:28.8
dev200656,cust104458,android,1.1.9,FALSE,27:46.9
dev200657,cust101200,tablet,1.1.9,FALSE,23:20.0
dev200658,cust103097,tablet,1.4.13,FALSE,46:44.2
dev200659,cust106166,ios,1.3.1,FALSE,49:45.8
dev200660,cust104703,ios,3.9.7,FALSE,34:30.1
dev200661,cust101696,android,2.2.4,TRUE,29:30.9
dev200662,cust104580,feature_phone,4.6.4,FALSE,31:57.2
dev200663,cust100023,android,2.2.15,FALSE,54:13.0
dev200664,cust107626,android,2.0.16,FALSE,28:40.6
dev200665,cust102947,ios,3.7.6,FALSE,28:38.7
dev200666,cust109893,tablet,2.2.20,FALSE,01:49.9
dev200667,cust100903,tablet,4.6.3,FALSE,34:04.6
dev200668,cust108427,android,1.7.5,FALSE,52:35.5
dev200669,cust102051,feature_phone,3.0.18,FALSE,02:58.7
dev200670,cust107349,tablet,4.8.15,FALSE,47:43.6
dev200671,cust108488,feature_phone,1.6.18,FALSE,21:28.5
dev200672,cust109963,tablet,4.8.6,FALSE,14:41.2
dev200673,cust105678,feature_phone,2.2.16,FALSE,48:31.9
dev200674,cust103292,feature_phone,1.2.4,FALSE,07:37.6
dev200675,cust100692,android,2.9.14,FALSE,41:39.6
dev200676,cust102971,ios,4.4.12,FALSE,31:05.8
dev200677,cust100783,android,1.6.20,FALSE,46:05.1
dev200678,cust103865,feature_phone,1.1.4,FALSE,02:19.1
dev200679,cust103303,tablet,2.5.8,FALSE,43:44.3
dev200680,cust104915,ios,1.7.0,FALSE,09:05.8
dev200681,cust105762,feature_phone,3.4.16,FALSE,01:21.7
dev200682,cust107989,feature_phone,2.5.15,FALSE,06:02.9
dev200683,cust106257,ios,4.7.20,FALSE,28:17.2
dev200684,cust108095,tablet,2.4.9,FALSE,46:28.2
dev200685,cust101648,feature_phone,1.8.17,FALSE,56:53.5
dev200686,cust106094,feature_phone,2.5.13,FALSE,49:49.8
dev200687,cust101822,ios,4.1.3,FALSE,51:20.7
dev200688,cust108019,feature_phone,3.3.20,FALSE,23:37.5
dev200689,cust107347,tablet,3.1.12,FALSE,06:34.5
dev200690,cust107922,ios,1.9.6,FALSE,06:39.9
dev200691,cust105678,android,4.1.5,FALSE,53:43.6
dev200692,cust103067,tablet,4.1.15,FALSE,52:31.6
dev200693,cust105996,feature_phone,4.0.15,FALSE,48:36.4
dev200694,cust102913,feature_phone,2.9.9,FALSE,53:58.0
dev200695,cust107321,tablet,3.6.3,FALSE,13:09.0
dev200696,cust102819,ios,2.1.11,FALSE,45:57.1
dev200697,cust104950,tablet,4.1.4,FALSE,34:45.0
dev200698,cust103626,android,4.8.15,FALSE,44:00.0
dev200699,cust107465,tablet,2.3.17,FALSE,05:41.4
dev200700,cust100479,tablet,2.1.8,FALSE,31:23.6
dev200701,cust101428,feature_phone,2.5.16,FALSE,05:11.6
dev200702,cust104553,tablet,3.0.16,FALSE,12:31.8
dev200703,cust108937,feature_phone,4.3.6,FALSE,37:28.3
dev200704,cust102371,android,2.7.7,FALSE,57:44.9
dev200705,cust108443,ios,4.7.17,FALSE,05:55.4
dev200706,cust109419,ios,2.2.8,FALSE,08:01.5
dev200707,cust106597,tablet,3.5.0,FALSE,52:33.9
dev200708,cust103441,ios,2.3.15,FALSE,39:54.7
dev200709,cust109418,android,2.2.8,FALSE,21:16.2
dev200710,cust106964,tablet,2.7.11,FALSE,28:12.7
dev200711,cust105972,android,3.0.12,FALSE,36:05.2
dev200712,cust108679,android,2.8.17,FALSE,33:30.4
dev200713,cust100151,ios,3.9.11,FALSE,20:16.7
dev200714,cust102872,ios,2.5.13,FALSE,39:23.4
dev200715,cust103213,ios,4.4.6,FALSE,46:37.5
dev200716,cust105004,tablet,1.7.13,FALSE,48:45.5
dev200717,cust107252,ios,2.1.17,FALSE,54:08.3
dev200718,cust108190,feature_phone,4.9.5,TRUE,09:16.4
dev200719,cust105877,tablet,4.7.4,FALSE,55:53.8
dev200720,cust106940,android,3.2.8,FALSE,29:32.3
dev200721,cust106408,ios,3.5.2,FALSE,39:04.5
dev200722,cust101704,tablet,4.0.19,FALSE,10:41.5
dev200723,cust101378,android,3.7.6,FALSE,52:41.5
dev200724,cust101025,feature_phone,2.0.11,FALSE,52:27.7
dev200725,cust105972,feature_phone,2.2.14,FALSE,45:12.1
dev200726,cust107325,android,2.0.5,FALSE,16:33.6
dev200727,cust108037,ios,3.0.12,FALSE,47:42.5
dev200728,cust104366,tablet,3.1.16,FALSE,49:54.5
dev200729,cust101326,tablet,2.9.8,TRUE,46:28.8
dev200730,cust104787,android,2.3.20,FALSE,28:04.2
dev200731,cust108443,feature_phone,1.1.20,FALSE,35:10.9
dev200732,cust105571,android,2.2.13,FALSE,33:22.6
dev200733,cust104650,android,3.2.19,FALSE,41:48.0
dev200734,cust104054,feature_phone,2.9.15,FALSE,19:21.9
dev200735,cust109313,ios,3.6.6,FALSE,38:52.2
dev200736,cust108733,tablet,1.0.5,FALSE,40:32.6
dev200737,cust100017,ios,4.6.20,FALSE,08:20.8
dev200738,cust101715,tablet,3.1.14,FALSE,48:03.1
dev200739,cust107732,tablet,3.5.12,FALSE,08:05.1
dev200740,cust106416,android,3.0.7,FALSE,52:13.7
dev200741,cust106025,feature_phone,4.7.2,FALSE,21:40.9
dev200742,cust106623,android,3.1.8,FALSE,22:09.7
dev200743,cust100572,ios,4.0.4,FALSE,09:04.4
dev200744,cust109297,tablet,1.3.12,FALSE,50:22.9
dev200745,cust102408,feature_phone,3.9.4,FALSE,48:16.6
dev200746,cust104497,tablet,4.1.1,FALSE,45:01.6
dev200747,cust104466,feature_phone,4.7.10,FALSE,20:35.1
dev200748,cust100948,feature_phone,3.0.4,FALSE,33:23.6
dev200749,cust109313,android,2.8.12,FALSE,55:52.5
dev200750,cust101473,feature_phone,2.9.16,FALSE,23:32.0
dev200751,cust109923,ios,2.7.1,FALSE,33:18.7
dev200752,cust100840,tablet,2.3.0,FALSE,08:13.0
dev200753,cust108714,feature_phone,1.9.12,FALSE,08:15.2
dev200754,cust102812,tablet,2.2.5,FALSE,38:47.6
dev200755,cust105364,feature_phone,4.6.9,FALSE,32:20.2
dev200756,cust103036,feature_phone,2.6.5,FALSE,15:28.0
dev200757,cust108084,feature_phone,3.1.17,FALSE,30:29.3
dev200758,cust102771,ios,4.4.1,FALSE,13:08.5
dev200759,cust103302,android,1.0.5,FALSE,45:58.3
dev200760,cust108494,tablet,2.4.12,FALSE,03:35.9
dev200761,cust100204,ios,4.5.0,TRUE,01:20.4
dev200762,cust102528,feature_phone,2.6.13,FALSE,38:34.9
dev200763,cust100821,android,4.4.16,FALSE,53:55.9
dev200764,cust101686,feature_phone,4.1.15,FALSE,00:03.1
dev200765,cust109836,android,1.1.8,FALSE,40:04.4
dev200766,cust107260,android,1.0.13,FALSE,46:37.7
dev200767,cust109272,tablet,1.1.14,FALSE,48:34.4
dev200768,cust102653,tablet,3.0.1,FALSE,08:44.4
dev200769,cust103396,ios,3.0.3,FALSE,17:55.8
dev200770,cust108672,feature_phone,2.3.6,FALSE,04:35.9
dev200771,cust106031,tablet,4.1.2,FALSE,53:13.3
dev200772,cust103515,feature_phone,2.0.4,FALSE,48:53.7
dev200773,cust102488,feature_phone,4.5.3,FALSE,56:26.4
dev200774,cust103721,android,3.1.9,FALSE,42:13.5
dev200775,cust107697,ios,3.0.0,FALSE,50:10.0
dev200776,cust101071,ios,2.7.2,FALSE,10:15.5
dev200777,cust107915,ios,3.6.10,FALSE,51:31.6
dev200778,cust109522,tablet,1.9.4,FALSE,28:32.3
dev200779,cust107132,android,4.2.0,FALSE,10:43.1
dev200780,cust108415,ios,1.1.11,FALSE,56:53.2
dev200781,cust107780,android,3.2.8,FALSE,16:32.0
dev200782,cust104245,feature_phone,4.1.16,FALSE,31:24.6
dev200783,cust107771,ios,4.6.17,FALSE,04:38.5
dev200784,cust107022,feature_phone,2.2.0,FALSE,37:03.1
dev200785,cust107457,tablet,4.4.19,FALSE,18:42.3
dev200786,cust108106,tablet,3.6.5,FALSE,48:55.7
dev200787,cust104389,feature_phone,4.7.20,FALSE,19:19.8
dev200788,cust104683,feature_phone,3.1.6,FALSE,21:11.4
dev200789,cust102687,feature_phone,2.4.11,FALSE,36:03.3
dev200790,cust103745,feature_phone,1.9.8,TRUE,21:20.7
dev200791,cust103233,tablet,4.4.18,FALSE,45:09.4
dev200792,cust103435,tablet,1.4.6,FALSE,28:06.5
dev200793,cust101936,tablet,4.5.15,FALSE,15:39.2
dev200794,cust103437,feature_phone,2.2.15,FALSE,58:23.9
dev200795,cust104578,ios,1.0.20,FALSE,15:07.2
dev200796,cust105932,ios,3.4.2,FALSE,08:56.2
dev200797,cust108657,feature_phone,2.4.18,TRUE,56:16.2
dev200798,cust108211,tablet,2.9.6,FALSE,32:20.1
dev200799,cust108768,feature_phone,4.5.4,FALSE,06:22.6
dev200800,cust109120,feature_phone,4.9.6,FALSE,55:54.6
dev200801,cust101213,android,2.2.17,FALSE,19:04.2
dev200802,cust103390,ios,2.8.18,FALSE,24:48.9
dev200803,cust100460,feature_phone,1.1.7,FALSE,57:51.3
dev200804,cust104974,feature_phone,2.3.9,FALSE,58:01.3
dev200805,cust105429,feature_phone,4.8.14,FALSE,02:31.0
dev200806,cust109485,ios,1.8.11,FALSE,18:35.0
dev200807,cust102375,android,1.3.7,FALSE,29:47.4
dev200808,cust106591,android,2.8.19,FALSE,01:53.7
dev200809,cust105184,android,4.2.19,FALSE,25:30.8
dev200810,cust102263,feature_phone,4.5.10,FALSE,24:06.3
dev200811,cust107666,ios,3.7.8,FALSE,27:48.8
dev200812,cust107301,feature_phone,1.8.13,FALSE,52:12.9
dev200813,cust102820,ios,4.2.18,FALSE,12:45.2
dev200814,cust105670,ios,4.9.8,FALSE,22:41.2
dev200815,cust102744,feature_phone,1.5.10,FALSE,30:51.0
dev200816,cust101756,tablet,2.6.2,FALSE,01:54.6
dev200817,cust107947,tablet,3.8.2,FALSE,07:48.8
dev200818,cust101969,ios,4.3.4,FALSE,37:15.7
dev200819,cust105151,android,3.9.5,FALSE,46:02.4
dev200820,cust107554,tablet,1.6.15,FALSE,27:08.9
dev200821,cust108576,android,4.7.19,FALSE,08:36.0
dev200822,cust100913,feature_phone,1.3.6,FALSE,20:31.4
dev200823,cust100802,android,3.7.10,FALSE,23:25.8
dev200824,cust105777,android,3.2.10,FALSE,55:44.7
dev200825,cust101350,tablet,3.9.5,FALSE,46:18.0
dev200826,cust101003,ios,3.5.5,FALSE,29:38.9
dev200827,cust101801,android,1.4.2,FALSE,55:17.1
dev200828,cust102027,feature_phone,4.7.18,FALSE,30:42.1
dev200829,cust109037,android,3.3.10,FALSE,20:18.8
dev200830,cust103405,tablet,3.8.3,FALSE,39:52.8
dev200831,cust101159,ios,2.1.10,FALSE,30:29.1
dev200832,cust100858,tablet,4.7.8,FALSE,02:18.3
dev200833,cust105895,android,4.1.16,FALSE,41:28.8
dev200834,cust109658,tablet,3.2.13,FALSE,46:19.3
dev200835,cust100705,ios,1.8.11,FALSE,34:33.3
dev200836,cust107539,ios,2.2.0,FALSE,29:45.0
dev200837,cust102305,feature_phone,3.7.17,FALSE,32:03.0
dev200838,cust104726,tablet,1.4.2,FALSE,12:57.9
dev200839,cust101684,android,2.9.17,FALSE,40:08.3
dev200840,cust106151,android,1.9.5,FALSE,47:16.7
dev200841,cust101279,feature_phone,4.7.10,FALSE,30:12.9
dev200842,cust108975,android,2.1.18,FALSE,12:02.3
dev200843,cust102317,android,2.9.10,FALSE,45:45.0
dev200844,cust106864,feature_phone,2.5.4,FALSE,16:49.4
dev200845,cust103933,android,3.4.8,FALSE,09:49.6
dev200846,cust109150,android,1.3.4,FALSE,05:21.2
dev200847,cust104798,tablet,2.0.20,FALSE,51:44.6
dev200848,cust109885,tablet,2.9.14,FALSE,49:04.3
dev200849,cust103082,ios,4.1.16,FALSE,57:50.0
dev200850,cust106773,tablet,4.8.18,FALSE,30:29.4
dev200851,cust103420,android,1.0.18,FALSE,15:22.6
dev200852,cust104803,ios,3.2.19,FALSE,53:50.7
dev200853,cust104811,ios,4.6.9,FALSE,31:45.1
dev200854,cust101893,feature_phone,3.3.18,FALSE,26:30.7
dev200855,cust108827,android,3.0.11,FALSE,59:56.1
dev200856,cust106186,tablet,2.6.1,FALSE,02:18.9
dev200857,cust107665,tablet,4.8.17,FALSE,52:56.9
dev200858,cust109502,android,3.9.15,FALSE,07:22.4
dev200859,cust101738,ios,4.2.5,FALSE,22:30.6
dev200860,cust109875,feature_phone,3.4.12,FALSE,51:18.8
dev200861,cust108239,ios,4.5.7,FALSE,22:37.2
dev200862,cust107948,feature_phone,4.4.11,FALSE,41:59.0
dev200863,cust106050,tablet,3.1.10,FALSE,32:25.0
dev200864,cust103626,ios,4.9.2,FALSE,10:21.7
dev200865,cust108551,tablet,3.9.7,FALSE,58:31.7
dev200866,cust103906,ios,1.5.15,FALSE,57:19.8
dev200867,cust105596,tablet,2.7.2,FALSE,21:24.0
dev200868,cust102255,feature_phone,1.6.2,FALSE,12:14.7
dev200869,cust104129,feature_phone,4.1.5,FALSE,21:39.9
dev200870,cust108563,ios,1.9.3,FALSE,56:07.5
dev200871,cust103659,android,4.0.4,FALSE,07:11.2
dev200872,cust105590,feature_phone,2.3.15,FALSE,24:58.3
dev200873,cust107958,android,3.4.2,FALSE,13:36.0
dev200874,cust105644,ios,1.2.4,FALSE,27:30.7
dev200875,cust102483,android,3.4.13,TRUE,20:33.9
dev200876,cust109458,android,3.1.15,FALSE,35:24.4
dev200877,cust100725,android,1.8.6,FALSE,37:18.1
dev200878,cust108368,tablet,2.1.10,FALSE,46:20.6
dev200879,cust102866,ios,4.6.15,FALSE,54:51.4
dev200880,cust104479,ios,2.0.12,FALSE,04:19.1
dev200881,cust105826,ios,1.2.4,FALSE,07:59.7
dev200882,cust103192,ios,3.8.16,FALSE,23:49.7
dev200883,cust109831,tablet,1.4.17,FALSE,49:19.4
dev200884,cust102473,ios,2.1.18,FALSE,55:54.1
dev200885,cust101727,ios,4.8.4,FALSE,21:44.2
dev200886,cust105408,feature_phone,1.5.14,FALSE,20:57.8
dev200887,cust103895,feature_phone,4.1.10,FALSE,36:52.7
dev200888,cust106389,ios,4.0.1,FALSE,29:21.5
dev200889,cust104623,android,4.4.11,FALSE,43:38.6
dev200890,cust109056,tablet,2.2.20,FALSE,55:38.0
dev200891,cust101032,android,1.6.3,FALSE,55:01.2
dev200892,cust100795,ios,4.4.0,FALSE,07:06.0
dev200893,cust104591,feature_phone,3.7.17,FALSE,38:45.6
dev200894,cust103379,android,3.0.19,FALSE,58:39.3
dev200895,cust105586,feature_phone,2.4.4,FALSE,33:49.0
dev200896,cust108491,ios,2.4.14,TRUE,08:02.6
dev200897,cust101927,tablet,4.7.0,FALSE,06:15.3
dev200898,cust101353,feature_phone,2.8.18,FALSE,57:08.8
dev200899,cust107956,ios,2.4.14,FALSE,37:06.2
dev200900,cust103755,android,1.7.18,FALSE,03:12.8
dev200901,cust102709,tablet,4.4.5,FALSE,25:54.6
dev200902,cust103114,tablet,2.8.11,FALSE,53:39.7
dev200903,cust107150,ios,2.4.7,FALSE,22:38.6
dev200904,cust108573,feature_phone,1.2.1,FALSE,32:19.5
dev200905,cust108415,ios,3.1.15,FALSE,23:54.9
dev200906,cust101625,tablet,4.3.5,FALSE,13:45.4
dev200907,cust103619,ios,4.2.6,FALSE,44:51.4
dev200908,cust104723,feature_phone,3.8.20,FALSE,47:39.8
dev200909,cust109506,ios,2.8.0,FALSE,04:45.2
dev200910,cust108961,android,2.6.1,FALSE,11:54.3
dev200911,cust109558,feature_phone,4.6.14,FALSE,39:29.8
dev200912,cust106499,android,2.6.15,FALSE,04:00.0
dev200913,cust101385,tablet,4.5.9,FALSE,09:37.6
dev200914,cust106488,ios,2.2.10,FALSE,47:09.5
dev200915,cust105843,ios,1.3.14,FALSE,53:10.3
dev200916,cust104807,android,1.6.19,FALSE,21:12.4
dev200917,cust100668,ios,3.3.15,FALSE,11:33.8
dev200918,cust101009,tablet,3.8.12,FALSE,07:49.4
dev200919,cust109502,ios,2.0.2,FALSE,10:56.8
dev200920,cust107011,feature_phone,3.5.11,FALSE,45:06.1
dev200921,cust106754,tablet,3.5.9,FALSE,02:21.8
dev200922,cust102402,feature_phone,4.4.18,FALSE,50:59.6
dev200923,cust104721,android,3.6.5,FALSE,52:13.3
dev200924,cust107950,tablet,1.0.12,FALSE,20:42.7
dev200925,cust107776,tablet,3.3.20,FALSE,47:55.8
dev200926,cust102721,ios,4.4.12,FALSE,52:50.6
dev200927,cust101081,feature_phone,4.0.16,FALSE,25:44.5
dev200928,cust106467,android,2.6.18,FALSE,57:24.7
dev200929,cust103676,ios,2.1.12,FALSE,32:56.0
dev200930,cust109838,tablet,1.4.18,FALSE,39:47.4
dev200931,cust101319,tablet,4.7.9,FALSE,42:58.4
dev200932,cust108061,feature_phone,2.1.0,FALSE,39:15.4
dev200933,cust109761,android,1.4.17,FALSE,26:43.7
dev200934,cust105752,android,4.2.12,FALSE,36:04.1
dev200935,cust109252,android,3.2.14,FALSE,17:26.3
dev200936,cust105818,android,4.1.6,FALSE,43:27.6
dev200937,cust109029,feature_phone,1.8.20,FALSE,53:39.5
dev200938,cust102316,feature_phone,2.8.12,FALSE,50:23.8
dev200939,cust102643,feature_phone,1.6.17,FALSE,43:03.4
dev200940,cust105748,android,1.9.17,TRUE,03:07.5
dev200941,cust105650,ios,4.0.9,FALSE,08:29.2
dev200942,cust101597,feature_phone,1.4.6,FALSE,51:32.7
dev200943,cust101732,feature_phone,3.4.4,FALSE,21:45.9
dev200944,cust100039,tablet,2.3.9,FALSE,06:45.7
dev200945,cust101118,android,4.8.3,FALSE,19:35.2
dev200946,cust107485,feature_phone,2.4.10,FALSE,11:09.0
dev200947,cust102774,ios,2.2.9,FALSE,29:29.5
dev200948,cust102141,android,3.6.16,FALSE,57:13.9
dev200949,cust107994,tablet,4.1.20,FALSE,59:45.2
dev200950,cust102977,feature_phone,2.1.7,FALSE,56:59.4
dev200951,cust101162,ios,1.2.14,FALSE,21:47.4
dev200952,cust107178,tablet,3.8.9,FALSE,10:08.8
dev200953,cust100641,feature_phone,2.5.5,FALSE,37:11.6
dev200954,cust100825,android,3.3.4,FALSE,36:54.5
dev200955,cust108905,feature_phone,4.7.9,FALSE,09:49.0
dev200956,cust105886,android,2.0.15,FALSE,53:10.6
dev200957,cust102829,tablet,1.0.7,FALSE,46:25.4
dev200958,cust100323,android,3.9.15,FALSE,45:39.5
dev200959,cust106602,feature_phone,2.5.4,FALSE,15:50.8
dev200960,cust100697,feature_phone,1.0.0,FALSE,37:16.1
dev200961,cust101731,feature_phone,3.8.1,FALSE,16:27.6
dev200962,cust106159,ios,3.8.11,FALSE,02:02.9
dev200963,cust105968,android,1.5.8,FALSE,50:01.0
dev200964,cust101300,feature_phone,2.0.3,TRUE,36:55.0
dev200965,cust101094,ios,4.7.20,FALSE,55:39.9
dev200966,cust109429,feature_phone,3.5.18,TRUE,23:19.7
dev200967,cust108696,tablet,3.4.18,FALSE,32:08.5
dev200968,cust109252,tablet,2.1.4,FALSE,58:33.2
dev200969,cust106903,tablet,1.5.1,FALSE,07:03.2
dev200970,cust100838,feature_phone,4.8.19,FALSE,07:24.2
dev200971,cust105287,ios,1.7.19,FALSE,19:26.9
dev200972,cust100653,feature_phone,2.3.8,FALSE,43:45.3
dev200973,cust100730,tablet,4.3.15,FALSE,44:33.0
dev200974,cust108973,ios,4.4.4,FALSE,21:23.9
dev200975,cust108741,tablet,4.9.12,FALSE,52:41.7
dev200976,cust103371,ios,3.1.10,FALSE,08:31.5
dev200977,cust109804,tablet,4.1.4,FALSE,33:40.4
dev200978,cust101172,android,1.3.15,FALSE,29:43.1
dev200979,cust101261,android,4.4.17,FALSE,29:12.4
dev200980,cust100683,feature_phone,2.9.0,FALSE,07:36.2
dev200981,cust101725,android,2.7.19,FALSE,57:26.1
dev200982,cust106923,android,2.7.14,FALSE,04:14.2
dev200983,cust102662,tablet,2.6.17,TRUE,01:19.6
dev200984,cust107041,feature_phone,3.8.9,FALSE,22:58.7
dev200985,cust108077,feature_phone,1.6.14,FALSE,48:13.8
dev200986,cust105946,ios,1.6.14,FALSE,03:46.0
dev200987,cust108626,ios,1.7.1,FALSE,55:35.3
dev200988,cust104871,android,4.3.1,FALSE,56:33.4
dev200989,cust104291,android,1.6.1,FALSE,16:47.9
dev200990,cust107650,tablet,4.2.15,FALSE,05:51.7
dev200991,cust106063,ios,1.2.17,FALSE,35:47.5
dev200992,cust107690,feature_phone,1.4.13,FALSE,00:48.4
dev200993,cust106184,tablet,4.8.11,FALSE,21:06.2
dev200994,cust100285,tablet,1.7.20,FALSE,55:21.1
dev200995,cust105828,tablet,2.6.9,FALSE,39:56.6
dev200996,cust102926,android,3.8.8,FALSE,44:32.1
dev200997,cust104144,android,3.1.18,FALSE,49:14.2
dev200998,cust105989,android,2.4.0,FALSE,14:43.1
dev200999,cust103297,android,2.6.9,FALSE,10:28.3
dev201000,cust107699,ios,1.4.10,FALSE,10:20.6
dev201001,cust100402,tablet,4.4.13,FALSE,26:22.5
dev201002,cust105001,android,4.3.16,FALSE,55:55.4
dev201003,cust106450,tablet,2.1.5,FALSE,40:37.1
dev201004,cust107973,tablet,2.1.13,FALSE,52:34.6
dev201005,cust100589,ios,1.5.2,FALSE,28:34.5
dev201006,cust100784,feature_phone,2.8.0,FALSE,57:12.5
dev201007,cust105902,ios,3.4.12,FALSE,20:25.8
dev201008,cust103931,android,4.1.20,FALSE,59:17.9
dev201009,cust104667,feature_phone,3.1.8,FALSE,34:17.9
dev201010,cust100111,android,3.9.0,FALSE,10:16.3
dev201011,cust100112,tablet,3.9.7,FALSE,08:34.3
dev201012,cust106145,tablet,1.0.20,FALSE,28:19.6
dev201013,cust103141,feature_phone,2.5.18,FALSE,29:57.9
dev201014,cust100774,feature_phone,1.8.15,FALSE,00:49.0
dev201015,cust104244,tablet,2.6.12,FALSE,23:46.4
dev201016,cust104896,ios,3.0.13,FALSE,42:20.8
dev201017,cust109392,tablet,3.6.16,FALSE,24:44.3
dev201018,cust109584,ios,4.2.10,FALSE,16:11.6
dev201019,cust109988,android,4.0.15,FALSE,14:36.4
dev201020,cust101282,ios,1.3.16,FALSE,08:00.7
dev201021,cust109091,tablet,3.6.18,FALSE,02:47.6
dev201022,cust101748,feature_phone,2.6.15,FALSE,25:36.8
dev201023,cust108896,android,1.7.17,FALSE,29:31.9
dev201024,cust103164,tablet,2.6.1,FALSE,28:03.3
dev201025,cust106119,android,3.3.18,FALSE,41:23.9
dev201026,cust102133,android,3.0.1,FALSE,09:26.9
dev201027,cust107967,feature_phone,1.1.3,FALSE,24:23.7
dev201028,cust100693,android,4.3.15,FALSE,22:15.8
dev201029,cust104425,feature_phone,4.2.1,FALSE,17:26.9
dev201030,cust101294,ios,3.3.2,FALSE,44:34.3
dev201031,cust103966,ios,4.5.3,FALSE,11:52.1
dev201032,cust106296,feature_phone,1.5.13,FALSE,42:39.6
dev201033,cust108048,android,4.1.16,FALSE,32:12.5
dev201034,cust107535,tablet,2.6.10,FALSE,59:12.2
dev201035,cust109267,android,2.3.3,FALSE,59:10.9
dev201036,cust104865,android,1.7.14,FALSE,05:17.8
dev201037,cust103394,feature_phone,1.2.0,FALSE,03:18.1
dev201038,cust103569,feature_phone,2.8.2,FALSE,44:21.4
dev201039,cust108375,android,4.2.9,FALSE,29:39.2
dev201040,cust100302,tablet,1.9.3,FALSE,04:36.8
dev201041,cust107866,ios,4.4.9,FALSE,37:52.8
dev201042,cust106110,feature_phone,1.2.11,FALSE,35:29.1
dev201043,cust105908,tablet,2.7.16,FALSE,26:46.8
dev201044,cust100436,feature_phone,2.6.17,FALSE,08:01.4
dev201045,cust109025,tablet,1.8.18,FALSE,09:52.1
dev201046,cust103712,feature_phone,4.2.16,FALSE,55:46.0
dev201047,cust103971,ios,4.4.14,FALSE,17:07.1
dev201048,cust109183,android,2.9.20,FALSE,31:05.0
dev201049,cust108407,feature_phone,4.3.17,FALSE,30:57.0
dev201050,cust108170,feature_phone,4.1.5,FALSE,49:29.3
dev201051,cust109764,feature_phone,3.4.15,FALSE,48:57.4
dev201052,cust100364,ios,2.4.4,FALSE,45:39.0
dev201053,cust107354,ios,2.6.20,FALSE,46:52.2
dev201054,cust105209,android,1.4.0,FALSE,53:53.8
dev201055,cust103260,tablet,3.7.1,FALSE,23:54.3
dev201056,cust107278,feature_phone,1.6.16,FALSE,52:49.7
dev201057,cust107919,ios,1.2.13,FALSE,34:38.6
dev201058,cust101173,android,1.1.16,FALSE,42:10.2
dev201059,cust103039,tablet,3.4.12,FALSE,10:08.9
dev201060,cust109041,feature_phone,1.2.0,FALSE,55:02.1
dev201061,cust104784,android,1.6.1,FALSE,32:40.1
dev201062,cust100572,ios,2.4.11,FALSE,38:58.5
dev201063,cust102565,ios,3.4.10,FALSE,57:23.3
dev201064,cust106764,ios,1.8.10,FALSE,34:40.7
dev201065,cust105949,ios,4.9.19,FALSE,03:39.1
dev201066,cust104837,android,1.0.13,FALSE,42:53.8
dev201067,cust109263,ios,1.4.3,FALSE,20:32.1
dev201068,cust104053,ios,1.8.16,FALSE,15:52.3
dev201069,cust104159,ios,3.2.10,FALSE,02:21.2
dev201070,cust109743,ios,4.2.18,FALSE,52:59.8
dev201071,cust101052,tablet,2.0.14,FALSE,17:38.2
dev201072,cust100377,tablet,1.6.7,FALSE,00:13.0
dev201073,cust108800,tablet,4.4.18,FALSE,48:31.7
dev201074,cust102342,tablet,1.4.1,FALSE,00:16.3
dev201075,cust108088,ios,1.5.12,FALSE,47:25.0
dev201076,cust105416,tablet,4.2.8,FALSE,21:06.2
dev201077,cust101441,android,2.4.20,FALSE,20:43.8
dev201078,cust107892,tablet,1.1.9,FALSE,17:40.9
dev201079,cust103399,feature_phone,2.0.18,FALSE,03:29.7
dev201080,cust100787,android,3.0.11,FALSE,27:20.0
dev201081,cust107825,ios,4.0.18,FALSE,57:40.0
dev201082,cust105126,ios,2.1.17,FALSE,33:19.5
dev201083,cust104909,feature_phone,1.7.5,FALSE,01:28.5
dev201084,cust104846,feature_phone,3.9.6,FALSE,28:55.9
dev201085,cust101073,android,1.4.17,FALSE,44:40.1
dev201086,cust109408,ios,4.1.10,FALSE,30:21.8
dev201087,cust107549,tablet,3.3.9,FALSE,00:15.4
dev201088,cust104920,feature_phone,1.9.17,FALSE,39:36.1
dev201089,cust107545,ios,1.1.17,FALSE,49:15.2
dev201090,cust102741,android,2.8.20,FALSE,14:43.6
dev201091,cust105677,tablet,3.3.2,FALSE,56:29.6
dev201092,cust104305,android,1.2.9,FALSE,45:08.7
dev201093,cust108659,tablet,2.0.8,FALSE,41:51.7
dev201094,cust106353,ios,2.7.0,FALSE,20:10.7
dev201095,cust103376,tablet,2.9.10,FALSE,32:32.8
dev201096,cust107795,ios,4.8.8,FALSE,18:30.5
dev201097,cust103978,android,4.4.4,FALSE,53:40.3
dev201098,cust105894,android,2.8.13,FALSE,30:35.9
dev201099,cust103331,feature_phone,2.2.12,FALSE,30:57.6
dev201100,cust107107,android,3.8.19,FALSE,01:29.3
dev201101,cust106635,android,2.1.4,FALSE,56:54.5
dev201102,cust103222,feature_phone,4.9.6,FALSE,46:35.6
dev201103,cust106045,ios,1.7.19,FALSE,29:45.3
dev201104,cust106670,tablet,1.7.7,FALSE,44:23.9
dev201105,cust106492,ios,4.7.17,FALSE,31:12.0
dev201106,cust109894,ios,1.7.9,FALSE,47:25.5
dev201107,cust106645,android,3.8.19,FALSE,52:57.4
dev201108,cust105291,feature_phone,1.1.20,FALSE,56:25.7
dev201109,cust101776,android,2.2.19,FALSE,50:19.8
dev201110,cust104894,android,3.3.1,FALSE,25:01.2
dev201111,cust101719,ios,2.4.1,FALSE,26:10.5
dev201112,cust100442,android,1.1.6,FALSE,55:21.7
dev201113,cust100797,tablet,1.7.7,FALSE,59:54.9
dev201114,cust100744,feature_phone,2.8.17,FALSE,30:01.6
dev201115,cust107906,android,4.7.0,FALSE,44:01.5
dev201116,cust108618,feature_phone,4.4.18,FALSE,15:30.2
dev201117,cust100006,ios,3.1.3,FALSE,34:19.4
dev201118,cust103487,tablet,3.0.14,TRUE,38:27.8
dev201119,cust109620,tablet,2.8.15,FALSE,48:14.2
dev201120,cust105615,feature_phone,4.3.2,FALSE,51:15.9
dev201121,cust108506,ios,2.3.14,FALSE,36:10.5
dev201122,cust107096,tablet,2.9.4,FALSE,38:25.9
dev201123,cust103140,feature_phone,4.6.12,FALSE,51:05.6
dev201124,cust100895,feature_phone,2.0.9,FALSE,30:45.1
dev201125,cust104200,android,1.1.15,FALSE,04:26.7
dev201126,cust101103,feature_phone,4.1.10,FALSE,30:28.5
dev201127,cust109833,ios,4.6.18,FALSE,54:58.5
dev201128,cust108299,feature_phone,2.3.1,FALSE,54:06.6
dev201129,cust100103,feature_phone,3.3.11,FALSE,01:29.2
dev201130,cust103267,android,1.5.4,FALSE,56:09.1
dev201131,cust101308,feature_phone,3.8.8,FALSE,32:11.0
dev201132,cust107986,feature_phone,2.1.4,FALSE,56:11.4
dev201133,cust106290,tablet,1.7.0,FALSE,04:57.0
dev201134,cust104540,feature_phone,1.0.17,FALSE,39:26.1
dev201135,cust107846,android,2.2.2,FALSE,29:21.5
dev201136,cust109221,ios,1.0.10,FALSE,08:49.5
dev201137,cust106683,ios,4.3.9,FALSE,18:38.0
dev201138,cust104133,ios,1.6.4,FALSE,04:55.0
dev201139,cust102601,feature_phone,1.1.17,FALSE,04:17.4
dev201140,cust106209,ios,1.8.12,FALSE,19:20.5
dev201141,cust102510,feature_phone,1.2.4,FALSE,12:47.6
dev201142,cust106749,feature_phone,4.8.16,FALSE,20:33.7
dev201143,cust100909,feature_phone,2.5.20,FALSE,46:55.6
dev201144,cust102530,feature_phone,3.8.14,FALSE,32:45.5
dev201145,cust101401,android,4.5.12,FALSE,09:56.1
dev201146,cust105585,ios,3.0.9,FALSE,07:10.1
dev201147,cust109734,android,4.4.3,FALSE,43:25.1
dev201148,cust109192,android,4.9.12,FALSE,04:59.3
dev201149,cust103052,feature_phone,1.4.18,FALSE,44:49.9
dev201150,cust100827,feature_phone,3.7.4,FALSE,05:14.7
dev201151,cust104486,android,3.7.2,FALSE,37:13.3
dev201152,cust103049,feature_phone,4.3.11,FALSE,42:19.7
dev201153,cust103745,ios,4.7.20,FALSE,46:12.8
dev201154,cust101181,ios,3.6.9,FALSE,35:37.0
dev201155,cust104741,feature_phone,3.7.2,FALSE,57:42.9
dev201156,cust108083,feature_phone,1.6.9,FALSE,06:09.2
dev201157,cust101666,android,4.9.4,FALSE,36:11.8
dev201158,cust102621,android,4.1.4,FALSE,44:33.7
dev201159,cust109161,feature_phone,2.5.9,FALSE,51:46.1
dev201160,cust104594,ios,4.9.16,TRUE,13:20.8
dev201161,cust104608,ios,1.3.5,FALSE,45:12.2
dev201162,cust104127,tablet,4.6.10,FALSE,50:41.9
dev201163,cust104523,tablet,2.5.0,FALSE,27:30.0
dev201164,cust103174,android,2.5.10,FALSE,21:25.4
dev201165,cust106500,android,3.2.1,FALSE,16:24.1
dev201166,cust102567,feature_phone,2.3.11,FALSE,21:43.8
dev201167,cust101446,feature_phone,2.1.13,FALSE,16:20.6
dev201168,cust104858,tablet,4.4.6,FALSE,34:24.8
dev201169,cust105431,ios,1.3.15,FALSE,12:40.0
dev201170,cust109606,tablet,3.4.1,FALSE,27:22.4
dev201171,cust107825,tablet,3.1.8,FALSE,40:29.4
dev201172,cust101168,ios,4.3.8,FALSE,40:47.9
dev201173,cust102744,feature_phone,3.3.0,FALSE,41:31.3
dev201174,cust101745,feature_phone,1.9.12,FALSE,39:25.1
dev201175,cust104073,tablet,2.0.6,FALSE,39:09.4
dev201176,cust105884,tablet,4.5.15,FALSE,19:28.0
dev201177,cust102823,android,1.4.2,FALSE,29:35.5
dev201178,cust109156,tablet,2.1.8,FALSE,06:21.9
dev201179,cust109001,feature_phone,1.4.15,FALSE,50:05.7
dev201180,cust105457,ios,3.5.0,FALSE,10:40.1
dev201181,cust104080,android,3.7.18,FALSE,22:40.3
dev201182,cust105494,android,3.3.11,FALSE,27:52.6
dev201183,cust102768,feature_phone,4.3.11,FALSE,40:30.0
dev201184,cust102114,ios,2.8.12,FALSE,00:42.1
dev201185,cust107885,android,4.9.6,FALSE,49:35.4
dev201186,cust100509,android,4.4.6,FALSE,10:22.2
dev201187,cust107533,android,2.5.15,FALSE,34:50.8
dev201188,cust101341,tablet,3.8.8,FALSE,44:36.2
dev201189,cust107183,feature_phone,1.1.14,FALSE,01:53.4
dev201190,cust103801,ios,2.2.19,FALSE,02:35.4
dev201191,cust105483,feature_phone,2.1.17,FALSE,29:34.1
dev201192,cust100633,feature_phone,4.0.2,FALSE,58:51.0
dev201193,cust100230,ios,2.6.3,FALSE,08:44.9
dev201194,cust107977,feature_phone,3.2.4,FALSE,56:12.5
dev201195,cust107136,feature_phone,4.6.9,FALSE,19:21.7
dev201196,cust102511,tablet,3.6.20,FALSE,04:08.1
dev201197,cust101956,android,3.4.0,FALSE,01:43.3
dev201198,cust100375,tablet,1.8.19,FALSE,30:54.7
dev201199,cust106263,tablet,4.1.18,FALSE,43:31.7
dev201200,cust107345,android,4.2.5,FALSE,18:35.8
dev201201,cust109197,ios,2.9.20,FALSE,58:57.7
dev201202,cust108198,feature_phone,4.6.3,FALSE,37:14.9
dev201203,cust105400,ios,3.3.13,FALSE,02:36.1
dev201204,cust106449,tablet,4.6.12,FALSE,54:08.1
dev201205,cust107460,ios,2.9.3,FALSE,36:03.1
dev201206,cust101944,ios,2.5.7,FALSE,26:27.9
dev201207,cust104046,ios,1.8.8,FALSE,12:36.6
dev201208,cust109243,tablet,3.1.19,FALSE,21:40.0
dev201209,cust107100,tablet,4.2.13,FALSE,12:37.2
dev201210,cust109820,ios,1.7.10,FALSE,00:32.3
dev201211,cust107109,feature_phone,3.7.13,FALSE,19:55.5
dev201212,cust100307,feature_phone,1.4.20,FALSE,29:20.1
dev201213,cust103169,ios,2.4.3,FALSE,03:57.8
dev201214,cust106139,ios,2.1.1,FALSE,31:21.3
dev201215,cust101586,feature_phone,3.1.9,FALSE,25:22.7
dev201216,cust103805,feature_phone,4.0.18,FALSE,15:34.6
dev201217,cust102655,feature_phone,2.0.20,FALSE,07:42.5
dev201218,cust104214,feature_phone,3.8.9,FALSE,24:50.6
dev201219,cust101668,android,4.6.10,FALSE,44:39.0
dev201220,cust103253,android,2.8.12,FALSE,48:26.5
dev201221,cust101413,feature_phone,1.0.11,FALSE,06:36.1
dev201222,cust105527,ios,4.5.10,FALSE,36:40.8
dev201223,cust109886,android,1.6.1,FALSE,44:52.3
dev201224,cust100079,feature_phone,2.3.13,FALSE,32:22.6
dev201225,cust107820,ios,2.5.1,FALSE,23:38.5
dev201226,cust101777,tablet,3.2.18,FALSE,20:31.2
dev201227,cust101942,tablet,2.5.0,FALSE,22:03.3
dev201228,cust100078,tablet,2.0.7,FALSE,43:09.4
dev201229,cust103304,feature_phone,1.7.12,FALSE,07:39.5
dev201230,cust107883,feature_phone,3.7.4,FALSE,43:10.7
dev201231,cust103120,tablet,4.4.19,FALSE,29:56.5
dev201232,cust104666,tablet,4.4.13,FALSE,38:52.5
dev201233,cust104123,tablet,2.7.17,FALSE,44:26.6
dev201234,cust101928,tablet,1.2.19,FALSE,35:24.3
dev201235,cust104303,ios,2.1.8,FALSE,49:58.5
dev201236,cust107685,ios,3.5.5,FALSE,33:23.8
dev201237,cust100749,feature_phone,4.6.11,FALSE,50:46.1
dev201238,cust107247,android,2.0.10,FALSE,24:03.9
dev201239,cust101807,tablet,1.5.1,FALSE,51:51.6
dev201240,cust101850,ios,1.3.8,FALSE,02:18.9
dev201241,cust103687,feature_phone,3.6.13,FALSE,04:48.6
dev201242,cust103686,tablet,1.3.16,FALSE,26:49.9
dev201243,cust109481,android,3.6.12,FALSE,21:43.7
dev201244,cust101723,android,4.5.20,FALSE,50:13.5
dev201245,cust102005,ios,3.7.10,TRUE,54:03.3
dev201246,cust106019,android,3.4.9,FALSE,50:06.1
dev201247,cust103462,android,4.3.19,FALSE,06:29.7
dev201248,cust108026,ios,3.9.16,FALSE,50:24.1
dev201249,cust101798,android,2.8.12,FALSE,20:42.9
dev201250,cust107227,feature_phone,2.7.3,FALSE,11:47.8
dev201251,cust103204,tablet,1.2.9,FALSE,26:07.7
dev201252,cust106991,ios,1.4.16,FALSE,16:00.3
dev201253,cust102298,ios,2.9.3,FALSE,50:15.8
dev201254,cust108512,android,4.9.3,FALSE,34:03.0
dev201255,cust103822,android,4.4.12,FALSE,14:45.4
dev201256,cust107561,feature_phone,1.0.14,FALSE,47:57.0
dev201257,cust102855,ios,4.6.13,FALSE,38:18.6
dev201258,cust100971,android,3.4.4,FALSE,25:48.2
dev201259,cust104660,tablet,1.5.9,FALSE,06:29.4
dev201260,cust104953,android,1.5.16,FALSE,15:13.7
dev201261,cust108871,ios,3.3.18,FALSE,20:47.9
dev201262,cust109351,android,1.7.16,FALSE,05:01.5
dev201263,cust103862,ios,2.7.15,FALSE,38:44.9
dev201264,cust103356,feature_phone,3.6.20,FALSE,38:15.6
dev201265,cust101870,ios,3.8.19,FALSE,34:58.9
dev201266,cust104090,feature_phone,4.2.7,FALSE,49:52.7
dev201267,cust105229,ios,2.5.10,FALSE,33:17.9
dev201268,cust104325,feature_phone,3.2.4,FALSE,28:03.1
dev201269,cust106767,tablet,3.0.15,FALSE,18:08.7
dev201270,cust104441,android,2.2.0,FALSE,54:09.5
dev201271,cust109241,tablet,1.7.5,TRUE,12:06.4
dev201272,cust108462,android,2.7.13,FALSE,34:51.8
dev201273,cust105592,ios,3.3.13,FALSE,54:42.5
dev201274,cust104016,ios,3.2.15,FALSE,10:39.0
dev201275,cust104271,tablet,4.5.12,FALSE,22:50.0
dev201276,cust102923,tablet,2.6.20,FALSE,00:58.9
dev201277,cust102797,ios,3.2.20,FALSE,28:39.3
dev201278,cust109130,ios,3.9.8,FALSE,33:23.7
dev201279,cust103035,ios,3.4.5,FALSE,21:44.6
dev201280,cust109954,tablet,2.9.14,FALSE,20:28.7
dev201281,cust106421,tablet,4.9.4,FALSE,07:03.8
dev201282,cust104967,tablet,4.2.9,FALSE,34:12.4
dev201283,cust102368,tablet,2.2.15,FALSE,20:20.0
dev201284,cust100430,ios,1.7.13,TRUE,46:37.6
dev201285,cust103290,tablet,3.2.17,FALSE,38:55.2
dev201286,cust101127,android,1.0.13,FALSE,51:29.5
dev201287,cust102956,feature_phone,1.2.7,FALSE,13:30.4
dev201288,cust108553,tablet,4.9.12,FALSE,29:06.4
dev201289,cust101056,ios,4.5.14,FALSE,01:26.1
dev201290,cust109112,feature_phone,4.7.5,FALSE,37:19.1
dev201291,cust108763,ios,4.2.16,FALSE,33:20.4
dev201292,cust103091,feature_phone,1.1.9,FALSE,34:39.5
dev201293,cust107621,ios,2.4.17,FALSE,18:07.2
dev201294,cust100185,ios,1.6.1,FALSE,46:53.0
dev201295,cust105979,feature_phone,4.7.12,FALSE,55:41.3
dev201296,cust101152,feature_phone,3.1.1,FALSE,02:30.1
dev201297,cust107596,ios,1.4.4,FALSE,43:52.5
dev201298,cust109929,android,4.3.4,FALSE,54:13.9
dev201299,cust102696,ios,4.3.8,FALSE,56:33.5
dev201300,cust101523,android,1.6.13,FALSE,17:13.3
dev201301,cust109180,tablet,4.3.0,FALSE,01:02.9
dev201302,cust108995,feature_phone,2.8.9,FALSE,08:40.3
dev201303,cust102470,tablet,4.5.3,FALSE,53:46.3
dev201304,cust106010,android,1.6.2,FALSE,33:09.2
dev201305,cust104297,android,2.1.16,FALSE,32:15.0
dev201306,cust109441,ios,1.9.13,FALSE,57:16.5
dev201307,cust101495,android,2.7.10,FALSE,38:24.8
dev201308,cust101057,ios,1.6.3,FALSE,29:41.2
dev201309,cust108880,ios,3.0.4,FALSE,18:01.6
dev201310,cust102037,android,2.4.6,FALSE,24:31.9
dev201311,cust109265,feature_phone,4.0.7,FALSE,59:10.1
dev201312,cust106604,ios,3.1.15,FALSE,24:17.3
dev201313,cust109416,ios,2.5.8,FALSE,28:58.6
dev201314,cust105327,tablet,3.3.14,FALSE,14:59.0
dev201315,cust109451,ios,1.3.14,FALSE,28:56.5
dev201316,cust109422,ios,1.4.12,FALSE,33:07.4
dev201317,cust103718,ios,3.5.10,FALSE,42:29.9
dev201318,cust108969,ios,4.3.19,FALSE,14:16.6
dev201319,cust104449,feature_phone,4.8.20,FALSE,26:41.2
dev201320,cust105591,android,2.6.2,FALSE,06:36.6
dev201321,cust101780,feature_phone,1.1.6,FALSE,49:44.3
dev201322,cust108430,tablet,1.9.16,FALSE,49:12.6
dev201323,cust106168,android,3.4.2,FALSE,10:27.1
dev201324,cust105437,tablet,1.0.9,FALSE,37:43.6
dev201325,cust109038,feature_phone,1.0.8,FALSE,17:31.4
dev201326,cust106950,feature_phone,4.3.9,FALSE,34:03.2
dev201327,cust102164,ios,2.5.17,FALSE,58:24.1
dev201328,cust108565,ios,4.5.19,FALSE,08:56.9
dev201329,cust105161,ios,2.8.12,FALSE,02:57.2
dev201330,cust109270,tablet,4.2.14,FALSE,48:02.0
dev201331,cust109017,feature_phone,1.6.13,FALSE,18:51.7
dev201332,cust103906,tablet,2.6.1,FALSE,38:15.4
dev201333,cust102921,tablet,3.6.10,FALSE,42:06.4
dev201334,cust103441,ios,4.2.8,FALSE,26:40.1
dev201335,cust109412,android,4.2.9,FALSE,41:15.0
dev201336,cust103059,ios,2.3.0,FALSE,37:08.1
dev201337,cust105944,tablet,2.5.4,FALSE,08:54.2
dev201338,cust107525,feature_phone,2.4.2,FALSE,41:56.1
dev201339,cust103029,ios,1.5.17,FALSE,22:26.4
dev201340,cust105081,android,2.1.12,FALSE,11:09.5
dev201341,cust102731,feature_phone,1.1.15,FALSE,58:13.2
dev201342,cust107524,ios,4.4.2,FALSE,49:32.2
dev201343,cust102903,feature_phone,2.5.2,FALSE,15:14.6
dev201344,cust106592,android,1.4.4,FALSE,42:46.6
dev201345,cust100241,ios,2.0.3,FALSE,03:25.4
dev201346,cust101749,android,4.0.11,FALSE,36:39.2
dev201347,cust102129,tablet,4.7.16,FALSE,04:37.0
dev201348,cust102733,feature_phone,2.1.0,FALSE,46:13.9
dev201349,cust105821,android,3.9.20,FALSE,19:55.6
dev201350,cust100922,android,2.2.15,FALSE,57:58.5
dev201351,cust101810,ios,1.4.1,FALSE,50:51.6
dev201352,cust109178,android,2.7.0,FALSE,44:19.1
dev201353,cust103338,android,3.8.11,FALSE,34:02.4
dev201354,cust109473,android,1.1.5,FALSE,09:06.1
dev201355,cust109079,android,1.4.6,FALSE,27:17.2
dev201356,cust108879,feature_phone,4.0.2,FALSE,07:04.2
dev201357,cust102424,android,1.8.10,FALSE,57:54.5
dev201358,cust107371,feature_phone,3.3.11,FALSE,15:22.1
dev201359,cust101154,android,4.0.0,FALSE,35:13.3
dev201360,cust104864,feature_phone,2.7.1,FALSE,11:05.1
dev201361,cust106834,tablet,2.8.15,FALSE,51:12.9
dev201362,cust107865,ios,3.5.7,FALSE,24:14.5
dev201363,cust108848,ios,3.7.20,FALSE,25:01.9
dev201364,cust102462,ios,4.2.4,FALSE,50:26.1
dev201365,cust107637,feature_phone,1.3.5,FALSE,19:57.8
dev201366,cust104827,android,4.5.9,FALSE,59:40.8
dev201367,cust102719,tablet,1.2.17,FALSE,34:00.2
dev201368,cust108570,ios,3.6.14,FALSE,20:40.9
dev201369,cust106862,feature_phone,2.4.19,FALSE,22:58.9
dev201370,cust100532,feature_phone,3.2.18,FALSE,46:45.7
dev201371,cust107526,tablet,2.1.10,FALSE,50:46.2
dev201372,cust105920,android,3.1.10,TRUE,39:49.6
dev201373,cust103313,feature_phone,3.8.0,FALSE,00:25.2
dev201374,cust108551,android,1.1.12,FALSE,58:06.1
dev201375,cust104004,feature_phone,2.6.16,TRUE,22:52.0
dev201376,cust102702,feature_phone,3.5.12,FALSE,44:27.6
dev201377,cust109292,ios,2.8.14,FALSE,17:45.2
dev201378,cust108488,feature_phone,4.5.12,FALSE,11:15.5
dev201379,cust107021,feature_phone,1.3.1,FALSE,12:58.9
dev201380,cust100645,tablet,3.9.12,FALSE,35:50.8
dev201381,cust108594,android,3.4.16,FALSE,23:43.5
dev201382,cust107723,ios,4.0.1,FALSE,19:46.1
dev201383,cust109374,feature_phone,2.1.7,FALSE,56:08.0
dev201384,cust103052,android,3.5.8,FALSE,32:04.4
dev201385,cust102602,feature_phone,4.3.17,FALSE,47:47.1
dev201386,cust105096,ios,1.1.6,FALSE,47:40.3
dev201387,cust106102,tablet,1.3.7,FALSE,13:11.7
dev201388,cust106203,tablet,4.5.14,FALSE,14:24.6
dev201389,cust101513,tablet,2.9.2,FALSE,47:17.4
dev201390,cust102810,tablet,1.7.10,FALSE,32:50.7
dev201391,cust106701,tablet,4.0.4,FALSE,34:22.9
dev201392,cust109353,tablet,4.3.9,FALSE,05:25.4
dev201393,cust109719,tablet,3.7.19,FALSE,28:38.1
dev201394,cust106363,ios,4.6.0,FALSE,21:11.4
dev201395,cust106589,tablet,4.3.16,FALSE,56:14.1
dev201396,cust104554,android,1.0.6,FALSE,30:30.7
dev201397,cust109815,feature_phone,4.3.9,FALSE,59:00.7
dev201398,cust107680,ios,4.4.5,FALSE,52:01.3
dev201399,cust106107,ios,3.4.14,FALSE,50:16.2
dev201400,cust107534,android,2.7.9,FALSE,21:54.3
dev201401,cust106742,tablet,1.3.16,TRUE,52:22.7
dev201402,cust104120,ios,4.3.1,FALSE,56:47.1
dev201403,cust100748,android,2.9.2,FALSE,40:48.6
dev201404,cust109845,feature_phone,1.2.16,FALSE,49:08.9
dev201405,cust101308,tablet,2.2.18,FALSE,15:11.6
dev201406,cust100406,tablet,4.3.2,FALSE,51:43.3
dev201407,cust101919,ios,1.6.16,FALSE,43:02.2
dev201408,cust102466,android,2.4.5,FALSE,28:29.1
dev201409,cust102060,android,1.5.9,FALSE,25:52.3
dev201410,cust106528,tablet,2.9.17,FALSE,13:04.6
dev201411,cust101169,tablet,2.1.7,FALSE,14:07.0
dev201412,cust105762,ios,4.5.14,FALSE,44:48.2
dev201413,cust109323,android,1.1.5,FALSE,28:41.3
dev201414,cust100604,feature_phone,3.8.3,FALSE,59:00.1
dev201415,cust105091,android,4.6.15,FALSE,51:45.2
dev201416,cust102097,ios,4.4.6,FALSE,47:26.1
dev201417,cust103515,feature_phone,3.4.0,FALSE,33:00.0
dev201418,cust103405,tablet,4.2.0,FALSE,02:06.0
dev201419,cust101677,feature_phone,2.6.19,FALSE,27:25.2
dev201420,cust107155,android,3.8.15,FALSE,39:07.6
dev201421,cust103135,feature_phone,3.2.8,FALSE,37:53.1
dev201422,cust104809,feature_phone,1.8.13,FALSE,44:00.0
dev201423,cust103956,android,3.3.2,FALSE,06:54.8
dev201424,cust101497,android,3.6.13,FALSE,59:50.2
dev201425,cust107555,android,3.2.16,FALSE,55:12.5
dev201426,cust100876,feature_phone,1.3.14,FALSE,05:49.5
dev201427,cust101583,tablet,2.7.7,FALSE,27:50.0
dev201428,cust103263,android,2.4.7,FALSE,10:30.6
dev201429,cust109527,ios,1.8.8,FALSE,31:36.5
dev201430,cust102014,android,2.6.0,FALSE,50:39.9
dev201431,cust102383,feature_phone,2.4.8,FALSE,57:40.8
dev201432,cust105292,android,4.9.15,FALSE,24:07.4
dev201433,cust101343,tablet,3.1.13,FALSE,11:00.5
dev201434,cust103988,android,2.0.4,FALSE,49:50.3
dev201435,cust106650,android,1.0.6,FALSE,13:47.3
dev201436,cust106437,android,1.7.19,FALSE,35:18.1
dev201437,cust100472,tablet,3.2.11,FALSE,45:32.3
dev201438,cust104080,android,4.4.18,FALSE,56:05.3
dev201439,cust109649,android,3.8.14,FALSE,24:10.4
dev201440,cust101719,tablet,1.0.20,FALSE,29:17.3
dev201441,cust103417,android,4.3.1,FALSE,59:35.1
dev201442,cust104594,ios,3.1.8,FALSE,23:11.8
dev201443,cust109059,tablet,4.6.16,TRUE,47:41.8
dev201444,cust102879,android,4.1.1,FALSE,51:45.3
dev201445,cust101070,android,3.9.2,FALSE,40:42.3
dev201446,cust109785,feature_phone,2.6.19,FALSE,14:29.1
dev201447,cust100019,feature_phone,4.6.16,FALSE,37:46.5
dev201448,cust107851,ios,2.3.6,FALSE,55:25.9
dev201449,cust105882,tablet,4.2.5,FALSE,20:36.5
dev201450,cust105701,android,1.0.19,FALSE,45:55.6
dev201451,cust107568,feature_phone,3.7.1,FALSE,09:55.4
dev201452,cust104369,tablet,2.2.10,FALSE,43:15.1
dev201453,cust100278,ios,3.3.15,FALSE,51:25.9
dev201454,cust105067,tablet,1.0.17,TRUE,42:27.9
dev201455,cust108602,android,2.7.0,FALSE,19:23.7
dev201456,cust102059,tablet,2.7.5,FALSE,55:56.9
dev201457,cust109367,android,4.2.4,FALSE,19:36.2
dev201458,cust106206,ios,4.7.11,FALSE,34:11.4
dev201459,cust105120,android,4.2.15,FALSE,23:26.4
dev201460,cust107759,feature_phone,4.0.10,FALSE,33:47.7
dev201461,cust100219,ios,3.5.13,FALSE,09:07.1
dev201462,cust103363,ios,3.2.1,FALSE,33:49.2
dev201463,cust104910,android,1.2.16,FALSE,22:23.7
dev201464,cust102411,ios,2.3.2,TRUE,32:52.4
dev201465,cust109504,tablet,1.7.14,FALSE,09:17.7
dev201466,cust101876,android,3.9.15,FALSE,13:53.7
dev201467,cust107783,android,4.3.20,TRUE,50:08.1
dev201468,cust104644,ios,4.3.6,FALSE,04:17.8
dev201469,cust106200,android,1.1.14,FALSE,53:23.3
dev201470,cust100498,tablet,2.7.2,FALSE,33:57.9
dev201471,cust102638,android,2.9.9,FALSE,56:12.5
dev201472,cust106381,tablet,3.1.20,FALSE,52:24.3
dev201473,cust102571,feature_phone,2.9.13,FALSE,11:06.9
dev201474,cust101487,tablet,3.6.10,FALSE,42:27.2
dev201475,cust103483,tablet,3.2.4,FALSE,01:48.1
dev201476,cust102867,tablet,3.7.10,FALSE,09:33.2
dev201477,cust101947,android,4.9.16,FALSE,46:32.4
dev201478,cust101081,android,1.3.17,FALSE,04:08.9
dev201479,cust107448,ios,3.3.14,FALSE,27:46.0
dev201480,cust109429,tablet,4.1.3,FALSE,35:55.8
dev201481,cust107751,feature_phone,1.9.20,TRUE,11:21.2
dev201482,cust102790,ios,2.6.19,FALSE,47:02.1
dev201483,cust103550,tablet,4.6.6,FALSE,19:53.4
dev201484,cust104098,feature_phone,4.7.13,FALSE,48:29.9
dev201485,cust105739,feature_phone,1.1.16,FALSE,09:40.9
dev201486,cust101244,ios,4.1.13,FALSE,54:49.1
dev201487,cust104473,android,3.0.11,FALSE,27:38.3
dev201488,cust101166,ios,3.9.5,TRUE,58:46.7
dev201489,cust105573,ios,4.1.8,FALSE,02:16.6
dev201490,cust108627,android,2.8.3,FALSE,24:06.3
dev201491,cust100110,feature_phone,4.9.11,FALSE,55:27.2
dev201492,cust102694,tablet,4.4.17,FALSE,29:42.3
dev201493,cust106777,feature_phone,3.7.4,FALSE,27:29.4
dev201494,cust101015,tablet,1.6.15,FALSE,52:04.8
dev201495,cust108668,feature_phone,1.6.20,FALSE,56:59.2
dev201496,cust101566,feature_phone,1.5.18,FALSE,59:16.4
dev201497,cust100961,feature_phone,4.3.13,FALSE,18:22.1
dev201498,cust109585,feature_phone,2.7.9,FALSE,29:14.4
dev201499,cust107460,tablet,4.7.5,FALSE,50:28.9
dev201500,cust101423,feature_phone,4.1.19,FALSE,12:41.8
dev201501,cust108020,tablet,1.6.11,FALSE,19:02.3
dev201502,cust106662,android,2.2.7,FALSE,47:04.9
dev201503,cust107447,ios,4.0.19,FALSE,59:47.9
dev201504,cust103248,tablet,4.0.5,FALSE,14:02.8
dev201505,cust104417,ios,1.9.6,FALSE,53:31.2
dev201506,cust103322,tablet,4.1.4,FALSE,55:02.5
dev201507,cust109444,ios,4.9.17,FALSE,59:31.0
dev201508,cust108182,android,1.8.16,FALSE,36:31.8
dev201509,cust109446,android,2.1.0,FALSE,25:13.6
dev201510,cust100582,tablet,1.2.16,FALSE,00:19.5
dev201511,cust103886,tablet,1.5.8,FALSE,24:52.9
dev201512,cust101656,android,3.0.15,FALSE,38:12.6
dev201513,cust109301,android,1.3.16,FALSE,40:40.4
dev201514,cust107024,tablet,4.9.7,FALSE,07:04.1
dev201515,cust101723,tablet,4.3.20,FALSE,17:33.7
dev201516,cust103392,feature_phone,1.1.16,FALSE,56:45.5
dev201517,cust108529,android,2.0.15,FALSE,44:56.9
dev201518,cust104970,android,1.3.16,FALSE,35:12.3
dev201519,cust109585,android,2.2.2,FALSE,36:15.7
dev201520,cust106327,android,4.2.1,FALSE,17:57.2
dev201521,cust107553,ios,2.6.14,FALSE,49:17.2
dev201522,cust105722,ios,4.5.4,FALSE,00:28.3
dev201523,cust108219,tablet,4.3.16,FALSE,56:50.6
dev201524,cust103499,android,4.3.13,FALSE,40:14.7
dev201525,cust103544,tablet,2.2.16,FALSE,41:28.0
dev201526,cust102395,feature_phone,1.0.14,FALSE,29:21.7
dev201527,cust106980,feature_phone,4.3.15,FALSE,08:25.2
dev201528,cust109064,android,1.5.2,FALSE,10:55.9
dev201529,cust100201,tablet,2.9.6,FALSE,34:33.2
dev201530,cust106630,android,4.1.1,FALSE,02:14.2
dev201531,cust100947,feature_phone,2.5.9,FALSE,24:17.4
dev201532,cust103401,tablet,2.4.0,FALSE,04:31.6
dev201533,cust103858,feature_phone,1.5.19,FALSE,03:53.2
dev201534,cust104527,android,3.6.4,FALSE,28:13.8
dev201535,cust102578,ios,4.6.20,FALSE,10:14.8
dev201536,cust103466,feature_phone,3.8.15,FALSE,14:27.8
dev201537,cust101087,tablet,4.8.9,FALSE,16:03.7
dev201538,cust103440,feature_phone,3.7.3,FALSE,46:30.5
dev201539,cust102166,android,4.4.18,FALSE,09:41.2
dev201540,cust105724,android,3.4.11,FALSE,17:09.8
dev201541,cust100628,android,3.1.16,FALSE,21:47.8
dev201542,cust108711,tablet,3.2.18,FALSE,05:05.5
dev201543,cust103187,feature_phone,4.3.14,FALSE,59:26.2
dev201544,cust103012,android,2.2.12,FALSE,34:54.5
dev201545,cust102072,android,2.4.7,FALSE,17:20.1
dev201546,cust102377,feature_phone,4.0.17,FALSE,36:53.5
dev201547,cust108450,tablet,2.9.0,FALSE,52:28.8
dev201548,cust100405,android,1.4.1,FALSE,48:46.0
dev201549,cust102861,ios,3.9.5,FALSE,46:22.6
dev201550,cust102258,tablet,2.3.15,FALSE,18:06.7
dev201551,cust106539,feature_phone,1.5.2,FALSE,41:16.8
dev201552,cust109479,ios,3.5.11,FALSE,03:17.2
dev201553,cust100495,ios,4.6.4,FALSE,53:45.6
dev201554,cust105675,feature_phone,4.6.6,FALSE,27:13.5
dev201555,cust100493,android,4.7.10,FALSE,52:47.7
dev201556,cust102175,ios,4.8.12,FALSE,33:51.7
dev201557,cust109431,tablet,3.2.18,FALSE,28:41.9
dev201558,cust103855,feature_phone,4.2.9,FALSE,09:51.1
dev201559,cust104308,tablet,2.3.15,FALSE,01:18.5
dev201560,cust100348,android,1.1.5,FALSE,33:29.9
dev201561,cust108625,tablet,1.6.11,FALSE,20:02.5
dev201562,cust103888,tablet,1.8.2,FALSE,17:25.7
dev201563,cust107428,feature_phone,3.7.0,FALSE,11:49.0
dev201564,cust103866,feature_phone,3.9.14,FALSE,43:48.1
dev201565,cust103808,ios,1.7.9,FALSE,01:22.5
dev201566,cust100242,tablet,1.2.8,FALSE,43:10.2
dev201567,cust105023,ios,2.9.8,FALSE,42:43.0
dev201568,cust106064,feature_phone,2.1.10,FALSE,34:18.0
dev201569,cust105547,tablet,4.8.20,FALSE,48:36.9
dev201570,cust107326,ios,4.1.16,FALSE,37:22.2
dev201571,cust106694,ios,4.7.12,FALSE,06:22.3
dev201572,cust109488,feature_phone,2.3.5,FALSE,24:38.6
dev201573,cust102697,ios,2.9.11,FALSE,30:05.6
dev201574,cust103658,android,2.9.13,FALSE,06:58.2
dev201575,cust101317,android,1.1.3,FALSE,51:24.3
dev201576,cust106456,tablet,1.3.20,FALSE,42:51.0
dev201577,cust102978,tablet,3.9.4,FALSE,41:53.4
dev201578,cust109514,ios,1.0.16,FALSE,38:38.4
dev201579,cust108407,feature_phone,3.7.6,FALSE,55:18.8
dev201580,cust103587,ios,3.5.7,FALSE,22:05.7
dev201581,cust102258,feature_phone,2.5.10,FALSE,11:08.8
dev201582,cust103873,ios,3.6.11,FALSE,00:58.4
dev201583,cust102223,feature_phone,2.6.2,FALSE,28:01.1
dev201584,cust103323,feature_phone,4.8.2,FALSE,13:54.0
dev201585,cust102528,feature_phone,4.3.8,FALSE,59:57.8
dev201586,cust101820,tablet,1.2.7,FALSE,38:49.5
dev201587,cust100379,android,2.3.16,FALSE,09:55.8
dev201588,cust106317,android,4.1.2,FALSE,03:30.2
dev201589,cust104312,tablet,2.0.2,FALSE,02:13.1
dev201590,cust105009,tablet,3.2.19,FALSE,27:05.3
dev201591,cust107783,feature_phone,1.5.17,FALSE,31:37.7
dev201592,cust102045,feature_phone,4.7.3,FALSE,07:40.9
dev201593,cust108200,ios,4.3.18,FALSE,42:32.2
dev201594,cust106302,feature_phone,1.1.16,FALSE,12:21.5
dev201595,cust105999,tablet,4.0.6,FALSE,34:06.2
dev201596,cust108525,tablet,4.9.13,FALSE,06:32.4
dev201597,cust109672,android,1.5.3,FALSE,22:09.3
dev201598,cust102249,ios,1.5.17,FALSE,08:54.6
dev201599,cust107237,tablet,2.9.1,FALSE,12:20.3
dev201600,cust108693,ios,1.7.19,FALSE,09:01.4
dev201601,cust102039,ios,2.2.13,FALSE,27:12.1
dev201602,cust106907,feature_phone,2.0.12,FALSE,01:16.1
dev201603,cust103548,tablet,1.0.8,FALSE,43:12.5
dev201604,cust108994,android,1.9.17,FALSE,36:21.9
dev201605,cust102164,android,3.8.1,FALSE,50:59.8
dev201606,cust104303,ios,2.5.3,FALSE,16:05.2
dev201607,cust102612,android,1.2.3,TRUE,47:04.5
dev201608,cust100876,ios,4.0.18,FALSE,16:11.1
dev201609,cust100436,feature_phone,4.7.18,FALSE,10:35.7
dev201610,cust102374,feature_phone,2.3.6,FALSE,52:25.7
dev201611,cust105451,ios,3.7.1,FALSE,05:19.7
dev201612,cust104621,tablet,4.3.20,FALSE,57:17.0
dev201613,cust106745,tablet,2.6.18,FALSE,34:59.8
dev201614,cust107205,feature_phone,2.7.2,FALSE,36:07.3
dev201615,cust104777,tablet,4.0.7,FALSE,38:04.6
dev201616,cust106482,android,2.5.6,TRUE,38:49.3
dev201617,cust101626,tablet,4.0.16,FALSE,44:56.4
dev201618,cust103367,feature_phone,4.1.6,FALSE,18:51.4
dev201619,cust103012,feature_phone,3.0.1,FALSE,30:56.9
dev201620,cust102113,tablet,2.6.19,FALSE,07:03.5
dev201621,cust106357,android,3.5.2,FALSE,30:41.0
dev201622,cust100099,ios,1.2.11,FALSE,45:24.2
dev201623,cust109870,ios,1.8.13,FALSE,43:58.7
dev201624,cust101973,android,4.3.3,FALSE,19:23.1
dev201625,cust108023,android,3.1.14,FALSE,09:36.5
dev201626,cust103545,tablet,1.9.15,FALSE,52:09.0
dev201627,cust101558,tablet,3.0.19,FALSE,33:16.2
dev201628,cust106564,tablet,1.0.18,FALSE,25:52.6
dev201629,cust107975,feature_phone,2.0.12,FALSE,26:33.9
dev201630,cust106460,ios,2.9.8,FALSE,36:33.0
dev201631,cust100173,feature_phone,4.3.10,FALSE,40:45.5
dev201632,cust101754,feature_phone,3.4.11,FALSE,41:48.0
dev201633,cust106176,ios,1.2.4,FALSE,51:46.7
dev201634,cust109949,ios,3.4.16,FALSE,40:19.0
dev201635,cust109291,feature_phone,2.9.18,FALSE,37:29.2
dev201636,cust108947,tablet,4.4.11,FALSE,02:32.2
dev201637,cust103934,android,2.8.11,FALSE,08:49.5
dev201638,cust108082,android,1.0.14,FALSE,55:48.9
dev201639,cust102936,tablet,3.5.14,FALSE,52:27.9
dev201640,cust108631,tablet,1.0.13,FALSE,54:30.6
dev201641,cust100622,ios,1.9.20,FALSE,16:39.4
dev201642,cust103983,feature_phone,3.5.13,TRUE,34:33.6
dev201643,cust107908,feature_phone,1.9.8,FALSE,43:21.8
dev201644,cust109772,feature_phone,4.6.2,FALSE,33:59.5
dev201645,cust101457,android,1.8.3,FALSE,58:45.8
dev201646,cust105873,feature_phone,1.4.1,FALSE,15:00.6
dev201647,cust108240,tablet,4.9.2,FALSE,02:37.5
dev201648,cust103374,ios,3.1.12,FALSE,38:32.8
dev201649,cust103748,tablet,2.3.5,FALSE,45:08.9
dev201650,cust105055,tablet,3.7.3,FALSE,48:13.8
dev201651,cust109689,feature_phone,3.3.19,FALSE,51:53.0
dev201652,cust100208,feature_phone,4.7.15,FALSE,07:59.0
dev201653,cust105394,feature_phone,1.8.14,FALSE,17:29.0
dev201654,cust101655,tablet,3.8.2,FALSE,31:43.0
dev201655,cust104139,android,2.9.16,FALSE,54:13.0
dev201656,cust101545,ios,1.1.1,FALSE,04:48.8
dev201657,cust101043,tablet,1.0.6,FALSE,21:16.9
dev201658,cust103385,feature_phone,3.9.12,FALSE,48:46.7
dev201659,cust106451,android,2.1.2,FALSE,53:46.8
dev201660,cust103327,android,4.4.12,FALSE,41:39.3
dev201661,cust106024,ios,4.2.12,FALSE,04:22.0
dev201662,cust107668,ios,3.8.2,FALSE,06:26.4
dev201663,cust106800,android,1.7.4,FALSE,26:20.2
dev201664,cust107401,ios,4.8.0,FALSE,10:45.2
dev201665,cust100453,tablet,3.5.5,FALSE,57:27.6
dev201666,cust103960,ios,4.4.19,FALSE,00:36.9
dev201667,cust100217,ios,2.4.5,FALSE,42:20.5
dev201668,cust104570,tablet,2.4.14,FALSE,01:17.7
dev201669,cust102864,feature_phone,1.5.13,FALSE,27:25.2
dev201670,cust107726,tablet,1.9.13,FALSE,50:52.5
dev201671,cust108959,android,1.0.8,FALSE,04:25.7
dev201672,cust100981,tablet,3.7.11,FALSE,17:22.7
dev201673,cust109305,tablet,1.9.20,FALSE,12:09.5
dev201674,cust100415,android,3.1.8,FALSE,40:38.0
dev201675,cust104355,tablet,1.3.2,FALSE,00:45.8
dev201676,cust106447,tablet,2.9.16,FALSE,15:04.5
dev201677,cust105480,tablet,1.5.19,FALSE,15:18.5
dev201678,cust100071,android,1.8.10,FALSE,33:25.9
dev201679,cust102206,feature_phone,3.1.17,FALSE,59:58.3
dev201680,cust101800,feature_phone,4.6.14,FALSE,40:15.4
dev201681,cust103883,feature_phone,1.6.16,FALSE,12:37.8
dev201682,cust109655,android,3.9.9,FALSE,31:14.1
dev201683,cust104540,android,2.2.1,FALSE,43:16.6
dev201684,cust105908,android,4.2.15,FALSE,27:34.5
dev201685,cust107153,ios,3.8.20,FALSE,19:51.9
dev201686,cust109759,tablet,4.7.17,FALSE,42:14.6
dev201687,cust100084,ios,1.4.15,FALSE,20:15.7
dev201688,cust107492,tablet,3.5.13,FALSE,07:15.4
dev201689,cust102760,ios,2.9.5,FALSE,05:15.4
dev201690,cust101087,android,2.8.11,FALSE,09:57.5
dev201691,cust103453,tablet,2.7.20,FALSE,22:11.4
dev201692,cust107457,feature_phone,2.9.0,FALSE,56:29.5
dev201693,cust109201,tablet,2.1.11,FALSE,57:18.1
dev201694,cust108109,ios,4.5.17,FALSE,23:41.9
dev201695,cust101963,android,2.5.12,FALSE,37:41.6
dev201696,cust106063,feature_phone,3.3.19,FALSE,49:21.6
dev201697,cust103226,ios,2.3.14,FALSE,13:12.6
dev201698,cust100282,tablet,4.3.5,FALSE,21:49.3
dev201699,cust102548,tablet,3.1.18,FALSE,24:44.8
dev201700,cust104029,android,3.7.2,FALSE,03:56.4
dev201701,cust103932,feature_phone,3.3.17,FALSE,44:05.1
dev201702,cust104012,android,3.9.14,FALSE,04:09.1
dev201703,cust101806,tablet,1.8.8,FALSE,24:53.1
dev201704,cust109834,feature_phone,3.4.2,FALSE,26:44.8
dev201705,cust107598,tablet,4.2.3,FALSE,28:40.8
dev201706,cust104672,ios,3.3.6,FALSE,25:02.3
dev201707,cust104024,android,4.5.16,FALSE,21:12.2
dev201708,cust102219,ios,2.1.18,FALSE,28:27.0
dev201709,cust107657,ios,4.5.12,FALSE,37:31.5
dev201710,cust105436,android,4.6.5,FALSE,43:25.1
dev201711,cust100659,tablet,2.7.9,FALSE,38:58.1
dev201712,cust100328,feature_phone,1.9.19,FALSE,37:54.6
dev201713,cust102824,ios,1.3.12,FALSE,10:41.5
dev201714,cust105739,feature_phone,3.5.14,FALSE,45:12.0
dev201715,cust108535,ios,2.4.4,FALSE,37:16.0
dev201716,cust108149,tablet,1.1.3,FALSE,12:09.8
dev201717,cust108849,ios,4.9.2,FALSE,01:41.8
dev201718,cust102246,ios,4.8.0,FALSE,58:12.8
dev201719,cust108877,ios,3.6.20,FALSE,50:26.8
dev201720,cust103886,feature_phone,4.8.4,FALSE,06:20.9
dev201721,cust103129,feature_phone,4.0.8,FALSE,23:46.3
dev201722,cust103808,tablet,1.1.19,FALSE,02:16.6
dev201723,cust100121,android,2.8.14,FALSE,24:51.0
dev201724,cust106387,ios,3.1.12,FALSE,21:11.0
dev201725,cust103223,feature_phone,2.7.10,FALSE,15:06.5
dev201726,cust107964,ios,4.3.4,FALSE,49:12.7
dev201727,cust104403,tablet,1.9.19,FALSE,37:31.8
dev201728,cust101726,ios,2.2.13,FALSE,39:21.8
dev201729,cust108759,ios,2.9.4,FALSE,24:46.1
dev201730,cust101099,feature_phone,1.0.17,FALSE,18:37.5
dev201731,cust104435,android,2.1.16,FALSE,03:43.2
dev201732,cust108426,feature_phone,4.4.16,FALSE,20:37.4
dev201733,cust107854,ios,4.1.15,FALSE,41:25.5
dev201734,cust107218,tablet,2.9.7,FALSE,32:03.7
dev201735,cust103204,ios,1.7.3,FALSE,58:52.3
dev201736,cust105033,tablet,3.2.6,FALSE,02:54.7
dev201737,cust109883,ios,4.9.5,FALSE,40:36.6
dev201738,cust102876,android,1.9.14,FALSE,01:40.3
dev201739,cust103030,tablet,2.1.14,FALSE,52:05.3
dev201740,cust105706,android,2.3.6,FALSE,07:38.2
dev201741,cust104924,android,3.1.13,FALSE,31:45.3
dev201742,cust109804,android,2.8.13,FALSE,42:38.4
dev201743,cust105960,tablet,2.5.14,FALSE,07:08.2
dev201744,cust101294,feature_phone,4.6.4,FALSE,40:11.1
dev201745,cust108976,feature_phone,3.5.6,FALSE,34:05.5
dev201746,cust102971,tablet,4.3.10,FALSE,57:54.2
dev201747,cust109895,feature_phone,1.4.8,FALSE,07:26.4
dev201748,cust102013,tablet,1.8.13,FALSE,59:05.5
dev201749,cust105717,android,3.8.0,FALSE,14:24.0
dev201750,cust109920,ios,2.9.13,TRUE,07:15.1
dev201751,cust109625,ios,3.5.14,FALSE,55:04.4
dev201752,cust108920,feature_phone,3.9.13,FALSE,28:29.2
dev201753,cust107764,ios,1.1.15,FALSE,03:49.5
dev201754,cust107103,ios,2.1.20,FALSE,37:25.2
dev201755,cust106783,tablet,3.8.0,FALSE,33:04.1
dev201756,cust109226,feature_phone,4.1.19,FALSE,05:25.7
dev201757,cust106207,android,2.5.3,FALSE,02:30.1
dev201758,cust106959,tablet,2.5.19,FALSE,26:26.3
dev201759,cust108355,feature_phone,1.7.16,FALSE,25:24.1
dev201760,cust100359,tablet,1.1.17,FALSE,49:58.1
dev201761,cust109632,feature_phone,3.1.13,FALSE,31:30.6
dev201762,cust109157,ios,1.3.18,FALSE,17:43.7
dev201763,cust101981,android,3.1.8,FALSE,05:18.3
dev201764,cust100928,ios,2.2.2,FALSE,34:06.0
dev201765,cust105573,ios,3.1.18,FALSE,12:57.2
dev201766,cust103114,feature_phone,3.6.9,FALSE,14:25.5
dev201767,cust106336,ios,3.1.17,FALSE,22:48.3
dev201768,cust105334,android,2.3.2,FALSE,05:44.5
dev201769,cust109938,ios,2.3.3,FALSE,49:07.0
dev201770,cust105925,feature_phone,1.9.0,FALSE,42:27.5
dev201771,cust106536,android,1.6.7,FALSE,45:37.5
dev201772,cust105498,tablet,3.1.18,FALSE,11:32.6
dev201773,cust103595,android,2.1.11,FALSE,48:46.8
dev201774,cust106889,tablet,2.9.16,FALSE,02:06.2
dev201775,cust102570,feature_phone,4.3.14,FALSE,58:18.6
dev201776,cust103024,android,4.7.15,FALSE,28:13.0
dev201777,cust103374,feature_phone,1.2.19,FALSE,30:38.5
dev201778,cust105267,feature_phone,2.6.15,FALSE,28:40.7
dev201779,cust102758,feature_phone,1.3.3,FALSE,46:54.3
dev201780,cust103590,ios,3.6.12,FALSE,31:26.4
dev201781,cust100250,feature_phone,3.3.18,FALSE,04:53.5
dev201782,cust105869,android,1.1.1,FALSE,55:06.9
dev201783,cust107333,feature_phone,2.4.5,FALSE,48:51.0
dev201784,cust101429,feature_phone,3.1.4,FALSE,01:20.3
dev201785,cust101818,ios,1.9.13,FALSE,57:22.4
dev201786,cust107970,ios,3.9.7,TRUE,04:30.0
dev201787,cust104522,ios,2.6.9,FALSE,50:30.8
dev201788,cust102427,ios,1.8.9,FALSE,43:18.8
dev201789,cust105742,feature_phone,3.9.2,FALSE,39:41.3
dev201790,cust102277,feature_phone,2.6.13,FALSE,45:48.6
dev201791,cust105150,android,2.2.9,FALSE,04:43.2
dev201792,cust102882,feature_phone,1.2.13,FALSE,14:40.3
dev201793,cust101525,tablet,3.0.7,FALSE,42:28.5
dev201794,cust102970,ios,2.9.10,FALSE,08:26.2
dev201795,cust101292,tablet,1.8.6,FALSE,48:21.3
dev201796,cust102719,android,2.9.17,FALSE,58:56.5
dev201797,cust106231,feature_phone,3.5.8,FALSE,12:39.2
dev201798,cust100955,ios,3.0.13,FALSE,27:11.0
dev201799,cust109785,android,2.6.13,FALSE,42:50.6
dev201800,cust100192,android,4.3.13,FALSE,37:16.8
dev201801,cust106516,android,4.3.17,FALSE,51:12.9
dev201802,cust100339,tablet,2.3.15,FALSE,47:16.2
dev201803,cust100351,android,4.3.12,FALSE,26:48.2
dev201804,cust106127,tablet,4.6.17,FALSE,31:55.8
dev201805,cust106866,feature_phone,2.3.5,FALSE,58:55.0
dev201806,cust106254,tablet,1.6.17,FALSE,32:41.8
dev201807,cust100074,tablet,4.8.9,FALSE,21:06.1
dev201808,cust105399,tablet,2.7.0,FALSE,26:50.6
dev201809,cust107034,feature_phone,1.4.5,FALSE,55:51.5
dev201810,cust100407,tablet,1.5.12,FALSE,41:57.5
dev201811,cust100144,tablet,4.0.19,FALSE,03:32.3
dev201812,cust102449,ios,1.6.8,FALSE,19:35.0
dev201813,cust105690,feature_phone,3.5.14,FALSE,06:34.0
dev201814,cust109493,tablet,4.3.7,FALSE,42:50.4
dev201815,cust109314,feature_phone,2.1.1,FALSE,02:57.8
dev201816,cust105790,android,3.4.8,FALSE,43:01.7
dev201817,cust104004,feature_phone,3.0.8,FALSE,30:10.0
dev201818,cust106762,android,3.5.1,FALSE,43:47.3
dev201819,cust105833,android,3.2.1,FALSE,27:52.9
dev201820,cust103663,tablet,3.3.4,FALSE,52:26.5
dev201821,cust101619,tablet,2.4.20,FALSE,32:43.9
dev201822,cust102843,android,4.5.14,FALSE,09:35.5
dev201823,cust109968,android,4.6.8,FALSE,28:40.0
dev201824,cust103877,ios,4.7.16,FALSE,55:27.3
dev201825,cust105279,tablet,3.8.12,FALSE,27:47.8
dev201826,cust100399,feature_phone,1.1.14,FALSE,19:37.3
dev201827,cust105386,ios,2.4.3,FALSE,45:04.4
dev201828,cust106125,android,3.8.7,FALSE,13:21.4
dev201829,cust107892,ios,4.9.17,FALSE,03:06.2
dev201830,cust107550,ios,1.9.1,FALSE,58:34.8
dev201831,cust106090,android,3.5.18,FALSE,51:22.5
dev201832,cust102259,feature_phone,3.7.4,FALSE,05:54.8
dev201833,cust109526,feature_phone,4.8.18,FALSE,20:40.0
dev201834,cust101376,android,3.6.19,FALSE,22:28.5
dev201835,cust100626,android,2.2.4,FALSE,49:18.1
dev201836,cust100821,android,4.9.5,FALSE,54:45.5
dev201837,cust104296,android,4.7.17,FALSE,56:26.5
dev201838,cust107223,tablet,2.9.3,FALSE,32:33.5
dev201839,cust103222,feature_phone,4.2.6,FALSE,52:56.9
dev201840,cust106626,ios,3.4.7,FALSE,52:40.5
dev201841,cust106002,android,3.7.9,FALSE,16:54.6
dev201842,cust102885,feature_phone,4.8.2,FALSE,40:58.5
dev201843,cust109493,tablet,1.6.10,FALSE,12:47.3
dev201844,cust109327,ios,1.0.8,FALSE,16:44.1
dev201845,cust101993,tablet,2.7.6,FALSE,41:50.6
dev201846,cust107584,feature_phone,2.0.11,FALSE,16:52.4
dev201847,cust105398,ios,2.5.18,FALSE,19:30.4
dev201848,cust105197,tablet,2.1.5,FALSE,50:15.6
dev201849,cust106002,ios,2.8.18,FALSE,52:31.5
dev201850,cust106297,feature_phone,4.9.14,FALSE,08:11.1
dev201851,cust109319,ios,4.2.10,FALSE,37:52.5
dev201852,cust105627,android,4.7.17,FALSE,03:19.4
dev201853,cust108212,android,1.0.1,FALSE,55:09.3
dev201854,cust102732,feature_phone,1.8.20,FALSE,18:09.9
dev201855,cust107699,ios,2.7.19,FALSE,51:42.1
dev201856,cust109658,android,3.0.15,FALSE,08:32.3
dev201857,cust106629,ios,4.7.10,FALSE,20:51.4
dev201858,cust102225,android,2.8.17,FALSE,32:42.0
dev201859,cust108771,ios,1.8.16,FALSE,16:04.5
dev201860,cust103448,tablet,2.4.9,FALSE,07:17.7
dev201861,cust103620,feature_phone,2.3.13,FALSE,40:26.2
dev201862,cust101444,ios,4.4.6,FALSE,23:12.6
dev201863,cust104702,ios,4.7.7,FALSE,15:30.5
dev201864,cust102146,ios,4.6.14,FALSE,30:51.0
dev201865,cust106551,feature_phone,1.0.2,FALSE,28:12.1
dev201866,cust105659,feature_phone,4.1.19,FALSE,37:13.1
dev201867,cust106055,ios,3.3.0,FALSE,21:25.3
dev201868,cust108625,ios,4.1.3,FALSE,10:21.2
dev201869,cust105538,tablet,4.1.13,FALSE,16:16.3
dev201870,cust100122,feature_phone,3.3.18,FALSE,38:49.8
dev201871,cust101117,feature_phone,1.8.12,FALSE,51:51.4
dev201872,cust105790,feature_phone,4.9.11,FALSE,41:43.3
dev201873,cust100624,android,3.3.5,FALSE,54:29.2
dev201874,cust104650,ios,4.3.3,FALSE,34:09.6
dev201875,cust101264,feature_phone,4.9.10,FALSE,51:06.1
dev201876,cust103423,tablet,4.9.13,FALSE,10:46.4
dev201877,cust101147,android,4.7.14,FALSE,19:17.5
dev201878,cust108318,ios,3.2.9,FALSE,02:08.3
dev201879,cust107743,tablet,3.4.9,TRUE,59:00.0
dev201880,cust108214,ios,2.5.9,FALSE,45:25.5
dev201881,cust106035,android,2.8.14,FALSE,55:29.6
dev201882,cust105624,android,4.9.0,FALSE,38:03.5
dev201883,cust109134,ios,3.3.10,FALSE,09:02.0
dev201884,cust104157,android,2.5.16,FALSE,29:52.3
dev201885,cust100207,tablet,1.4.4,FALSE,05:58.8
dev201886,cust105037,feature_phone,2.2.9,FALSE,20:44.4
dev201887,cust105988,feature_phone,3.6.4,FALSE,51:19.0
dev201888,cust102492,android,2.3.0,FALSE,30:28.6
dev201889,cust100315,tablet,2.8.17,FALSE,12:32.7
dev201890,cust105509,ios,4.1.4,FALSE,03:15.4
dev201891,cust102527,ios,1.2.16,FALSE,20:50.2
dev201892,cust102222,ios,3.8.3,FALSE,05:31.5
dev201893,cust105844,ios,4.5.3,FALSE,02:52.3
dev201894,cust105378,ios,3.6.6,FALSE,07:41.8
dev201895,cust105312,ios,4.2.3,FALSE,35:02.1
dev201896,cust103857,android,2.9.10,TRUE,10:48.3
dev201897,cust101453,ios,3.5.18,FALSE,50:26.4
dev201898,cust105286,android,4.6.9,FALSE,26:48.0
dev201899,cust106930,tablet,4.6.18,FALSE,29:27.4
dev201900,cust108004,feature_phone,2.7.19,FALSE,01:43.9
dev201901,cust109276,tablet,3.3.15,FALSE,53:26.1
dev201902,cust102779,android,1.2.5,FALSE,47:01.8
dev201903,cust107510,ios,2.1.16,FALSE,47:14.5
dev201904,cust100275,android,4.3.3,FALSE,14:46.0
dev201905,cust109515,feature_phone,1.3.4,FALSE,18:23.3
dev201906,cust106283,android,1.0.15,FALSE,42:52.0
dev201907,cust104577,ios,1.4.12,FALSE,05:34.4
dev201908,cust104798,tablet,4.8.2,FALSE,34:36.2
dev201909,cust108918,ios,1.3.15,FALSE,59:16.5
dev201910,cust107289,tablet,3.3.10,FALSE,42:38.5
dev201911,cust108695,tablet,2.6.17,FALSE,41:05.9
dev201912,cust101667,ios,3.4.1,FALSE,05:51.3
dev201913,cust107856,feature_phone,3.2.10,FALSE,56:08.8
dev201914,cust108263,tablet,2.2.11,FALSE,24:47.8
dev201915,cust105934,android,4.7.17,FALSE,34:20.1
dev201916,cust102599,tablet,1.4.4,FALSE,06:24.5
dev201917,cust102145,android,2.9.9,FALSE,06:21.9
dev201918,cust109266,feature_phone,4.4.8,FALSE,33:04.5
dev201919,cust104484,tablet,3.7.6,FALSE,01:53.0
dev201920,cust109634,ios,3.6.8,FALSE,44:41.3
dev201921,cust103575,feature_phone,3.6.6,FALSE,03:37.7
dev201922,cust106232,android,1.0.17,FALSE,01:23.4
dev201923,cust105875,ios,3.9.12,FALSE,07:38.3
dev201924,cust102694,android,2.5.18,FALSE,47:02.8
dev201925,cust108266,ios,3.1.4,FALSE,15:35.6
dev201926,cust101070,tablet,1.8.19,FALSE,33:35.1
dev201927,cust104863,android,1.4.7,FALSE,36:13.2
dev201928,cust109147,tablet,2.5.4,FALSE,14:30.4
dev201929,cust102097,feature_phone,3.6.14,FALSE,28:45.5
dev201930,cust102669,android,3.3.2,FALSE,06:29.5
dev201931,cust103298,android,4.5.17,FALSE,07:59.0
dev201932,cust106848,feature_phone,2.8.5,FALSE,07:16.0
dev201933,cust102253,android,2.9.10,FALSE,06:31.6
dev201934,cust100544,feature_phone,4.8.11,FALSE,24:35.2
dev201935,cust106718,android,1.9.19,FALSE,14:08.5
dev201936,cust108939,ios,2.8.10,FALSE,00:52.2
dev201937,cust105989,android,1.9.0,FALSE,42:16.4
dev201938,cust102873,android,4.7.14,FALSE,45:26.2
dev201939,cust102464,ios,4.9.11,FALSE,00:04.6
dev201940,cust108186,android,2.5.1,FALSE,26:31.1
dev201941,cust100703,tablet,1.7.2,FALSE,32:04.8
dev201942,cust102394,ios,3.8.2,FALSE,08:33.6
dev201943,cust102005,feature_phone,2.6.8,FALSE,30:04.0
dev201944,cust105882,android,4.0.1,FALSE,21:57.1
dev201945,cust107157,ios,2.6.1,FALSE,06:42.3
dev201946,cust105769,android,2.3.7,FALSE,58:36.5
dev201947,cust109328,feature_phone,2.1.17,FALSE,11:29.9
dev201948,cust107786,ios,2.0.10,FALSE,42:35.4
dev201949,cust102393,feature_phone,3.4.8,FALSE,59:34.9
dev201950,cust106086,android,1.5.0,FALSE,36:25.3
dev201951,cust104832,feature_phone,2.6.5,FALSE,01:14.1
dev201952,cust104332,tablet,1.2.12,FALSE,30:55.3
dev201953,cust105317,android,3.3.12,FALSE,45:10.3
dev201954,cust109532,tablet,4.0.0,FALSE,23:26.8
dev201955,cust101209,tablet,1.5.16,FALSE,28:28.7
dev201956,cust102036,tablet,4.4.16,FALSE,20:27.4
dev201957,cust104003,tablet,4.4.8,FALSE,45:06.7
dev201958,cust109498,feature_phone,4.7.16,FALSE,58:01.1
dev201959,cust105683,android,2.8.18,FALSE,44:04.8
dev201960,cust105921,android,4.1.0,FALSE,42:24.4
dev201961,cust109267,tablet,4.1.17,FALSE,10:39.8
dev201962,cust108806,tablet,2.0.11,FALSE,29:55.7
dev201963,cust104744,android,1.8.1,FALSE,14:28.4
dev201964,cust106619,android,2.7.6,FALSE,55:57.9
dev201965,cust103720,feature_phone,1.8.9,FALSE,03:41.7
dev201966,cust100378,tablet,4.2.20,FALSE,19:50.7
dev201967,cust102007,android,3.7.5,FALSE,31:49.7
dev201968,cust100603,android,2.1.1,FALSE,13:31.8
dev201969,cust103397,ios,3.0.20,TRUE,52:29.2
dev201970,cust102203,tablet,2.4.20,FALSE,44:08.1
dev201971,cust109671,ios,3.2.14,FALSE,03:28.8
dev201972,cust100643,android,2.3.14,FALSE,01:51.3
dev201973,cust107163,feature_phone,3.7.1,FALSE,55:07.3
dev201974,cust104898,feature_phone,4.0.5,FALSE,18:31.1
dev201975,cust108098,tablet,3.8.1,FALSE,49:43.9
dev201976,cust101207,ios,3.2.9,FALSE,13:34.7
dev201977,cust103737,android,1.5.15,FALSE,03:59.0
dev201978,cust103996,android,1.9.20,FALSE,36:06.0
dev201979,cust104582,feature_phone,1.7.0,FALSE,34:13.6
dev201980,cust108851,feature_phone,1.3.14,FALSE,37:42.8
dev201981,cust106653,tablet,3.1.9,FALSE,10:31.8
dev201982,cust104404,feature_phone,1.8.14,FALSE,18:59.5
dev201983,cust107497,feature_phone,1.1.12,FALSE,43:45.4
dev201984,cust106404,feature_phone,3.3.5,FALSE,32:50.2
dev201985,cust105215,android,4.9.18,FALSE,30:05.9
dev201986,cust106915,android,4.6.9,FALSE,17:09.4
dev201987,cust108232,ios,1.5.5,FALSE,50:05.1
dev201988,cust103434,ios,1.5.12,FALSE,30:31.7
dev201989,cust106691,feature_phone,4.2.2,FALSE,45:22.1
dev201990,cust107954,feature_phone,1.4.3,FALSE,22:37.9
dev201991,cust105441,android,1.0.14,FALSE,31:15.6
dev201992,cust109994,android,2.1.10,TRUE,10:09.4
dev201993,cust109051,android,2.5.0,FALSE,55:39.7
dev201994,cust109013,ios,2.3.9,FALSE,34:23.4
dev201995,cust105624,android,2.5.5,FALSE,00:27.0
dev201996,cust102471,feature_phone,4.1.7,TRUE,17:10.0
dev201997,cust107643,feature_phone,2.2.18,FALSE,13:27.5
dev201998,cust109996,ios,3.4.7,FALSE,43:38.9
dev201999,cust106270,ios,4.9.14,FALSE,02:56.8
